Source,Round,Number,Question,Answer
2020 TAILS,1,1,"In one work by this author, Anselmo is killed by shrapnel when a bridge explodes. That work was based on this author’s own experiences fighting in the Spanish Civil War. In another work by this author, “the great DiMaggio” is repeatedly praised by Santiago, a (*) fisherman who catches an enormous marlin. For ten points, name this American adventurer, who is the author of For Whom the Bell Tolls and The Old Man and the Sea.",Ernest Hemingway [or Ernest Miller Hemingway]
2020 TAILS,1,2,"In 2014, McDonald’s tried to make broccoli flavored like this substance to increase healthy eating. Xylitol (ZAI-luh-taal) is often used as a sugar substitute in this substance. Humans cannot digest this substance, although contrary to popular belief it will not remain in your intestines (*) indefinitely. Brands that produce this substance include Big Red, Orbit, and Extra. For ten points, name this often pink substance which is chewed to blow bubbles.",chewing gum [or bubble gum]
2020 TAILS,1,3,"This deity, who was tricked into revealing his true form and killing the princess Semele, saved the infant Dionysus by sewing him into his thigh. This deity trapped the monster Typhon under Mount Etna. Rhea gave (*) Cronos a rock to swallow instead of this god, leading to his overthrow of the Titans. Lightning bolts were thrown by, for ten points, what husband of Hera and chief god of Olympus?",Zeus [accept Jupiter]
2020 TAILS,1,4,"A molecule consisting of three atoms of this element is regenerated in the Chapman cycle, and that molecule’s concentration is often measured in Dobson units. That molecule containing this element, which absorbs UV radiation, is ozone. (*) Combustion depletes this element in the air, which is why fires consume this element very quickly. For ten points, name this element whose gas makes up about 21% of the atmosphere, which has chemical symbol O.",oxygen
2020 TAILS,1,5,"In 1888, this country’s Princess Imperial emancipated all of its slaves with the Golden Law. This country allied with Uruguay and Argentina during the War of the Triple Alliance. This country’s monarchs were given the honorific Dom, and included (*) Pedro I and II. For ten points, name this South American country with cities like São Paulo and Rio de Janeiro, which contains most of the Amazon rainforest.",Brazil [or Brasil or Federative Republic of Brazil or República Federativa do Brasil or Empire of Brazil or Império do Brasil]
2020 TAILS,1,6,"A character in this story rides past a tree haunted by Major Andre on his horse Gunpowder after having his marriage proposal rejected at a harvest party. Katrina van Tassel, the daughter of a wealthy farmer, ends up marrying Brom (*) Bones over a local school teacher in this story. Ichabod Crane disappears after an encounter with a headless horseman in, for ten points, what story by Washington Irving?",“The Legend of Sleepy Hollow”
2020 TAILS,1,7,"The Z-scheme is a part of this process in which the oxygen evolution reaction produces electrons that are donated to P680. The Calvin cycle in this process uses RuBP (r-u-b-p) and RuBisCO to convert carbon dioxide and other compounds into (*) glucose, and is called the light-independent phase of this process. For ten points, name this process which occurs in chloroplasts where light is converted into energy for plants.",photosynthesis [accept “light-independent reactions” before mention]
2020 TAILS,1,8,"The most expensive painting ever sold, Salvator Mundi, is by this artist and depicts Jesus holding a clear orb. In another painting by this artist, Judas clutches a bag on the table as Jesus announces that he has been betrayed. This artist’s most famous painting, which is the centerpiece of the (*) Louvre museum, depicts a woman with an enigmatic smile. For ten points, name this artist of The Last Supper and the Mona Lisa.",Leonardo di ser Piero da Vinci
2020 TAILS,1,9,"The costly ransom of one king in this war caused the peasants of one country to rise in the Jacquerie Rebellion. Edward the Black Prince fought in this war before dying of dysentery, and he won the battles of Poitiers (pwaht-YAY) and Crecy against King (*) John II of France in this war. For ten points, what war fought between England and France in the 14th and 15th centuries was actually 16 years longer than its name implies?",Hundred Years’ War
2020 TAILS,1,10,"This former Alameda County district attorney controversially prosecuted six adults for their childrens’ school truancy. In 2016, this politician defeated Loretta Sanchez in an election for a position she shared with Dianne Feinstein. This politician repeatedly stated “Mr. (*) Vice President, I’m speaking” to Mike Pence in a debate. For ten points, name this former California Senator, who was elected Vice President in 2020.",Kamala Harris [or Kamala Devi Harris]
2020 TAILS,1,11,"This state is home to the Ten Thousand Islands, a collection of islets off the coast of this state's largest national park. Big Cypress National Reserve lies north of that national park in this state, which is named a “River of Grass” for being a giant swamp fed by Lake (*) Okeechobee. Crocodiles, manatees, and mangrove trees are among the distinctive features of, for ten points, what state’s Everglades National Park?",Florida
2020 TAILS,1,12,"The theorem named for this operation says that, for two integers a and b, there are two other integers q and r such that a = bq + r, with r being less than b. The set of rational numbers is defined by performing this operation on (*) integers. Performing this operation with any number on zero is undefined. The quotient is the result of, for ten points, what operation, which is the inverse of multiplication?",division
2020 TAILS,1,13,"After one account of this practice, a “voice from heaven” praises a figure with whom it is “well pleased.” Most Christian denominations agree that this practice cleanses one of original sin. A son of Elizabeth with a title referring to this practice performed this action on Jesus in the (*) Jordan River. For ten points, name this Christian religious practice often performed by sprinkling or pouring water on the head.",baptism
2020 TAILS,1,14,"This civilization’s rituals were collected in the Books of Chilam Balam. Pakal the Great was a ruler of this civilization, whose myths of the Hero Twins are in the Popol Vuh (PAH-pul-woo). This civilization’s (*) Long Count calendar was misinterpreted as predicting the end of the world to be in December 2012. For 10 points, name this Mesoamerican civilization that controlled cities like Tikal and Chichen Itza.",Mayan civilization [or the Mayans]
2020 TAILS,1,15,"In this movie, a character shakes a cat off a tree before using that tree to stop a robber’s car in its tracks. One character in this movie rants about the consequences of capes, and another creates the alter ego Syndrome after being told to “go home.” In this movie, a superhero (*) family emerges from hiding to stop a robot from destroying their city. For ten points, name this 2004 Pixar movie featuring characters like Frozone, Dash, and Elastigirl.",The Incredibles
2020 TAILS,1,16,"In this play, soldiers hiding behind tree branches fulfill a prophecy by making Great Birnam (BURN-um) Wood meet Dunsinane (DUHN-sin-ayn) Hill. This play’s title character, a friend of Banquo, is called a thane by three witches. A superstition holds that this play’s name is cursed, so this play is instead called “The (*) Scottish Play” by actors in theaters. Macduff kills the title character in, for ten points, what play about the title Scottish king’s murder of King Duncan?",Macbeth [or The Tragedy of Macbeth]
2020 TAILS,1,17,"This composer’s four playful horn concertos were written for Joseph Leutgeb. This composer’s “Little” and “Great” G minor symphonies are the only two in a minor key of this composer’s 41 symphonies. Piano beginners might learn this composer’s sixteenth Piano (*) Sonata, or his variations on the song “Twinkle Twinkle Little Star.” For ten points, name this Austrian Classical-era composer of Eine Kleine Nachtmusik (AI-nuh KLAI-nuh nokt-MOO-sik).",Wolfgang Amadeus Mozart
2020 TAILS,1,18,"Walter Pitman argued that the Biblical flood myth could have originated from a rapid rise in sea level of this body of water. This body of water connects to the Sea of Marmara through the Bosphorus, right next to the city of Istanbul. The city of Sevastopol lies on the shores of this body of water on the (*) Crimean Peninsula. For ten points, what sea lies south of Ukraine and north of Turkey, possibly named for the dark shadows its storms cast over the water?",Black Sea
2020 TAILS,1,19,"Despite suffering from dysentery, this leader commanded a successful retreat during the Braddock Expedition. As a young officer in the British army, this leader surrendered Fort Necessity during the French and Indian War. This leader led an attack against sleeping (*) Hessian troops in the Battle of Trenton after crossing the Delaware River. For ten points, name this leader of the Continental Army who became the first President of the United States.",George Washington
2020 TAILS,1,20,"These particles theoretically decay into a neutral pion (PIE-on) and a positron and are the heaviest product of beta-minus decay. This particle added to a water molecule forms the hydronium ion. The letter Z symbolizes the number of these particles in an element, known as the (*) atomic number. For ten points, name these subatomic particles which share the nucleus with neutrons and which are positively charged.",protons
2020 TAILS,2,1,"The income effect describes how this quantity changes with real income. On a graph of price versus quantity of product, the curve for this variable slopes downward. In the labor market, businesses provide this variable. This variable is the amount of a good that (*) consumers are willing to purchase. For ten points, name this quantity that, in economics, is used to explain price along with supply.",demand [or quantity demanded]
2020 TAILS,2,2,"One work by a composer with this last name is played by string instruments without bows and is called the Pizzicato Polka. The movie 2001: A Space Odyssey featured music by two composers of this last name, including one with a rising C-G-C motif titled Also Sprach Zarathustra and another titled The (*) Blue Danube Waltz. For ten points, give the last name of the Austrian composer Johann and the German composer Richard.",Strauss [accept Richard Strauss or Johann Strauss II “the Younger”; do not accept or prompt on Johann Strauss I]
2020 TAILS,2,3,"A prophecy in a play about this character foretells that he will die in a grove sacred to the Furies. Another play about this character “at Colonus” follows the play Antigone (an-TI-guh-nee) chronologically and describes his life after he stabs his eyes out with pins from his mother’s dress. This character marries his (*) mother Jocasta in the first of Sophocles’ Theban Trilogy. The Sphinx’s riddle about man was solved by, for ten points, what Greek hero, the namesake of an incestual “complex”?",Oedipus [accept Oedipus Rex or Oedipus the King or Oedipus at Colonus or Oedipus Coloneus]
2020 TAILS,2,4,"This type of electromagnetic radiation is used to determine molecular structures in a form of crystallography. Wilhelm Röntgen (RENT-guhn) discovered this type of radiation. Lead aprons are often used to protect from overexposure to this radiation, which has a wavelength between that of (*) gamma rays and ultraviolet rays. For ten points, name this form of electromagnetic radiation commonly used in medical imaging to show bones.",X-rays [accept Röntgen radiation before mention]
2020 TAILS,2,5,"The last words of one person attempting to reach this location were “I'm just going outside and may be some time.” The Endurance and Nimrod expeditions to reach this location were captained by Ernest Shackleton. After attempting to use horses to reach this location, Robert Smith was beaten to this location by the Norwegian explorer Roald (*) Amundsen. For ten points, name this location near the center of Antarctica..",the South Pole [prompt on Antarctica]
2020 TAILS,2,6,"In Norse mythology, Idun (EE-thun) keeps some of these objects that grant eternal youth to the gods. Aphrodite gave Melanion three of these objects to distract Atalanta so that he could win a race and marry her. Eris, the goddess of discord, threw one of these objects labeled “To the (*) Fairest” between Athena, Aphrodite, and Hera during a wedding. For ten points, name these magical fruits guarded by the dragon Ladon in the Garden of the Hesperides.",golden apples [or the Golden Apples of the Hesperides]
2020 TAILS,2,7,"A monument in this city features a Stone of Hope emerging from a Mountain of Despair in memory of Martin Luther King. The Three Soldiers statue stands next to this city’s Maya Lin-designed Vietnam Veterans Memorial. Most of the Smithsonian museums lie on this city’s National Mall, whose ends contain the (*) Washington Monument and the Lincoln Memorial. For ten points, name this capital city of the United States.","Washington, DC [or Washington, District of Columbia; accept District of Columbia]"
2020 TAILS,2,8,"A player for this team pitched a perfect game on Mother’s Day 2010. During the 1970s, this team won three consecutive championships with star player Reggie Jackson. This team’s revolutionary use of sabermetrics was the subject of a book by Michael Lewis, which later became a movie starring Brad Pitt. That movie is (*) Moneyball. For ten points, name this American League West team that plays in the Oakland Coliseum.","Oakland A’s [or Oakland Athletics, accept Oakland before “Oakland” is read]"
2020 TAILS,2,9,"This phase is depicted to the left of the triple point in phase diagrams. This phase is the starting phase of sublimation and the ending phase of deposition. The atoms in objects in this phase can be ordered in a lattice or in an irregular, “amorphous” manner. Most (*) metals are in this phase at standard temperature and pressure. For ten points, name this phase of matter whose atoms move less than those of liquids and gasses.",solids
2020 TAILS,2,10,"Marcus Agrippa helped this ruler win his greatest naval battle. This ruler begged Quintilius Varus to return his legions after the Battle of Teutoburg Forest. This emperor, Marc Antony, and Lepidus formed the Second Triumvirate. This emperor created the Praetorian Guard and defeated (*) Cleopatra and Marc Antony at the Battle of Actium. For ten points, name this first Roman emperor, the adopted son of Julius Caesar.",Gaius Julius Caesar Augustus [accept Octavian or Gaius Octavius Thurinus]
2020 TAILS,2,11,"A character in this novel attends Father Mapple’s sermon in New Bedford after sleeping with a stranger at Spouter’s Inn. The harpooneer Queequeg assists a character in this novel who claims a gold coin nailed to a (*) ship’s mast after spotting the title creature. “Call me Ishmael” is the first line of, for ten points, what Herman Melville novel about Captain Ahab’s hunt for a giant white whale?",Moby-Dick
2020 TAILS,2,12,"During this war, Margaret of Anjou led forces defeated at the Battle of Tewkesbury. One king in this war imprisoned Edward V before being defeated at the Battle of Bosworth Field. This war ended with the establishment of the (*) Tudor dynasty by Henry VII. For ten points, what English civil war was fought between Lancasters and Yorks, who were represented by namesake white and red flowers?",Wars of the Roses
2020 TAILS,2,13,"BepiColombo is a mission that is set to send a satellite to this planet by 2025. This planet is tidally locked with the Sun in a 3:2 spin-orbit resonance and features the Caloris basin. This planet that was visited by the Messenger spacecraft is the second hottest planet in the solar system and, like the hottest planet Venus, it has (*) no moons. This rocky planet is the smallest in the solar system. For ten points, name this closest planet to the sun.",Mercury
2020 TAILS,2,14,"Climbers traditionally stop just short of the peak of a mountain in this range named for five treasures, which is called Kangchenjunga. A majority of the so-called “Eight Thousanders” are in this young range. (*) Tenzing Norgay accompanied Edmund Hillary in climbing a mountain in this range “because it’s there”. For ten points, what mountain range contains Mount Everest, the tallest mountain in the world?",Himalayas [or Himalayan Mountains]
2020 TAILS,2,15,"According to the Dead Sea Scrolls, ophanim are a class of these beings that look like wheels of a chariot with multiple eyes on the rims. Cherubim and seraphim are high-ranking classes of these beings. In the Annunciation, one of these beings called (*) Gabriel told Mary that she would be the mother of Jesus. For ten points, name these holy beings often depicted in religious images with white wings and a halo.",angels [accept archangels]
2020 TAILS,2,16,"This virus in the family orthomyxoviridae has hemagglutinin and neuraminidase glycoproteins on its surface, which is why strains of this virus are classified with H and N numbers. An H1N1 variant of this virus was named for its resemblance to viruses found in (*) pigs, and there are different vaccines for the new strains of this disease that emerge each year. For ten points, name this virus which has avian, swine, and Spanish varieties.",influenza [accept the flu or avian flu or swine flu or Spanish flu]
2020 TAILS,2,17,"During this president’s tenure, the CIA launched Operation Mongoose in the wake of a failed invasion this leader ordered. That invasion at the Bay of Pigs was advised by this president’s brother and attorney general, Robert. This president imposed a naval blockade of Cuba and resolved the resulting (*) Cuban Missile Crisis. For ten points, name this U.S. President who was assassinated on November 22, 1963 by Lee Harvey Oswald.",John F. Kennedy [or John Fitzgerald Kennedy or Jack Kennedy or JFK]
2020 TAILS,2,18,"A Wes Anderson movie using this specific filmmaking technique depicts canines exiled to a massive trash island and is titled Isle of Dogs. Another movie created in this style was directed by Tim Burton and follows Jack Skellington, the pumpkin king of Halloweentown; that movie is The Nightmare Before Christmas. (*) For ten points, name this animation technique where the camera is repeatedly stopped and started to make figures appear like they are moving.",stop-motion animation [accept claymation; prompt on animation by asking “Which specific technique?”]
2020 TAILS,2,19,"In one of this author’s plays, a man was found as a baby in a handbag at Victoria Station. In that play by this author, both Algernon Moncrieff (mon-CREEF) and Jack Worthing both pretend to have the title name. This author of (*) The Importance of Being Earnest wrote a novel about a portrait that decays and ages while the title character remains young and attractive. For 10 points, name this Irish author of The Picture of Dorian Gray.",Oscar Wilde [or Oscar Fingal O'Flahertie Wills Wilde]
2020 TAILS,2,20,"An event in this city led to the blinding of Indonesian journalist Veby Mega Indah, and was partially inspired by lack of political change following the Umbrella Revolution. Protesters in this city sought the resignation of Carrie Lam. Protests in this city were sparked by a bill that would have allowed (*) extradition to Taiwan and mainland China. For ten points, name this special administrative region of China.",Hong Kong [accept HKSAR or Hong Kong Special Administrative Region of the People’s Republic of China; prompt on People’s Republic of China or Zhongguo or Zhōnghuá Rénmín Gònghéguó]
2020 TAILS,3,1,"Both strontium and lithium burn this color in a flame test, and litmus paper turns this color in the presence of acids. This color on the longer-wavelength end of the visible light spectrum names an allotrope of phosphorus used in matches. In the NFPA safety diamond, the number in this color’s section indicates the (*) flammability of a substance. For ten points, name this color, which is a primary color along with yellow and blue.",red [accept specific shades of red]
2020 TAILS,3,2,"In one painting by this artist, infants Jesus and John the Baptist hold birds, and in another two bored-looking angels look up at the central figure. This artist of Madonna and the Goldfinch and Sistine Madonna created a work where Euclid and Pythagoras lounge on steps in the foreground. That work also depicts (*) Plato pointing at the sky and Aristotle pointing at the earth. For ten points, name this Renaissance artist of The School of Athens.",Raphael [or Raffaello Sanzio da Urbino]
2020 TAILS,3,3,"Robert the Bruce was mythically inspired by one of these animals to keep fighting the English. In Akan (uh-KON) folklore, the trickster god and master of all stories takes the form of one of these animals and is named Anansi. A woman was punished for her skillfully woven depictions of the gods’ abuse by being turned into one of these animals by (*) Athena. Arachne was turned into, for ten points, what kind of eight-legged critter?",spider
2020 TAILS,3,4,"One scandal during this war involved the distribution of ""embalmed beef"" to troops. Coupled with yellow journalism, the aftermath of the explosion of the USS Maine in Havana Harbor is considered to be the cause of this war. Theodore Roosevelt led the Rough Riders at the Battle of (*) San Juan Hill during, for ten points, what ""splendid little war"" in 1898 between an Iberian and North American nation?",Spanish-American War
2020 TAILS,3,5,"The Giant Impact theory of how this object was created states that a Mars-sized object called Theia slammed into the newly-formed Earth. Dark-colored craters on this object are called maria, or seas - one of those is the Sea of (*) Tranquility. This object’s rotation is locked with Earth’s, which is why we only see its “dark side.” The Apollo 11 mission was the first mission to visit, for ten points, what object that revolves around the Earth?",Earth’s moon [accept Luna]
2020 TAILS,3,6,"Double fertilization is used by organisms that produce these structures. Those organisms, angiosperms, produce parts of these structures in multiples of 3 when monocots and multiples of 4 or 5 when dicots. These structures contain the carpel and the (*) stamen, and may contain nectar to attract animals and promote pollination. For ten points, name these colorful reproductive organs of plants like tulips, daisies, and roses.",flowers [accept fruits until “multiples of 3”; prompt on plants]
2020 TAILS,3,7,"The oil field of Statfjord (stat-FYORD) lies in this sea, east of the Shetland Islands. The largest helicopter port in the world lies on the shore of this body of water in Aberdeen. Oil found under this body of water is responsible for Norway’s large sovereign wealth fund. The English Channel connects this sea to the (*) Atlantic. For ten points, what rough sea named after a cardinal direction is between continental Europe, Scandinavia, and Britain?",North Sea
2020 TAILS,3,8,"This country was ruled by the Qajar (kuh-jer) Dynasty, which was overthrown in the White Revolution. After this country's eponymous revolution, the failed Operation Eagle Claw attempted to free 66 American diplomatic hostages. Those hostages were held for 444 days after an attack on the US (*) embassy from students under Ayatollah Khomeini. For ten points, name this country led by Hassan Rhouani from Tehran.",Iran [or the Islamic Republic of Iran]
2020 TAILS,3,9,"George Miller studied this facility, which he proposed has a capacity of seven plus or minus two. The prenatal form of this facility is key to maternal attachment. Walking through a doorway creates an event boundary and files away parts of this facility, which may result in the temporary (*) amnesia of why you walked into a room. Aging is correlated with loss of, for ten points, what mental facility that allows for remembering information?",memory [accept short-term memory]
2020 TAILS,3,10,"This character lost two fingernails on his right hand after escaping from a gang of Snatchers and claiming to be Stan Shunpike. This character pays a friend back for a pair of Omnioculars with leprechaun gold that later disappears. This character owned a pet (*) rat named Scabbers and is often teased by Fred and George, two of his five older brothers. Hermione Granger ends up marrying, for ten points, what red-haired best friend of Harry Potter?",Ronald Bilius Weasley [prompt on Weasley]
2020 TAILS,3,11,"One figure in this book is promised that his descendants will inherit land ""from the river of Egypt to the great river, the river Euphrates."" Isaac is born to Sarah in this book after Abram is renamed to Abraham and makes a covenant with God. In Chapter One of this book, God says (*) “Let there be light” while creating the universe in six days. Abraham and Noah feature in, for ten points, what first book of the Old Testament in the Bible?",Book of Genesis [prompt on Old Testament; prompt on Bible]
2020 TAILS,3,12,"The antagonist of this novel fulfills a threat of “I will be with you on your wedding night” by killing Elizabeth. The frame narrative of this Gothic novel is a series of letters that Robert Walton sends to his sister Margaret from the (*) North Pole, where Victor had chased his creation. For ten points, name this Mary Shelley novel about the title scientist, who makes a humanoid creature from discarded body parts.",Frankenstein; or the Modern Prometheus
2020 TAILS,3,13,"Buildings designed by Mary Colter near this feature include Hermit’s Rest and Hopi House. The one-armed Army major John Wesley Powell led the first American expedition to this feature’s base. This feature, which has North and South Rims, was formed by erosion from the (*) Colorado River. For ten points, name this mile-deep canyon in Arizona.",the Grand Canyon [or Grand Canyon National Park]
2020 TAILS,3,14,"The sum of reciprocals of squares of the natural numbers is equal to this number squared over 6. Since this number is the inverse cosine of -1, it is the number of radians in 180 degrees. Euler’s (OY-lerz) identity states that e to the power of this number times i equals -1, and this number is the (*) area of a circle with a radius of 1. For ten points, name this number equal to a circle's circumference over its diameter, approximately equal to 3.14.",pi
2020 TAILS,3,15,"During periods of waning power of empires centered on this city, it was ruled by Kassites. A king of this city destroyed the First Temple in Jerusalem and initiated the captivity of Jews in this city. That king, Nebuchadnezzar, ruled over a thousand years after a ruler of this city who created a well-preserved law code, (*) Hammurabi. For ten points, name this city that once contained extensive hanging gardens.",Babylon
2020 TAILS,3,16,"In an episode of this show, Suzie recites Planck’s (plonkz) constant to help the central group crack a code. In this show, Robin confesses that she is lesbian to a fellow employee at Scoops Ahoy named Steve Harrington. While biking home from a (*) Dungeons & Dragons session in this show’s first episode, Will is kidnapped and taken into the Upside Down. Millie Bobby Brown stars as Eleven in, for ten points, what Netflix science fiction show?",Stranger Things
2020 TAILS,3,17,"In a story by this author, the former safecracker Jimmy Valentine saves a child from a locked vault. In another story by this author of “A Retrieved Reformation,” a character has only $1.87 to buy her husband a Christmas present. In that story by this author, Jim sells his (*) watch to buy combs while Della sells her hair to buy a watch chain. For ten points, name this author of “The Gift of the Magi” who was famous for stories with twist endings.",O. Henry [or William Sydney Porter]
2020 TAILS,3,18,"A type of “pumping” is often used in these devices to raise electrons’ energy levels, which helps these devices produce population inversion in their gain media. These devices produce coherent, or phase-synchronized, radiation. These devices are named for an (*) acronym about their stimulated emission of light radiation. For ten points, name these devices that produce the red light in barcode scanners.",lasers [or light amplification by stimulated emission of radiation]
2020 TAILS,3,19,"This leader gave the name Second Polish War to his invasion of Russia, which included the Battle of Borodino. After losing the War of the Sixth Coalition, this general, who had previously won the Battle of Austerlitz, was exiled to Elba. This leader was more famously exiled afterwards to the island of (*) Saint Helena after losing a battle to the Duke of Wellington. For ten points, name this French leader who lost the Battle of Waterloo.",Napoleon Bonaparte [accept Napoleon I]
2020 TAILS,3,20,"Waldstein, Appasionata, and Les Adieux (layz ah-DYOO) are among the 32 sonatas for this instrument by Beethoven, whose fifth concerto for it is nicknamed Emperor. Another Beethoven work for this instrument was inspired by a view at Lake Lucerne; that work is the (*) Moonlight Sonata. For ten points, what keyboard instrument has black and white keys?",piano [or pianoforte]
2020 TAILS,4,1,"Some of these organisms have heat-sensitive pits in their heads that they use to hunt warm-blooded prey. The lower part of these organisms’s jaw is not connected to the top, which allows them to eat prey bigger than their head. These organisms that use their tongues to detect smell can kill through (*) constriction or through injection of venom into the prey. For ten points, name these slithery reptiles like cobras and pythons.",snakes
2020 TAILS,4,2,"When this character leaves an inn without paying, one of his companions is wrapped up in a blanket and tossed in the air. This character, who is defeated by the Knight of the White Moon, rides the horse Rocinante and loves Dulcinea. (*) Sancho Panza serves as squire to, for ten points, what bumbling knight-errant in a Miguel de Cervantes novel, who attacks windmills that he believes to be giants?",Don Quixote [accept The Ingenious Gentleman Don Quixote of La Mancha or El ingenioso hidalgo Don Quijote de la Mancha]
2020 TAILS,4,3,"Richard Rogers designed a building in this city with elevators, staircases, water pipes, and other services on the outside; that is Lloyd’s Building. This city is the site of a Renzo Piano-designed skyscraper known as The Shard. After a fire in this city, Sir Christopher Wren rebuilt many buildings in it, including (*) St. Paul’s Cathedral and the Royal Chelsea Hospital. For ten points, name this city home to Big Ben and Westminster Abbey.",London
2020 TAILS,4,4,"This man was the US Minister to Sweden and France simultaneously. This man used the pseudonym “Silence Dogood” in a series of letters to The New England Courant before becoming the first US Postmaster General. This author of Poor (*) Richard’s Almanac urged colonial cooperation with a cartoon captioned “Join or Die.” For ten points, name this Founding Father who appears on the $100 bill and experimented with a key and a kite.",Benjamin Franklin
2020 TAILS,4,5,"The first process for making this substance was developed by Cai Lun (tsai loon) during the Han dynasty. Cotton fibers can be used to make this substance stronger and more durable. In modern times the Kraft process creates (*) pulp, which is turned into this substance. Ancient civilizations pounded strips of wood into sheets to make a substance similar to this one, papyrus. For 10 points, name this fibrous substance that is often written on.",paper [prompt on papyrus before mentioned]
2020 TAILS,4,6,"Resort towns like Destin and Pensacola are located on this body of water, and they are threatened by toxic algal blooms known as red tide. In 2015, British Petroleum reached an $18.7 billion settlement over damage caused by an oil spill in this body of water, known as the Deepwater Horizon disaster. The (*) Yucatan Peninsula and Florida help define, for ten points, what gulf between its namesake country and the U.S.?",Gulf of Mexico
2020 TAILS,4,7,"Heavy and light accents are distinguished in tajwid, a set of rules for proper pronunciation while reciting this work. The name of the first section of this work is translated as “The Opener” and is composed of seven ayats, or verses. This text is made up of 114 sections called (*) suras. This text is believed to be the word of God as passed down by the angel Gabriel to the prophet Muhammad. For ten points, name this Islamic holy text.",the Quran [or Qur’an or Koran]
2020 TAILS,4,8,"The Cauchy-Schwarz (koh-SHEE schwarz) inequality generalizes a theorem describing the side lengths of these shapes. Heron’s formula calculates the area of these shapes using their semiperimeter, and the Euler (OY-ler) line passes through the (*) orthocenter, circumcenter, and centroid of these shapes. The area of these shapes can be expressed as one half the base times the height. For ten points, name these shapes which have interior angles summing to 180 degrees and three sides.",triangles [accept specific kinds of triangles]
2020 TAILS,4,9,"The last king of this country was Fuad II, who was deposed in a coup led by the builder of the Aswan High Dam. That dam created Lake Nasser, which is named after the first president of this nation. This country, along with Syria and Jordan, was defeated by Israel in the Six-Day War after all of its (*) Sinai Peninsula was captured. For ten points, what country that controls the Suez Canal is home to the city of Cairo?",Egypt [or Arab Republic of Egypt or Jumhuriyat Misr al-Arabiyah]
2020 TAILS,4,10,"In a poem by this author, the title character admits “in short, I was afraid” after seeing “the moment of my greatness flicker.” The narrator of that poem by this author asks “Do I dare to eat a peach?” Another poem by this author describes “breeding lilacs out of the dead land” and opens “April is the (*) cruelest month.” For ten points, name this poet of “The Love Song of J. Alfred Prufrock” and “The Waste Land.”",Thomas Stearns Eliot [accept T. S. Eliot]
2020 TAILS,4,11,"One territory of this country is Norfolk Island, which has a population almost entirely made up of descendants of mutineers from the ship The Bounty. This country’s Christmas Island is home to the largest crab migration in the world. The Bass Strait separates this country from its island province (*) Tasmania. For ten points, what country is home to platypuses, koalas, and kangaroos?",Australia [or Commonwealth of Australia]
2020 TAILS,4,12,"One type of these events is caused by a white dwarf in a binary system stealing matter from its companion - that type is named Type I. Most Type II events of this kind are caused by core collapse and lead to the creation of a (*) black hole. Chinese astronomers observed one of these events in 1054 C.E. that formed the Crab Nebula. For ten points, name these extremely energetic explosions of stars.",supernova
2020 TAILS,4,13,"This politician met with his allies at the Lucca Conference to extend his governorship by five years. In his Commentaries on the Gallic War, this leader detailed his victory over Vercingetorix at the Battle of Alesia. When this leader crossed the (*) Rubicon, he sparked a civil war with an ex-member of the First Triumvirate, Pompey. For ten points, what Roman dictator died on the Ides of March after he was stabbed by his friend Brutus?",Gaius Julius Caesar
2020 TAILS,4,14,"The most common allotrope of this element is a crown-shaped eight-atom ring. Thiol groups must contain this element and hydrogen, and are responsible for this element’s characteristic smell. This element was known in ancient times as (*) brimstone and is a yellow solid at room temperature. For ten points, name this element found below oxygen on the periodic table, which smells like rotten eggs and has chemical symbol S.",sulfur
2020 TAILS,4,15,"A character in this novel claims to be writing a sequel to An Imperial Af liction, a book by Peter van Houten. A character in this novel draws a Venn diagram comparing virgins and 17-year-old guys with one leg after a journey to the Anne Frank House in Amsterdam. In this novel, Augustus dies from a recurrence of (*) cancer after declaring his love for Hazel. For ten points, name this John Green novel about ill-fated teenage love.",The Fault in Our Stars
2020 TAILS,4,16,"This country had its eastern border set at the Curzon Line during the Yalta Conference. This country was partitioned three separate times during the 19th century, and was the largest country divided by the secret Molotov-Ribbentrop Pact. Nazi (*) Germany invaded this country on September 1st, 1939 to start World War II, and the USSR soon followed. For ten points, name this Eastern European country whose capital is Warsaw.",Poland [or the Republic of Poland or Rzeczpospolita Polska]
2020 TAILS,4,17,"This actor played an artificial humanoid who makes beautiful sculptures out of ice, trees, and bushes, before falling in love with a young suburban woman in the movie Edward Scissorhands. It’s not Gene Wilder, but this actor played a man who allows (*) Golden Ticket discoverers to tour his chocolate factory, Willy Wonka. For 10 points, name this actor who played the captain of the Black Pearl, Jack Sparrow, in Pirates of the Caribbean.",Johnny Depp [or John Christopher Depp II]
2020 TAILS,4,18,"The rotational analog of mass is the “moment of” this property. This word describes reference frames in which objects do not accelerate without force acting on them. Newton’s first law of motion, also known as the law of this property, states that objects (*) remain in their current state of motion unless acted on by an external force. For ten points, name this property of matter which causes objects to resist changes in velocity.",inertia
2020 TAILS,4,19,"According to Homer, this deity is served by Euphrosyne (yoo-FRAHZ-ih-nee), Aglaea, and Thalia, otherwise called the Charites or Graces. This deity, who fought a custody battle against Persephone over the handsome Adonis, was born from seafoam following the castration of Uranus. Along with Ares, this goddess was trapped and humiliated in a (*) magic net crafted by her husband Hephaestus. For ten points, name this Greek goddess of love and beauty.",Aphrodite [accept Venus until “Greek”]
2020 TAILS,4,20,"The annual Bayreuth (by-ROYT) Festival celebrates the works of this composer. This composer’s opera Lohengrin contains the “Bridal Chorus”, and another of his works ends with Brunnhilde riding into a funeral pyre that burns (*) Valhalla. That work, Gotterdamerung, ends this composer’s Ring Cycle. For ten points, name this German composer of the “Ride of the Valkyries.”",Richard Wagner
2020 TAILS,5,1,"CCG repeats on the FMR1 portion of one of these structures can cause it to become “fragile.” Lyonization of one of these structures can inactivate it and form a Barr body. Having an extra one of these structures might result in Klinefelter’s syndrome or (*) Down syndrome, which is also known as trisomy 21. For ten points, name these structures that carry genetic information, examples of which include X and Y kinds.",chromosomes [accept X chromosome or chromosome 21; accept Y chromosome after mention]
2020 TAILS,5,2,"Beyonce helped popularize a diet consisting solely of lemon juice, cayenne pepper, water, and this substance. An inability to break down leucine and valine causes a condition in which urine smells like this substance. Quebec produces seventy percent of the world’s output of this substance, which is produced by extracting xylem (*) sap from certain trees. For 10 points, name this sugary substance often drizzled on pancakes or waffles.",maple syrup
2020 TAILS,5,3,"A king of this city died after losing to Epaminondas at the Battle of Leuctra (LEWK-truh). The agoge (AH-goh-gay) system of this city trained children for the military and was invented by Lycurgus. Another king of this city was defeated in battle after a shepherd led the Persian army around the pass at (*) Thermopylae. For ten points, what rival of Athens was home to the famous 300 and was known for its warrior culture?",Sparta
2020 TAILS,5,4,"This mountain range is home to silver mines at Potosi and also contains Salar de Uyuni, which is the world’s largest salt flat. This mountain range was created by the Nazca plate, and its southern terminus is in Tierra Del Fuego. The (*) Incan Empire was centered in this mountain range. For ten points, what longest mountain range in the world runs along the Pacific coast of South America?",Andes Mountains
2020 TAILS,5,5,"In a novel by this author, the title couple owns the Muggle-Wumps and catch the “Dreaded Shrinks” after being glued to the floor of their house. This author of The Twits wrote about a nephew of Spiker and Sponge who makes friends with bugs like Miss (*) Spider in James and the Giant Peach. Mike Teavee, Augustus Gloop and others get to visit Willy Wonka’s workshop in, for ten points, what author’s Charlie and the Chocolate Factory?",Roald Dahl
2020 TAILS,5,6,"The ancient Greek Odeon of Herodes Atticus Theater was made primarily of this material. A large statue by Daniel Chester French depicting a seated president is made of this material. The Leaning Tower of Pisa is made primarily of this material, which is also the primary material used in the (*) Washington Monument and the US Supreme Court Building. For ten points, what white rock was used to make the Taj Mahal?",marble
2020 TAILS,5,7,"Langmuir (LANG-myoor) waves are oscillations of electron density in these substances. Tokamaks, which confine these substances using strong toroidal magnets, are used for nuclear fusion research. Touching a “globe” named for these substances will produce a strand of light to your finger. Tesla coils produce (*) arcs of these substances, which also constitute lightning. The interior of the sun consists of, for ten points, what fourth state of matter?",plasma
2020 TAILS,5,8,"During this war, US forces led by Generals Westmoreland and Abrams suffered heavy losses at the Battles of Hamburger Hill and Khe Sanh. During this war, a surprise attack launched on the Lunar New Year dealt a heavy psychological blow to US troops, and was called the (*) Tet Offensive. The Kent State Massacre took place during a student protest of this war. For ten points, name this war fought in a namesake Asian country.",Vietnam War
2020 TAILS,5,9,"In an account of this figure’s life by Thomas Malory, this figure encounters the Questing Beast drinking from a pool and is approached by King Pellinore, to whom he loses a jousting match. This uncle of Mordred pulled a sword from a (*) stone to claim his throne. For ten points, name this legendary king who led the knights of the Round Table and ruled the Kingdom of Camelot.",King Arthur [or Arthur Pendragon]
2020 TAILS,5,10,"In one story, this character saves Helen Stoner from her stepfather’s “Speckled Band.” This character only refers to Irene Adler as “the woman” after she tricks him in “A Scandal in Bohemia.” Professor Moriarty is the archnemesis of this character, who is portrayed by (*) Benedict Cumberbatch in a BBC series. Doctor Watson accompanies, for ten points, what detective created by Sir Arthur Conan Doyle who lives at 221B Baker Street?",Sherlock Holmes [or Sherlock Holmes]
2020 TAILS,5,11,"The intensity of these phenomena is measured by the Fujita scale and the Enhanced Fujita scale, which better accounts for damage caused by them. These phenomena form when a supercell thunderstorm becomes a vortex, and when they occur over water they are called (*) waterspouts. A region across the Great Plains and the Midwest is called the “alley” of these phenomena. For ten points, name these rapidly rotating columns of air.",tornados
2020 TAILS,5,12,"This ruler, along with his servant Thomas Cromwell, engaged in the dissolution of the monasteries. This ruler executed his chancellor, Thomas More, after More refused to accept this ruler’s split from the Catholic Church. This man’s only son, Edward VI, was the son of this man’s third (*) wife, Jane Seymour. For ten points, what English king had six sorry wives, four of whom were either divorced or beheaded?",Henry VIII
2020 TAILS,5,13,"This artist’s upcoming album was named after his deceased mother, and is titled Donda: With Child. In 2002, this artist had his jaw wired shut after a near-fatal car crash, but recorded Through the Wire regardless. This artist of Jesus is King claimed that he made (*) Taylor Swift famous on his album The Life of Pablo. Yeezy is the nickname of, for ten points, what rapper and husband of Kim Kardashian?",Kanye West [or Kanye West; accept Ye]
2020 TAILS,5,14,"Thomas Young aided in Jean-François Champollion’s (sham-POL-ee-on) analysis of this object, which was rediscovered during a Napoleonic campaign. This object celebrates the anniversary of Ptolemy (TAH-luh-mee) V’s coronation in three scripts, including (*) Ancient Greek and Demotic. For ten points, name this rock which was used to interpret Egyptian hieroglyphics, which a brand of language-learning software is named after.",Rosetta Stone
2020 TAILS,5,15,"The house shown in this painting was inspired by the Dibble House in Eldon, Iowa. A red barn to the right and a green window to the left frame this painting’s two central figures. One of those figures wears a colonial print apron and was modeled on the artist's sister, while the other was modeled on the artist’s (*) dentist. For ten points, name this painting by Grant Wood that shows a woman and a pitchfork-holding man.",American Gothic
2020 TAILS,5,16,"During this period, the Nevadan orogeny began to create the Sierra Nevada mountains and Pangaea (PAN-jee-uh) broke up. This second period of the Mesozoic era featured two extinction events, one of which was the Tithonian event. This period was dominated by large, herbivorous dinosaurs like (*) Diplodocus. For ten points, name this geologic period between the Triassic and Cretaceous that names a “park” in a Steven Spielberg movie.",Jurassic period
2020 TAILS,5,17,"This work begins by invoking the Muse Calliope (kuh-LYE-uh-pee) to sing of one character’s rage. The funeral games of Patroclus are at the end of this work between the death and burial of Hector. This epic is about a war that started when Paris abducted (*) Menelaus’s (meh-neh-LAY-us) wife, the most beautiful woman in the world. Achilles helps siege Troy in revenge for the abduction of Helen in, for ten points, what epic poem by Homer about the Trojan War?",The Iliad [accept Song of Illion; accept Song of Illium]
2020 TAILS,5,18,"The founder of this school of thought believed that the “rectification of names” would solve social disorder. The Classic of Poetry and the Book of Changes are two of this school’s Five Classics. In this school, the virtue of respect for one’s parents, ancestors, and societal hierarchies is called (*) filial piety. For ten points, name this school of thought named for its founder, a philosopher from ancient China.",Confucianism [accept Ruism]
2020 TAILS,5,19,"In this state, a thin layer of melting ice allows some stones to “sail” across the surface of Racetrack Playa. A national park in this state contains the Bridalveil Fall vista and was advocated for by John Muir’s (myurzz) Sierra Club. In that national park in this state, Glacier Point gives views of (*) El Capitan and Half Dome. For ten points, name this state which contains Death Valley and Yosemite (yoh-SEM-ih-tee).",California
2020 TAILS,5,20,"The Patio process uses mercury amalgams to extract this element, which is the most conductive metal. A compound of this element and iodine is used to seed clouds and develop photographs. This precious metal was associated with the moon in alchemy. Sulfides cause (*) tarnish to form on, for ten points, what element whose chemical symbol is Ag, which is often made into second-place awards?",silver
2020 TAILS,6,1,"Charles Leclerc currently drives for this company and Michael Schumacher spent most of his professional career with this company. In a movie partly titled for the founder of this company, that founder said that the CEO of a racing rival was “not (*) Henry Ford, but Henry Ford II.” For ten points, name this Italian sport-car company whose signature red race cars feature a black rearing horse on a yellow badge.",Ferrari [or Ferrari Naamloze vennootschap]
2020 TAILS,6,2,"Emphysema and COPD primarily affect these organs, which are surrounded by the pleural membrane. These organs secrete pulmonary surfactant to decrease the surface tension of their alveoli. A disease of these organs which is marked by spasms in (*) bronchi can be treated with an albuterol inhaler. For ten points, name the primary organs affected by asthma, which expand and contract during breathing and provide oxygen to the body.",lungs
2020 TAILS,6,3,"A yellow ribbon symbolizes the independence movement of a region in this country. The cantera policy of a soccer team in this country to only use local players emphasizes Basque pride. Architecture designed by Antoni Gaudí is prominent in this country’s region of (*) Catalonia, and especially the city of Barcelona. For ten points, name this country formed by the union of Castile and Aragon whose capital is Madrid.",Spain [or the Kingdom of Spain or España or Reino de España]
2020 TAILS,6,4,"The Five Hegemons were a powerful group of rulers in this modern country, and ruled during the Spring and Autumn Period, which saw the fragmentation of power in this country. During that time, the Hundred Schools of Thought in this country saw the expansion of philosophies like (*) Legalism and Daoism. The possibly mythical Xia (shyah) dynasty of this country was led by Yu the Great. For ten points, what country was once ruled by dynasties like Han and Qin (chin)?",China [or Zhongguo]
2020 TAILS,6,5,"This novel’s protagonist finds a supply of matches in an old museum he calls the “Palace of Green Porcelain”. At a dinner party, this novel’s protagonist shows two white flowers from Weena, whom he saved from drowning. In this novel, Weena is one of the weak (*) Eloi (EE-loy), who are eaten by the underground-dwelling Morlocks. For ten points, name this science-fiction novel by H.G. Wells whose protagonist travels into the far future.",The Time Machine
2020 TAILS,6,6,"This president engaged in the Kitchen Debates with Nikita Kruschev. After coming under fire for a suspicious campaign donation, this president emotionally invoked his dog in the Checkers Speech. Spiro Agnew, this man’s vice president, resigned after a (*) corruption investigation and was replaced by Gerald Ford. For ten points, name this president who resigned after an investigation about a break-in at the Watergate Hotel.",Richard Nixon [or Richard Milhous Nixon]
2020 TAILS,6,7,"In a story by this author, Scratchy Wilson does not shoot Jack Potter because he had just gotten married. In another novel by this author of “The Bride Comes to Yellow Sky,” Jim Conklin gets shot in the side and  dies, having earlier told the protagonist that he would run from a (*) battle if other soldiers also ran. Henry Fleming wishes for the title mark during the American Civil War in, for ten points, what author’s novel The Red Badge of Courage?",Stephen Crane
2020 TAILS,6,8,"Demeter turned herself into a mare to avoid this deity’s advances, which resulted in the talking horse Arion. A son of this god gets his eye stabbed out by a hero who calls himself “Nobody”. That son of this god was the cyclops Polyphemus. Athena’s olive tree won a competition against this god’s (*) saltwater spring for patronage of Athens. For ten points, name this trident-wielding Greek god of earthquakes and the sea.",Poseidon [accept Neptune]
2020 TAILS,6,9,"Distillation separates substances in a mixture by using this process and then condensing the products. During transpiration, plants cool themselves via this process, which also cools human skin when it occurs to sweat. This process occurs just before (*) condensation in the water cycle. For 10 points, name this phase change that occurs to water when heated, the transition of a liquid to a gas.",evaporation [accept vaporization or boiling]
2020 TAILS,6,10,"This director spent the majority of his career working with collaborator Ub Iwerks. The character Oswald the Lucky Rabbit is a creation of this director, as is a character who is steering a ship and whistling in the short Steamboat Willie. The first animated film in color, (*) Snow White and the Seven Dwarves, was produced by this director’s studio. For ten points, name this director who created Donald Duck and Mickey Mouse.",Walt Disney [or Walter Elias Disney]
2020 TAILS,6,11,"The artists Christo and Jeanne-Claude installed 5,703 fabric-covered gates in this place in 2005. Features called the Lake and the Ramble are in this place, whose layout was primarily designed by Frederick Law Olmstead. This place, which divides the Upper West and Upper East Sides of (*) Manhattan, is the origin of Shakespeare in the Park. For ten points, name this large park in New York City.",Central Park [prompt on Manhattan Island; prompt on New York City or NYC]
2020 TAILS,6,12,"A painting of one of these animals depicts attempts to rescue a young boy and is by John Singleton Copley. These animals caused problems for early underwater telegraph cables, since their ampullae of Lorenzini allow them to sense electric fields. These animals which must (*) swim constantly to stay afloat have bodies made primarily of cartilage. For ten points, name these scary kinds of fish, an example of which is the great white.",sharks [or Selachimorpha or Selachii]
2020 TAILS,6,13,"This empire’s rulers were guarded by an elite group of Norman-Vikings called the Varangian Guard. One ruler of this empire began the Komnenian Restoration. Another ruler of this empire faced the Nika Riots and sent his generals Narses and Belisarius to recapture (*) Rome. For ten points, name this empire with a capital at Constantinople that was ruled by men like Alexius and Justinian and was conquered by the Turks in 1453.",Byzantine Empire [accept Eastern Roman Empire]
2020 TAILS,6,14,"For a conservative force, work equals the negative change in this quantity. One-half times the spring constant times displacement squared gives the elastic form of this quantity, which is stored in springs. A ball at the top of a hill has the (*) gravitational form of this property, which in general comes from the position of objects. For ten points, name this type of energy which is converted by motion into kinetic energy.",potential energy [prompt on energy by asking “What kind of energy?”]
2020 TAILS,6,15,"This poet wrote “I heard it in the chillest land - / And on the strangest Sea” in a poem describing Hope as “the thing with feathers.” This author, who used dashes extensively, was called the “Belle of Amherst.” This poet wrote about a “Stillness in the Room” that was like the (*) “Stillness in the Air - / Between the Heaves of Storm.” For ten points, name this female New England poet who wrote “I heard a Fly buzz - when I died”.",Emily Dickinson
2020 TAILS,6,16,"Television personality James May built a two-story house entirely out of this material, but got no buyers. This material, which was invented by Ole Kirk Christiansen and named after the Danish word for “play well,” is the namesake of a Carlsbad, California theme park. This material titles a movie featuring (*) master builders who sing “Everything Is Awesome.” For ten points, name these small, plastic, interlocking blocks.",LEGOs [or LEGO blocks; prompt on plastic or building blocks or ABS or acrylonitrile butadiene styrene]
2020 TAILS,6,17,"On the second day of this holiday that starts on the 15th of Nisan, the counting of the omer begins. During the main meals on this holiday, participants sing Dayenu and Chad Gadya and the youngest child asks the Four Questions. During this holiday, unleavened bread known as (*) matzah is eaten during the two traditional seder meals. For ten points, name this eight-day Jewish holiday that commemorates the Jews’ exodus from Egypt.",Passover [accept Pesach]
2020 TAILS,6,18,"Four of these instruments respond to the title Unanswered Question posed by the trumpets in a work by Charles Ives. The aria “Der Holle Rache” (der HER-luh RAKH-uh) is sung by the Queen of the Night in a Mozart opera titled for a (*) magic one of these instruments. This instrument represents the bird in Peter and the Wolf and is the first to play in Grieg’s “Morning Mood.” For ten points, name this high-pitched woodwind instrument, a cousin of the piccolo.",flute [accept Magic Flute]
2020 TAILS,6,19,"Some of the earliest settlers of this modern day country landed at Port Jackson. Bushrangers were outlaws in this country who thrived during its gold rushes. The 1808 Rum Rebellion occurred in this country against William Bligh in New South Wales. Subjugation and persecution of (*) Aborigines stemmed from this country’s use as a penal colony by the British Empire. For ten points, what country is home to Melbourne and Sydney?",Australia [or Commonwealth of Australia]
2020 TAILS,6,20,"The D double-prime layer is near the bottom of this region, which lies beneath the Moho discontinuity. Although this region is solid rock, it acts as a slow but viscous liquid, which allows convection in this region. This region’s plumes form (*) hotspots which feature magma rising from this layer to the crust. The asthenosphere lies in, for ten points, what layer of the Earth between the crust and the core?",the mantle
2020 TAILS,7,1,"In a story by this author, Grete (GREH-tuh) plays the violin with dreams of getting into the conservatory, and the main character’s father wounds him by throwing an apple at him. That story by this author is about a salesman who is transformed into a (*) “monstrous vermin”, Gregor Samsa. For ten points, name this German-language author of “The Metamorphosis,” as well as the novels The Castle and The Trial.",Franz Kafka
2020 TAILS,7,2,"The Downs process produces this element, which also names a “doublet” found in Fraunhofer (FROWN-hoh-fur) lines. This second-lightest alkali metal produces an intense yellow color in a flame test. This element’s carbonate is called soda ash, while its bicarbonate is known as baking soda. High concentrations of this element and (*) chlorine make ocean water undrinkable. For ten points, name this element with symbol Na, which binds with chlorine to make table salt.",sodium [accept Na]
2020 TAILS,7,3,"The second movement of this composer’s last symphony is called a “limping waltz” because of its 5/4 time signature. In one of the three ballets that this composer wrote during his life, the character Odette is actually a disguised Odile, who later gets turned into the title (*) bird by Von Rothbart. For ten points, name this Russian composer of the Pathetique Symphony, Swan Lake, and the 1812 Overture.",Peter Ilyich Tchaikovsky [or Pyotr Ilyich Tchaikovsky]
2020 TAILS,7,4,"In its own language, this empire’s name refers to the four quarters, or suyus, it was divided into. A system of knotted strings, known as quipus (KEE-poos), was used in this empire for administration and record keeping. Pachacuti founded this empire by expanding it from its capital of (*) Cusco in modern Peru. For ten points, what South American civilization centered around the Andes Mountains built Machu Picchu?",the Incan Empire [or the Incas or Tawantinsuyu]
2020 TAILS,7,5,"One building in this city is home to six captive ravens, which are said to guard the security of the nation. Piccadilly Circus is located in this city’s West End. This city, home to landmarks such as Trafalgar Square and Hyde Park, also contains the Tower Bridge, which crosses the River (*) Thames. For ten points, what city, home to Buckingham Palace and the British Museum, is the capital of the United Kingdom?",London [accept City of London]
2020 TAILS,7,6,"Random mating and no migration are two of five conditions that will prevent this process if all met, by the Hardy-Weinberg Principle. The convergent form of this process involves unrelated species developing similar traits. Studying the beaks of finches in the Galapagos prompted (*) Charles Darwin to theorize this process. For ten points, what process is characterized by changes in a species over generations ?",evolution [accept speciation until “convergent”]
2020 TAILS,7,7,"During this battle, one side attempted to take over Gloucester (GLOSS-ter) Point. The winning side in this battle was aided by the fleet and troops of the Comte de Grasse and the Comte de Rochambeau (row-SHAM-bow). At the end of this battle, the losing side reportedly played the tune ""The (*) World Turned Upside Down."" For ten points, name this battle in which Charles Cornwallis surrendered to George Washington, the final battle of the American Revolution.",Battle of Yorktown [or the siege of Yorktown]
2020 TAILS,7,8,"Projects Blue Book, Sign, and Grudge were studies of these things conducted by the U.S. Air Force. A supposed discovery of one of these things in Roswell, New Mexico was passed off as a weather balloon by the military. These objects that supposedly make (*) crop circles are rumored to be studied at Area 51. For ten points, name these unexplainable aerial phenomena often attributed to alien activity and described as flying saucers.",UFOs [accept Unidentified Flying Objects; prompt on flying saucers; prompt on alien spacecraft or logical equivalents; prompt on weather balloons until mention]
2020 TAILS,7,9,"A character in this novel learns German from Professor Bhaer (BAY-er), who criticizes her for writing romance stories for newspapers. At the beginning of this novel, the protagonists’ mother convinces them to give their Christmas breakfast to a poor family. In this novel, (*) Laurie gets his heart broken by Jo and eventually marries Amy after Beth’s death. For ten points, name this novel about the title daughters of Marmee, by Louisa May Alcott.",Little Women
2020 TAILS,7,10,"The Homestake experiment studied this object to detect its emission of neutrinos. The SOHO spacecraft gathered data on areas of reduced temperature on the surface of this object. This object that continuously emits charged particles known as its (*) “wind” can experience sudden flashes of brightness known as “flares.” For ten points, name this object at the center of the solar system, the closest star to Earth.",the sun [or Sol; accept solar wind or solar flares]
2020 TAILS,7,11,"This company develops a dialect of PHP named Hack. The Winklevoss twins sued this company early on for intellectual property theft. This company’s co-founder Eduardo Saverin was diluted out of the company, as depicted in The (*) Social Network. This company went under fire when it was revealed it sold user data to Cambridge Analytica. For ten points, name this social media company founded by Mark Zuckerberg.",Facebook
2020 TAILS,7,12,"A sandwich originating in this city typically involves fried seafood served on top of a loaf of French bread and is called the Po' Boy. The beignet (ben-YAY) purveyor Cafe Du Monde is on this city's Bourbon Street. Jambalaya and gumbo are characteristic of this city’s (*) Creole and Cajun-influenced cuisine. The French Quarter is located in, for ten points, what city central to the Mississippi River Delta in Louisiana?",New Orleans
2020 TAILS,7,13,"During this ruler’s reign, the Iceni (ee-KAY-nee) tribe rose in revolt, led by Boudicca. This emperor forced his Stoic tutor, Seneca, to commit suicide before his family. This man’s mother, Agrippina, dominated his decisions until he had her killed off. This last emperor of the Julio-Claudian dynasty is said to have blamed Christians for the Great (*) Fire of Rome. For ten points, what emperor is said to have played the violin as Rome burned?",Nero [or Nero Claudius Caesar Augustus Germanicus]
2020 TAILS,7,14,"An acid containing this element along with oxygen and hydrogen is combined with hydrochloric acid to make aqua regia. This element bonds with carbon to form cyanide, and ammonia consists of three hydrogen atoms bonded to this element. The liquid form of this element is frequently used as a (*) refrigerant. The most common element in the atmosphere is, for ten points, what element with atomic number 7 and symbol N?",nitrogen [accept N]
2020 TAILS,7,15,"In one painting by this artist, spindly trees frame three swans whose reflections mimic elephants. This artist depicted Port Lligat in a work depicting a Catalonian beach that features ants crawling on an orange stopwatch in the bottom corner, as well as melting (*) clocks draped over the landscape. For ten points, name this Spanish Surrealist artist who painted The Persistence of Memory.",Salvador Dalí [or Salvador Felipe Jacinto Dali y Domenech]
2020 TAILS,7,16,"As an April Fool’s joke, the makers of this video game released an update that allowed the players to travel to infinite dimensions. Crimson Forest, Warped Forest, Basalt Delta, and Soul Sand Valley are the four new (*) biomes added to the most recent major update of this game. For ten points, name this Mojang game where the player explores a block-filled world with monsters like skeletons, zombies, and creepers.",Minecraft
2020 TAILS,7,17,"By Kirchoff’s (KEERKH-hawfs) junction rule, the sum of this quantity flowing into a junction is equal to the sum flowing out. Ohm’s Law states that this quantity, which is symbolized I, equals voltage over resistance. Two types of this quantity are its (*) “alternating” and “direct” forms. For ten points, name this quantity measured in amperes, which is the amount of charge flowing past a point over time.",electric current [accept I before mention]
2020 TAILS,7,18,"In this novel, two characters forge a love letter to embarrass Janice Avery after she steals a pack of Twinkies from May Belle’s lunch. A character in this novel is told “God’ll damn you to hell when you die” after Easter mass and is faster than a boy who trains all summer to be the (*) fastest runner in his class. The title place can be reached by swinging on a rope over a creek in, for ten points, what novel by Katherine Paterson about Leslie and Jess?",Bridge to Terabithia
2020 TAILS,7,19,"This country tried to connect itself to the Middle East with the Anatolian and Baghdad railways. This country’s participation in naval arms race in the early 1900s was prompted by the British ship HMS Dreadnought. All three monarchs of this country were of the House of (*) Hohenzollern, from Prussia. For ten points, name this country once led by Otto Von Bismarck, which Wilhem II led during the First World War.",Imperial Germany [accept German Empire or the Second Reich]
2020 TAILS,7,20,"The term “Quartodeciman” refers to the practice of celebrating this holiday on the 14th of Nisan on the Hebrew calendar. This holiday happens the day after Holy Week, the last week of Lent, is over. This holiday celebrates the day Jesus (*) rose from the dead three days after he was crucified. For ten points, name this Christian holiday celebrated on a spring Sunday on which a Bunny supposedly hands out colorful eggs.",Easter [prompt on Resurrection Sunday; prompt on Pascha]
2020 TAILS,8,1,"The Kepler conjecture describes the densest packing of these shapes in three-dimensional space. The coordinate system based on these shapes is based on two angles and a radial distance. The surface area of these shapes is four (*) pi times the radius squared, and the volume is four-thirds pi times the radius cubed. Cross sections of these shapes are circles. For ten points, name these 3D shapes which resemble a ball.",spheres [prompt on ball before mention]
2020 TAILS,8,2,"In a game called The Lost Levels, this character is able to jump higher and farther than his counterpart. In a game starring this character, Professor E. Gadd supplies him with the Poltergust 3000, a modified vacuum cleaner that sucks up (*) ghosts in this character’s Mansion. This character is often the second player in games starring his red-wearing brother. For ten points, name this younger, taller, green-wearing brother of Mario.",Luigi
2020 TAILS,8,3,"This man started the Cuban Thaw in an attempt to normalize relations with the isolated country. This president organized the Trans-Pacific Partnership and, with his Secretary of State John Kerry, negotiated the Iran Nuclear Deal. This president ordered the killing of (*) Osama bin Laden. For ten points, name this 44th president of the United States who passed the Affordable Care Act and began his first term in 2008.",Barack Obama [or Barack Hussein Obama II]
2020 TAILS,8,4,"One branch of this river is sourced from Lake Tana in Ethiopia. The Al-Sudd Swamplands come after the city of Juba in the course of this river’s “White” branch, which joins its “Blue” branch near Khartoum. This river’s source is (*) Lake Victoria and its delta, between the Damietta and Rosetta branches, empties into the Mediterranean at Alexandria. For ten points, what long river flows through Sudan and Egypt?",Nile River
2020 TAILS,8,5,"It’s not Norway, but the music of this country inspired elements of the song Norwegian Wood by the Beatles. Music from this country is based on melodies called ragas and patterns called talas. The national anthem of this country is Jana Gana Mana, which was originally composed in (*) Bengali. For ten points, name this home country of Ravi Shankar, who played the sitar.",India [or Republic of India or Bharatiya Ganarajya]
2020 TAILS,8,6,"In a novel by this author, a note written by Arne Saknussemm (ARN sack-NOO-sem) can be read in a mirror, and is used by Professor Lidenbrock to help find a route into a volcano in western Iceland. In another novel by this author, Ned Land and Pierre Aronnax are shown the secrets of a (*) submarine called the Nautilus by Captain Nemo. For ten points, name this French author of Journey to the Center of the Earth and Twenty Thousand Leagues Under the Sea.",Jules Gabriel Verne
2020 TAILS,8,7,"This leader built a causeway to the city of Tyre when unable to seige it traditionally. The homesickness of this leader’s troops forced him to turn back at the Hyphasis River during his invasion of India. This ruler defeated the Achaemenid Empire by killing Darius III. This pupil of (*) Aristotle was the son of Phillip II of Macedon. For ten points, name this “Great” Macedonian king who conquered a massive ancient empire.",Alexander the Great [or Alexander III of Macedon]
2020 TAILS,8,8,"This poet compared desire and hate to “Fire and Ice”, and wrote of “stop[ping] without a farmhouse near” in a poem that ends by repeating “And miles to go before I sleep.” This poet of “Stopping by Woods on a Snowy Evening” wrote about “two (*) roads” that “diverged in a yellow wood” where the narrator decides to take “the one less traveled by.” For ten points, name this New England regionalist poet of “The Road Not Taken.”",Robert Lee Frost
2020 TAILS,8,9,"Two scientists with this last name studied Rochelle salts to discover piezoelectricity (pee-AY-zo-electricity). Another scientist with this last name who shared a Nobel Prize in Physics with Henri Becquerel (bek-uh-REL) discovered an element in the ore pitchblende that she named after her home country, (*) Poland. That scientist, the only woman to win the Nobel Prize twice, shared one of those prizes with her husband Pierre. For ten points, give the last name of chemist Marie.",Curie [accept Marie Curie or Pierre Curie or Paul-Jacques Curie]
2020 TAILS,8,10,"A figure circled this deity and his wife to win a race with the prize of a magic mango, proposed by this god. This god is depicted with matted hair and a crescent moon on his head. After this god swallowed halahala created during the churning of the ocean, this god’s throat turned (*) blue due to the potency of the poison. For ten points, name this three-eyed destroyer deity who makes up the Trimurti with Brahma and Vishnu.",Shiva [accept Mahadeva]
2020 TAILS,8,11,"One-third of the Earth’s surface is covered in these biomes, the largest of which is in Antarctica. Other than tundras, these biomes have the lowest biodiversity of any biome, and wind in these biomes can form ergs or (*) dunes. Water seeping from aquifers in these biomes can provide the conditions for an oasis to form. For ten points, name this biome characterized by low precipitation, which are often sandy.",desert
2020 TAILS,8,12,"One ruler of this empire named Auraungzeb re-established the jizya tax to encourage conversion to the religion it followed. This empire was founded by Babur and reached its zenith under Akbar. One ruler of this empire built a large white marble (*) mausoleum in the city of Agra for his wife Mumtaz. For ten points, Shah Jahan, commissioner of the Taj Mahal, ruled what Indian Islamic empire?",Mughal Empire [or Gurkani]
2020 TAILS,8,13,"In the Davisson-Germer experiment, a diffraction pattern produced by these particles showed their wave-particle duality. In Thomson’s atomic model, these particles are like plums in a plum pudding, while in Bohr’s model they are in shells around the nucleus. These particles are (*) shared in covalent bonds and exchanged in ionic bonds. For ten points, name these small negatively-charged subatomic particles.",electrons
2020 TAILS,8,14,"In one of this composer’s operas, Violetta asks Alfredo to love her forever before dying of tuberculosis; that opera is La Traviata. Another of this composer’s operas premiered using twelve live elephants for its “triumphal march.” In that same opera by this man, (*) Radames (ruh-DAH-miss) falls in love with the title character and is buried alive with her at its end. For ten points, name this composer of an opera set in Egypt about an Ethiopian princess, Aida.",Giuseppe Verdi
2020 TAILS,8,15,"These animals are the national animal of Scotland, and they name a Starbucks frappuccino made with mango syrup and pink and blue powder. Mistaking rhinoceroses for these animals, Marco Polo described them as ugly. Their defining body part, thought to have medicinal values, is called an (*) alicorn. Narwhals are called “[these animals] of the sea.” For ten points, named these mythical creatures, horses with a single horn.",unicorns
2020 TAILS,8,16,"This event is called frashokereti (FRA-sho-kuh-REH-tee) in Zoroastrianism. During an event of this kind, Frigga experiences her second sorrow when her husband is swallowed whole by Fenrir. Seven trumpets are sounded during this event in the Book of Revelation, and the (*) Four Horsemen of Conquest, War, Famine, and Death serve as its harbingers. For ten points, name this event in many religions wherein the Earth is destroyed.",the end of the world [accept the apocalypse or the end times or the Second Coming; accept equivalent answers; prompt on Armageddon or the Rapture or Ragnarok or doomsday or Judgement Day]
2020 TAILS,8,17,"In her youth, this character was attacked by a swarm of spiders in her room that would hide every time her stepmother came in. This character’s cousin Magnus is a son of Freyr and first appeared in The Sword of Summer. Thalia Grace and (*) Luke Castellan found this character when she was just seven and brought her to Camp Half-Blood. Rick Riordan created, for ten points, what daughter of Athena in the Percy Jackson books?",Annabeth Chase [prompt on just Chase]
2020 TAILS,8,18,"In January of 2020, a plane carrying 63 citizens of this country was shot down by the IRGC shortly after its takeoff from an international airport in Tehran. In April 2020, Gabriel Wortman impersonated a police officer while carrying out the deadliest rampage in this country’s history in the province of (*) Nova Scotia. Military-grade assault weapons were banned in May 2020 by Prime Minister Justin Trudeau in, for ten points, what North American country?",Canada
2020 TAILS,8,19,"One king of this country won the 1631 Battle of Breitenfeld (BRITE-en-feld) before dying at the Battle of Lutzen. Another king of this country, Charles XII, lost the Battle of Poltava and the Great Northern War to Peter the Great of Russia. One ruler of this country joined with (*) Denmark and Norway in the Kalmar Union. For ten points, the House of Vasa and its monarch Gustavus Adolphus ruled what Scandinavian country with capital at Stockholm?",Sweden [or Kingdom of Sweden or Sverige or Konungariket Sverige]
2020 TAILS,8,20,"Mount Springer and Katahdin mark the southern and northern termini of a hiking trail spanning this mountain range. The Catskills and Blue Ridge Mountains are subranges of this larger mountain range. The natural beauty of the region named for this mountain range is threatened by mountaintop removal for (*) coal mining in states like West Virginia. For ten points, name this largest mountain range east of the Mississippi.",the Appalachians [or the Appalachian Mountains]
2020 TAILS,9,1,"One player for this team won the first three NBA three-point contests. Red Auerbach coached this team to 9 championships in the 1950s and 60s, a period in which it was led by such players as John Havlicek and Bill Russell. More recent players for this team include Paul (*) Pierce and Kevin Garnett. Kemba Walker and Jayson Tatum are currently star players for, for ten points, what NBA team from Boston?",Boston Celtics [accept Boston before mention]
2020 TAILS,9,2,"The first asteroid to be discovered is now classified as one of these objects, because it does not clear its neighboring region. Haumea and Makemake (MAH-kay-MAH-kay) are two of these objects found in the Kuiper (KYE-per) Belt, and Eris is the second-largest known one of these objects. One of these objects discovered by Clyde Tombaugh was (*) reclassified in 2006. For ten points, name these astronomical objects, like Pluto, which are smaller than planets.",dwarf planets [prompt on planets]
2020 TAILS,9,3,"This ruler’s sister, Arsinoe, was killed in front of the Temple of Artemis at Ephesus. Pothinus helped Ptolemy XIII briefly usurp the throne from this ruler, who had a son named Cesarean. This ruler went into hiding after her forces lost at the Battle of Actium, and she would later commit suicide after the death of her lover (*) Marc Antony. For ten points, name this last female pharaoh of Egypt.",Cleopatra
2020 TAILS,9,4,"In a story by this author, the fascist Deutscher (DOY-scher) wins an election instead of Keith after Eckels steps on a butterfly during a Time Safari. This author of “A Sound of Thunder” wrote a novel in which the main character’s parlor wall-loving wife Mildred rats him out to the (*) fireman Captain Beatty. Guy Montag is threatened with a flamethrower for not burning illegal books in, for ten points, what American author’s Fahrenheit 451?",Ray Douglas Bradbury
2020 TAILS,9,5,"This man sculpted a horned Moses along with a dying and a rebellious slave for the tomb of Pope Julius II. A marble sculpture by this man located in the Palazzo Vecchio (VEK-yo) is depicted in contrapposto and depicts a nude David. He also depicted himself as the flayed skin of St. Bartholomew in his mural The (*) Last Judgement. For ten points, name this Italian Renaissance artist who painted the ceiling of the Sistine Chapel.",Michelangelo [or Michelangelo di Lodovico Buonarroti Simoni]
2020 TAILS,9,6,"This ruler used the Yassa law code and organized the Yam system for communication across his empire. This ruler destroyed the Khwarezmian (kah-REZ-mee-un) Empire after the envoys he sent to negotiate were killed. Subotai was this man’s most trusted general. Successor states to this man’s empire include the (*) Golden Horde and Yuan China. For ten points, who was the founder and first Great Khan of the Mongol Empire?",Genghis Khan [accept Genghis after “Khan” is read; accept Temujin; accept Temijun Borjigin; accept Genghis Emperor; prompt on Khan]
2020 TAILS,9,7,"This river joins with the Rio Negro at the Meeting of the Waters. Iquitos (ee-KEE-tohs), one of the most inland ports in the world, sits on the banks of this river. The city of Manaus also lies on this river, and is located in a state named for it. This river has the highest discharge volume, and is (*) second-longest, in the world. For ten points, what very long river in Brazil is named for a group of Greek-warrior women?",Amazon River
2020 TAILS,9,8,"Alpha particles were shot at a thin layer of this element in an Ernest Rutherford experiment that proved the existence of the atomic nucleus. This element combines with silver to form the alloy electrum, and it is the most malleable and ductile metal. Since (*) iron pyrite looks very similar to this element, it is nicknamed “fool’s” this element. For ten points, name this element whose symbol is Au, a precious yellow metal.",gold
2020 TAILS,9,9,"In a novella by this author, Moses claims that it is Sunday seven days a week at Sugar Candy Mountain, and a revolutionary song called “Beasts of England'' inspires the pigs Snowball and Napoleon. In another novel by this author, the (*) Ministry of Love employs the Thought Police and tortures Julia and Winston in Room 101 in a dystopian society overseen by Big Brother. For ten points, name this English author of Animal Farm and 1984.",George Orwell [accept Eric Arthur Blair]
2020 TAILS,9,10,"The two major schools of this religion are Theravada and Mahayana. The founder of this religion left his role as a prince when he encountered the Four Sights: an old man, a sick man, a dead man, and a holy man. That founder developed the Four (*) Noble Truths, one of which is following the Eightfold Path. Siddhartha Gautama founded, for ten points, what meditative religion that seeks Enlightenment?",Buddhism
2020 TAILS,9,11,"The small-angle approximation states that if the input to this function is small, it is approximately equal to this function's output. This function gives the y-coordinate of a point rotated around the unit circle. A law named for this function states that, for a triangle, the ratio of a (*) side length to this function of the opposite angle is the same for each side. For ten points, name this trigonometric function calculated “opposite over hypotenuse”.",sine
2020 TAILS,9,12,"A player of this instrument, who composed A Night in Tunisia and Salt Peanuts, was Dizzy Gillespie. Another player of this instrument composed songs such as All Blues and So What for his album Kind of Blue. A player of this instrument sings that he sees “trees of green” in the first recording of (*) What a Wonderful World. For ten points, Miles Davis and Louis (loo-EE) Armstrong played what three-valved brass instrument?",trumpet
2020 TAILS,9,13,"This initiative’s participants were scrutinized by the Venona project, which discovered the espionage of Theodore Hall and Klaus Fuchs (fooks). Sites like Hanford and Oak Ridge were used for fuel enrichment during this effort. J. Robert Oppenheimer directed this effort, whose successful culmination was the (*) Trinity Test, the first detonation of a nuclear device. For ten points, what US World War II project created the atomic bomb?",Manhattan Project [prompt on equivalents to the United States developing an nuclear bomb by asking “What is the name of the project?”]
2020 TAILS,9,14,"The Planck (plonk) epoch immediately followed this event. Evidence for this event includes the CMBR and Hubble’s law, which shows that galaxies are moving apart. Following this event, protons and neutrons (*) fused to form atoms like deuterium and helium. For ten points, name this event around 14 billion years ago in which the universe expanded from a single point.",the Big Bang [prompt on creation of the universe or the beginning of time or logical equivalents]
2020 TAILS,9,15,"In a work by this author, Alcibiades (AAL-sib-ee-AH-deez) and Aristophanes (ah-ruh-STAH-fuh-neez) are invited to give speeches about the nature of love at a banquet. This philosopher wrote that the ideal leaders of a city-state are philosopher-kings and described the Allegory of the Cave in one of his (*) Socratic dialogues. For ten points, name this ancient Greek philosopher who wrote the Symposium and the Republic.",Plato
2020 TAILS,9,16,"The nymph Clytie was turned into one of these things after watching Helios cross the sky for nine days without food or drink. After Adonis died from being attacked by a wild boar, one of these things called the anemone was created. One of these things appeared where Narcissus fell in love with his reflection and drowned. The death of (*) Hyacinthus caused the blooming of a type of, for ten points, what type of plant part with petals?",flowers [accept heliotrope or turnsole or daffodil or jonquil]
2020 TAILS,9,17,"In contrast with Thalia, Melpomene (mel-POM-eh-nee) is the muse of this genre. The only complete trilogy in the Athenian type of this genre is the Oresteia by Aeschylus. Aristotle’s Poetics uses the term “catharsis” to describe the effect of this genre on the audience. (*) King Lear, Othello, and Macbeth are examples of this genre of plays based on human suffering. For ten points, name this genre that is represented by a namesake sad-looking mask and is contrasted with comedies.",tragedy [accept tragedies; prompt on Greek plays; prompt on plays alone before mention]
2020 TAILS,9,18,"The first one of these things to be discovered causes discoloration in leaves and was thus called “tobacco mosaic.” These things can reproduce using the lysogenic or lytic cycles, and ones with the prefix retro- insert a portion of their genome into the host cell’s. These things can only (*) replicate in the living cells of a separate organism. For ten points, name this class of infectious agents that includes HIV and a “corona” subtype.",virus
2020 TAILS,9,19,"Three weeks prior to this battle, its losing commander had defeated Harald Hardrada at the Battle of Stamford Bridge. That losing commander in this battle was Harold Godwinson, the son-in-law of the dead king Edward the Confessor. A scene depicting this battle is the culmination of the Bayeux Tapestry and was the end of (*) Saxon rule in England. For ten points, William the Conqueror won what 1066 battle that began the Norman Conquest?",Battle of Hastings
2020 TAILS,9,20,"The Atchafalaya River branches off this other river. The 1928 Flood Control Act was passed in response to the worst flood in US history, which occurred on this body of water. This river briefly flowed backwards in 1812 due to an earthquake near New Madrid, Missouri. This river passes directly east of the Gateway Arch in (*) St. Louis and ends near New Orleans. For ten points, name this longest river in the United States.",Mississippi River
2020 TAILS,10,1,"This ruler crossed the Orontes (ore-AHN-tayz) to defeat the Hittite ruler Hattusili (HAT-tus-EE-lee) III in the largest chariot battle in history. That Battle of Kadesh was followed by this ruler signing the first known peace treaty. This New Kingdom ruler built his wife Nefertari the largest tomb in the Valley of the Queens, as well as the temple complex of (*) Abu Simbel. For ten points, name this Egyptian pharaoh known as “the Great.”",Ramses the Great [or Ramses II or Ozymandias]
2020 TAILS,10,2,"The Seyfert types of these objects exhibit strong Doppler Broadening. Edwin Hubble studied Cepheid (SEF-ee-id) variables in one of these objects and created a “tuning fork” diagram to categorize them. Sagittarius A* is a supermassive (*) black hole at the center of one of these objects. These objects may have elliptical or spiral shapes. For ten points, name these collections of stars, an example of which is the Milky Way.",galaxy or galaxies
2020 TAILS,10,3,"In a story by this author, the poisonous woman Beatrice is kept in a secret garden by her father until her death; that story is “Rappaccini’s Daughter.” In another novel by this author, the minister Arthur Dimmesdale dies after revealing his adulterous relationship with Pearl’s mother, (*) Hester Prynne. In that novel by this author, Hester is forced to wear the title letter “A.” For ten points, name this American author of The Scarlet Letter.",Nathaniel Hawthorne
2020 TAILS,10,4,"A method for doing this action is named for Jessica Fridrich and is abbreviated CFOP. At the Wuhu Open in 2018, Yusheng Du set the world record for this action by completing it in 3.47 seconds. F2L is a stage in many algorithms for doing this action, many of which begin by making a (*) white cross. For ten points, name this action of completing a six-faced, three-dimensional combination puzzle by making each side show the same colors.",solving a Rubik’s cube [accept descriptive equivalents like finishing a Rubik’s cube]
2020 TAILS,10,5,"In 1994, thieves stole this painting from the National Gallery in Oslo, leaving behind a note reading “Thanks for the poor security!” This painting, a part of the Frieze of Life series, depicts two men walking behind the central figure along a short railing, and a bright red and orange (*) sky. For ten points, name this Edvard Munch (moonk) painting in which a distorted man holds his horrified head in his hands and makes the title piercing cry.",The Scream [or Der Schrei der Natur or Skrik]
2020 TAILS,10,6,"During a flyting, this figure was driven out of Aegir's (EE-jeerz) hall for killing his servant Fimafeng. This deity is punished with dripping venom while tied up with the entrails of his dead son Narfi until he inevitably kills and is killed by Heimdall during Ragnarok. This father of (*) Fenrir and the serpent Jormungandr tricked the blind Hodr into killing Baldr by throwing mistletoe at him. For ten points, name this Norse trickster god.",Loki
2020 TAILS,10,7,"In a story by this author, a victim of the Spanish Inquisition is tortured by the title “Pit and the Pendulum.” This author wrote a story in which Fortunato is tricked by Montresor into going into catacombs where he is left to die. In another story by this author, a man with a (*) “vulture-like” eye is killed and his body hidden under the floorboards. For ten points, name this American author of “The Cask of Amontillado” and “The Tell-Tale Heart.”",Edgar Allen Poe
2020 TAILS,10,8,"This empire’s ruler Selim the Grim was the father of a man who would go on to expel the Knights Hospitaller from Rhodes. This empire was called the “Sick Man of Europe” before World War I, and it repurposed the Hagia Sophia as a mosque when it conquered (*) Constantinople in 1453. For ten points, what empire was ruled by Suleiman the Magnificent and would eventually be mostly replaced by Turkey?",Ottoman Empire
2020 TAILS,10,9,"The maximum efficiency of a Carnot (car-NOH) cycle is determined by this quantity’s value for two different reservoirs. This quantity, pressure, and volume are the three variables in the combined gas law. This quantity measures the average kinetic energy of substances, so its lowest (*) possible value can be found at absolute zero, around -273 degrees Celsius. For ten points, name this quantity which can be measured in degrees Kelvin or Fahrenheit.",temperature
2020 TAILS,10,10,"These animals secrete a tar-like substance called temporin during periods of heightened aggression, known as musth. One of these animals named Topsy was electrocuted by Thomas Edison, and these animals have the largest brains of any land animals, which might contribute to their purportedly excellent (*) memory. These animals are often poached for their ivory tusks. For 10 points, name these large, grey mammals with long trunks.",elephants [accept African elephants or Asian elephants]
2020 TAILS,10,11,"Heat loss is proportional to temperature difference according to this scientist’s Law of Cooling. In his book Opticks, this scientist described dispersion of light going through a prism into a rainbow. “Force equals mass times acceleration” is the second of (*) three laws of motion this scientist developed. For ten points, name this scientist who supposedly discovered the theory of gravity when an apple fell on his head.",Sir Isaac Newton
2020 TAILS,10,12,"All four canonical gospels identify a person with this name as the first person to witness both Jesus’s empty tomb and his resurrection. Another person of this name was chided by her sister Martha for not preparing the house for Jesus’s visit. A person of this name is the subject of the Magnificat as well as the dogmas of her (*) Assumption and Immaculate Conception. For ten points each, give this name of the wife of Joseph, who is also the mother of Jesus.","Mary [accept Mary Magdalene; accept Mary of Bethany; accept Mary, mother of Jesus and logical equivalents like Mary, mother of God]"
2020 TAILS,10,13,"This politician advocated for the federal assumption of states’ debts in his Report on Public Credit. During the 1786 Annapolis Convention, this politician wrote a report proposing that the Constitutional Convention be held. This author of the majority of the Federalist Papers was the first US (*) Treasury Secretary. For ten points, name this Founding Father, the subject of a Lin-Manuel Miranda musical.",Alexander Hamilton
2020 TAILS,10,14,"One song by this artist says that he “found a new place to dwell… down at the end of Lonely Street.” This artist who wrote and sang Heartbreak Hotel was also the first to record a song with the lyrics “wise men say only fools rush in, but I can’t help falling in love with you.” Other songs by this artist include (*) Hound Dog and Jailhouse Rock. For ten points, name this “King of Rock and Roll,” often impersonated by people wearing jeweled white outfits.",Elvis Presley [or Elvis Aaron Presley]
2020 TAILS,10,15,"This country is home to Navagio Beach, known for the shipwrecked vessel on its sand, which is a popular site for BASE jumping. On the shores of the Thermaic Gulf is this country’s second largest city, Thessaloniki. The (*) Peloponnese peninsula is separated from the rest of this country by the Corinth Canal. For ten points, what country with many islands dotted around the Aegean (uh-JEE-un) Sea has a capital at Athens?",Greece [accept Hellenic Republic]
2020 TAILS,10,16,"A character in this novel gives 25 rubles to Katerina Ivanovna after her husband Marmeladov is killed by a carriage. In an allegory for spiritual rebirth, the prostitute Sonya reads this novel’s protagonist the story of Lazarus. (*) Raskolnikov (ras-KOHL-ni-kahv) confesses to having killed the pawnbroker Alyona Ivanovna (al-YO-nah EE-vahn-OHV-nah) with a stolen axe in, for ten points, what Fyodor Dostoyevsky novel?",Crime and Punishment [or Prestupléniye i nakazániye]
2020 TAILS,10,17,"Architects Ictinus and Callicrates designed this building. Phidias created many sculptures for this building, including the Elgin Marbles and a chryselephantine statue of Athena holding Nike. A 1687 ammunition explosion severely damaged the ceiling of this building, which is located at the peak of the (*) Acropolis in Athens. Pericles commissioned, for ten points, what temple to Athena?",Parthenon [prompt on answers indicated a temple to Athena]
2020 TAILS,10,18,"The diastole (di-AA-stoh-lee) and systole (SIS-toh-lee) of this organ produce the QRS complex on EKG readings. Purkinje (purr-KIN-jee) fibers in this organ transfer electrical signals around this organ. The tricuspid and mitral (*) valves in this organ control flow between the upper and lower parts of this organ, which are four chambers called atria and ventricles. Veins carry blood to, for ten points, what organ of the circulatory system that pumps blood to the rest of the body?",heart
2020 TAILS,10,19,"In this state, tourists can ride to the top of Sandia Peak via the longest aerial tram in the Americas. A minor-league baseball team in this state's largest city is named the Isotopes in honor of this state’s role as the site of the Trinity nuclear test and the home of (*) Los Alamos National Laboratory. Santa Fe is the capital of, for ten points, what Southwestern state with its largest city at Albuquerque (AL-buh-ker-kee)?",New Mexico
2020 TAILS,10,20,"Pope Julius II organized the League of Cambrai (com-BRAY) against this city, which the Treaty of Campo Formio granted to Austria. The ruler of this city annually threw a ring into the Adriatic Sea to symbolize this city’s “marriage to the sea”. Those rulers of the “Serene Republic” centered around this city were called (*) doges. For ten points, what city in northern Italy is famous for its bridges and canals?",Venice [or Venezia]
2020 TAILS,11,1,"Joshua Chamberlain led the 20th Maine in this battle in a bayonet charge to capture Little Round Top. Pickett’s Charge during this battle represents the farthest north Confederate troops reached. “A new nation, conceived in Liberty” was created (*) “Four score and seven years ago” according to a speech made at the site of this battle. For ten points, name this 1863 Civil War battle after which Abraham Lincoln issued an “address”.",Battle of Gettysburg [accept Gettysburg Address]
2020 TAILS,11,2,"A type of these objects that form primarily near the poles are named “nacreous”. Mammatus and pileus are two types of these objects, and contrails are a man-made form created by jet engines. In the water cycle, these objects form after evaporation as water (*) condenses in the sky. Types of these objects include stratus, cumulus, and cirrus. For ten points, name these usually-white masses of water vapor in the sky.",clouds
2020 TAILS,11,3,"In a cold open in this series, a character cries “Save Bandit!” and tosses her cat into the ceiling panels. Another character in this series is given a job offer by Athlead but chooses to stay with his wife and his daughter Cece. A (*) beet farmer in this series is often pranked by a tall colleague at a paper company. Jim Halpert, Dwight Schrute, and Michael Scott feature in, for ten points, what mockumentary sitcom about Dunder-Mifflin Scranton?",The Of ice
2020 TAILS,11,4,"A character in this novel takes pills every morning after reporting his Stirrings during the morning dream-telling. In this novel, the Ceremony of Twelve assigns life’s work to children. This novel’s protagonist, who is a friend of Asher and Fiona, is taught to be a (*) Receiver of Memory by the title character and escapes his Community with his brother Gabriel. For ten points, name this dystopian novel about Jonas by Lois Lowry.",The Giver
2020 TAILS,11,5,"La Campanella is a work by Franz Liszt based on a concerto for this instrument. That concerto is by Niccolo Paganini, a virtuosic player of this instrument, who wrote a set of 24 Caprices for it. Antonio Vivaldi wrote a set of concerti for this instrument, four of which are called The (*) Four Seasons. In a string quartet, there are two of, for ten points, what smallest commonly-played string instrument?",violin
2020 TAILS,11,6,"This element is used with neon in the gain medium of a common type of laser used in barcode scanners. The nucleus of the most common isotope of this element is identical to an alpha particle, and this gas can be inhaled to make the pitch of one’s voice (*) higher than normal due to its low density. This gas is often put into party balloons to make them lighter than air. For ten points, name this lightest noble gas, which has chemical symbol He.",helium
2020 TAILS,11,7,"VisiCalc helped catapult this company’s first consumer product to great success. A later product by this company, the Lisa, was a commercial failure due to its high price. An Orwellian 1984 Super Bowl ad introduced this company’s (*) Macintosh computer. Tim Cook took over as this company’s CEO after the death of Steve Jobs in 2011. For ten points, name this company which makes Mac computers and the iPhone.",Apple Inc.
2020 TAILS,11,8,"This hero defeated the bandit Sinis (SIGH-nus), who killed victims by tying them between two pine trees and tearing them apart. This hero’s father jumped into the sea after this hero forgot to switch his black sails with white ones on his way back from (*) Crete. Ariadne fell in love with and gave magical golden thread to this hero to allow him to navigate the Labyrinth. For ten points, what Greek hero slew the Minotaur?",Theseus
2020 TAILS,11,9,"This body of water is the primary source of Beluga Caviar. The Absheron Peninsula, which juts into this body of water, contains the world’s lowest-altitude capital city. That city, Baku, has grown rich off of the oil reserves in this body of water. The Volga and Ural Rivers empty into this largest (*) inland lake in the world. For ten points, what body of water lies north of Iran, between the Caucasus Mountains and Kazakhstan?",Caspian Sea
2020 TAILS,11,10,"During these conflicts, one politician ended every speech by saying that an enemy city “must be destroyed”. That orator, Cato the Elder, traveled to Sicily during the first of these conflicts, accompanying the general Scipio Africanus. During the second of these conflicts, the Battle of (*) Zama saw the defeat of Hannibal Barca. For ten points, name these conflicts which were fought by Rome and Carthage, for control of the Mediterranean.",Punic Wars
2020 TAILS,11,11,"Six “rude mechanicals” in this play act out Pyramus and Thisbe. The male lead in that play within this play is Nick Bottom, whose head is turned into a donkey’s head by a character called Robin Goodfellow. This play centers around romantic conflict between (*) Helena, Lysander, Demetrius, and Hermia, as well as the trickster sprite Puck. For ten points, name this Shakespeare comedy about the marriage of Theseus and Hippolyta.",A Midsummer Night’s Dream
2020 TAILS,11,12,"This city contains the corn cob-shaped Marina Towers. The second tallest building in this city is known as the John Hancock Tower, and Anish Kapoor's bean-shaped Cloud Gate is a landmark in this city’s Millennium Park. This city’s tallest building, the Willis Tower, used to be called the (*) Sears Tower. For ten points, what seat of Cook County is the most populous city in Illinois?",Chicago
2020 TAILS,11,13,"During this ruler’s reign, universal male suffrage was enacted by the Second Reform Act. This ruler’s prime ministers Gladstone and Disraeli were political rivals. After the death of her husband, Prince Albert, this ruler only ever wore black. In 1876, this ruler was given the title (*) Empress of India, in recognition of her vast colonial expansion of the British empire. For ten points, name this English queen who ruled for most of the 19th century.",Queen Victoria
2020 TAILS,11,14,"Project Orion was a study of spacecraft intended to be propelled using these things. The doctrine of mutual assured destruction describes use of these things, which in America can only be used after authorization with a briefcase known as the (*) “football.” The Enola Gay carried one of these things nicknamed “Little Boy,” which was dropped on the city of Hiroshima. For 10 points, name these explosive devices that use nuclear reactions.",nuclear weapons [or nuclear bombs or hydrogen bombs or atomic bombs or atom bombs or A-bombs or nukes or nuclear warheads or other logical equivalents; prompt on bombs]
2020 TAILS,11,15,"Disappearances of these organisms is thought to be caused by pathogens transmitted by Varroa mites, a phenomenon called colony collapse disorder. These organisms, the only insects to produce food eaten by humans, communicate using a waggle dance. These organisms in the genus (*) Apis have societies centered around queens. For ten points, name these black and yellow insects that pollinate flowers and live in hives.",honey bees
2020 TAILS,11,16,"The Nazirite vow requires that the person taking it abstain from consuming this product. On the shabbat, obligatory blessings called kiddush are made over this product. During the Passover Seder, everyone present drinks four cups of this substance. Along with the (*) host, a sacramental type of this substance is an element of the Eucharist. For ten points, name this alcoholic drink made from fermented grape juice that is significant in Jewish and Christian traditions.",wine [prompt on alcohol; prompt on grapes with “What kind of drink is made with grapes?”]
2020 TAILS,11,17,"Railway terminals that this architect designed across the world include the Budapest Nyugati Station. After the previous engineer died, Auguste Bartholdi asked this architect to finish the metal framework of the Statue of Liberty. A spindly steel monument named for this architect was built for the 1889 (*) World’s Fair and is located on the Champ de Mars. For ten points, give this namesake of an iconic Parisian Tour, or tower.",Gustave Eiffel
2020 TAILS,11,18,"The backstory of this author’s universe of Eä (AY-ah) is described in The Silmarillion. In a novel by this author, Thorin Oakenshield is killed at the Battle of Five Armies after taking back the Arkenstone from the dragon (*) Smaug (SMAWG). This author’s character Gollum calls the One Ring “my precious” and bites it off of Frodo Baggins’ finger in Mordor. For 10 points, name this author of The Hobbit and The Lord of the Rings.",J. R. R. Tolkein [or John Ronald Reuel Tolkien]
2020 TAILS,11,19,"Charged particles exceeding this quantity cause the blue glow around underwater nuclear reactors known as Cherenkov (chuh-RENG-kawf) radiation. The ratio of this quantity in a vacuum to this quantity in a medium is that medium’s index of refraction. Energy equals mass times (*) this quantity squared. For ten points, name this speed, symbolized c, which is the universe’s “speed limit” and the speed at which photons travel.",speed of light [accept c before mention]
2020 TAILS,11,20,"This country’s President Ashraf Ghani belongs to the Pashtun tribe. The Mujahideen, which fought against a Soviet invasion in this country, enlisted Osama bin Laden before he founded Al-Qaeda. Large areas of this country are controlled by the (*) Taliban. After the September 11th terrorist attacks, the United States invaded, for ten points, what country governed from the capital of Kabul?",Islamic Republic of Afghanistan
2020 TAILS,12,1,"Schoolmaster Patrick Pearse led a political movement in this country that ended with 16 executions; that was this country’s 1916 Easter Rising. Eamon de Valera served as this country’s first Taoiseach (TEE-shock) and was previously a member of this country’s (*) Sinn Fein (shin fayn) party. This country’s independence was advocated for by the paramilitary IRA. For ten points, name this country whose capital is Dublin.",Ireland [or Éire; accept the Republic of Ireland]
2020 TAILS,12,2,"This force produces the torque on a ball rolling down a ramp. This force is proportional to the normal force by coefficients symbolized mu. Since the static kind of this force is larger than the kinetic kind of this force, objects are harder to start pushing than to continue pushing. (*) Slippery surfaces have lower values of this force. For ten points, name this force that causes heat when you rub your hands together.",friction [accept static friction or kinetic friction or coefficient of friction or coefficient of kinetic friction or coefficient of static friction]
2020 TAILS,12,3,"This philosopher imagined a thousand-sided figure called a “chiliagon” in Meditations on First Philosophy. This philosopher described doubting everything to get a new perspective on life in his Discourse on the Method. This thinker unrelatedly names a coordinate system that defines points with a (*) plane of two perpendicular axes. For ten points, name this French Enlightenment philosopher who famously said “I think, therefore I am.”",René Descartes
2020 TAILS,12,4,"This poem’s narrator describes the air “Swung by Seraphim whose foot-falls tinkled on the tufted floor.” This poem’s title figure is asked “Is there balm in Gilead?” and is told to get “back into the tempest and the Night’s Plutonian shore.” The narrator of this poem set on a night in (*) “the bleak December” laments the death of his lover Lenore. For ten points, name this Edgar Allen Poe poem about an “ebony bird” that only says “Nevermore.”",“The Raven”
2020 TAILS,12,5,"A piano suite this composer dedicated to his daughter, Claude-Emma, contains Jimbo’s Lullaby and Golliwogg's Cakewalk. Another piece by this composer begins with a descending and ascending chromatic flute solo. This author of Children’s Corner and Prelude to the Afternoon of a Faun is most famous for a movement from his (*) Suite Bergamasque named Clair de Lune. For ten points, name this French impressionist composer.",Claude-Achille Debussy
2020 TAILS,12,6,"Secretion of parathyroid hormone decreases the density and strength of these structures, which contain Haversian (ha-VER-zee-en) canals. Vitamin D is often used to treat diseases in which these structures are weak. In addition to aiding in formation and repair of these structures, (*) osteoblasts and osteoclasts balance levels of calcium in these structures. For ten points, name these structures like the femur and tibia that make up the skeletal system.",bones
2020 TAILS,12,7,"The admiral who organized this event was assassinated in the aptly-named Operation Vengeance. This event was known to its perpetrators as Plan Z, and the code phrase ""Climb Mount Niitaka"" was used to initiate it. Isoroku Yamamoto led this event, which resulted in the (*) sinking of the battleship USS Arizona. For ten points, name this “day which will live in infamy”, a 1941 surprise attack on a Hawaiian naval base.",attack on Pearl Harbor [accept descriptive answers]
2020 TAILS,12,8,"According to Homer, one of these objects made by Hephaestus depicted heavenly bodies and flourishing cities. In Norse mythology, maidens named for using these things could have been the basis for the mythical Valkyries (val-kuh-REEZ). One of these things wielded by Athena or Zeus featured (*) Medusa’s head and was called the Aegis. For ten points, name these usually round objects used for defensive purposes along with a sword or spear.",shield
2020 TAILS,12,9,"In a story in this collection, John is convinced by Nicholas to hang three bathtubs on the ceiling to save himself and Alison from a flood. In this collection’s frame narrative, pilgrims compete in a story-telling contest on the way to the shrine of Thomas Becket. “The (*) Miller’s Tale” and “The Knight’s Tale” are stories in, for ten points, what collection of stories in Middle English by Geoffrey Chaucer?",The Canterbury Tales [accept Tales of Canterbury]
2020 TAILS,12,10,"In this state, future Congressman John Lewis was injured in clashes with police on the Edmund Pettus Bridge. Martin Luther King, Jr. composed a famous letter from a jail in this state. Ku Klux Klan members bombed the 16th Street Baptist Church in this state’s city of (*) Birmingham, the site of significant events in the Civil Rights Movement. For ten points, in which state did Martin Luther King Jr. lead a march from Selma to Montgomery?",Alabama
2020 TAILS,12,11,"Rigel is a blue supergiant in this constellation. This constellation is often interpreted as fighting Taurus with its dogs Canis Major and Canis Minor. This constellation, which contains the Trapezium Cluster and the stars Bellatrix and (*) Betelgeuse, also contains a set of three stars in a line, known as its “belt.” For ten points, name this constellation that depicts a hunter from Greek mythology.",Orion [prompt on the Hunter before mention]
2020 TAILS,12,12,"This leader remarked that “political power grows out of the barrel of a gun”. This leader also wrote On Guerrilla Warfare after being forced to retreat to the Jinggang Mountains due to the failed Autumn Harvest Uprising. This leader evaded (*) Chiang Kai-shek’s pursuits with the Red Army on the Long March. The Cultural Revolution and the Great Leap Forward were launched by, for ten points, what first leader of Communist China?",Mao Zedong [accept Mao Tse-Tung or Chairman Mao; prompt on Zedong or Tse-Tung]
2020 TAILS,12,13,"In a novel by this author, two lovers first meet as a railway worker is killed by a train, and one of them commits suicide when she suspects the other, Count Vronsky (VRON-skee), of having an affair. In another novel by this author, Pierre believes he is destined to kill (*) Napoleon. For ten points, name this Russian author of Anna Karenina who wrote of the invasion of Russia in his long novel War and Peace.",Leo Tolstoy [accept Lev Nikolayevich Tolstoy]
2020 TAILS,12,14,"This desert is home to the Tibesti Mountains. The Tuareg people are indigenous to the central regions of this desert. This desert is bordered to the south by a region called the Sahel and also contains the cities of Niamey and Timbuktu. Sankore University was built by the (*) Mali Empire on the edge of this desert. For ten points, what largest hot desert in the world covers much of north Africa?",Sahara Desert
2020 TAILS,12,15,"The Python function ord returns the encoding of one of these things in the Unicode system. These things historically occupied one byte of space, since their values varied from 0 to 255 in the ASCII system. A special one of these things represents a new line. A sequence of these things is called a (*) string. For ten points, name these objects in programming, which can often be typed with one keypress.",characters [or chars]
2020 TAILS,12,16,"While playing for the Buffalo Bills, this athlete became the first to rush for over 2,000 yards in a season. Detective Mark Fuhrman’s alleged racism was highlighted by lawyers representing this man like Johnnie Cochran. This man’s struggle to put on a (*) glove inspired the phrase “if it doesn’t fit, you must acquit.” For ten points, name this ex-NFL player who was declared not guilty for the murder of his wife Nicole Brown.",O.J. Simpson [or Orenthal James Simpson; prompt on “The Juice”]
2020 TAILS,12,17,"This ruler won the Battle of the Milvian Bridge, uniting two halves of his empire. Just before that battle, this emperor saw the letters “chi” and “ro” in a dream and ordered his men to paint a cross-like symbol on their shields. This ruler was the first Roman emperor to convert to (*) Christianity, and he moved the capital from Rome to a city named after himself. For ten points, name this Roman emperor, the namesake of a city now called Istanbul.",Constantine I [or Constantine the Great]
2020 TAILS,12,18,"One character in this musical sings of “meticulous planning, tenacity spanning” before proclaiming “my teeth and ambitions are bared, be prepared!” One song in this musical tells of “the sun rolling high through the sapphire sky” and calls the title object the “path unwinding.” Another song in this musical describes the title phrase as a (*) “problem-free philosophy” and is sung by a meerkat and a warthog. For ten points, name this musical that includes such songs as “Circle of Life” and “Hakuna Matata.”",The Lion King (musical)
2020 TAILS,12,19,"In Sikhism, a kanga is used to take care of this thing, and kes is the practice of maintaining this thing naturally out of respect for God’s creation. In the Book of Judges, this thing was the source of Samson’s superhuman strength until it was (*) cut by Delilah. For ten points, name this religiously significant part of the body that is covered up by turbans and grows out of the top of one’s head.",hair [accept answers describing facial hair; prompt on beard]
2020 TAILS,12,20,"Bonds involving this element commonly form with nitrogen, oxygen, or fluorine due to large differences in electronegativity and are the reason for water’s surface tension. This element is the most abundant in the universe and was used to lift the (*) Hindenburg zeppelin. The only nonmetal in the leftmost column of the periodic table is, for ten points, what element with symbol H and atomic number 1?",hydrogen [accept H before mention]
2021 CALISTO 2,1,1,"During this presidential election, one candidate sent Anna Chennault to sabotage a diplomatic initiative that would have helped his opponent. In this year’s Democratic primary, some voters shaved their facial hair in an attempt to go “Clean for” the anti-war candidate (*) Eugene McCarthy. The winning candidate in this election unsuccessfully used a “Southern strategy” to counter third-party opponent George Wallace. The Chicago Seven were arrested during this election’s Democratic National Convention, where Hubert Humphrey was nominated. For 10 points, name this election in which Richard Nixon was first elected president.",1968 United States presidential election
2021 CALISTO 2,1,2,"This author wrote a story in which a merchant cries that he has always loved his parents before jumping off a bridge. In another story by this author, a father resolves to fire the charwoman before riding on an electric tram with his family. In that story by this author, three lodgers grow bored when the protagonist’s sister plays violin for them. In a novel by this author, a character is killed “like a dog” after being (*) arrested without explanation by a mysterious bureaucracy. In a story by this author, Grete takes care of her brother after he transforms into a “monstrous vermin.” For 10 points, name this author of The Trial, who wrote about Gregor Samsa in The Metamorphosis.",Franz Kafka (The story in the first line is “The Judgement.”)
2021 CALISTO 2,1,3,"In March 2021, this organization was accused of administering rapid antigen COVID tests to women, while men received more accurate PCR tests. Ed O'Bannon sued this organization in 2014 after his likeness was used in a video game without his permission. This organization has been accused of providing unequal facilities for women due to its exemption from (*) Title IX requirements. After this organization was ruled in June 2021 to have violated the Sherman Antitrust Act by restricting education-related payments, it lifted restrictions on endorsement deals. For 10 points, name this organization that governs collegiate athletics in the United States.",NCAA [or National Collegiate Athletic Association]
2021 CALISTO 2,1,4,"This figure stands in front of a plow and rests his arm on a fasces (“FASS-eez”) in a sculpture by Jean-Antoine Houdon. A ceiling fresco by Constantino Brumidi depicts this figure accompanied by Victory, Liberty, and thirteen maidens. This figure extends his right arm over a table with a golden leg in the (*) Lansdowne Portrait, which, like the unfinished Athenaeum Portrait, was painted by Gilbert Stuart. This person stands with one knee bent near the prow of a boat being rowed through chunks of ice in a painting by Emmanuel Leutze (“LOIT-zuh”). For 10 points, the one-dollar bill contains a portrait of what first president of the United States?",George Washington
2021 CALISTO 2,1,5,"One of these machines is equipped with the Mastcam-Z apparatus, developed by a company owned by Michael Malin. OPTIMISM (“optimism”) is a clone of one of these machines on which tests are performed. Vehicles that transport these machines experience the “Seven Minutes of Terror” before deploying a supersonic (*) parachute. One of these machines sang “Happy Birthday” to itself in 2013 and died in 2021 during a dust storm. One of these machines deployed in 2020 landed near an ancient river delta in the Jezero crater and is named Perseverance. For 10 points, name these robots like Curiosity that examine the surface of Mars.",Mars rovers [accept planetary rovers; prompt on Perseverance or Curiosity until they are read]
2021 CALISTO 2,1,6,"In one myth from this country, a goddess replaces four pillars holding up the sky with the legs of a giant turtle. In another myth from this country, a giant grows ten feet taller every day for 18,000 years after being born from a cosmic egg. A goddess from this country gains immortality from a pill her husband earns for shooting down nine suns. That goddess is commemorated during the (*) Mid-Autumn Festival, during which people from this country traditionally eat mooncakes. In one myth, the Rat beats eleven other animals, including the Ox and the Pig, in a race to determine an aspect of this country’s lunar calendar. For 10 points, name this country whose zodiac includes the Dragon.",China [or Zhongguo]
2021 CALISTO 2,1,7,"This kingdom’s first ruler defeated a rival at the Battle of Gqokli (“ko-KLEE”) Hill despite being outnumbered two-to-one. This kingdom’s forces lost over three thousand soldiers after a failed assault on a fortified wagon train in the Battle of Blood River. The rise of this kingdom fueled a period of forced migration known as the (*) Mfecane. This kingdom frequently employed a battle tactic known as the “buffalo horn” formation. Despite winning a battle at Isandlwana, this kingdom’s ruler Cetshwayo was defeated in a war that ended with the capture of this kingdom’s capital of Ulundi. For 10 points, name this kingdom in modern-day South Africa founded by Shaka.",Zulu Kingdom [or Zulu Empire]
2021 CALISTO 2,1,8,"An artist with this last name may have inspired the alcoholic Arthur Huntingdon, who is tended to by Helen Graham in a novel by that artist’s sister. Another author with this last name created a character who is convinced by a telepathic message not to travel to India with St. John (“sin-jin”) Rivers. In that novel by an author with this last name, a man claims that a wedding (*) veil was torn by Grace Poole but reveals that it was actually his wife Bertha Mason. That author with this last name created a character who is employed as a governess at Thornfield Hall by Mr. Rochester. For 10 points, give this last name shared by the sisters Anne and Charlotte, the author of Jane Eyre.",Brontë [accept Anne Brontë or Charlotte Brontë or Branwell Brontë]
2021 CALISTO 2,1,9,"Several types of this process, including ones involving boron-11, were enabled by the development of chirped pulse amplification in lasers. Another type of this process uses a fuel pellet with a plastic coating which is then heavily compressed. A blanket made of lithium provides the (*) tritium necessary for the D-T type of this process. The ITER megaproject seeks to develop tokamaks in which this process can be performed sustainably. Scientists have long searched for a hypothetical “cold” version of this process that avoids the need for high temperature and could feasibly produce power. For 10 points, name this process in which nuclei merge together at high temperatures.",nuclear fusion [accept thermonuclear fusion; accept D-T fusion; accept inertial confinement fusion; prompt on nuclear reactions; do NOT accept or prompt on “fission”]
2021 CALISTO 2,1,10,"Bartolomé de las Casas condemned Spanish colonialism by citing this thinker’s claim that a state without justice is merely a “band of robbers.” This thinker introduced to Christianity the Neoplatonic idea that evil was simply the absence of good. This thinker contrasted the immoral “earthly city” with the virtuous “Heavenly City” in a book that coined the term (*) “just war.” In another book, this thinker described how his teenage self sought a transgressive thrill by stealing pears he did not even want. This author of The City of God recounted his conversion from Manichaeism in his memoir, Confessions. For 10 points, name this Church Father, a saint from Hippo.",Saint Augustine [or Saint Augustinus or Saint Austin or Blessed Augustine or Aurelius Augustinus Hipponensis]
2021 CALISTO 2,1,11,"Curvature is given by “the magnitude of this operation performed on the unit tangent vector” divided by “the magnitude of this operation performed on the position vector.” The directional type of this operation is maximized when taken perpendicular to contour lines. This operation is performed at successively closer points to the (*) root in Newton’s method. This operation can be performed on composite functions using the chain rule and on polynomials using the power rule. This operation is the inverse of integration according to the fundamental theorem of calculus. For 10 points, name this operation that gives the slope of a graph at a point.",derivative [or differentiation; accept directional derivative or partial derivative]
2021 CALISTO 2,1,12,"Rachel Whiteread created an upside-down resin model of the fourth plinth of a square in this city that displays a rolling program of temporary artwork. Edwin Landseer sculpted four lions that rest at the base of a monumental column in that square in this city. Renzo Piano designed a building in this city that resembles a tall spire made of glass. Another building in this city is nicknamed for its resemblance to a (*) gherkin. The Shard is a skyscraper in this city, which is also home to the Tate Modern. A ninety-six meter tall clock tower rises out of the north end of a parliament building in this city. For 10 points, Big Ben is located in what city, the capital of England?",London
2021 CALISTO 2,1,13,"This ruler’s general and brother-in-law Eric of Friuli was killed in the failed Siege of Trsat (“ter-SOT”). This ruler established the Spanish March as a buffer zone on the border of his empire. This ruler forced Widukind to convert to Christianity as part of his subjugation of the Saxons. This king had earlier defeated Desiderius in his conquest of (*) Lombardy. This subject of a biography by Einhard and son of Pepin the Short brought the scholar Alcuin of York to his court at Aachen. During his reign, this king oversaw a cultural revival named for his dynasty, the Carolingian Renaissance. For 10 points, name this Frankish king who was crowned first Holy Roman Emperor in 800.",Charlemagne [or Charles I or Charles the Great or Carolus Magnus or Karl der Grosse; prompt on Charles]
2021 CALISTO 2,1,14,"A quartet by this composer begins with violins playing fingered tremolos below the ascending viola melody (read slowly) F, A, C, D, F, back down to D. The slurred long-short string figure that begins the “Allegro con Fuoco” finale of a symphony of this composer likely inspired John Williams’s Jaws theme. The pentatonic scale recurs in this composer’s F major (*) twelfth string quartet. William Arms Fisher’s “Goin’ Home” is adapted from the English horn solo found in the “Largo” movement of a symphony this composer wrote while in Spillville, Iowa. For 10 points, name this Czech composer whose E minor ninth symphony is nicknamed “From the New World.”",Antonin Dvořák (“dih-VOR-jahk”) [or Antonin Leopold Dvořák]
2021 CALISTO 2,1,15,"In a play by this author, the light goes out after a character pays off his sailing dues instead of the light bill. That character created by this author often claims he is “going to the movies.” In another play by this author, a character repeatedly hears the “Varsouviana” after her husband Allan Grey committed suicide. In a play by this author, a mother invites the (*) “gentleman caller” Jim O’Connor for dinner. At the end of a play by this author, a character says, “I have always depended on the kindness of strangers” before she is taken to a mental hospital. For 10 points, name this playwright of The Glass Menagerie who wrote about Blanche DuBois in A Streetcar Named Desire.",Tennessee Williams [or Thomas Lanier Williams III]
2021 CALISTO 2,1,16,"This state contains a pilgrimage destination whose soil is believed to have healing properties, El Santuario de Chimayó. Hernando de Alvarado was likely the first European to contact this state’s Acoma people. Jean-Baptiste Lamy’s building of this state’s Saint Francis Cathedral is fictionalized in (*) Willa Cather’s novel Death Comes for the Archbishop. This state’s Ghost Ranch became the home of Georgia O’Keeffe after the death of her husband. This state holds the largest hot-air balloon festival in the world, as well as the site of a purported 1947 UFO incident, Roswell. For 10 points, the oldest state capital in the U.S. is what state’s city of Santa Fe?",New Mexico [or Nuevo México]
2021 CALISTO 2,1,17,"Some Sufis claim that this figure was the perfect personification of love, because he chose eternal damnation over obeying anyone other than Allah. Verses named after and inspired by this figure encouraged the worship of three pagan goddesses. This figure was made from smokeless fire and refused to (*) prostrate before Adam as Adam was made from clay. During the hajj, adherents throw rocks at three pillars to symbolize the stoning of this figure. In the Bible, this figure tempts Jesus for forty days and forty nights in the desert. For 10 points each, name this evil figure who opposes Allah in Islam.",Iblis [or Satan or Shaitan or the Devil; accept Azazil]
2021 CALISTO 2,1,18,"In this novel, a character requests a “short sentence” from a police officer, so the officer hands him a paper reading “I am.” Characters in this novel are tricked into doing impossible tasks, such as emptying a well with an eye-dropper, by a faceless demon called the Terrible Trivium. Before the beginning of this novel, the princesses Rhyme and Reason are imprisoned in the Mountains of Ignorance by (*) Azaz and the Mathemagician. While stuck in the Doldrums, this novel’s main character meets a dog who is also an alarm clock, the watchdog Tock. For 10 points, name this children’s novel by Norton Juster that describes Milo’s adventures after he travels through the title checkpoint.",The Phantom Tollbooth
2021 CALISTO 2,1,19,"Using a forged deed, James Logan tricked Native Americans in this colony into giving up land by hiring a team of swift runners in the “Walking Purchase” of 1737. In this colony, “Fighting Parson” John Elder led a massacre of Native Americans at Conestoga and a march on this colony’s capital by the Paxton Boys. During the French and Indian War, a resident of this colony supported the (*) Albany Plan by creating a cartoon of a chopped up snake captioned “Join or Die.” The founder of this colony sought to create a “holy experiment” based on his Quaker beliefs. For 10 points, name this American colony, the home of Benjamin Franklin, who lived in its city of Philadelphia.",Pennsylvania [or Province of Pennsylvania]
2021 CALISTO 2,1,20,"These things’ effects can be enhanced through addition of compounds like the soap bark extract QS-21 or various aluminum salts. The heterologous BCG type of these things is derived from the cow-infecting Mycobacteria bovus. Dendritic cells translate globules of synthetic mRNA in vivo in a (*) recently developed form of these things, whose efficacy can be increased by adjuvants. By introducing antigens in a controlled manner, these things can generate immunity against new pathogens. For 10 points, name these medications, examples of which were produced by Pfizer and Moderna in response to COVID-19.",vaccines [accept mRNA vaccines or COVID-19 vaccines; prompt on antigens until mention]
2021 CALISTO 2,2,1,"In a novel, this author wrote a chapter from the perspective of crooked car salesmen who sell malfunctioning “jalopies.” In a work subtitled “In Search of America,” this author recounted his journey in a camper he named Rocinante. In a novel by this author, a truck driver deliberately hits a turtle as it crosses a highway. This author wrote a travelogue in which he goes on a road trip with his dog Charley. In a novel by this author, police officers murder the preacher Jim Casy after he attempts to organize a migrant workers union. For 10 points, name this author who detailed the Joad family’s migration to California during the Great Depression in The Grapes of Wrath.",John Steinbeck
2021 CALISTO 2,2,2,"Liberal outlooks like subjectivism and immanentism are criticized in a commentary on this thinker by Karl Barth. A passage by this thinker criticizes those who follow the law instead of the “culmination of the law” and remarks, “if you declare with your mouth… and believe in your heart… you will be saved.” A line by this thinker about the “righteousness of God” inspired Martin Luther’s doctrine of justification by faith alone. Another passage by this thinker declares, “love is patient, love is kind.” After this thinker was blinded on the road to Damascus, he converted to Christianity. For 10 points, name this apostle who wrote epistles to the Romans and Corinthians.",Paul the Apostle [or Saint Paul or Saul of Tarsus; prompt on Saul]
2021 CALISTO 2,2,3,"One of the few surviving representations of the Celtic god Cernunnos is on one of these structures built by a guild of Parisian boatmen. Callimachus is credited with introducing carved acanthus leaves to the tops of these structures. Statues of women that take the place of these structures are called caryatids. A winding frieze depicting Rome’s victory over the Dacians decorates one of these structures honoring Trajan. In Classical architecture, the entablature rests atop these structures’ capitals, and their shafts are fluted in each of the Doric, Ionic, and Corinthian orders. For 10 points, name these cylindrical structures that support the weight of a building.",columns [or pillars]
2021 CALISTO 2,2,4,"This man founded the newspaper Iskra, or “the Spark,” while in exile from his native country. In his namesake “Testament,” this leader called for the removal of his eventual successor from leadership and criticized other prominent members of his party. This leader argued for a “vanguard party” in the pamphlet “What Is to Be Done?” After returning from exile in Switzerland, this leader published the April Theses. This leader took power in the October Revolution, and ordered the execution of Tsar Nicholas II. For 10 points, name this leader of the Bolsheviks who became the first leader of the Soviet Union.",Vladimir Lenin [accept Vladimir Ilyich Ulyanov]
2021 CALISTO 2,2,5,"This habitat is the final destination of carbon sequestered through the biological pump. Bioturbators such as polychaete (“PAWL-ee-keet”) worms increase oxygen availability in this habitat. Chemoautotrophs near geothermal hotspots are the most prevalent primary producers in this habitat whose fauna includes tube worms. Organisms that keep themselves rooted into this habitat are considered “sessile,” while the community at large that lives in this habitat is known collectively as “benthos.” Detritivores in this habitat may feed on marine snow or whale falls. For 10 points, sponges, clams, and sea stars live in what general habitat at the bottom of the ocean?","the seafloor [or seabed or ocean floor or reasonable equivalents; accept benthic zone until “benthos” is read, and prompt thereafter; accept hydrothermal vents; prompt on sea or ocean or marine]"
2021 CALISTO 2,2,6,"This country repulsed an invasion by Adrian Woll at the Battle of Salado Creek. Susanna Dickinson’s account of one battle prompted much of this country’s population to flee an invading army during the Runaway Scrape. This country issued worthless currency known as “redbacks” under the leadership of President Mirabeau (“MEE-ruh-bow”) Lamar. Prisoners of war from this country were executed during the Goliad Massacre. This country declared its independence after Antonio Lopez de Santa Anna killed the members of a garrison at the Alamo mission. For 10 points, name this country annexed by the U.S. in 1845, now known as the Lone Star State.",Texas [or Republic of Texas]
2021 CALISTO 2,2,7,"In 2019, an athlete from this country declared he wanted to play cricket in the IPL with his friend and countryman Chris Gayle. That athlete, Yohan Blake, won two silvers and a gold for this country at the 2012 London Olympics. During the Tokyo Olympics, an athlete from this country, Elaine Thompson-Herah, set an Olympic record of 10.61 seconds to beat out countrywoman Shelly-Ann Fraser-Price in an event where this country swept the podium. Athletes from this country hold world records in both the men’s and women’s hundred meters. For 10 points, Usain Bolt ran for what Caribbean country?",Jamaica [prompt on West Indies]
2021 CALISTO 2,2,8,"These devices can use the Bellman-Ford algorithm for the distance-vector kind of their namesake task. The data plane of these devices contains a table to look up the destination field in a packet header. These devices might transmit on the 5 gigahertz band rather than 2.4 for less interference. These devices create Local Area Networks, or LANs, between devices connected to them and forward packets between those LANs via Ethernet. Common brands of these devices include Netgear and Linksys. In homes, these devices often have antennas to provide Wi-Fi access. For 10 points, name these devices used with modems to access the Internet.",routers
2021 CALISTO 2,2,9,"This character creates an illusion of the “ideal man and woman” using a brazier taken from a group of gods called the Mothers. This character decides not to commit suicide with a poisonous brown elixir after an angelic Easter chorus reminds him of his childhood. This character travels to Greece with a homunculus created by his assistant Wagner, where he has a son named Euphorion with Helen of Troy. This character kills the soldier Valentine after seducing Gretchen with the help of a figure who first appears in the form of a black poodle, Mephistopheles. For 10 points, name this German scholar who makes a deal with the Devil in a verse drama by Goethe (“GER-tuh”).",Faust [accept Heinrich Faust; do not accept or prompt on “Doctor Faustus”]
2021 CALISTO 2,2,10,"A thinker from this country attempted to syncretize Kabbalah with Christianity in a set of nine-hundred theses he introduced with Oration on the Dignity of Man. Another thinker from this country was inspired by Cicero’s letters to write about climbing a mountain just to see the view. A third thinker from this country condemned monarchy and democracy in favor of republics in a commentary on Ab urbe condita titled Discourses on Livy. That thinker advised the title ruler to “emulate both the fox and the lion” in a book that notes “it is far safer to be feared than loved.” For 10 points, name this birthplace of Renaissance humanism, the home country of Petrarch and Niccolò Macchiavelli.",Italy [or Italian Republic or Repubblica Italiana] (The thinker in the lead-in is Pico della Mirandola.)
2021 CALISTO 2,2,11,"In a piece by this composer, a single singer portrays four different characters using varying vocal colors and ranges. A man bids his beloved “Good Night” to begin a song cycle by this composer that ends with “The Hurdy-Gurdy Man.” A triplet ostinato in the piano right hand represents a galloping horse in a lied (“leed”) by this composer. Wilhelm Müller’s poetry was set to music in this composer’s Winterreise (“VIN-ter-RYE-zuh”). Variations on his own Die Forelle (“dee foh-RELL-uh”) form the fourth movement of a quintet by this composer that features the double bass. For 10 points, name this Austrian composer of Erlkönig and the Trout Quintet, whose eighth symphony was left “Unfinished” when he died at age 31.",Franz Schubert [or Franz Peter Schubert]
2021 CALISTO 2,2,12,"One form of this technique uses an adiabatic jacket to measure the binding affinity between ligands and macromolecules. Another form of this technique linearly increases temperature to measure a polymer’s glass transition temperature. One form of this technique uses an isochoric container full of pure oxygen to measure properties of a fuel upon combustion. Styrofoam cups can be used to construct an apparatus used in the isobaric form of this technique, which sets heat equal to mass times change in temperature. For 10 points, name this technique that measures the change in heat of a reaction, which can be used to calculate a reactant’s heat capacity.",calorimetry [accept isothermal titration calorimetry or differential scanning calorimetry or bomb calorimetry or coffee cup calorimetry]
2021 CALISTO 2,2,13,"The leader of a rebellion against this empire believed that his special medicine could turn bullets into water. This empire, which put down the Maji Maji Rebellion, also carried out the genocide of the Namaqua and Herero people in a different colony. This empire acquired the Caprivi Strip after signing the Heligoland-Zanzibar Treaty. This empire’s colony in modern-day Tanzania, known as its namesake “East Africa,” was reorganized as a Mandate of the League of Nations after this empire lost World War I. For 10 points, name this empire which, during the Scramble for Africa, hosted the Berlin Conference.",German Empire [or the Imperial State of Germany or Deutsches Kaiserreich]
2021 CALISTO 2,2,14,"This author created an animal whose patch of white fur slowly grows to resemble a set of gallows. In that story by this author, the narrator escapes a house fire the night after he kills Pluto. In another story by this author, a group of partygoers stop dancing every hour when they hear an ebony clock chime. That story by this author of “The Black Cat” features a party with seven rooms of different colors thrown by Prince Prospero. In a story by this author, the narrator confesses to murdering an old man with a “vulture eye” after being driven mad by the beating of the title object. For 10 points, name this author of “The Masque of the Red Death” and “The Tell-Tale Heart.”",Edgar Allan Poe
2021 CALISTO 2,2,15,"In a painting from this country, Christ knocks on a door overrun with ivy and weeds while holding a lantern. In another painting from this country, Mary comforts a young Christ who has cut his hand in Joseph’s carpentry shop. The painter of The Light of the World was from this country, as was an artist who depicted colorful flowers floating around a woman drowning in a river in the painting Ophelia. John Everett Millais and Dante Rossetti helped found a movement in this country that painted in the style of the Early Renaissance. For 10 points, the Pre-Raphaelite Brotherhood was from what country whose Royal Academy was founded with the support of King George III?",England [or Britain or the United Kingdom or the UK or the British Empire; accept Great Britain]
2021 CALISTO 2,2,16,"The recurring pause near the middle of most lines in this poem’s first stanza is exemplified by the semicolon after the phrase “gleams and is gone.” This poem describes the “vast edges drear / And naked shingles of the world” just before a stanza that begins, “Ah, love, let us be true / To one another!” The speaker of this poem remarks, “Sophocles long ago / Heard it on the Ægean” in reference to the “eternal note of sadness” described a line before. This poem concludes, “we are here as on a darkling plain… where ignorant armies clash by night.” For 10 points, name this poem by Matthew Arnold set on a beach known for its white cliffs.",“Dover Beach”
2021 CALISTO 2,2,17,"As a young boy, this figure hurls a demon many miles away into the ocean after the demon disrupts a sacrifice. In one myth, another character tears his chest open to reveal this character and his wife. An evil maidservant convinces this character’s aunt Kaikeyi to force him out of the kingdom. This character makes an alliance with the vanara king Sugriva while spending fourteen years in exile in the Dandaka forest. The monkey army helps this character and his brother Lakshmana attack Lanka. This character and his wife Sita are fervently worshiped by Hanuman. For 10 points, name this character who slays Ravana at the end of a Hindu epic, the seventh avatar of Vishnu.",Rama [or Ram; accept Ramayana or Ramayan; prompt on Vishnu before it is read]
2021 CALISTO 2,2,18,"A holder of this title is depicted subduing an enemy with a club in an engraving whose reverse side depicts two intertwined serpopards. Garments worn by these rulers include a blue crown decorated with a uraeus as well as the red-and-white double crown. These rulers’ power was eclipsed by the nomarchs during the First Intermediate Period. The first of these rulers may have been either Menes or Narmer, and their power was symbolized by the crook and flail. The Valley of the Kings houses many tombs of holders of this title who ruled during the New Kingdom. For 10 points, name these rulers of ancient Egypt.",pharaoh [prompt on king or king of Egypt before “Kings” is read]
2021 CALISTO 2,2,19,"In this profession, non-essential information is often in the second “nut graph.” Proximity, prominence, timeliness, and human interest can gauge whether something is “worthy” in this profession. Correct ordering of information from important to background is described in this profession as an “inverted pyramid.” Sources in this profession might be “on background” or “on the record.” “Burying the lede” in this profession is failing to answer the “five W’s” in the introduction. In the U.S., writing in this profession is often in AP style. For 10 points, name this profession practiced by employees of the Washington Post and the New York Times.",journalism [accept descriptions of writing for newspapers; accept descriptions of writing in the AP style]
2021 CALISTO 2,2,20,"Epsilon squared is defined to be this value when working with dual numbers, which can be used for automatic differentiation. In multivariable calculus, this value is the divergence of the curl, and it is also the value of any closed-path line integral over a conservative vector field. The integral from -a to a of an odd function always equals this value. The derivative is either this value or undefined at local extrema. For a constant function the derivative takes this value everywhere, since this value is the slope of a horizontal line. For 10 points, name this integer which when multiplied by any number gives itself.",zero
2021 CALISTO 2,3,1,"In one painting, this artist used a male model to depict a muscular woman turning away from the viewer to lift up a large book. In that painting by this artist, scenes like The Separation of Light from Darkness and The Drunkenness of Noah are flanked by nude figures called ignudi and the prophets and sibyls who foresaw the coming of Christ. This artist depicted his own face on the flayed (*) skin of Saint Bartholomew in his version of the Last Judgement. In a fresco by this artist, God reaches out his fingertip to the outstretched hand of Adam. For 10 points, name this Renaissance artist who painted the ceiling of the Sistine Chapel and sculpted a marble David.",Michelangelo [or Michelangelo di Lodovico Buonarroti Simonini]
2021 CALISTO 2,3,2,"Fifteen unfinished apartment buildings in this country were demolished after the construction of Sunshine City II stalled. This country’s Ant Group had its November 2020 IPO delayed at the last minute. In this country, mounting debts have threatened the stability of the developer (*) Evergrande. Digital payment apps in this country which allow users to send each other virtual “red envelopes” are operated by Tencent and Alibaba. The messaging app WeChat was developed in this country, which is also home to ByteDance, the developer of TikTok. For 10 points, name this country where tighter regulation of businesses has been a priority of Xi Jinping.",China [or People’s Republic of China or PRC or Zhongguo or Zhonghua Renmin Gongheguo; do NOT accept or prompt on “Republic of China”]
2021 CALISTO 2,3,3,"A substance used in this technique contains polyacrylamide (“poly-uh-KRILL-uh-mide”) to reduce friction and hydrochloric acid to dissolve cement. In this technique, an explosive device called a perforating gun punches holes in a long steel casing that is then filled with fluid. That fluid contains a proppant (“PROP-ent”), such as sand, to hold open (*) fissures created in this technique. This technique is linked to earthquakes in seismically-inactive places like Oklahoma. This technique exploits unconventional reserves by injecting high-pressure fluid into shale beds. For 10 points, name this controversial method of oil and gas extraction.",fracking [or hydraulic fracturing or hydrofracturing or hydrofracking or fracing; prompt on fracturing or oil drilling or natural gas drilling or oil extraction or natural gas extraction]
2021 CALISTO 2,3,4,"In the colonial era, this resource was produced at sites called engenhos using machines like the trapiche. Carlos Manuel de Céspedes made his living from this resource before freeing his slaves in the Grito de Yara and igniting the Ten Years' War. A monopoly on the production of this good was upheld in the case U.S. v. E.C. Knight. A boycott of this good was encouraged by a pamphlet by (*) abolitionist William Fox. The triangle trade brought slaves to the Caribbean to produce this resource in Haiti and Barbados. This resource was used to produce rum and molasses. For 10 points, name this sweet foodstuff produced from a namesake cane.","sugar [accept sugarcane; accept molasses before “molasses” is read; prompt on rum before “rum” is read by asking, “what resource is fermented to produce rum?”]"
2021 CALISTO 2,3,5,"This author lamented, “they had sent my little fish into hiding” after being told to return to a gravel path. While in Regents Park, a character created by this author hallucinates his dead comrade Evans. In an essay, this author praised the sentence “Chloe liked Olivia” for presenting a relationship between women. This author wrote a novel in which (*) Peter Walsh returns from India to see the title character, and the war veteran Septimus Smith commits suicide by jumping out of a window. In an essay, this author posited that women must have “money and a room of one's own” to be successful at writing fiction. For 10 points, name this British author of Mrs. Dalloway.",Virginia Woolf [or Adeline Virginia Woolf] (The essay is “A Room of One’s Own.”)
2021 CALISTO 2,3,6,"It’s not film, but the realist approach to this field of study is contrasted with the formalist framework championed by Christopher Columbus Langdell. Critical race theory stems from a theory in this field of study that believes this field exists to legitimize societal biases. While it was once standard in the U.S., “reading” this field of study as part of an apprenticeship has largely been phased out. Students in this field of study use the (*) Socratic casebook method while preparing for J.D. degrees. Questions like who makes final verdicts differentiate the “civil” and “common” forms of this field. For 10 points, name this field of study central to the practice of judges and attorneys.",law [or legal studies]
2021 CALISTO 2,3,7,"Three Catholic priests in this country were executed following the failed Cavite Mutiny against colonial rule. A secret society in this country initiated an anti-colonial rebellion with the Cry of Pugad Lawin. A founder of that society, Andrés Bonifacio, was executed during that rebellion in this country. This country’s namesake league, founded by (*) José Rizal, spawned the revolutionary Katipunan which was led by Emilio Aguinaldo. Many revolutionaries in this country later fought against the United States which gained control over this Asian country following its victory in the Spanish-American War. For 10 points, name this island country whose capital is Manila.",The Philippines [or Republic of the Philippines or Republika ng Pilipinas]
2021 CALISTO 2,3,8,"Marcion of Sinope wrote one of these texts after accusing Irenaeus of Lyons of forging the rest of them. The two-source hypothesis claims that two of these texts were based on another one of these texts and a hypothetical “Q source.” The third of these texts is a letter written to Theophilus. The three (*) “synoptic” ones of these texts are contrasted with the fourth of these texts due to its inclusion of unique events such as the Wedding at Cana, where water miraculously turned into wine. For 10 points, name these texts about the “good news” of Jesus Christ, the four canonical ones of which are named after Matthew, Mark, Luke and John.",gospels [prompt on anything related to books in the Bible or New Testament]
2021 CALISTO 2,3,9,"Vacancies in the F-centers of these materials can be described using Kröger–Vink notation and can create diversity in the color of these materials. The strength of these materials is dependent on the degree of misorientation in boundaries between microscopic examples of them called grains. The (*) cubic system of describing these materials classifies them as primitive, body-centered, or face-centered depending on their unit cells. These materials are contrasted with amorphous materials like glass, which are not ordered. For 10 points, name these solids whose molecules are arranged in a highly ordered lattice.","crystals [or crystalline materials, prompt on lattices before mention]"
2021 CALISTO 2,3,10,"In this novel, a policeman saves the life of a woman with red, sunken eyes who threw herself into a river. A dream in this novel imagines a disease causing people to kill each other, echoing a criticism made by the detective Porfiry of an article proposing “Napoleons” who could kill without consequence. In this novel, (*) Svidrigailov commits suicide after Dunya, the narrator’s sister, attempts to shoot him. The protagonist of this novel becomes feverish after using an axe to murder the pawnbroker Alyona and her sister Lizaveta. For 10 points, name this novel by Fyodor Dostoevsky in which Raskolnikov commits murder.",Crime and Punishment [or Prestupleniye i nakazaniye]
2021 CALISTO 2,3,11,"In this film, a scene where a concussed woman vomits into a toilet is followed by a scene where another character smokes as a toilet spews sewage into a flooding room. After a camping trip is cancelled, one character in this film sets up a teepee in the backyard, where he deciphers Morse code signals from an indoor light. In this film, one character leaves her underwear in a car to get the driver (*) fired. After getting hired as a tutor for a wealthy family’s daughter, a character in this film also gets the rest of his family hired as a chauffeur, housekeeper, and art therapist. For 10 points, name this 2019 film directed by Bong Joon-ho about the poor Kim and rich Park families.",Parasite [or Gisaengchung]
2021 CALISTO 2,3,12,"Leonardo da Vinci may have designed a double helical staircase for one of these structures at Chambord. That structure is in the Loire (“l’warr”) River Valley, where many of these structures were built during the Middle Ages. Small holes or rooms called garderobes were used as toilets in these structures. Early examples of these structures partly built on flat-topped hills are called (*) “motte-and-bailey.” Portcullises are vertically sliding metal gates that guard entrances to these structures. Fortified towers found in the center of these structures are called their “keep.” For 10 points, name these defensive fortifications often surrounded by moats.",castles [or châteaux; prompt on fortress]
2021 CALISTO 2,3,13,"This character cries, “Did ever dragon keep so fair a cave? / Beautiful tyrant! Fiend angelical!” upon learning about a man’s death. While pleading that another character stay with her, this character claims that “it is not yet near day / It was the nightingale, and not the lark.” In another scene, this character urges a companion to “swear not by the (*) moon, the inconstant moon.” This character observes that a “rose… would smell as sweet” after lamenting, “What’s in a name?” This character’s father betroths her to Count Paris following the death of her cousin Tybalt. For 10 points, name this Shakespeare character who falls in love with Romeo.",Juliet Capulet
2021 CALISTO 2,3,14,"The Komar form of this quantity can be defined on stationary spacetimes like the Schwartzchild metric. This quantity squared times c to the fourth, plus momentum squared times c-squared, gives the square of relativistic energy. The equivalence principle states that the (*) inertial form of this quantity is equal to its gravitational form. The product of two values for this quantity are multiplied by big G in the numerator of Newton’s law of gravitation. Einstein's equivalence between this quantity and energy states that energy equals this quantity times c-squared. For 10 points, name this quantity measured in kilograms.",mass [accept rest mass or invariant mass]
2021 CALISTO 2,3,15,"A choir singing “Hold on / if love is the answer / you’re home” appears on this group’s song “Touch.” Another song by this group has disco producer Giorgio Moroder talking about his career in place of lyrics. Those songs, along with “Lose Yourself to Dance,” appear on this group’s album (*) Random Access Memories. One song by this group states “work it, make it, do it, makes us” before listing the title four adjectives. Another song by this group states “we’re up all night to the sun.” For 10 points, name this electronic music duo that disbanded in 2021, known for their iconic helmets and songs like “Harder, Better, Faster, Stronger,” and “Get Lucky.”",Daft Punk
2021 CALISTO 2,3,16,"Vsevolod Meyerhold reacted against the naturalistic techniques for this art form with his system of biomechanics. Techniques for this art form, such as the “Magic If,” were popularized in America by Lee Strasberg. Konstantin Stanislavski’s system for this art form suggests that performers use their imagination to affect their behavior subconsciously. In ancient Greece, performers of this art form wore (*) masks to take part in works like The Libation Bearers and Agamemnon. For 10 points, a “method” approach to what art form has been used by practitioners like Daniel Day-Lewis and Meryl Streep?",acting [prompt on theater]
2021 CALISTO 2,3,17,"In one myth from this culture, two deities are tricked into becoming monkeys after trying to kill their younger brothers. In another myth from this culture, a woman is impregnated by the saliva of a head hung from a calabash. A bird demon from this culture dies of shame after losing its turquoise teeth after pretending to be the sun and moon. In a myth from this culture, the god (*) Camazotz decapitates a character in the House of Bats. In a myth from this culture, Seven Macaw is shot down by the Hero Twins, who play a ball game against the Lords of Xibalba. For 10 points, the Popul Vuh is from what Mesoamerican culture whose Long Count calendar ended in 2012?",Maya culture [or Mayan culture; accept K’iche Maya or Yucatec Maya]
2021 CALISTO 2,3,18,"The Ringle Report, which mostly refuted the basis for this policy, was intentionally suppressed to make this policy easier to implement. On the day this policy was ruled constitutional, the Supreme Court also issued a seemingly contradictory ruling in Ex parte Endo. The Supreme Court case Trump v. (*) Hawaii overturned an earlier ruling that upheld this policy’s constitutionality. Targets of this policy were forced to live in places like Manzanar and Tule Lake. This policy’s constitutionality was upheld in Korematsu v. United States. For 10 points, name this American policy that led to certain people of Asian descent being held in camps during World War II.",Japanese internment [accept answers describing the imprisonment or internment of Japanese-Americans in camps during World War II]
2021 CALISTO 2,3,19,"In one poem, this author wrote, “As I learn from you, / I guess you learn from me— / although you’re older… and somewhat more free.” Another poem by this author is set “by the pale dull pallor of an old gas light.” That poem by this author describes a musician who “slept like a rock or a man that’s dead” after “droning a drowsy syncopated tune.” This author of (*) “Theme for English B” wrote a poem that asks, “Does it stink like rotten meat? / Or crust and sugar over— like a syrupy sweet?” That poem begins, “What happens to a dream deferred?” For 10 points, name this African-American poet of “The Weary Blues” and “Harlem.”",Langston Hughes [or James Mercer Langston Hughes]
2021 CALISTO 2,3,20,"A modified form of this compound found in the skin called DHC-7 is converted to vitamin D3 by UV radiation. M2 Macrophages which have engulfed an excess of this compound are often referred to as foam cells. FRAP experiments can determine high membrane concentrations of this molecule by measuring its impact on membrane fluidity. This molecule is the main component of (*) lipid rafts in the cell membrane and serves as the precursor to steroid hormones. The lipoprotein transporters of this compound, HDL and LDL, are called its “good” and “bad” types, respectively. For 10 points, name this blood lipid whose excess can cause heart disease.",cholesterol [prompt on LDL or HDL]
2021 CALISTO 2,4,1,"This movement’s emotional “enthusiasm” was criticized in a speech by Charles Chauncy. A narrative about this movement is titled for “surprising work” concerning “many hundred souls” in Northampton, where its author rallied supporters called “New Lights.” A speech from this movement compares its audience to “a (*) spider, or some loathsome insect” held over a fire. This movement was led by preachers like George Whitefield and Jonathan Edwards, the latter of whom delivered the sermon “Sinners in the Hands of an Angry God.” For 10 points, name this religious revival that swept the American colonies in the 18th century before a “Second” revival a century later.",First Great Awakening [or the Evangelical Revival; do NOT accept or prompt on “Second Great Awakening”]
2021 CALISTO 2,4,2,"This substance “freezes out” and drops out of equilibrium in systems that model it as thermal relics. This substance is concentrated in clumps called subhalos. The free streaming length of this substance determines whether it is “hot,” “warm,” or “cold.” Fritz Zwicky (“TSVICK-ee”) conceptualized this substance in the Coma Cluster to explain anomalous galaxy (*) speeds. Vera Rubin’s studies of galaxy rotation curves provided evidence for this substance. This substance makes up 27 percent of the universe’s energy density and 85 percent of its mass. For 10 points, name this type of matter that does not interact with light.",dark matter [or dark after “matter” is read; accept cold dark matter or hot dark matter or warm dark matter or dunkle Materie or CDM or HDM or WDM; do NOT accept or prompt on “dark energy”]
2021 CALISTO 2,4,3,"An aria by this composer is echoed by the quick alternating C and G octaves from the 22nd Diabelli Variation. A man swears vengeance on the killer of his fiance’s father in an oft-excerpted tenor aria by this composer, “Il mio tesoro.” The aria “Non più andrai” is from an opera by this composer whose title character marries Susanna after keeping (*) Count Almaviva from sleeping with her. The unrepentant title character of another opera by this composer is dragged to hell by a statue of the Commendatore. For 10 points, name this Classical composer of The Marriage of Figaro and Don Giovanni.",Wolfgang Amadeus Mozart
2021 CALISTO 2,4,4,"In a novel by this author, destitute townspeople drink red wine spilled in the street, foreshadowing a scene in which a mob attacks a fortress. In that novel by this author, a character traumatized by his long imprisonment compulsively makes shoes. The protagonist of a novel by this author is arrested after two companions steal a handkerchief from (*) Mr. Brownlow. That title character created by this author is punished after requesting for “some more” food in an orphanage. A novel by this author begins with the contrasting extremes, “It was the best of times, it was the worst of times.” For 10 points, name this author of A Tale of Two Cities and Oliver Twist.",Charles Dickens [or Charles John Huffam Dickens]
2021 CALISTO 2,4,5,"An ancient observatory in this country on top of Mount Catequilla may have been built by this country’s Cara culture. In this country, a monument of polished andesite called “the middle of the world” was built to commemorate the French Geodesic Mission. The volcano Cotopaxi is in this country, as is the point on Earth’s surface (*) furthest from its center, Mount Chimborazo. This country’s capital is positioned over nine-thousand feet above sea level, far above its largest city, the coastal port Guayaquil. For 10 points, name this small South American country whose capital is Quito and which contains the Galapagos Islands.",Ecuador [or Republic of Ecuador or República del Ecuador]
2021 CALISTO 2,4,6,"This thinker asserted that, since dreaming of sitting in front of the fire is the same as actually experiencing it, a person cannot actually know whether they are really awake or asleep. Gilbert Ryle called one of this thinker’s ideas a “category-mistake” and derisively called that idea the “ghost in the machine.” This thinker used the example of (*) melting wax to advocate for rationalism and ascribed to an extreme form of skepticism known as his method of doubt. This thinker’s six-chapter Meditations on First Philosophy outlines his namesake mind-body dualism. For 10 points, name this French philosopher who claimed, “I think, therefore I am.""",Rene Descartes [or Renatus Cartesius]
2021 CALISTO 2,4,7,"Philip Glass composed incidental music for a 2016 Ivo van Hove production of this play. In that production of this play, Saoirse (“sur-shuh”) Ronan played a character who claims that Mary Warren is attacking her in the form of a yellow bird while Martha is being accused of reading suspicious books. In this play, Martha’s husband, (*) Giles Corey, demands “more weight” while he is being pressed to death. Reverend Parris discovers the slave Tituba dancing naked with Abigail Williams and other girls, setting in motion the action of this play. For 10 points, name this play in which John Proctor and other residents of Salem, Massachusetts, are executed for witchcraft, written by Arthur Miller.",The Crucible
2021 CALISTO 2,4,8,"An inner product must be linear, bisymmetric, and [this property]-definite, meaning the inner product of a nonzero vector with itself always has this property. If a linear transformation’s determinant has this property, it preserves orientation. The norm of a nonzero vector always has this property. If a function’s second derivative has this property, the function is called (*) “concave-up.” The set of reals with this property is the domain of the logarithm function. The natural numbers are the subset of the integers with this property. For 10 points, name this property held by numbers greater than 0, as opposed to negative numbers.",positive [accept nonnegative; accept descriptive answers such as greater than 0 or greater than or equal to 0 until mention]
2021 CALISTO 2,4,9,"This city’s mayor was elected in 2020 promising to remove on-street parking to help make this city a “15-minute city.” A 2019 public transit strike and the COVID pandemic helped that mayor of this city build bike lanes and ban cars from streets like one named for Rivoli. This city’s mayor, Anne (*) Hidalgo, was also mayor during a 2015 terrorist attack at this city’s Bataclan theater. Another 2015 terrorist attack took place at the offices of the newspaper Charlie Hebdo in this city. Donald Trump withdrew from and Joe Biden rejoined a 2015 international climate agreement signed in this city. For 10 points, name this capital governed from by Emmanuel Macron.",Paris [accept Paris Climate Agreement or Paris Climate Accords]
2021 CALISTO 2,4,10,"This ruler was served by the Scottish advisor and military officer Patrick Gordon. In his youth, this ruler practiced war games with his “toy army.” This ruler established the Most Holy Synod and quashed the Bulavin Rebellion against his rule. This ruler’s half-sister Sophia served as his regent following a rebellion carried out by members of the (*) Streltsy infantry, which this ruler later disbanded. This ruler created a merit-based system for determining government and military positions called the Table of Ranks. This ruler’s Grand Embassy inspired a series of reforms including a tax on beards. For 10 points, name this westernizing tsar of Russia.",Peter I [or Peter the Great; or Pyotr I; or Pyotr the Great; or Pyotr Alexeyevich; or Pyotr Velikiy; accept Pyotr Mikhailov; prompt on Peter or Pyotr alone]
2021 CALISTO 2,4,11,"The density of these structures can be measured with a DEXA scan. Overproduction of the RANK ligand, which leads to a disease that causes weakening of these structures, can be treated with bisphosphonates. Wolff’s law states that these structures adapt their densities to pressure through formation or resorption. (*) Parathyroid hormone and calcitonin are responsible for maintaining the proper density of these structures. Vitamin D deficiency can cause rickets, which dramatically weakens these tissues in children due to their inability to absorb calcium. For 10 points, name this tissue which makes up the majority of the body’s skeletal system.",bones [or bone tissue]
2021 CALISTO 2,4,12,"For the film adaptation of a musical set in this place, Diana Ross and Michael Jackson covered the song “Ease on Down the Road.” In another musical set in this place, the protagonist sings, “He could be that boy / But I’m not that girl” after setting free a lion cub with the prince Fiyero. A song in a film titled for this place describes a land “where trouble melts like (*) lemon drops / high above the chimney tops.” In a musical set in this place, a hydraulic lift raises the green-skinned protagonist above the stage in the song “Defying Gravity.” For 10 points, the song “Over the Rainbow” was written for a film mostly set in what magical land with a namesake Wizard?",Oz [accept The Wizard of Oz]
2021 CALISTO 2,4,13,"In this novel, a character escapes from a train full of “man corpses, woman corpses, child corpses” headed to the sea. A woman in this novel who corresponds with “invisible doctors” arranges for a man constantly followed by yellow butterflies to be shot. A plague of insomnia in this novel is caused by the dirt-eating orphan Rebeca. In this novel, a character who is tied to a chestnut tree befriends (*) Melquíades. This novel opens with Colonel Aureliano recalling “that distant afternoon when his father took him to discover ice” as he is facing a firing squad. For 10 points, name this novel set in Macondo about the decline of the Buendía family, written by Gabriel García Márquez.",One Hundred Years of Solitude [or Cien años de soledad]
2021 CALISTO 2,4,14,"This ruler created a postal system for his empire known as the Chapar Khaneh. Xenophon wrote a biography of this ruler titled for his “education.” This ruler became the only non-Jew to be called “Messiah”nin the Hebrew Bible on account of his victory over Nabonidus. A cuneiform document called the world’s first declaration of (*) human rights was found on a “cylinder” named for this ruler. This founder of Pasargadae conquered the Medes, Lydians, and finally Babylon in 593 BCE, ending the Babylonian captivity. For 10 points, name this “Great” founder of the Achaemenid Empire.",Cyrus the Great [or Cyrus II; accept just Cyrus after “Great” is read]
2021 CALISTO 2,4,15,"A person in this occupation is threatened with having her science notes flushed down a toilet by another character who tells that person’s boyfriend Charlie she’s “a psycho!” after locking her out. In a short film, a person with this occupation named Kari McKeen has her memory erased after revealing she was tricked by (*) Syndrome. Rosalyn, who holds this occupation, is often a target of Calvin’s pranks. In a book series, Stacey and Claudia are members of a Kristy Thomas-founded “Club” of these people. Vicky acts as one of these people for Timmy Turner on The Fairly Oddparents. For 10 points, name these people who watch children while their parents are away.",babysitters [accept nannies]
2021 CALISTO 2,4,16,"“False” examples of these things exist at local instead of global energy minima, and can spontaneously collapse through bubble nucleation. Quantum fluctuations generating virtual electron-positron pairs cause these things to become polarized. Uncharged plates separated by one of these things feel an attractive force in the Casimir effect. (*) Epsilon-naught represents the electric permittivity of this medium. In introductory physics, most mechanics problems take place in a frictionless example of this medium, since it lacks any drag forces or pressure. For 10 points, name these regions devoid of matter.",vacuums [accept perfect vacuum or frictionless vacuum; accept free space]
2021 CALISTO 2,4,17,"In one novel, a drawing of one of these animals in Maple White’s sketchbook helps convince Daily Gazette reporter E. D. Malone to join an expedition. Eckels steps on a butterfly after paying ten thousand dollars to shoot one of these animals in “A Sound of Thunder.” Professor Challenger discovers a South-American plateau inhabited by these animals in Sir Arthur Conan Doyle’s novel (*) The Lost World. InGen discovers how to clone these animals from the blood of mosquitoes trapped in amber in a Michael Crichton novel in which they escape their enclosures on Isla Nublar. For 10 points, name these animals that are brought back from extinction in Jurassic Park.",dinosaurs [accept specific dinosaurs like Stegosaurus or Tyrannosaurus rex or Velociraptor]
2021 CALISTO 2,4,18,"This president called for federal anti-lynching protections in a speech outlining the creation of the President’s Committee for Civil Rights. The Supreme Court ruled this president’s seizure of steel production facilities unconstitutional in the Youngstown Steel case. This president vetoed the (*) Taft-Hartley Act as part of his Fair Deal, but was overridden by the Do-Nothing Congress. Despite the walkout of Strom Thurmond and several other Southern delegates at the Democratic National Convention, this president still won the 1948 election against Thomas Dewey. For 10 points, name this Democratic president who succeeded Franklin D. Roosevelt.",Harry S. Truman
2021 CALISTO 2,4,19,"The ethnomusicologist Alan Lomax recorded a performance of a song in this genre about a boll weevil by a musician nicknamed “Lead Belly.” Singers like Mamie Smith and Bessie Smith pioneered an “urban” form of this genre that grew out of the “country” form of it played by a musician who legendarily sold his soul to the devil. Robert Johnson and (*) Ma Rainey played this genre, many songs in which follow a namesake 12-bar chord progression. W. C. Handy wrote songs in this genre named for “Beale Street” and “Saint Louis.” For 10 points, the ‘B’ in “R&B” stands for what often-melancholy genre of African-American music?",blues [accept country blues or city blues or urban blues or Delta blues or rhythm and blues or 12-bar blues; prompt on folk music]
2021 CALISTO 2,4,20,"This goddess is the mother of a figure who was worshipped under the title Despoina. This goddess transforms a Scythian king into a lynx for attempting to kill a man to whom she had earlier gifted a winged chariot pulled by snakes. A boy who makes fun of this goddess for drinking water is turned into a lizard. (*) Triptolemus is a student of this goddess. This goddess attempts to make Demophon immortal by placing him in a fire while searching for her missing daughter, who was abducted by Hades. For 10 points, name this Greek goddess of agriculture, the mother of Persephone.",Demeter
2021 CALISTO 2,5,1,"One of these structures named Capital Gate holds the record for the furthest leaning manmade building in the world. Fazlur Khan originated a “bundled tube” system used to design these structures while working for Skidmore, Owings, and Merrill. Frank Lloyd Wright designed an unrealized one of these structures called (*) The Illinois. A footbridge connects two of these buildings designed by César Pelli in Kuala Lumpur. Adrian Smith designed one of these buildings in Dubai that includes an unusable spire that adds over 250 yards to its height. For 10 points, the Burj Khalifa and Petronas Twin Towers exemplify what very tall buildings?",skyscrapers [prompt on tower before mention; prompt on high-rise; prompt on office building by asking “What kind of building are the offices located in?”; prompt on hotel by asking “What kind of building is the hotel located in?”]
2021 CALISTO 2,5,2,"The force generated by these things is density times velocity times circulation by the Kutta-Joukowski theorem. They're not wheels, but the degree of asymmetry in the shape of these objects, called camber, can allow them to function at zero angle of attack. Control surfaces like (*) flaps and ailerons may be attached to these things to prevent stalling and control roll. The Bernoulli effect explains how these things generate force, since by deflecting air downwards they create a lower pressure above them than below them. For 10 points, name these things that generate lift to keep airplanes in the air.",wings [accept airfoils; accept lift surfaces; prompt on airplanes or aeroplanes before mention by asking “which part of the airplane?”]
2021 CALISTO 2,5,3,"In a dream in this novel, a character compares her vision to “the window of an old Christmas card” while her daughter is taken from her. That character in this novel hides butter in her shoes and later uses it as lotion for her arms. This novel’s protagonist finds solace in a phrase engraved in her cupboard, (*) “nolite te bastardes carborundorum.” After stabbing an Aunt in the Red Center, Moira runs away in this novel. The protagonist is forced to have children for Serena Joy and the Commander in this novel, which is set in the Christian fundamentalist Republic of Gilead. For 10 points, name this dystopian novel about Offred by Margaret Atwood.",The Handmaid’s Tale
2021 CALISTO 2,5,4,"The Wörgl experiment saw the introduction of a type of this stuff with intentional demurrage, inspired by the ideas of Silvio Gessell. The difference between this stuff’s value and its production cost is called seigniorage. When there are two types of this stuff, the less intrinsically valuable kind becomes dominant according to (*) Gresham’s law. Historical examples of this stuff include rai stones, disks of limestone used by the Yapese, and cowrie, a type of sea snail shell. This stuff is traded in foreign exchange markets. The fiat type of this stuff may derive value from being declared legal tender. For 10 points, name this stuff used as a medium of exchange, including euros and dollars.",currency [or cash; accept scrip; accept money; accept coins or bills or banknotes; prompt on specific types of currency like dollars]
2021 CALISTO 2,5,5,"A photo published in Life Magazine shows the activist Yuri Kochiyama holding this person’s head after his death. This person gained public fame after an interview of him by Louis Lomax was included in the vilifying documentary (*) The Hate That Hate Produced. This person claimed to receive “spiritual insights” into American racial animosity after observing unity between “blue-eyed blondes” and “black-skinned Africans” during his hajj. This civil rights activist feuded with Elijah Muhammad before quitting the Nation of Islam. For 10 points, name this Black nationalist leader with a single-letter surname.",Malcolm X [or Malcolm Little or el-Hajj Malik el-Shabazz]
2021 CALISTO 2,5,6,"The amoleh variety of this resource is produced around Lake Afrara in northern Ethiopia. In Britain, towns whose names end in the suffix “-wich” often were large producers of this resource historically. Lithium and this resource are highly concentrated in a feature named after Uyuni in the Bolivian Altiplano. Along the coast of the Gulf of Mexico, oil is often found in (*) “domes” of this resource. A pink-colored variety of this resource found in Punjab is named for the Himalayan mountains. The Bonneville Speedway in Utah is on an exceptionally flat “pan” of this resource. For 10 points, name this mineral resource found in high concentrations in the Dead Sea.",salt [or rock salt or halite or sodium chloride or NaCl]
2021 CALISTO 2,5,7,"Robert de Vere and other favorites of a king of this name were sentenced to death after the rebellion of the Lords Appellant. Another king of this name likely employed members of the Assassins to kill Conrad of Montferrat. A king of this name was deposed by Henry Bolingbroke, the son of John of Gaunt. A king of this name was captured and (*) ransomed for 150,000 marks by Leopold of Austria, whom he had earlier insulted at the siege of Acre. That king of this name captured Jaffa after defeating Saladin during the Third Crusade, which he led with Philip II and Frederick Barbarossa. For 10 points, give this regnal name of the English king nicknamed “Lion Heart.”",Richard [accept Richard I or Richard II or Richard Couer-de-Leon or Richard the Lion Heart]
2021 CALISTO 2,5,8,"One of this author’s characters is given a new pair of skates for spelling the word “Eternity” out of ice. Another of this author’s characters sees visions of her grandmother while freezing to death on New Year’s Eve. In one of this author’s stories, Kay’s heart is pierced by a fragment of the devil’s mirror. The title character of a story by this author turns into (*) sea foam after the prince she saved from drowning doesn’t fall in love with her. This author of “The Little Match Girl” and “The Snow Queen” wrote about a character who trades her voice to a sea witch in exchange for legs. For 10 points, name this Danish author of fairy tales like “The Little Mermaid.”",Hans Christian Andersen
2021 CALISTO 2,5,9,"In Java, this operator has precedence only above assignment operators and the ternary operator. Transistors connected in parallel implement this operation, whose logic gate has a concave back and pointed front. When the first argument to this operation is true, short-circuiting skips evaluation of the second argument. This operation is true in three cells of a two-by-two truth table, unlike a similarly-named (*) “exclusive” operation which is only true in two. In many languages this operation is notated with two vertical bars. This operation is true when at least one of its inputs is true. For 10 points, name this logical operation which is the counterpart of AND.",logical OR [or inclusive OR or bitwise OR or conditional OR or logical disjunction; do not accept or prompt on “exclusive OR”]
2021 CALISTO 2,5,10,"A boy, his father, and their dog wait on a bench for a train that will take the boy to university in this artist’s painting Breaking Home Ties. In another painting by this artist, three half-dressed boys race past a sign that reads, “No Swimming.” In one painting, this artist peers into a mirror while smoking a pipe so he can draw a portrait of himself on an easel. This artist depicted a Thanksgiving dinner in the (*) “from Want” section of one work. This artist showed Ruby Bridges walking in front of a wall with a racial slur scrawled on it while going to school in The Problem We All Live With. For 10 points, name this American artist who created the Four Freedoms series for the Saturday Evening Post.",Norman Rockwell [or Norman Perceval Rockwell]
2021 CALISTO 2,5,11,"This quantity for molecular conformations can be compared by analyzing which molecule’s ground state destabilization decreases this quantity more. Quaternary ammonium salts can lower this quantity by causing a reactant to undergo phase transfer. The pre-exponential factor multiplies “e raised to negative this quantity over RT” in the (*) Arrhenius equation. On a reaction coordinate diagram, this quantity can be calculated by subtracting the height of the reactants from the height of the transition state. For 10 points, name this quantity which can be reduced by catalysts and describes the amount of energy needed to trigger a chemical reaction.",activation energy
2021 CALISTO 2,5,12,"This character is compared to “that sail which leans on light… a schooner beating up the Caribbean” in Derek Walcott’s poem “Sea Grapes.” Another poem places this character by a “still hearth,” among “barren crags,” and “match’d with an aged wife.” In that poem, this character concludes that he is “strong in will / To (*) strive, to seek, to find, and not to yield.” In another work, this character consumes moly to avoid being transformed into a pig while on the island of Aeaea. That work begins in medias res as this character is stranded on Calypso’s island. For 10 points, name this Greek hero who journeys home to Ithaca in an epic by Homer.",Odysseus [or Ulysses]
2021 CALISTO 2,5,13,"Functioning biological examples of these things allow juvenile planthoppers to synchronize their legs when jumping. Double basses are tuned with an apparatus that combines a screw and one of these things known as a worm drive. So-called (*) “sun” things of this kind are at the centers of planetary systems. A popular demonstration shows motion seemingly disappearing within a linked system of these things with a very high namesake “ratio.” Low examples of these things may be selected to make pedaling a bicycle uphill easier. For 10 points, name these rotating machine parts that have interlocking teeth.",gears [accept worm gears or planetary gears or sun gears]
2021 CALISTO 2,5,14,"After discovering the twelve-tone technique in the late 1940s, this composer wrote works such as Inscape and Connotations. Inspired by a Henry A. Wallace speech, this composer wrote a brass and percussion piece that prominently features the ascending trumpet notes F, B-flat, F. This composer set excerpts from the Gettysburg Address to music in his (*) Lincoln Portrait. The daily life of the Bride and Farmer are accompanied by variations on the Shaker song Simple Gifts in a ballet by this composer choreographed by Martha Graham. For 10 points, name this American “populist” composer of Fanfare for the Common Man and Appalachian Spring.",Aaron Copland
2021 CALISTO 2,5,15,"An editorial during this period titled “Leaving Asia” was written in response to the failed Gapsin coup. Forces opposed to the onset of this period were defeated in the Boshin War. Five principles for reform during this period were outlined in the Charter Oath. The (*) Satsuma Rebellion attempted to reverse the effects of this period nine years after its beginning. This period was prompted by the arrival of American “black ships” led by Commodore Matthew Perry. This period began after its eponymous emperor took power from the Tokugawa Shogunate. For 10 points, name this modernizing period of Japanese history.",Meiji Restoration
2021 CALISTO 2,5,16,"These people can confer blessings by reciting Pirit prayers. According to legend, one of these people stared at a wall for 9 years and had his own student cut off his arm. These people must follow a set of rules found in a text known as the Vinaya. Sokushinbutsu is a practice where these people (*) self-mummify while still alive. The third of the Three Jewels of Buddhism refers to these people. The community of these people is referred to as the sangha, while these people are known as bhikku. A martial arts practicing community of these people is found in Shaolin. For 10 points, name these religious people who try to achieve nirvana while residing in monasteries.",Buddhist monks
2021 CALISTO 2,5,17,"This process occurs due to the alternative fixation of incompatible genes at two or more loci according to the Dobzhansky–Muller model. Cline models of trait gradients can explain why “ring species” tend to undergo this process. Large amounts of unoccupied niches can cause this process to occur rapidly within a population in (*) adaptive radiation. Whether this process occurs through divergent selection in the same area or through physical geographical separation classifies it as either sympatric or allopatric, respectively. For 10 points, name this process which produces two taxa that cannot interbreed.",speciation [accept descriptive answers like “formation of a new species”]
2021 CALISTO 2,5,18,"This character lies about seeing Gary Cooper exit the room while dancing with a group of three women in a hotel night club called the Lavender Room. This character begs a girl to come with him to New England after they ice-skate together clumsily. Rain starts pouring “in buckets” as this character watches his younger sister ride a (*) horse on a carousel. This character fears that he is being molested when he wakes up to find his former teacher Mr. Antolini patting his head. After being expelled from Pencey Prep, this character secretly visits his sister Phoebe. For 10 points, name this teenager who hates “phonies,” the protagonist of J. D. Salinger’s The Catcher in the Rye.",Holden Caulfield [prompt on Caulfield]
2021 CALISTO 2,5,19,"In the opening of one of her songs, this artist says “I want it to be, like, messy.” This artist used a pink and purple poster to personally invite fans to a prom-themed concert. In one song, this artist yells “God, it’s brutal out here!” This artist whispers “I love you” after spitefully betting that (*) “she knows Billy Joel ‘cause you played her Uptown Girl” in one song. This artist sings that she got the title object “last week, just like we always talked about” in her debut single. On an album cover, this artist’s face is covered with stickers, and she sticks her tongue out to reveal the word SOUR. For 10 points, name this artist of “deja vu” and “driver’s license”.",Olivia Rodrigo
2021 CALISTO 2,5,20,"Laurence Housman opened a studio that created artistic works in support of this movement. Members of this movement participated in the Mud March, which unsuccessfully pushed for the passage of a new bill. In protest against the imprisonment of a supporter of this movement, Mary Richardson damaged the painting (*) Rokeby Venus. The Representation of the People Act 1918 was a victory for this movement, whose members included Millicent Fawcett and Emmeline Pankhurst. For 10 points, name this movement that aimed to expand the right to vote beyond men in the United Kingdom.",women’s suffrage movement [accept descriptive answers]
2021 CALISTO 2,6,1,"In his translation of a poem from this country, William Aggeler added “-ish” to an adjective appearing in a final line which also includes an exhortation varyingly translated as “fellow,” “likeness,” and “twin.” An object that narrates a poem from this country describes itself as “going down impassive Rivers.” A poem from this country describes an emotion who “smokes his (*) hookah pipe” and is addressed to a “hypocrite reader.” A poet from this home country of the author of “The Drunken Boat” included “The Swan” and “Spleen” in The Flowers of Evil. For 10 points, name this home country of the “decadent” Symbolist poets Arthur Rimbaud (“ram-BOW”) and Charles Baudelaire.",France [or French Republic or République française; accept Kingdom of France or French Second Republic or Second French Empire or French Third Republic]
2021 CALISTO 2,6,2,"The figures on the right-hand panel of the Wilton Diptych wear exclusively garments of this color. The dye used for this color in the Unicorn Tapestries was made from the plant woad. In the middle ages, a pigment of this color was so expensive that it was typically reserved for depictions of the Virgin Mary. That pigment of this color is prefixed “ultra” and was made from a stone mined in Afghanistan. (*) Prussia nicknames a synthetic pigment of this color often used in construction for technical drawings. The headscarf of Vermeer’s Girl with a Pearl Earring was painted with a pigment of this color made from lapis lazuli. For 10 points, name this color of typical sapphires.",blue
2021 CALISTO 2,6,3,"According to this Quran, this figure used the transience of the stars, moon, and sun in the sky to argue for worshipping God. In both the Quran and Jewish exegesis, this figure defies his father’s idol worship, leading Nimrod to cast him in a fire. In the Book of Genesis, this person lies to both the Pharaoh and Abimelech about the identity of his (*) first wife in order to protect her, claiming that she is his sister. Muslims believe that this person’s son Ishmael was actually the one chosen for sacrifice in the traditional biblical narrative of the binding of Isaac. For 10 points, name this religious patriarch who names a grouping of monotheistic religions including Judaism and Islam.",Abraham [or Ibrahim]
2021 CALISTO 2,6,4,"A type of upwelling named for this location occurs where easterly winds cause surface water divergence. Air rises near this location as part of atmospheric Hadley cells, forming the ITCZ, also called the doldrums. The widest part of the reference ellipsoid is found at this location. Trade winds (*) converge on this location as they blow from east to west. The Sun is directly overhead at this location on equinoxes. Since this line is a great circle, it is the latitude with the greatest distance from Earth’s center. For 10 points, name this line that encircles the Earth at zero degrees latitude.",the equator [accept equatorial upwelling; accept zero degrees latitude or 0° North or 0° South before “zero degrees” is read; prompt on zero degrees until read] (ITCZ stands for intertropical convergence zone)
2021 CALISTO 2,6,5,"A painted silk banner depicting Lady Dai and her attendants was discovered in one of these structures called Mawangdui. A keyhole-shaped type of these structures lends its name to the Kofun period of ancient Japan. Central Asia is home to many of these structures called kurgans, which are a type of tumulus. The high levels of (*) mercury detected around one of these structures give credence to Sima Qian’s (“shee-ma chi-AN”) claim that it once contained rivers of mercury. One of these structures in Xi’an (“shi-AN”) dedicated to Qin Shihuang (“chin shee-HWANG”) contains an army of terracotta warriors. For 10 points, name these structures in which people are buried.",tombs [or mausoleums or graves or burial mounds or líng; accept tumulus or tumuli before “tumulus” is read; accept kurgan before “kurgan” is read; accept necropolis]
2021 CALISTO 2,6,6,"Chili bombs and beehive fences are used to repel these animals from farmland. Males of these animals secrete temporin from glands on the side of their heads in periods of hyper-aggression known as “musth.” These animals’ mourning rituals for their dead may have inspired the myth that they move their skeletons to a central (*) “graveyard.” These animals’ 21-month gestation period is the longest of any mammal, and their Loxodonta genus is divided into bush and forest species. That African type of these animals is distinguished from the Asian variety by their large fan-like ears. For 10 points, name these largest land animals in the world.",elephants [accept African elephants or Asian elephants or Indian elephants]
2021 CALISTO 2,6,7,"In this novel, a character is called an “owdacious puppy” after he kisses his aunt on the lips. This novel’s protagonist hands a Bible reading “Half-past two” to Sophia, whose elopement with Harney sparks a shootout between their families. The protagonist of this novel meets two con men who claim to be royalty and call themselves the (*) Duke and the Dauphin. The Widow Douglas adopts and tries to “sivilize” the protagonist of this novel. This novel’s protagonist fakes his death to escape from his abusive father Pap. For 10 points, the title character travels down the Mississippi on a raft with the escaped slave Jim in what novel by Mark Twain?",The Adventures of Huckleberry Finn [accept Huck Finn]
2021 CALISTO 2,6,8,"A collection by this composer features the same melody in its opening “Arieta” and closing “Remembrances.” That collection of 66 short piano pieces by this composer also includes one titled for a “Wedding Day” at this composer’s hometown. The Lyric Pieces are by this composer, who also wrote a cello and bass pizzicato melody that gradually increases in both speed and volume. The piece (*) “Morning Mood” begins a suite by this composer that ends with the title character being chased by a horde of trolls. For 10 points, name this Norwegian composer who included “In the Hall of the Mountain King” in his incidental music to Peer Gynt.",Edvard Grieg [or Edvard Hagerup Grieg]
2021 CALISTO 2,6,9,"Acceleration squared times this quantity squared is proportional to the power radiated by a particle. This quantity multiplies both of the added terms in the formula for the Lorentz force. The electric flux through a closed surface is equal to the amount of this quantity enclosed according to Gauss’s law. Velocity cross (*) magnetic field times this quantity gives the magnetic force on a moving particle. The time derivative of this quantity is current. Points with nonzero values of this quantity feel an electrostatic force given by Coulomb’s law. For 10 points, name this quantity symbolized q which is positive for protons and negative for electrons.",electric charge
2021 CALISTO 2,6,10,"This leader used his newspaper, The Defender of the Constitution, to criticize calls for a war against Austria made by Jacques-Pierre Brissot. Cecile Renault attempted to assassinate this leader, who opposed both the Girondists and an atheist cult created by Jacques-René Hebert. This leader promoted the (*) Cult of the Supreme Being and secured power after the death of his former ally Georges Danton. The Thermidorian Reaction began with the execution of this leader and “incorruptible” member of the Committee of Public Safety. For 10 points, name this Jacobin French revolutionary leader who oversaw the Reign of Terror until his own execution by guillotine.",Maximilien Robespierre
2021 CALISTO 2,6,11,"This thinker wrote about a man named John Jones, who beats another John to death with a tree branch, in an essay collection that also contains the essay “Of the Wings of Atalanta.” This thinker described people “shut out from the world” by a metaphorical veil in the essay “Of Our Spiritual Strivings.” This thinker described the “twoness” felt by certain people viewing themselves through both their own eyes and the eyes of society in the phenomenon of (*) “double consciousness.” This thinker critiqued Booker T. Washington’s Atlanta Compromise, instead suggesting a fight for civil rights. For 10 points, name this co-founder of the NAACP who wrote The Souls of Black Folk.",W. E. B. Du Bois [or William Edward Burghardt Du Bois]
2021 CALISTO 2,6,12,"George Tsutakawa’s bronze Fountain of Wisdom lies in front of a building in this city whose fourth floor is the blood-colored Red Hall. That library is known for its neon yellow escalators and irregular diamond-patterned glass exterior, and was designed by Rem Koolhaas. This city’s (*) monorail, which is less than a mile long with only two stops, was built for the 1962 World’s Fair. This city’s Pike Place Market includes the Original Starbucks. A rotating restaurant is in the flying saucer-like top to an iconic spindly tower in this city which overl o oks Puget Sound. For 10 points, the Space Needle is located in what largest city in Washington state?",Seattle
2021 CALISTO 2,6,13,"During this leader’s rule, many homosexuals and Christians were imprisoned in labor camps called “Military Units to Aid Production.” This leader was the strongest international supporter of the MPLA party and sent troops to fight on their side during the Angolan Civil War. In an effort to expel “undesirables” from his country, this leader permitted emigration on the (*) Mariel Boatlift. This leader was targeted by the CIA in Operation Mongoose and more than 600 assassination attempts. This leader successfully repelled an American overthrow attempt in the Bay of Pigs Invasion. For 10 points, name this longtime Cuban communist leader who was succeeded by his brother Raúl.",Fidel Castro [prompt on Castro]
2021 CALISTO 2,6,14,"In a story from this country, an argument at a dinner party about whether the death penalty or life imprisonment is worse leads to the central agreement. In that story from this country, a lawyer renounces earthly life after voluntarily enduring 15 years of solitary confinement. The protagonist of a story from this country encounters a former lover at a performance of The Geisha. An author from this country wrote (*) “The Bet” and “The Lady with the Dog.” In a story from this country, a barber cuts into a loaf of bread and discovers the title body part inside. For 10 points, name this home country of Anton Chekhov and the author of “The Nose,” Nikolai Gogol.",Russia [or Russian Federation or Rossiyskaya Federatsiya or Rossiya]
2021 CALISTO 2,6,15,"A class of proteins named for their activation of this process are phosphorylated by Janus kinases in the JAK-STAT pathway. In most eukaryotes, a molecule produced in this process is modified by the addition of a 5-prime cap and polyadenylation immediately after this process. Activator proteins increase the probability that this process will occur by binding to (*) enhancer sequences. This process is initiated when RNA polymerase binds to a promoter. For 10 points, name this process that takes in a DNA template to produce mRNA, which is the intermediate between DNA replication and translation.",transcription [accept transcription factors]
2021 CALISTO 2,6,16,"In a form of Inuit musical performance called katajjaq, two people face each other and perform this instrument in short, rhythmic patterns. The term “fry” is used to refer to the lowest register of notes producible by this instrument. Rhythm is emphasized over pitch in the sprechstimme style of performing this instrument, while highly articulated phrasing is characteristic of its (*) bel canto style. A style of delivery for this instrument is the rectative. This instrument is usually the soloist of arias. For 10 points, performers use namesake chords in their throats to produce the sounds of what instruments used in choirs?",human voice [or singing or vocalizing; accept talking]
2021 CALISTO 2,6,17,"One character played by this actor writes the book “Death Therapy” after his psychiatrist Dr. Marvin tries to blow him up for disturbing his vacation. Another of this actor’s characters carves an ice statue of his love interest after she wins him in a bachelor auction, and wakes every morning to the song (*) “I Got You Babe” on the radio. One of this actor’s characters joins fellow parapsychologists Ray Stantz and Egon Spengler to defend New York from supernatural activity, while another goes to report on Punxsutawney Phil but gets stuck in a time loop. For 10 points, name this actor who played Phil in Groundhog Day and Dr. Peter Venkman in Ghostbusters.",Bill Murray [or William James Murray]
2021 CALISTO 2,6,18,"The hydrophobic effect is driven by the fact that this quantity is larger for free water molecules than water molecules trapped in solvation shells. This value decreases when two ideal gases composed of indistinguishable particles are mixed in a thought experiment developed by Gibbs. In order for a reaction with positive enthalpy to be (*) spontaneous, the change in this quantity must be negative. The change in Gibbs free energy equals change in enthalpy minus the change in this quantity times temperature. For 10 points, name this quantity that always increases in an isolated system according to the second law of thermodynamics.",entropy
2021 CALISTO 2,6,19,"In a story by this author, a man misquotes a Gnostic theologian by stating, “mirrors and copulation are abominable, for they multiply the number of men.” In that story, this author and his friend Bioy-Casares discover a conspiracy that has inserted a false article about Uqbar into a copy of the Anglo-American Cyclopedia. In another story by this author, Don Quixote is rewritten without changes by (*) Pierre Menard. This author wrote a story in which an almost-infinite number of hexagonal rooms make up a library containing every possible book. For 10 points, name this Argentinian author of “The Library of Babel” and “The Garden of Forking Paths.”",Jorge Luis Borges
2021 CALISTO 2,6,20,"Elizabeth Peratrovich (Peh-RAT-ruh-vich) fought against discrimination towards indigenous peoples in this state. A shootout at a wharf in this state’s capital city resulted in the death of con artist Soapy Smith. Eduard de Stoeckl (“sto-kel”) was a signatory to an agreement concerning this state, where an elected legislature was established under the Second (*) Organic Act. Japanese forces bombed Dutch Harbor in this state during World War II. Many miners traveled to this state to participate in the nearby Klondike Gold Rush. The purchase of what would become this state was often ridiculed by contemporary observers as “Seward’s Folly.” For 10 points, name this northernmost U.S. state.",Alaska
2021 CALISTO 2,7,1,"This phenomenon occurs whenever a signal encounters a discontinuity in impedance along its path. Coefficients for this phenomenon and transmission are computed by the Fresnel (“fruh-nell”) equations. The type of this phenomenon that occurs at a very smooth surface is its (*) specular type. Instead of refracting, light waves past the critical angle will undergo the “total internal” type of this phenomenon at a boundary. The angle of light undergoing this phenomenon is equal to the angle of incidence. For 10 points, name this phenomenon in which light bounces off of a surface such as a mirror.",reflection [accept specular reflection or diffuse reflection or total internal reflection]
2021 CALISTO 2,7,2,"Procris cured a king of this place from a curse that caused him to produce deadly animals when being unfaithful. Megara fell to that king of this place after Scylla cut off a lock of hair from her father’s head. One prince of this place was revived by Polyidus after drowning in a cask of honey. A king of this place adopted Sarpedon, (*) Rhadamanthus, and a man who earned the ire of Poseidon after refusing to sacrifice a great white bull. Seven young men and seven virgin maidens were sent to this island every year to be sacrificed to a son of Pasiphaë. For 10 points, name this island where King Minos oversaw the Minotaur’s imprisonment in the Labyrinth.",Crete [accept Knossos before “island” is read]
2021 CALISTO 2,7,3,"One group of these people converted to Catholicism under their king Reccared I. Instead of waiting for his nephew Gratian, Valens decided to engage in battle with these people, leading to his death at the hands of their leader Fritigern at the battle of Adrianople. Flavius Aetius (“EYE-tee-iss”) worked with a leader of these people named (*) Theodoric to defeat the Huns at the battle of the Catalaunian Plains. A group of these people sacked Rome in 410 CE under the leadership of their king Alaric. These people were divided into western and eastern branches prefixed “Visi-” and “Ostro-.” For 10 points, name this Germanic people who lend their name to a style of medieval architecture with pointed arches and gargoyles.",Goths [accept Visigoths or Ostrogoths or Gothic architecture]
2021 CALISTO 2,7,4,"This character orders a farmer to stop flogging a shepherd boy, which only makes him flog the boy harder. A companion of this character learns that he must whip himself 3,300 times in order to lift a curse on this character’s love interest. Those instructions are given by a Duke and a Duchess who claim to have learned about this character from Part One of a novel titled for this character and published ten years prior. A (*) barber and curate burn down this character’s library of chivalric romances. This character moons after the peasant Dulcinea (“dul-si-NAY-uh”) and takes on Sancho Panza as a squire. For 10 points, what character attacks a group of windmills in a novel by Miguel de Cervantes?",Don Quixote [or Don Quixote of La Mancha or Don Quixote de la Mancha or Alonso Quixano or Alonso Quixano]
2021 CALISTO 2,7,5,"Actives, like retinol, are compounds that increase a turnover rate in this thing. Salicylic acid and beta hydroxy acids, or BHAs, remove excess material from this thing, while hyaluronic acid acts as a humectant for it. Oil-based then water-based products are used to clean this thing in the first two steps of a Korean (*) ten-step process. Sebum secreted onto this tissue can clog follicles in it. The porous stone pumice can be applied to this tissue to exfoliate it, removing layers of dead cells. Ultraviolet light causes aging indicators like wrinkles and dark spots on this tissue which are prevented by sunscreen. For 10 points, name this tissue that covers the body.",human skin [accept skin cells or dermis or epidermis; prompt on cells or human tissue]
2021 CALISTO 2,7,6,"One artist’s collection of “Persians” of this material are marked with an optic ribbed pattern and brightly-colored “lips.” In works like Dream Garden, an artist embedded color directly in the Favrile form of this material. Nature and gardens inspired many of Dale Chihuly’s large-scale sculptures in this material. (*) Lamps with ornate shades made of this material were designed by Louis Comfort Tiffany. After being melted in a furnace, this material can be blown into shape using a blowpipe. For 10 points, name this material that can be stained with color and is used in windows.",glass [accept Favrile glass or leaded glass or stained glass or glass-blowing]
2021 CALISTO 2,7,7,"The transfer of functional groups between two of these elements occurs between oxidative addition and reductive elimination steps during cross-coupling reactions. The number of these elements that a substituent is bound to is its denticity. These elements are at the center of complexes whose orbital splitting behavior is described by (*) crystal field theory. Most coordination complexes are centered around one of these elements bound to ligands. The catalytic activity of these elements stems from their ability to adopt different oxidation states due to their partially filled d orbitals. For 10 points, name these metallic elements found between groups 3 and 12 on the periodic table.",transition metals [prompt on d-block elements or metals]
2021 CALISTO 2,7,8,"A character in this play remarks, “the wheel is come full circle,” after he loses a trial by combat. That character from this play questions, “Why bastard? Wherefore base?” in a speech that concludes, “Now, gods, stand up for bastards!” Another character in this play laments, “As flies to wanton boys are we to the gods. / They kill us for their sport,” after he is (*) blinded by the Duke of Cornwall. In this play, Edmund manipulates the Earl of Gloucester (“GLOSS-ter”) into turning against his son Edgar, who flees and runs into the title king and his fool in a storm. For 10 points, name this Shakespeare tragedy about an old king who divides his kingdom between his daughters.",King Lear [accept The Tragedy of King Lear or The History of King Lear]
2021 CALISTO 2,7,9,"This leader received a ceremonial “Sword of Islam” from the native population of the “fourth shore” of this leader’s country. This leader guaranteed a two-thirds majority in Parliament to the party that received the largest share of votes by passing the (*) Acerbo Law. This leader used claims of native irredentism to force King Zog into exile and justify his country’s occupation of Albania. Victor Emmanuel III appointed this leader as prime minister after this leader’s paramilitary army, the Blackshirts, marched on Rome. For 10 points, name this Fascist leader nicknamed “Il Duce” who led Italy during World War II.",Benito Mussolini
2021 CALISTO 2,7,10,"This thinker urged the “privileged minority” to “speak the truth and to expose lies” in the anti-Vietnam War essay “The Responsibility of Intellectuals.” This thinker listed ownership and flak as two of the five filters of the propaganda model for systemic media bias in a book co-written with Edward S. Herman titled Manufacturing Consent. This thinker pointed to a (*) “poverty of the stimulus” to argue that children have an innate understanding of universal grammar. This thinker’s Syntactic Structures introduced the nonsense sentence “colorless green ideas sleep furiously.” For 10 points, name this leftist thinker and former MIT linguistics professor.",Noam Chomsky [or Avram Noam Chomsky]
2021 CALISTO 2,7,11,"The rotation speed of these objects changes quickly at the tachocline (“TACK-oh-klein”). These objects will lose mass if they exceed their Roche (“rohsh”) lobe. These objects are grouped by metallicity (“metal-ISS-it-ee”) into Populations I (“one”) and II (“two”). Some of these objects enter the horizontal branch after experiencing a (*) helium flash, which initiates the triple-alpha process. These objects comprise open and globular clusters. The luminosities and temperatures of these objects are plotted on H-R diagrams, which places most of these objects in the main sequence. For 10 points, name these bright objects powered by nuclear fusion, exemplified by the Sun.",stars [accept binary stars or main-sequence stars or dwarf stars or giant stars or variable stars; accept red giants or supergiants until “main sequence” is read]
2021 CALISTO 2,7,12,"A video of the North State orchestra performing one of these works went viral because a woman in the audience screamed after a sudden fortissississimo. A “Dance of the Knights” features in Sergei Prokofiev’s adaptation of Romeo and Juliet as one of these works. Prokofiev collaborated with George Balanchine (“BAL-un-cheen”) on one of these works titled Prodigal Son for (*) Sergei Diaghilev, an impresario for these works. A high-pitched bassoon solo opens one of these works by Igor Stravinsky that caused a riot at its Paris premiere. For 10 points, The Firebird and The Rite of Spring are examples of what stage works involving tutu-wearing dancers?",ballets [prompt on suites by asking “from what larger works were the suites extracted from?”]
2021 CALISTO 2,7,13,"One holder of this title challenged people to point him to where God is not after pointing his feet toward the Kaaba. That holder of this title threw his bowl in a sewer to find a successor. The first person to hold this title declared, “there is no Hindu, there is no Muslim.” The last person to hold this title founded an order called the (*) Khalsa and told his followers to obey the Five Ks. The last human to hold this title, Gobind Singh, declared that the eternal holder of this title would be a book called Granth Sahib. The first person to hold this title was named Nanak. For 10 points, give the title for religious leaders in Sikhism, derived from the Sanskrit word for “mentor.”",Guru
2021 CALISTO 2,7,14,"A guerrilla group in this country killed 69 peasants in the Lucanamarca Massacre and carried out the Tarata Street bombing. In this country, a hostage crisis at an embassy was perpetrated by the insurgent group MRTA. A right-wing dictator of this country established the Grupo Colina death squad and oversaw the capture of Abimael Guzman, who led the (*) Shining Path insurgency. The novelist Mario Vargas Llosa lost this country’s 1990 presidential election to that dictator, Alberto Fujimori. In 1975, this country granted official status to the Quechua language. For 10 points, name this South American country governed from Lima.",Peru [or Republic of Peru; or República del Perú]
2021 CALISTO 2,7,15,"A poem by this author describes “voices” that are “more distant and more solemn / Than a fading star.” In a poem by this author, the speaker describes being “almost, at times, the Fool” in a stanza that begins, “No, I am not Prince Hamlet, nor was meant to be.” That poem by this author asks, “Do I dare / (*) Disturb the universe?” A poem by this author quotes the words “Datta. Dayadhvam. Damyata” from the Upanishads in its last section, “What the Thunder Said.” That poem begins, “April is the cruellest month.” For 10 points, name this Modernist poet of “The Love Song of J. Alfred Prufrock” and The Waste Land.",T. S. Eliot [or Thomas Stearns Eliot] (The first clue is from “The Hollow Men.”)
2021 CALISTO 2,7,16,"This artist sings “Don’t be afraid to try again / Everyone goes south / Every now and then” in a song beginning “Well we all have a face / that we hide away forever.” In a song about his time working at the Executive Room, this artist described his first wife, Elizabeth Weber, as a “waitress… (*) practicing politics.” This artist sings into a wrench in the music video for a song about someone “living in her white-bred world” who’s “looking for a downtown man.” In another song, this artist’s character is told “we’re all in the mood for a melody / and you’ve got us feeling alright” as he plays music at a bar. For 10 points, name this singer of “Uptown Girl” and “Piano Man.”",Billy Joel [accept William Martin Joel]
2021 CALISTO 2,7,17,"Due to a lack of white volunteers in this conflict, Christopher Greene was put in command of an integrated army unit. During this conflict, which saw the formation of the First Rhode Island Regiment, several enslaved people joined an “Ethiopian Regiment” after Lord Dunmore’s Proclamation was issued. The Black spy (*) James Armistead helped one side in this conflict secure victory at a battle where the other side’s band is said to have played the song “The World Turn’d Upside Down.” In the build-up to this conflict, Crispus Attucks was killed in the Boston Massacre. For 10 points, name this conflict that led to the independence of the thirteen colonies from Britain.",Revolutionary War [or the American Revolution or American War of Independence]
2021 CALISTO 2,7,18,"The protagonist of a story by this author is told “Rome wasn’t built in a day” and annoys a man reading a newspaper by asking him for matches. In another story by this author, a gray monkey tied to a “small chinaberry tree” plays outside a restaurant called “The Tower.” A character created by this author wears a large purple hat and has a stroke after condescendingly attempting to give (*) Carver a penny. In a story by this author, the escaped convict “the Misfit” has a conversation with the Grandmother before shooting her. For 10 points, name this Southern Gothic author of “Everything That Rises Must Converge” and “A Good Man Is Hard to Find.”",Flannery O’Connor [Mary Flannery O’Connor]
2021 CALISTO 2,7,19,"The Attini subgroup of this family can create food by intentionally promoting fungal growth. Certain species of acacias grow hollow spicules to provide homes for animals in this family as a mutualistic defense mechanism. E. O. Wilson’s extensive research on animals in this family led to the founding of sociobiology. Studies using these members of order (*) Hymenoptera led to the first isolation of formic acid. A red-colored invasive species in this family of insects can form rafts and defend colonies using pincers. For 10 points, name this family of eusocial insects whose varieties include “fire,” “army,” and “leafcutter” species.",ants [or Formicidae; prompt on insects or Hymenopterans before mention]
2021 CALISTO 2,7,20,"The Radwimps provided the music for a film from this country in which a city boy and country girl in timelines three years apart begin switching bodies. After being assigned a new name meaning “thousand,” a girl from another film from this country works for a six-armed old man who operates a boiler room with the help of coal-carrying sootballs. (*) Your Name is from this country, as is a film in which a girl meets monsters like No-Face in a bathhouse after her parents are turned into pigs. That film, Spirited Away, was produced by this country’s Studio Ghibli. For 10 points, name this country where anime films were directed by Makoto Shinkai and Hayao Miyazaki.",Japan [or Nihon; accept Nihon koku or Nippon koku]
2021 CALISTO 2,8,1,"In this play, a character gestures to the universe and asks, “This one is enough for you?” when another character refuses to hear about his dream. A character in this play struggles to recall the word “damned” when discussing the two thieves crucified alongside Jesus. After eating their last carrot, two characters in this play are left with nothing but turnips and radishes. This play opens with a character remarking “Nothing to be done” as he struggles to take off his (*) boot. In this play, a slave gives a nonsensical monologue that ends when his bowler hat is stolen by Pozzo, Vladimir, and Estragon. For 10 points, name this play by Samuel Beckett in which the title character never arrives.",Waiting for Godot [or En attendant Godot]
2021 CALISTO 2,8,2,"In 2019, a controversy took place on this website when the user Fram was banned without the input of this website’s Arbitration Committee. New users on this website may be told to visit the Teahouse to ask for help. “Five Pillars” followed by users of this website include civility towards others and a lack of firm rules. Content published on this website must hold to a (*) neutral point of view and meet a notability standard. Very short pages on this website are known as stubs. On this website, disambiguation pages may help users distinguish between pages with similar titles. For 10 points, name this “Free Encyclopedia that anyone can edit.”",Wikipedia [or wikipedia.org]
2021 CALISTO 2,8,3,"This architect designed a Van Gogh-inspired tower that rises out of a cylindrical glass building in Arles, France. A music venue in Millennium Park designed by this architect incorporates a huge metal trellis intended to support its soundsystem. This architect designed one building to resemble a ship to match its port city location and adorned it with reflective titanium fish scales. This architect of the (*) Pritzker Pavilion employed curved sheets of metal in many of his designs, including for the Walt Disney Concert Hall in Los Angeles. For 10 points, name this Canadian-American architect of the Guggenheim Museum Bilbao.",Frank Gehry [or Frank Owen Gehry or Frank Owen Goldberg]
2021 CALISTO 2,8,4,"One leader in this conflict adopted the symbol of the sun in splendor after seeing an atmospheric phenomenon called a sun dog at the Battle of Mortimer’s Cross. According to a report by Prospero di Camulio, another leader in this conflict sang under a tree for the duration of this conflict’s Second Battle of St. Albans. (*) Anne Neville’s successive marriages to combatants on both sides of this conflict corresponded with her father Warwick’s shifting allegiances. This conflict ended with the battle of Bosworth Field, where Henry Tudor defeated Richard III. For 10 points, name this series of 15th century conflicts between York and Lancaster named for a type of flower.",Wars of the Roses
2021 CALISTO 2,8,5,"The observation that the size of this thing and an organism’s complexity are independent is known as the C-value paradox. Scaffolds and contigs can be reordered to form these things in a process named for their “assembly.” FASTQ (“fast-Q”) files can be used to store sections of these entities, which can be searched using the BLAST (“blast”) algorithm. The HGP was a 13-year long international project which successfully mapped out the entirety of this thing in (*) humans. Heritability is a measure of the extent to which differences in this thing can explain variability in its counterpart, phenotype. For 10 points, name this thing which contains all of the genetic information in an organism.",genome [accept genotype; prompt on genes or sequences by asking “what larger entities are they a part of?”]
2021 CALISTO 2,8,6,"One of these creatures is slain while crawling over a pit to get to a stream. After Hymir refuses to provide bait for one of these creatures, a god kills Hymir’s largest ox and uses its head to hunt for one of these creatures. The spring Hvergelmir houses one of these creatures named (*) Nidhogg who gnaws on the roots of Yggdrasil. After stealing Andvari’s ring, Fafnir’s greed causes him to transform into one of these creatures. During Ragnarök, Thor will kill and be killed by one of these creatures. For 10 points, Jormungandr is known as the “Midgard” type of what creature?",serpents [or dragons or snakes or ormr; accept Midgardsormr] (In Norse mythology serpents and dragons are the same type of creature.)
2021 CALISTO 2,8,7,"The French song “L’homme armé” (“lum ar-MAY”) has been used as a cantus firmus for many pieces of this type, including ones by Guillaume Dufay (“ghee-YOWM doo-FAY”) and Josquin des Prez (“joe-CAWN day-PRAY”). A “brief” one of these works composed in 1733 for the Elector of Saxony was later reused by its composer for one with a (*) “Dona nobis pacem” movement. Legendarily, a ban on polyphonic music was prevented after Palestrina composed one of these works for Pope Marcellus II. J. S. Bach’s only complete work of this type is in B minor. Sections of these works include “Kyrie” (“KEE-ree-ay”), “Gloria,” and “Agnus Dei.” For 10 points, a requiem is an example of what type of work, which sets to music the liturgy of the Eucharist?",Mass [or missa; do NOT accept or prompt on “requiem”]
2021 CALISTO 2,8,8,"This author created a character with a half-red, half-black face who tars and feathers Major Molineux. Another character created by this author meets a man whose staff resembles a “great black snake.” The protagonist of a story by this author feels “a loathful brotherhood” with a group that includes the catechism teacher (*) Goody Cloyse. In that story, the protagonist finds a pink ribbon belonging to his wife Faith while walking through a forest to a Satanic meeting. In a novel by this author, a woman has to wear a red “A” after committing adultery with Arthur Dimmesdale. For 10 points, name this author of “Young Goodman Brown” and The Scarlet Letter.","Nathaniel Hawthorne (The first line is from the short story “My Kinsman, Major Molineux”)"
2021 CALISTO 2,8,9,"One axiomatization of these objects includes the axiom of regularity and the axiom of extensionality. The supremum and infimum can be defined for these objects when they are equipped with a partial order. The Cartesian product produces ordered pairs by taking two of these objects as its arguments. The predicate is written on the right side of a vertical bar or colon in the (*) “builder notation” for these objects. The size of one of these objects is called its cardinality. The union and intersection operators on these objects can be visualized with Venn diagrams. For 10 points, name these collections of elements.",sets [accept posets or partially-ordered sets]
2021 CALISTO 2,8,10,"The emperor Galba was murdered by Otho at this location next to a pool called Lake Curtius. The corpses of executed criminals were sometimes cast down the Gemonian Stairs leading to this location. The tribune Gaius Licinius was the first to symbolically “turn his back” to face this location while standing on its rostra. Septimius Severus built a (*) triumphal arch at one end of this location, near the base of a hill. Mark Antony gave his funeral oration for Caesar at this location, which contained various stands and shops frequented by women and slaves. For 10 points, name this outdoor space that was the center of public life in Rome.",Roman forum [or Forum Romanum; accept Forum Magnum; prompt on Rome]
2021 CALISTO 2,8,11,"One work by this thinker begins by describing how mankind disrupts the beauty of nature by cross-breeding fruit trees. This thinker argued that citizens should be required to affirm only general religious tenets as part of a civil religion. This thinker defined self-preservation and the desire for others’ approval as two forms of (*) “self love” called amour de soi (“ah-MOOR de SWAH”) and amour propre (“ah-MOOR PROP”). This thinker outlined the ideal education of the title boy in Emile. This thinker wrote that in a perfect society, citizens’self-interests would combine to form the “general will.” For 10 points, name this philosopher who wrote, “Man is born free, but is everywhere in chains” in The Social Contract.",Jean-Jacques Rousseau
2021 CALISTO 2,8,12,"In a poem in this language, a group of thirty birds realizes that the great bird they are looking for is actually themselves. Another poem in this language begins, “Listen to this reed how it complains: / it is telling a tale of separations.” A poem based on a poem in this language declares, “Oh, Wilderness were Paradise enow!” That poem was adapted from this language by (*) Edward FitzGerald and also describes “A Jug of Wine, a Loaf of Bread— and Thou.” Another poet used this language to write the Masnavi, which was inspired by Sufism. For 10 points, Omar Khayyam and Rumi wrote in what language spoken in Iran?",Persian [or Farsi] (The first poem is The Conference of the Birds by Farid ud-Din Attar.)
2021 CALISTO 2,8,13,"The dichotomy between early and late binding applies to when these things are looked up. Algebraic systems of these things use “products” and “sums” of them. C++ templates act polymorphically across these things, as do Java generics. “Stronger” systems of these things impose more compiler checks. Autoboxing, coercion, and (*) casting are ways to convert between these things. Natively-supported “primitive” examples of these things contrast with classes, which are user-defined examples of these things. Common examples of these things include booleans, strings, and integers. For 10 points, name these categories for computer data.",types [or data types; accept algebraic types or type systems or generic types or primitive types or classes before mention]
2021 CALISTO 2,8,14,"It’s not Methodism, but four central tenets of this denomination are listed in its Chicago-Lambeth Quadrilateral. This denomination’s Thirty-nine Articles were argued to be compatible with Catholicism in a tract by John Henry Newman, who later converted from this denomination to Catholicism. In this denomination, the canonical hours are called the Daily Office. The phrase (*) “ashes to ashes, dust to dust” originates from this denomination’s Book of Common Prayer. This denomination’s communion includes the Episcopal Church, and its primate is the Archbishop of Canterbury. For 10 points, name this denomination which broke from Rome under the leadership of Henry VIII.",Church of England [or Anglican Church or Anglicanism or Anglican Communion; accept Episcopal Church or Episcopalianism before “Episcopal” is read]
2021 CALISTO 2,8,15,"A consort from this dynasty claimed that she only needed an iron whip, an iron hammer, and a dagger to subdue a horse. The Silla kingdom sought this dynasty’s help in defeating Goguryeo, ending the Three Kingdoms of Korea period. A consort from this dynasty, (*) Yang Guifei, was put to death during a rebellion led by her adopted son. This dynasty was interrupted by the reign of the female emperor Wu Zetian. An Lushan led a rebellion during this dynasty, which succeeded the Sui. For 10 points, name this Chinese dynasty that ruled from 618 to 907 AD and saw the flourishing of poets like Du Fu and Li Bai.",Tang dynasty
2021 CALISTO 2,8,16,"Echoing a similar scene in The Brothers Karamazov, a character in this novel recounts feeding a dog steak embedded with sharp metal. That character from this novel later avenges a soldier who died after contracting gangrene from wearing wooden clogs named Roland Weary. This novel ends with a bird chirping “Poo-tee-weet” and repeatedly juxtaposes images of death with the phrase (*) “so it goes.” The protagonist of this novel becomes trapped in an alien zoo after he is kidnapped by Tralfamadorians. In this novel, the protagonist witnesses a firing squad execute Edgar Derby after Dresden is firebombed. For 10 points, name this novel in which the World War II veteran Billy Pilgrim travels through time, written by Kurt Vonnegut.","Slaughterhouse-Five [or Slaughterhouse-Five, or the Children’s Crusade: A Duty-Dance with Death]"
2021 CALISTO 2,8,17,"Bonds between two atoms of this element are formed during the oxidation of a certain tripeptide antioxidant from its GSH form to its GSSG form. Rieske proteins and aconitase are proteins which contain a complex in which this nonmetal is bound to iron. The enzyme PDI is used during protein folding to create (*) “bridges” between two atoms of this element. The only two amino acids that contain this element are methionine and cysteine. Analogues of hydroxides that contain this element in place of oxygen are known as thiols. For 10 points, name this element with atomic number 16 whose compound with hydrogen smells like rotten eggs.",sulfur [accept S]
2021 CALISTO 2,8,18,"This general provoked outcry from the British government after capturing and executing Alexander Arbuthnot (“ARE-buth-not”) and Robert Ambrister. This general forced the cession of 23 million acres of land in a treaty signed at a fort named for him. This general ended the Creek War by decisively defeating the Creek at the Battle of (*) Horseshoe Bend. Jean Lafitte (“LA-feet”) assisted this general during a battle which took place 18 days after the Treaty of Ghent was signed. This general, who won the Battle of New Orleans, was nicknamed “Old Hickory.” For 10 points, name this general who defeated John Quincy Adams in 1828 to become the first Democratic president.",Andrew Jackson
2021 CALISTO 2,8,19,"Members of this organization inexplicably wield guns to extort a secret from a shopkeeper in a redacted episode of the show they appear in. Butch and Cassidy are part of a squad in this organization. The boss of this organization owns an amusement park island featuring giant creatures. Chimecho and (*) Wobuffet occasionally accompany three members of this organization, which is led by Giovanni. A bumbling trio in this organization introduce themselves by saying “Prepare for trouble / And make it double” and they “blast off again” at the end of each episode. For 10 points, Jessie, James, and Meowth are part of what evil organization in the Pokemon anime?",Team Rocket [or Roketto-dan]
2021 CALISTO 2,8,20,"In this musical, a character with an all-white costume performs a developpé in a “coming of age” solo and later dances a pas de deux (“PAH de DOO”). A song in this musical repeatedly asks questions like, “Are you tense when you sense there’s a storm in the air?” Another song in this musical includes the lyric, “The street lamp dies, Another night is over / Another day is dawning.” In this musical, the henchmen of (*) Macavity kidnap Old Deuteronomy, but he returns soon after when he is conjured by Mr. Mistoffelees. At the end of this musical, Grizabella ascends to the Heaviside layer after singing the song “Memory.” For 10 points, name this musical about a tribe of felines.",Cats
2021 CALISTO 2,9,1,"In a story set during this event, the infant Magda screams after a shawl is taken from her. A chemist contemplates the difference between the “drowned” and the “saved” in a book set during this event. In another book set during this event, Mrs. Schächter (“SHECK-ter”) repeatedly claims that she can see fire in the distance. People are represented as (*) cats and mice in a graphic novel about this event by Art Spiegelman. The memoir If This Is a Man is set during this event, as is a book in which the townspeople of Sighet ignore warnings given by Moishe the Beadle. For 10 points, Night by Elie Wiesel describes life during what genocide of Jews during World War II?",the Holocaust [or the Shoah; prompt on World War II or WWII or the Second World War before “World War II”]
2021 CALISTO 2,9,2,"The Kingdom of Mapungubwe controlled the trade of ivory and this resource in southern Africa until it was overtaken by the Kingdom of Zimbabwe. The ancient Egyptian word for this resource, nbw (“na-baw”), may be the source of the name of Nubia, which contained much of it. Camel caravans brought a different resource from sites like Taghaza to trade for this resource in cities like (*) Djenne. The market for this resource in Cairo crashed when Mansa Musa brought copious amounts of it with him on his hajj. The Trans-Saharan trade route for salt and this resource was fought over by empires like Songhai, Ghana, and Mali. For 10 points, name this precious metal with a yellow color.",gold
2021 CALISTO 2,9,3,"Pelagianism holds that this thing does not significantly affect free will, unlike Jansenism, which holds that this thing completely removes free will. Because of this thing, Old Testament figures like David were in the Limbo of the Patriarchs before the Harrowing of Hell. Augustine wrote that infants who die before (*) Baptism are condemned because they are not free from this thing. The doctrine of the immaculate conception holds that Mary was conceived without this thing. The Catholic Church defines this thing as human’s natural tendency towards evil stemming from the Fall of Man. For 10 points, name this state of taintedness that all humans inherit from Adam and Eve.",original sin [prompt on sin or ancestral sin]
2021 CALISTO 2,9,4,"The time derivative of this quantity plus the divergence of the product of this quantity and flow velocity is zero, according to the continuity equation. This quantity times the characteristic velocity and characteristic length all over dynamic viscosity gives the Reynolds number. This quantity is constant when the divergence of a fluid’s velocity is zero, in which case the fluid is (*) incompressible. This quantity times gravitational acceleration times displaced volume gives the buoyant force according to Archimedes’ principle. This quantity symbolized rho is higher for water than oil, which is why they separate when mixed. For 10 points, name this quantity equal to mass per unit volume.",density [or mass density]
2021 CALISTO 2,9,5,"The spiral bronze columns of one sculpture in this city depict a coat of arms consisting of bees and suns. A hidden window behind a pediment allows natural light to shine on a sculpture located in this city’s Cornaro Chapel. This city’s Piazza Navona is the site of a fountain containing an obelisk surrounded by allegorical figures representing four (*) rivers. This city houses a sculpture of an angel pointing a spear toward the heart of a nun, The Ecstasy of Saint Teresa, which was designed by Gian Lorenzo Bernini. Nicola Salvi sculpted this city’s Trevi Fountain. For 10 points, the St. Peter’s Basilica is located in what Italian city that also contains the Colosseum?","Rome [or Roma; prompt on Vatican City by asking, “in what city is Vatican City located?”]"
2021 CALISTO 2,9,6,"During a lecture, a character in this country distinguishes “usurp” from “usurp upon” as found in the Mont Blanc passage of Wordsworth’s The Prelude. The protagonist of a novel from this country is set on fire by three men who assault his daughter Lucy. The student Melanie Isaacs is raped by her professor David Lurie in a novel from this country titled (*) Disgrace. Absalom Kumalo is executed for murdering Arthur Jarvis in Cry, the Beloved Country, a novel from this country by Alan Paton. A leader of this country wrote the autobiography Long Walk to Freedom and would recite the poem “Invictus” while in prison. For 10 points, name this home country of Nelson Mandela.",South Africa [or Republic of South Africa or RSA]
2021 CALISTO 2,9,7,"The brutal occupation of one region during this war was known as the “Greater Wrath.” Johann Patkul was executed by one side in this war for treason. The Treaty of Altranstädt resulted in Augustus the Strong losing his throne in the middle of this war. The king of one side in this war was killed during the Siege of (*) Fredriksten. That king’s forces had earlier defeated an army four times their size at the Battle of Narva. The Treaty of Nystad ended this war, during which Charles XII’s forces were defeated at the Battle of Poltava. For 10 points, name this war in which Russia and its allies decisively defeated the Swedish Empire.",Great Northern War
2021 CALISTO 2,9,8,"A high value for a molecule’s log Kow (“log K-O-W”) indicates that the molecule has this property. Molecules with this property dominate the organic layer in liquid-liquid extraction. The interior portion of micelles that form in aqueous solutions have this property. Because compounds with this property cannot form (*) dipole-dipole interactions, dispersion forces tend to be their strongest intermolecular interaction. Solutes with this property do not dissolve easily in water according to the principle that “like dissolves like.” Molecules that do not possess a net dipole exhibit, for 10 points, what property, exhibited by molecules that share charge evenly?",non-polar [accept hydrophobic or lipophilic]
2021 CALISTO 2,9,9,"In one story, a king of Thebes insults this deity as a “foreign effeminate,” possibly referencing the fact that this deity’s cult may have originated in the Zagros mountains. This god’s mystery cult centered on an annual festival during which the tragedies of Aeschylus and Sophocles premiered. The retinue of this god, his (*) thiasus, was composed of thyrsus-carrying maenads and satyrs. This god has the epithet “twice-born” since he was sewn into Zeus’s thigh after Zeus revealed his true form to this god’s mother Semele. For 10 points, name this Greco-Roman god of madness, festivities, and wine.",Dionysus [accept Bacchus]
2021 CALISTO 2,9,10,"Cases 1000 and 2000 are corruption and bribery cases brought against a leader in this country. A party in this country founded in 2019 which is led by a former army chief of staff is named after the colors of this country's flag. Another party in this country which is led by Mansour Abbas and holds only four seats in the legislature was the last to join a 2021 electoral coalition. In 2021, (*) Naftali Bennett was sworn in as this country’s prime minister in the fourth election in two years. This country’s parliament, the Knesset, was long controlled by the Likud party. For 10 points, name this country which was led from 2009 to 2021 by Benjamin Netanyahu.",Israel [or State of Israel or Medinat Yisra’el]
2021 CALISTO 2,9,11,"Past values of this quantity are reconstructed from the ratio of oxygen-18 to oxygen-16 in ice and sediment cores. Though it’s not concentration, rapid rises in this quantity may be explained by the clathrate gun hypothesis. Changes in this quantity are accelerated by ice-albedo (“al-BEE-doh”) feedback. This quantity could be decreased through stratospheric aerosol injection and other (*) geoengineering techniques. Polar amplification is making this quantity increase fastest in the Arctic, causing a decline in the amount of sea ice. For 10 points, name this quantity that’s rising globally due to the greenhouse effect.",global average temperature [or global surface temperature or global annual temperature; accept air temperature or sea surface temperature or temperature anomaly; prompt on SST]
2021 CALISTO 2,9,12,"One player of this instrument included “Judas” and “Earth to Heaven” on the album Emily’s D+Evolution. Another musician played a modified version of this instrument “of Doom.” Players of this instrument include Esperanza Spalding, Jaco Pastorius, and one who depicted mankind’s progression from hominid roots in “Pithecanthropus Erectus.” That player of this instrument, who included “Goodbye Pork Pie Hat” on his album (*) Mingus Ah Um, was Charles Mingus. Piano, drums, guitar, and this instrument make up a typical rhythm section, where it is often used to play a “walking” accompaniment line. For 10 points, name this low-pitched string instrument.",bass [accept electric bass or bass guitar; accept double bass or string bass or upright bass]
2021 CALISTO 2,9,12,"This novel’s Japanese translator, Hitoshi Igarashi, was murdered after this novel was condemned as “against Islam, the Prophet of Islam, and the Quran.” For 10 points each:",The Satanic Verses
2021 CALISTO 2,9,13,"The protagonist of this novel works briefly writing perfume ads in New York City. After discovering an affair with the Russian driver whose taxi they are in, the protagonist of this novel divorces his wife Valeria. The events of this novel are presented as a memoir titled The Confessions of a White Widowed Male with a foreword by Dr. John Ray, Jr. (*) Charlotte is struck and killed by a car after discovering the protagonist’s diary in this novel. The author of the play The Enchanted Hunters, the dramatist Clare Quilty, is shot and killed in revenge for abducting Dolores Haze in this novel. For 10 points, name this novel about the pedophile Humbert Humbert, written by Vladimir Nabokov.",Lolita
2021 CALISTO 2,9,14,"Political prisoners in this country were held in a labor camp located on the island of Goli Otok. A leader of this country promoted the slogan “Brotherhood and unity” among this country’s various ethnic groups. This country became a republic after its last king, Peter II, was deposed following World War II. A leader of this country initiated its (*) Informbiro period following a split with the Soviet Union. That leader of this country served as the first chairman of the Non-Aligned Movement, of which this country was the only European founding member. This country was led by Slobodan Milosevic during its violent breakup in the 1990s. For 10 points, Josip Broz Tito led what former country located in the Balkans?",Yugoslavia [or Socialist Federal Republic of Yugoslavia or Kingdom of Yugoslavia]
2021 CALISTO 2,9,15,"Johann Maria Farina created one of these products that was so heavily counterfeited its name now refers to the grade of these products below EdP and EdT. These products are divided into families like fougère (“foo-ZHARE”) and chypre (“cheaper”) based on the accords formed by their head, heart, and base notes. Animal-based substances used to make these products include castoreum, (*) ambergris, and musk. Classifications of these products based on oil content include “extrait” (“ex-TRAY”) and “Eau de Toilette.” Ernest Beaux made heavy use of aldehydes for a floral example of these products called Chanel No. 5. For 10 points, name these products like Eau de Cologne which a person may wear to smell nice.",perfumes [accept fragrances or parfum; accept cologne or eau de Cologne before “Cologne” is read]
2021 CALISTO 2,9,16,"In this work, a metal statue of an Old Man of Crete cries from a crack in its head. At the end of this work, the narrator “came forth to look again at the stars” after emerging from a mountain in the Southern Hemisphere. An inscription on a gate in this poem reads, “Abandon all (*) hope, ye who enter here.” This poem opens “in the middle of the journey of our life” as the narrator “comes to himself in a dark wood” and is confronted by a leopard, a lion, and a she-wolf. In this poem, the ghost of Vergil guides the narrator through a realm with nine circles. For 10 points, name this section of the Divine Comedy in which Dante is guided through Hell.",Inferno [prompt on Divine Comedy or Divina Commedia by asking “Which section?”]
2021 CALISTO 2,9,17,"Discrete trial training is a common intervention for children with this condition. People with this condition sometimes refer to themselves in the second or third person, which is called pronoun reversal. Simon Baron-Cohen theorized that people with this condition have a much higher systematic quotient than empathy quotient. Bruno Bettelheim promoted the false view that this condition was caused by parental (*) coldness. Most people with this condition display a special interest in a narrow topic. A “high-functioning” type of this condition was once known as Asperger’s syndrome. For 10 points, name this developmental disorder that impairs communication skills and has a namesake “spectrum.”",autism spectrum disorder [or ASD; accept Asperger’s syndrome until “high-functioning” is read]
2021 CALISTO 2,9,18,"This mountain range’s Mount Manaraga lies within the Yugyd Va (“you-gid VAH”) national park, which is part of the Virgin Komi Forests. A language family named for this mountain range includes the proposed Ugric branch. Small pelmeni dumplings, which are frozen outdoors for storage, originate in this mountain range. This mountain range is the western limit of the native range of the (*) sable. Streams on the eastern slopes of this range drain into the Kara Sea via the Ob River. The archipelago Novaya Zemlya extends the northern part of this range, which stretches south to Kazakhstan north of the Aral Sea. For 10 points, name this mountain range that separates Europe and Asia.",Ural Mountains [or Urals or Uralskie Gory; accept Uralic languages]
2021 CALISTO 2,9,19,"The HER2 (“hur-two”) receptors on some cells with this condition are targeted by trastuzumab (“trass-TOO-zoo-mab”), branded as Herceptin (“hur-SEP-tin”). This condition may involve modifications to landscaper, gatekeeper or caretaker genes. The observation that cells with this condition rely on fermentation instead of aerobic respiration is called the Warburg effect. The proteins pRb and (*) p53 suppress the development of this condition. Cervical cells with this condition were non-consensually harvested to form the HeLa (“hee-lah”) cell line. Cells with this condition can metastasize to new parts of the body, requiring chemotherapy to kill. For 10 points, name this condition of uncontrolled cell replication that results in tumors.",cancer [or being cancerous; accept breast cancer or cervical cancer]
2021 CALISTO 2,9,20,"This person’s leadership style in one organization was partially influenced by the Synanon cult. This person alienated Philip Vera Cruz and Filipino Americans over his support for Ferdinand Marcos. This activist was arrested after protesting a set of contracts negotiated by the Teamsters in the Salad Bowl Strike. During his 25-day fast, this activist’s organization began to use a slogan translating to (*) “yes, we can.” This activist founded that organization with Dolores Huerta, with whom he led a march from Delano to Sacramento during a strike by grape pickers. For 10 points, the United Farm Workers was founded by what Mexican-American labor activist?",Cesar Chavez [or Cesar Estrada Chavez]
2021 CALISTO 2,10,1,"According to legend, a “watcher” in a Ford pickup truck protects the indestructible Devil’s tree in this state. Many horror films have been filmed at the abandoned Essex County Hospital Center in Cedar Grove in this state. This state’s Pine Barrens are supposedly inhabited by a monster known as this state’s (*) “devil.” Because another state has a border partially forming a twelve-mile circle, this state owns no islands in the Delaware River. This state disputed ownership of Ellis Island with a northern neighbor until 1998. The George Washington Bridge connects this state to Manhattan. For 10 points, name this state governed from Trenton.",New Jersey [accept Jersey]
2021 CALISTO 2,10,2,"In one painting by this artist, a green dress strung between a toilet and trophy hangs in front of skyscrapers. Another painting by this artist shows a naked girl holding a ribbon that makes a family tree with her parents and grandparents. In one painting, this artist’s face replaces the face of a deer with arrows lodged in its hide. This artist’s spine is replaced by the title (*) Broken Column in a painting she made after a bus accident that caused her chronic pain. Two versions of this artist hold hands with each other in a painting she made shortly after her divorce with Diego Rivera. For 10 points, name this Mexican artist whose self portraits feature her unibrow.",Frida Kahlo
2021 CALISTO 2,10,3,"Sequences where the value of one term is equal to this quantity for the next term are called “martingales.” The moment-generating function of a random variable X is computed by finding this quantity for “e to the t X”. For a random variable x with PDF f of x, this quantity equals [read slowly] “the integral from minus infinity to infinity of x times f of x dx.” The law of large numbers states that for a large number of trials, the (*) mean result will approach this value. When rolling a six-sided die, this value for the outcome is 3.5 (“3 point 5”). For 10 points, name this term for the average predicted value of a random variable, often denoted “E of X.”",expected value [or expectation; accept just expected after “value” is read; accept EV; accept conditional expectation; accept mean or average before “mean” but prompt afterwards; accept E(X) (“E of X”) before it is read]
2021 CALISTO 2,10,4,"The Battle of Golden Hill broke out after sticks topped with Phrygian caps put up by this organization were repeatedly cut down. This organization met underneath an elm tree from which they hung a boot in protest of Lord Bute. The Loyal Nine, a predecessor to this organization, hung Andrew Oliver in effigy and raided Lieutenant Governor (*) Thomas Hutchinson’s house while protesting a certain piece of legislation. This organization was founded by Samuel Adams, who ran its Boston branch. For 10 points, name this organization that carried out the Boston Tea Party.",Sons of Liberty [accept the Loyal Nine before “The Loyal Nine” is read]
2021 CALISTO 2,10,5,"The protagonist of this novel is stopped from saving a drowning man by a character who claims that the harbor was made for the victim to drown in. After shooting two monkeys, the protagonist of this novel is kidnapped by the cannibalistic Oreillons. A pirate steals red sheep carrying gold from this novel’s protagonist while leaving (*) El Dorado. After being kicked out of the castle Thunder-ten-Tronckh, the protagonist of this novel survives the 1755 Lisbon earthquake. This novel’s title character is told that humans live in the “best of all possible worlds” by his tutor Pangloss. For 10 points, name this satirical novel by Voltaire.","Candide [or Candide, or Optimism or Candide, ou l'Optimisme]"
2021 CALISTO 2,10,6,"The decline of this country’s industrial sector in the mid-18th century is derisively known as the “Periwig Era.” This country’s colonial ventures were overseen by companies operated by the 19 Gentlemen and 17 Gentlemen. This country’s financial innovations included hosting the first publicly traded company and the first (*) stock exchange. This country expanded its farmland and created a vast system of polders using windmills. In the 1630s, a speculative bubble drove up the price of tulips in this country, then collapsed dramatically. For 10 points, name this European country whose stock exchange was hosted in Amsterdam.",The Netherlands [or Kingdom of the Netherlands or Nederland or Koninkrijk Nederlanden accept Dutch Republic or Republic of the Seven United Netherlands or United Provinces of the Netherlands]
2021 CALISTO 2,10,7,"In a film by this director, a soldier plays with a flare that emits purple smoke before his group is shot at by unseen enemies hiding in foliage. In another film by this director, a man squeezes his brother’s temples and says, “I know it was you… You broke my heart. You broke my heart!” This director directed a film in which shots of a man’s rivals being assassinated are interspersed with shots of his son’s (*) baptism. A fleet of helicopters plays “The Ride of the Valkyries” as they attack a village in this director’s Heart of Darkness-inspired film about the Vietnam War. For 10 points, name this director of Apocalypse Now and The Godfather.",Francis Ford Coppola
2021 CALISTO 2,10,8,"In special relativity, the component of this quantity parallel to the direction of motion is scaled by a factor of gamma cubed. In systems where this quantity is always antiparallel to position, this quantity is called central. If this quantity can be written as the negative spatial derivative of potential energy, it is (*) conservative. For a spring, this quantity equals “minus the spring constant times displacement,” according to Hooke’s law. Vectors of this quantity are represented as arrows on a free body diagram. For 10 points, name this quantity which Newton’s second law equates to mass times acceleration.",force [accept central force or conservative force or restoring force; prompt on F]
2021 CALISTO 2,10,9,"Avicenna argued that something which has this property necessarily must also be simple and good. In metaphysics, nominalism holds that this property only applies to particulars, not to universals. The monk Gaunilo imagined an island that clearly lacks this property to refute an argument in the Proslogion. That argument was put forth by (*) Anselm of Canterbury and claims that “that which nothing greater can be conceived” must have this property. Materialists believe that only physical things have this property. For 10 points, the cosmological, teleological, and ontological arguments are used by theists to argue that God has what property?",existence [or being or word forms like existing; accept reality and word forms like real]
2021 CALISTO 2,10,10,"A clay bas-relief of this figure, sculpted by Henry Wilcox in his sleep, sparks an investigation in which Professor Angell finds high rates of disturbing dreams in artists and poets. The Norwegian sailor Johannsen describes stumbling across this figure’s “damp Cyclopean city of slimy green stone.” In a story about this figure, a couplet ending, “And with strange aeons even death may die,” parallels a cult chant translating to “in his house at (*) R’lyeh [this creature] waits dreaming.” This Great Old One inspired a namesake “mythos,” starting with a short story titled “The Call of [this creature].” For 10 points, name this octopus-headed monster created by H. P. Lovecraft.",Cthulhu [accept any reasonable pronunciations like “cuh-thoo-loo” or “too-loo” or “k’too-loo”]
2021 CALISTO 2,10,11,"These groups have the most s character of any group due to their electropositivity according to Bent’s rule. In MO theory, a filled nonbonding molecular orbital is equivalent to one of these groups. Hydrides act as nucleophiles because they possess one of these groups. Organic chemists describe the movement of one of these groups by “pushing” them from the base to the tip of a (*) double-barbed curved arrow. Water has a bent molecular geometry due to the repulsion these groups exert on the hydrogen atoms according to VSEPR (“vesper”) theory. For 10 points, name these groups represented by two dots on a Lewis dot diagram.",electron pairs [accept lone pairs; prompt on pairs; do NOT accept or prompt on “electrons” alone]
2021 CALISTO 2,10,12,"This governor’s Project Roomkey used state funds to provide hotel rooms for homeless people at risk of COVID. In September 2021, this governor signed a bill to allow duplexes on lots zoned single-family-only, SB 9. A candidate who ran against this governor, John Cox, rented a (*) bear to display on the campaign trail. This governor attended a November 2020 birthday party at the restaurant The French Laundry which violated COVID restrictions. Candidates like Kevin Paffrath and Larry Elder were defeated in the September 2021 attempted recall election of this governor. For 10 points, name this current governor of California.",Gavin Newsom [or Gavin Christopher Newsom]
2021 CALISTO 2,10,13,"A holder of this position declared that “the twentieth century belongs to [his country].” A constitutional crisis ensued when one holder of this position was replaced by Arthur Meighen in the King-Byng affair. A different holder of this position faced the Conscription Crisis during the First World War. The Pacific Scandal resulted in the resignation of the first holder of this position, (*) John MacDonald. Later holders of this position included William Lyon Mackenzie King and Pierre Trudeau. For 10 points, name this office whose holder oversees a government based in Ottawa.",Prime Minister of Canada [prompt on Prime Minister by asking “of what country?”; do NOT accept or prompt on “President of Canada”]
2021 CALISTO 2,10,14,"This composer transcribed themes from other composers’ operas for piano solo as loosely structured “paraphrases” and “reminiscences.” The right hand rapidly alternates between two D-sharps an octave apart throughout an etude by this composer. This composer dedicated a set of 12 etudes to his teacher Czerny (“CHAIR-nee”), the fourth of which is titled (*) “Mazeppa.” This composer’s six “Grand Etudes” are adapted from Paganini violin pieces. A collection of 19 virtuosic piano works by this composer features the folk music of his home country Hungary. For 10 points, name this pianist and composer of “La Campanella,” the Transcendental Etudes, and the Hungarian Rhapsodies.",Franz Liszt
2021 CALISTO 2,10,15,"A stage director asks an actress to sing a song about summer in the prologue to a play from this country. After being cursed by a sage, a character in a play from this country is forgotten by her husband. In that play from this country, a fisherman who finds a lost ring enables a king to identify his wife. The story of that play from this country is also found in an epic in which five brothers are exiled after losing a game of (*) dice. An eighteen-day war between the Pandavas and Kauravas occurs in that epic from this country. For 10 points, name this country whose literature includes Shakuntala by Kalidasa and epic poems like the Mahabharata.",India [or Republic of India or Bharat Ganarajya or Hindustan]
2021 CALISTO 2,10,16,"A court ruled that this country’s Urantia Foundation could not hold the copyright to its namesake book because it was written by aliens. Another religion in this country believes that the wheel in Ezekiel’s visions was a UFO called the “Mother Wheel.” In this country, a pair of cult leaders calling themselves Ti and Do led their followers to board a spacecraft behind (*) Comet Hale-Bopp by committing mass suicide. A religion from this country believes the ancient Earth was visited by an alien named Xenu. That religion was founded by L. Ron Hubbard. For 10 points, name this home country of Heaven’s Gate, the Nation of Islam, and Scientology.",United States [or America or US or USA or United States of America]
2021 CALISTO 2,10,17,"In this city, poems by authors such as Alcman were read at a festival in which men danced around naked called the Gymnopaedia. In this city, a council called the apella would debate proposals submitted by its council of elders, the gerousia. The poet Tyrtaeus supported this city’s second war to conquer its neighbors Messenia and Laconia. This city’s law-giver, (*) Lycurgus, is credited with founding its system of military training, the agoge (“a-go-gay”). A class of serfs in this city were called the helots. For 10 points, name this ancient Greek city-state whose king Leonidas was killed along with three-hundred soldiers at the Battle of Thermopylae.",Sparta
2021 CALISTO 2,10,18,"In response to accusations of sexualizing healthcare workers, this band removed a nurse outfit from a scene set to the words “love is a drug that I quit.” One member of this band describes herself as “so sweet, then I get a little angry” on a collaboration with Lady Gaga, “Sour Candy.” This band sings (*) “ice cream, chillin’, chillin’” in the chorus of a collaboration with Selena Gomez that appears on their first album, which is titled The Album. Songs on that album also include “How You Like That” and the number one hit “Lovesick Girls.” For 10 points, Jennie, Rosé, Jisoo, and Lisa are the members of what K-pop band named for two colors?",BLACKPINK
2021 CALISTO 2,10,19,"The narrator of this novel is reminded of Louis Armstrong’s song “Black and Blue” while imagining talking to a slave woman mourning her master’s death. This novel’s narrator is mistaken for a man named Rinehart after attending the funeral of a man who was shot selling dolls on the street. After failing to give a tour to the stakeholder Mr. Norton, the narrator of this novel is sent to New York with fake letters of recommendation by (*) Dr. Bledsoe. At the end of this novel, the narrator kills Ras the Destroyer during the race riot and falls through a manhole into a hidden underground room. For 10 points, name this novel about an unnamed Black man, written by Ralph Ellison.",Invisible Man [do NOT accept or prompt on “The Invisible Man”]
2021 CALISTO 2,10,20,"Organisms engaging in this behavior are theorized to have developed MFO enzymes to reduce susceptibility to secondary metabolites. Chemical defenses against this behavior include alkaloids, tannins, and toxalbumins (“tocks-al-BYOO-mins”). Foregut fermenters use symbiotic bacteria in the hindgut to aid in this behavior, in contrast to ruminants who instead use a four-chambered (*) stomach. Animals that perform this behavior above ground level are known as “browsers,” in contrast with “grazers.” Thorns and cactus spines evolved as defenses against this behavior. For 10 points, name this behavior of consuming plant matter, contrasted with carnivory.",herbivory [accept any answer that indicates consuming or digesting plants before mention; prompt on word forms like herbivores; prompt on any answer indicating consuming or digesting food without specifying that the food is plant matter]
2021 CALISTO 2,11,1,"The column density of this element is low in the Lockman hole. A form of this element is indicated by the Gunn-Peterson trough (“troff”) in the spectra of distant quasars. Absorption lines of this element distinguish Type II (“two”) supernovae from those of type I (“one”). This element is the input to the CNO cycle and the (*) p-p chain. The Paschen and Balmer series are emission lines of this element, which is the main component of the interstellar medium. In stars, this element’s isotope of deuterium is rapidly fused into helium. For 10 points, name this lightest and most abundant element, with atomic number 1.",hydrogen [or H; accept atomic hydrogen or neutral hydrogen or HI (“H-one”)]
2021 CALISTO 2,11,2,"William Walton composed works of this type titled Crown Imperial and Orb and Sceptre for the coronations of British monarchs. Traditionally, the flautists switch to playing piccolo during the “obbligato” solo in the final strain of one of these works. The song “Land of Hope and Glory” adapts the trio section of one of these works often performed at (*) graduation ceremonies. Those works are titled Pomp and Circumstance. American works of this type like “Semper Fidelis” and “The Stars and Stripes Forever” were composed by the “King” of them, John Philip Sousa. For 10 points, name these works frequently performed by military and wind bands to accompany parades.",marches [or military marches]
2021 CALISTO 2,11,3,"Instead of OpenGL, this company uses its own graphics API, named Metal, with its Cocoa native API. This company makes major product announcements at its annual Worldwide Developers Conference. This company began to shift away from using Intel processors in 2020 in favor of its own (*) “silicon,” like the ARM architecture-based M1 chip. “Bionic” chips and Retina displays are recent consumer technology innovations by this company. This company’s current CEO, the first Fortune 500 CEO to come out as gay, is Tim Cook. For 10 points, name this tech company founded by Steve Wozniak and Steve Jobs, which produces the iPhone.",Apple Inc.
2021 CALISTO 2,11,4,"A character in this novel declares that he would rather betray the world than let the world betray him after accidentally killing his father’s blood brother. A southern barbarian chieftain in this novel is captured and released seven times before submitting. Three men in this novel declare that although they were not born on the same day, they seek to die on the same day in the (*) Peach Garden Oath. A strategist “borrows” the east wind to aid fire ships in this novel’s dramatization of Battle of Red Cliffs. For 10 points, name this Chinese novel by Luo Guanzhong fictionalizing the fall of the Han Dynasty and the ensuing standoff between the states of Wei, Shu, and Wu.",Romance of the Three Kingdoms [or Sanguoyanyi; prompt on sanguo; do NOT accept or prompt on “Records of the Three Kingdoms” or “Sanguozhi”]
2021 CALISTO 2,11,5,"A kingdom in this region was dominated for a time by a faction known as the Sarim. That kingdom from this region was home to a research institute known as the Hall of Worthies and was dominated by an elite class known as the yangban. A military commander employed by a kingdom in this region designed so-called (*) “turtle ships” to counter the forces of Toyotomi Hideyoshi; that commander was Yi Sun-Sin. Sejong the Great ruled the kingdom of Joseon, which dominated this region for five centuries. For 10 points, name this region now split between two countries governed from Pyongyang and Seoul.",Korean peninsula [accept South Korea or Republic of Korea or North Korea or Democratic People’s Republic of Korea or Hanguk or Joseon]
2021 CALISTO 2,11,6,"A short story by this author ends with a psychologist watching “vultures… dropping down” while checking up on a family in the “Happylife Home.” In that story by this author, Peter and Wendy lock their parents in an autonomous nursery, where they are eaten by lions. This author of “The Veldt” wrote a novel in which the protagonist memorizes lines from the Book of (*) Ecclesiastes. In that novel by this author, the protagonist meets up with the former professor Faber before escaping Captain Beatty’s mechanical hounds. For 10 points, name this author who wrote about the book-burning fireman Guy Montag in the novel Fahrenheit 451.",Ray Bradbury [or Ray Douglas Bradbury]
2021 CALISTO 2,11,7,"Because he believes it will increase personal liberty, this system of government is advocated by Curtis Yarvin, who is also known as Mencius Moldbug. Robert Filmer’s argument for this system of government based on the life of Adam is refuted in John Locke’s First Treatise. Only this system of government can prevent a “war of all against all” according to (*) Thomas Hobbes’ Leviathan. The European belief that this system is justified by an inalienable “divine right” contrasts with the Chinese belief in a revocable “Mandate of Heaven.” For 10 points, there are constitutional and absolute varieties of what system of government based on a single ruler, often a king or queen?",monarchy [accept constitutional monarchy or absolute monarchy; prompt on autocracy]
2021 CALISTO 2,11,8,"Fluorescence can be introduced into this compound by tagging it with intercalating agents like acridine orange and ethidium bromide. S-adenosyl methionine donates methyl groups to CpG sites located in this compound. Chargaff’s rules can be used to determine the melting temperature of this compound because one pair of its subunits has (*) three hydrogen bonds while the other purine-pyrimidine pair has only two. Photo 51 is a photo of this compound that was taken using X-ray crystallography by Rosalind Franklin before Francis and Crick modeled this compound in 3D. For 10 points, thymine is contained in what two-stranded nucleic acid whose structure is a double helix?",DNA [or deoxyribonucleic acid]
2021 CALISTO 2,11,9,"This city’s MLB ballpark had a slope in center field called Tal’s Hill that was removed in 2016. This city was nicknamed “Clutch City” after its NBA team came back from 0-2 down in the playoffs against the Suns, eventually defeating the Patrick Ewing-led Knicks in the finals. (*) George Springer won the World Series MVP for this city’s MLB team in 2017, before the discovery that the team cheated during the season by illegally stealing signs and banging on a trash can to warn of opponents’ upcoming pitches. In 2021, the Brooklyn Nets traded for James Harden from this city’s NBA team. For 10 points, name this city home to MLB’s Astros and the NBA’s Rockets.",Houston [accept Houston Astros or Houston Rockets]
2021 CALISTO 2,11,10,"The death of Bogislaw XIV during this war resulted in one belligerent annexing his state under the Treaty of Stettin. The War of the Mantuan Succession was a part of this larger conflict which featured the brutal sack of Magdeburg. The Treaty of Lübeck ended Christian IV’s involvement with one side in this war. Count Tilly won the battle of (*) White Mountain during this war’s Bohemian phase, which began after Ferdinand II’s representatives were thrown out of a window in the Second Defenestration of Prague. For 10 points, what large European war between Catholic and Protestant forces was ended by the Peace of Westphalia after three decades of fighting?",Thirty Years’ War
2021 CALISTO 2,11,11,"These compounds can be selectively oxidized by either pyridinium chlorochromate or sodium dichromate depending on whether the desired product is an aldehyde or a carboxylic acid. One of these compounds is toxic because a dehydrogenase oxidizes it to produce formic acid instead of the intended product acetaldehyde. It is difficult to purify one of these compounds past 96% because it forms an (*) azeotrope with water during distillation. The primary ingredient in many disinfectants is a type of these compounds named “isopropyl.” For 10 points, name these compounds which contain an -OH group and include methanol and ethanol.","alcohols [accept hydroxyls, accept isopropyl alcohol, prompt on methanol or ethanol by asking “what more general class of compounds is that a part of”]"
2021 CALISTO 2,11,12,"One painting from this movement depicts a bunch of grapes resting on a checkered tablecloth above a copy of Le Journal. The “crystal” form of this movement was promoted by artists like Juan Gris. A portrait from this movement depicts the artist’s lover Dora Maar with her cat. It’s not Fauvism, but Louis Vauxcelles accidentally coined the name of this movement while making fun of Houses at L’Estaque by (*) Georges Braque. A lightbulb is seen above a screaming horse in one painting from this movement that depicts a bombing in the Spanish Civil War, Guernica. For 10 points, name this art movement co-founded by Pablo Picasso that depicted scenes using basic geometric shapes.",Cubism [accept Analytic Cubism or Synthetic Cubism or Crystal Cubism]
2021 CALISTO 2,11,13,"Among this monarch’s early reforms was the consolidation of the Hermandad police force under the crown. This monarch’s position was secured against a rival relative after the Battle of Toro. This monarch’s advisor Tomás de Torquemada was appointed to head one institution originating in this monarch’s realm. This (*) mother of Juana the Mad conquered the kingdom of Granada and, along with her husband, expelled all Jews from their lands through the Alhambra Decree. This monarch and her husband also sponsored Christopher Columbus’ voyages to the New World. For 10 points, name this wife of Ferdinand of Aragon and co-ruler of a united Spain.",Isabella I of Castile [or Isabel I]
2021 CALISTO 2,11,14,"In one poem, this author remarked, “to die is different from what any one supposed, and luckier.” The phrase “the sea whisper’d me” concludes a poem by this author in which a mockingbird mourns the death of its mate. This author’s “Calamus” poems include several explicit passages describing sexual love between (*) men. This author of “Out of the Cradle Endlessly Rocking” declared, “I sound my barbaric yawp over the roofs of the world” in a poem that begins “I celebrate myself, and sing myself.” For 10 points, name this American poet who included “Song of Myself” in his collection Leaves of Grass.",Walt Whitman
2021 CALISTO 2,11,15,"In one work, policemen sing “tarantara” as members of this profession shout “With Cat-Like Tread, Upon Our Prey We Steal.” In an opera, a character sings “it is, it is a glorious thing” to be this profession’s king. In that opera, after Ruth mishears her instructions, she indentures Frederic to this profession until his (*) 21st birthday. A man introduces himself to these people with a song claiming he can write “a washing bill in Babylonic cuneiform.” That character from an opera titled for these people declares “I Am the Very Model of a Modern Major-General.” For 10 points, name these characters from a Gilbert and Sullivan opera that terrorize the coasts of Penzance.",pirates [accept The Pirates of Penzance]
2021 CALISTO 2,11,16,"This person introduced the discovery doctrine, which held that the United States could lay claim to Native American-owned land that was originally ‘discovered’ by European colonial powers. This person ruled that the Supreme Court could not constitutionally issue a writ of mandamus, preventing (*) “midnight judges” from taking office. Andrew Jackson reportedly said “now let him enforce it” in response to this judge’s ruling defending Native American tribal sovereignty in Worcester v. Georgia. For 10 points, name this Supreme Court chief justice who introduced judicial review with his opinion in the case Marbury v. Madison.",John Marshall
2021 CALISTO 2,11,17,"For three intersecting segments inside one of these shapes, the butterfly theorem says their intersecting point is the midpoint of a new, generated segment. The distance from a point to the perimeter of one of these shapes is given by the power of a point theorem. One of these shapes that passes through nine special points can be constructed for every triangle. Constructing a square with the same (*) area as one of these shapes is impossible because pi is transcendental. A segment whose endpoints lie on one of these shapes is called a chord. For 10 points, name these shapes which consist of all points equidistant from their center and have an area equal to pi r-squared.",circles
2021 CALISTO 2,11,18,"The peel of the yuzu fruit, salt, and one kind of this food form Japanese yuzukosho paste, often used to augment miso soup. A sauce using the piri piri kind of this food is central to some dishes from African former Portuguese colonies. Prik kee noo is a kind of this food used in Thai cuisine nicknamed “mouse dropping” or (*) “bird’s eye.” The New Mexico group of types of this food contains the Hatch and Pueblo varieties. A dish named for being relleno, or stuffed, often uses the poblano variety of this food. The Carolina Reaper kind of this food has very high capsaicin levels. For 10 points, serranos and jalapeños are types of what spicy food?",chile peppers [or chili peppers or chile or chili; do not accept or prompt on “bell peppers”]
2021 CALISTO 2,11,19,"One hero from this country’s myth performs the salmon-leap to reach the home of a warrior so he can learn weaponry. A beautiful woman elopes with a man with a love-spot on his forehead despite agreeing to marry a hero from this country. The story about Grainne and her lover is narrated by the son of that hero from this country, the bard (*) Oisín (“oh-SHEEN”). Another hero from this country’s myth defeats the attacking forces of Queen Medb (“mayv”) at the Cattle Raid of Cooley. One hero from this country burns his thumb while cooking the Salmon of Knowledge, as recounted in the Fenian Cycle. For 10 points, name this home country of Cu Chulainn (“koo koo-lin”) and Finn MacCool.",Ireland [or Republic of Ireland or Éire or Airlann; accept Northern Ireland]
2021 CALISTO 2,11,20,"In a novel by this author, the narrator compares her life to a branching fig tree while at the United Nations Headquarters. In a poem by this author, the speaker addresses a figure with a “brute heart” who has “a cleft in [his] chin instead of [his] foot.” A character created by this author befriends Doreen while at an internship with the magazine (*) Ladies’Day . A poem by this author begins with the repeated phrase “you do not do.” In that poem by this author, the speaker exclaims, “you bastard, I’m through,” to the title man who has a “Meinkampf look.” For 10 points, name this author who depicted Esther Greenwood in The Bell Jar and wrote the poem “Daddy.”",Sylvia Plath [or Victoria Lucas]
2021 CALISTO 2,12,1,"This book includes a drink recipe with ingredients like “Fallian marsh gas” and “Ol’ Janx Spirit.” A book within this book explains the slang phrase “There’s a frood who really knows where his towel is.” A Nutri-Matic machine in this novel that produces a liquid “almost, but not quite, entirely unlike tea” is found alongside the peppy computer Eddie and the depressed robot Marvin on the spaceship Heart of Gold. In this novel, a (*) Vogon ship picks up Ford Prefect and Arthur Dent after destroying Earth to make way for a hyperspatial express system. For 10 points, name this Douglas Adams novel in which the answer to “Life, the Universe, and Everything” is revealed to be 42.",The Hitchhiker’s Guide to the Galaxy
2021 CALISTO 2,12,2,"This artist painted himself holding a sword in his armpit in his Self Portrait as the Apostle Paul. This artist holds brushes and a palette in a self portrait that shows him standing in front of two circles. This artist used a brothel as the setting of a painting which depicts himself as the prodigal son along with his wife (*) Saskia. In another painting by this artist, a doctor uses a pair of forceps to pull up the tendons of a corpse’s dissected arm. This artist applied so many layers of varnish to his group portrait of The Shooting Company of Frans Banning Cocq that it now seems like it is set at night. For 10 points, name this Dutch painter of The Anatomy Lesson of Dr. Nicolaes Tulp and The Night Watch.",Rembrandt [or Rembrandt Harmenszoon van Rijn]
2021 CALISTO 2,12,3,"The kingdoms of Kuba and Luba flourished in a modern-day country with this name during the 17th century. A kingdom with this name was ruled by Afonso I, who sought to convert it to Catholicism and denounced Portuguese involvement in his realm’s slave trade. In a colony with this name, the Force Publique cut off the (*) hands of native laborers who did not meet their rubber quotas. A modern-day country with this name was seized by King Leopold II of Belgium in the 19th-century Scramble for Africa. For 10 points, give this name shared by a “Republic” and a “Democratic Republic” in Central Africa.",Congo [accept Democratic Republic of the Congo or Republic of Congo or Kingdom of Kongo or Congo Free State or Belgian Congo]
2021 CALISTO 2,12,4,"One of this planet’s moons has a landscape of uniform circular depressions that likely formed through diapirism (“dye-AP-eer-izm”). A type of exoplanet called a “mini-[this planet]” occupies the upper mass range of a “super-Earth.” Solar system bodies called “trans-[this planet]” objects orbit between 30 and 50 AU (“A-U”) from the Sun. Urbain Le Verrier (“ur-bahn luh vayr-yay”) calculated the (*) position of this planet from perturbations in another planet’s orbit. Voyager 2 discovered a large anticyclone on this planet called the Great Dark Spot. This planet’s largest moon is Triton. For 10 points, name this eighth and farthest planet from the Sun.",Neptune [accept mini-Neptunes or trans-Neptunian objects; prompt on TNOs] (The first sentence refers to Triton’s cantaloupe terrain.)
2021 CALISTO 2,12,5,"Jonah 2:8 claims that those who engage in this practice “forsake the hope of steadfast love.” John of Damascus’ arguments that a certain practice was not an example of this practice were accepted at the Second Council of Nicaea (“nigh-SEE-uh”). In Islam, the only sin that will not be forgiven without repentance is this practice, which is called shirk. In the 8th century, Byzantine Emperor (*) Leo III banned a dif erent practice on the grounds that it was an example of this practice. Moses breaks the two Tablets of the Law when he sees his people performing this practice with a golden calf. For 10 points, the First Commandment forbids what practice in which people worship things that are not God?",idolatry [or any answers involving idols; accept polytheism; prompt on descriptions such as praying to statues or worshiping things other than God; do NOT accept or prompt on “venerating icons” or other answers involving icons] (The Second Council of Nicaea resolved the iconoclast controversy.)
2021 CALISTO 2,12,6,"In 2020, seventeen-year-old Darnella Frazier won a PEN prize for filming video in this state. A thousand people have been arrested protesting the Line 3 pipeline going through Anishinaabe land in this state. In April 2021, a police officer in this state claimed to accidentally pull a gun instead of a taser, leading to the murder of (*) Daunte Wright. Nancy Pelosi drew criticism for saying a man “sacrificed his life for justice” after a trial in this state. Eight minutes and forty-six seconds became a national symbol of racism after a man in this state was killed in 2020 by Derek Chauvin. For 10 points, name this state where George Floyd was murdered in Minneapolis.",Minnesota
2021 CALISTO 2,12,7,"An innovative attention model for this kind of data without use of a recurrent neural network underlies the “transformer” model. Embeddings are most often used to decrease the dimension of this kind of data. A “bag” model of this kind of data is less sophisticated than n-gram models. Statistical models of this kind of data may have steps to perform tagging, tokenization, and stemming. (*) GPT-3 generates very realistic data of this kind. Regular expressions parse this kind of data, and concatenation combines it. This kind of data might be represented as arrays of bytes encoded in ASCII. For 10 points, name this kind of data held in strings that consist of characters.",textual data [accept strings before mention or any descriptions referring to written words; reject answers referring to spoken words]
2021 CALISTO 2,12,8,"In a novel by this author, villagers put out a house fire but then destroy the house while chanting, “Merricat, said Constance, would you like a cup of tea?” One of this author’s characters wonders, “Why don’t they stop me?” as she drives into a tree, and sees “HELP ELEANOR COME HOME” scrawled on the wall of the title mansion. A saying ending (*) “corn be heavy soon” is used in a story by this author to justify a ritual involving Mr. Summers’ black box. This author of We Have Always Lived in the Castle and The Haunting of Hill House ended a story with screams of “It isn’t fair, it isn’t right” as Tessie Hutchinson is stoned to death. For 10 points, name this author of “The Lottery.”",Shirley Jackson
2021 CALISTO 2,12,9,"This woman bought a small farm in Auburn owned by Frances Seward, which she later converted into a nursing home. A non-chronological biography titled “Scenes in the Life of [this woman]” recounts how this woman’s narcolepsy was induced by a blow to the head with an iron weight as a teenager. This woman led the (*) Combahee River Raid and served as a Union spy during the Civil War. In 2016, the Treasury announced plans to place this woman’s portrait on the front of the twenty-dollar bill. For 10 points, name this woman, a “conductor” on the Underground Railroad who led slaves to freedom.",Harriet Tubman [or Araminta Ross; accept Scenes in the Life of Harriet Tubman]
2021 CALISTO 2,12,10,"A rock balancing on a boulder in this body of water is named Bismarck rock. The natural outlet of this body of water, the Ripon Falls, was flooded after the construction of the Owen Falls Dam. An invasive species of perch has caused the extinction of many of this body’s (*) native cichlids. Richard Burton fell out with John Hanning Speke due to a claim by the latter about this lake. Cities on this lake include Kampala, the capital of Uganda. Henry Morton Stanley confirmed Speke’s claim that this lake is the source of the White Nile. For 10 points, name this largest African lake by area, which is named after a British queen.",Lake Victoria
2021 CALISTO 2,12,11,"The French horn plays a D major solo in 12/8 time near the beginning of the second movement of this composer’s E minor fifth symphony. The strings play pizzicato throughout the scherzo (“SCARE-tsoh”) of this composer’s F minor fourth symphony. The bassoon is instructed to play at a nearly impossible dynamic marking of (*) pppppp (“six p’s”) in this composer’s sixth symphony, which also features a “limping waltz” in 5/4 time. “La Marseillaise” and “God Save the Tsar” are quoted in a piece by this composer that features cathedral bells and cannons as instruments. For 10 points, name this Russian composer of the Pathetique symphony and the 1812 Overture.",Pyotr Ilyich Tchaikovsky
2021 CALISTO 2,12,12,"Police forces in this country supposedly gave political dissidents cancer using a weapon called the “Radu gun.” Decree 770 outlawed contraceptives and abortion in this country, which was issued by a dictator who wrote the July Theses. This country’s secret police force, the Securitate, was founded during the tenure of its first communist leader Gheorge Gheorghiu-Dej (“GHE-yor-GE GHE-yor-gi-yoo Dej”). This country’s communist regime ended when that dictator and his wife (*) Elena were executed on live TV on Christmas day in 1989. Historic regions of this country include Moldavia and Transylvania. For 10 points, name this Eastern European country where the dictator Nicolae Ceausescu ruled from Bucharest.",Romania [accept the Socialist Republic of Romania; accept the Romanian People’s Republic; accept Republica Socialista Romania; accept Republica Populara Romania]
2021 CALISTO 2,12,13,"In one experiment, these animals were grouped into yoked pairs where one of them had an effective lever and the other did not. A psychologist-slash-surgeon who was studying gastric functions in these animals also ran an experiment on them that employed whistles and tuning forks. Martin Seligman found that groups of these animals that were given inescapable shocks would later not try to escape being shocked, displaying (*) “learned helplessness.” The presence of stimuli like the ticking of a metronome caused these animals to salivate in a series of experiments on classical conditioning. For 10 points, name these animals, the subjects of experiments by Ivan Pavlov.",dogs [or canines; accept Pavlov’s dogs]
2021 CALISTO 2,12,14,"A complex responsible for splitting this compound cycles through five “S-states” and is located in photosystem II. This compound is produced in the final reduction reaction of the electron transport chain. CAM organisms adapt to low levels of this compound by activating either mesophyll or bundle sheath cells based on the time of (*) day. This compound, the most common byproduct of biological condensation reactions, is added in order to break down ATP into ADP and a free phosphate ion. Carbon dioxide and this molecule are combined to form sugars and oxygen gas in photosynthesis. For 10 points, name this molecule, essential for life, with formula H2O.",water [or H2O until it is read]
2021 CALISTO 2,12,15,"This poet wrote, “The everlasting universe of things / Flows through the mind,” to begin a poem written “in the Vale of Chamouni.” This author of “Mont Blanc” described leaves blowing like “pestilence-stricken multitudes” in a poem addressed to “thou breath of Autumn’s being.” This poet described a “boundless and bare” landscape of “lone and (*) level sands” at the end of a poem about a “shattered visage” with a “wrinkled lip, and sneer of cold command.” That poem describes a pedestal which reads, “Look on my works, ye mighty, and despair!” For 10 points, name this Romantic poet of “Ozymandias” whose wife wrote Frankenstein.",Percy Bysshe Shelley
2021 CALISTO 2,12,16,"This group was targeted and nearly wiped out by a scorched earth expedition led by John Sullivan. Jigonsaseh (“JUH-gon-SA-zay”) founded this group with two men, including the “Great Peacemaker.” This group was supported by the Dutch and English against the French and Algonquians (“al-GUNG-kwee-uns”) during the (*) Beaver Wars. This group was governed under the Great Law of Peace and was led by Joseph Brant during the American Revolution. During the Revolutionary War, this group’s Tuscarora (“TUH-skuh-ROW-ruh”) and Oneida Nations split from the rest of the group to side with the Americans. For 10 points, the Seneca and Mohawk Nations were part of what confederation of six Native American tribes in upstate New York?",Iroquois Confederacy [or Haudenosaunee or Six Nations or Iroquois League or Five Nations; prompt on Mohawk or Cayuga or Seneca or Onondaga or Tuscarora or Oneida by asking “what larger confederation was that group a part of?”]
2021 CALISTO 2,12,17,"For the 2021 Met Gala, this celebrity wore a luxurious gold Versace cape over a suit of golden armor and a crystal-encrusted catsuit. This celebrity created a “baby registry” to raise money for LGBTQ nonprofits that accompanied a controversial pregnant photoshoot. Nike sued this celebrity for collaborating with MSCHF in creating a series of (*) shoes containing a drop of human blood. In a music video, this celebrity descends a stripper pole to Hell, seduces Satan, and snaps his neck. This artist’s song Industry Baby appears on his new album Montero. For 10 points, name this hip-hop artist who collaborated with Billy Ray Cyrus on “Old Town Road.”",Lil Nas X [or Montero Lamar Hill; do NOT accept or prompt on “Nas” alone]
2021 CALISTO 2,12,18,"The initial velocities in this kind of interaction are presumed to be uncorrelated in the molecular chaos assumption. Particles solely experience this kind of interaction in the kinetic theory of gases, which treats particles as hard spheres. The center-of-momentum frame is often used to simplify problems where two (*) bodies undergo this kind of interaction. This type of interaction, which can be described by the coefficient of restitution, conserves momentum but not kinetic energy in its inelastic type. For 10 points, name this type of interaction in which two objects might bounce off of each other.",collisions [accept word forms like colliding; accept elastic collisions; accept inelastic collisions; accept scattering]
2021 CALISTO 2,12,19,"This author created a soldier who notices the “lofty sky” while lying wounded on the ground following a battle. In one of this author’s novels, a French soldier shoots the wise Christian peasant Platon for lagging behind his fellow captives. After failing to elope with Anatole Kuragin in that novel by this author, (*) Natasha Rostov ultimately finds love with Pierre Bezukhov. In another novel by this author, the title character throws herself under a train after an affair with Count Vronsky. For 10 points, name this author who wrote Anna Karenina and depicted Napoleon’s 1812 invasion of Russia in his novel War and Peace.",Leo Tolstoy [or Count Lev Nikolayevich Tolstoy]
2021 CALISTO 2,12,20,"At the end of a film in this city, a man jumps out of a hospital window, so his daughter looks out to see where he went, then looks up. That film set in this city sees a stage adaptation of “What We Talk About When We Talk About Love” put on by a washed-up actor played by Michael Keaton. In another film set in this city, the line “You talkin’ to me?” is delivered by Robert de Niro’s character, (*) Travis Bickle. This setting of Birdman and Taxi Driver is the primary setting of a film in which Leonardo DiCaprio plays Jordan Belfort, whose decadent parties are funded by his career as a financier. For 10 points, name this city where The Wolf of Wall Street takes place.",New York City [or NYC]
2021 CALISTO 2,13,1,"If one of these numbers is a factor of n, then the Mobius function applied to n gives zero. Per a theorem named for Lagrange, any natural number can be expressed as the sum of four of these numbers. The sum of the first n of these numbers equals the product of n, n plus one, and 2n plus one, all over six. The sum of the first n (*) odd numbers is the nth one of these numbers. These numbers cannot end with a 2, 3, 7, or 8. The difference of two of these numbers can be factored as “a plus b” times “a minus b.” For 10 points, name these numbers like 1, 4, 9, and 16, which are equal to an integer times itself.",perfect squares [or square numbers]
2021 CALISTO 2,13,2,"An ancient civilization on this body of water created marble figurines with crossed arms and no facial features except a simplistic nose. The type of prayer called hesychasm originated among the twenty monasteries on a mountain overlooking this body of water, Mount Athos. Around 1600 BC, a massive volcanic eruption formed a caldera in this sea’s island of (*) Thera, also called Santorini. In this sea, the Sporades archipelago is northeast of Euboea. This sea’s Cycladic islands include Delos and Naxos. The Dardanelles connects this sea with the Sea of Marmara to its north. For 10 points, name this arm of the Mediterranean between Greece and Turkey.",Aegean Sea [prompt on Mediterranean Sea before “Mediterranean” is read]
2021 CALISTO 2,13,3,"This ruler wrote a novel titled Begone, Demons, that features an allusion to the 9/11 attacks. Israel launched Operation Opera to destroy the Osirak nuclear reactor this ruler had bought from France. Apocryphally, this ruler commissioned a copy of the Quran written in his own blood. This ruler was captured while hiding in a “spider hole” during Operation Red Dawn. This ruler’s first cousin was nicknamed (*) “Chemical” Ali for his use of chemical weapons during the al-Anfal campaign against Kurds. This ruler’s forces used the “Highway of Death” to retreat from a 1990 invasion of Kuwait. For 10 points, name this dictator of Iraq who was overthrown after the 2003 US invasion.",Saddam Hussein [or Saddam Hussein Abd al-Majid al-Tikriti; accept Saddam]
2021 CALISTO 2,13,4,"In one work, this thinker compared himself to a midwife who helps other people give birth to ideas. This thinker claimed to be guided by a “divine sign” that warned him when he was about to do something wrong. This thinker compared his role of guiding his city by annoying it to a gadfly bothering a horse. The method of elenchus is also named for this thinker, whose tendency to feign (*) ignorance in debate is called his “irony.” After being accused of denying the gods and corrupting the youth, this thinker was sentenced to death by drinking hemlock. For 10 points, name this thinker who debates the people of Athens in many dialogues by his student, Plato.",Socrates (“SAW-cruh-teez”)
2021 CALISTO 2,13,5,"One painting by this artist depicts a lone blue building whose bottom is obscured by railroad tracks. In another painting by this artist, a woman in a blue dress modeled after his wife Josephine leans against a wall while people nearby watch a movie. A window reflects two rows of ceiling lights behind a woman in a yellow hat holding a mug in this artist’s (*) Automat. In a painting by this artist, a large window separates a dimly-lit street from a brightly-lit building with no visible entrance. That painting by this artist shows three people and a bartender sitting in a diner late at night. For 10 points, name this American artist of Nighthawks.",Edward Hopper
2021 CALISTO 2,13,6,"A poet who used this language lamented “the icy niche where men put you” in a sonnet addressed to her lover. Another poem in this language describes a “torpedo / from the ocean / depths” lying “among the market vegetables.” The speaker laments, “love is so short, forgetting is so long,” in a poem in this language, which was used to write (*) “Ode to a Large Tuna in the Market.” The phrase “in you everything sank!” is repeated throughout the last poem of a collection in this language, Twenty Love Poems and a Song of Despair. For 10 points, name this language used by Gabriela Mistral and Pablo Neruda, the official language of Chile.",Spanish [or español]
2021 CALISTO 2,13,7,"In an event celebrated on “Loyalty Day,” supporters of a leader of this country chanted “alpargatas yes, books no,” in reference to the shoes worn by this country’s poor. In 1947, the first lady of this country visited many European countries during her goodwill “Rainbow Tour.” Working-class supporters of that woman’s husband were called the (*) “Shirtless Ones,” or descamisados. The Mothers of the Plaza de Mayo gather on Thursdays to protest the children who disappeared during this country’s Dirty War. This country fought the United Kingdom in a brief war for control of the Falkland Islands. For 10 points, name this country once led by Juan Perón with capital at Buenos Aires.",Argentina [or Argentine Republic or República Argentina]
2021 CALISTO 2,13,8,"In a novel, an author mocks a “sub-sub-librarian” for painstakingly analyzing every biblical and literary allusion to these animals. In a prophecy, one of these animals is referred to as the hearse “not made by mortal hands.” An “ungodly, god-like” man cries “from hell’s heart (*) I stab at thee!” as he dies fighting one of these animals. Earlier, that man offered a gold doubloon to anyone who spotted a particular one of these animals. At the end of a novel, one of these animals capsizes the Pequod, leaving the harpooner Ishmael stranded in a coffin. For 10 points, name this type of animal that terrorizes Captain Ahab in Herman Melville’s Moby Dick.",whales
2021 CALISTO 2,13,9,"The lustre (“luster”) variety of these works were developed in the Islamic world as a substitute for gold gilding. Works of this type from the Chenghua era depicting chickens feature vivid red and greens achieved through the doucai (“doh-tsai”) technique. Imperfections in these works are highlighted with metallic powder in the kintsugi (“KEEN-tsoo-ghee”) method. Mass production of these works can be achieved with the slipcasting. Works of this type produced at (*) Jingdezhen (“jing-duh-juhn”) used cobalt glaze to achieve a distinctive blue and white coloring. The term “throwing” refers to the shaping of these works by hand on a rapidly spinning wheel. For 10 points, name these works made of materials like clay and porcelain.",pottery [accept ceramics or wares; accept porcelain before mention; prompt on vases or cups or bowls or plates by asking “what more general type of artworks do they exemplify?”]
2021 CALISTO 2,13,10,"James Dwight Dana wrongly posited that these features result from the collapse of geosynclines (“gee-oh-SIN-kleins”) as the Earth contracts. Large-scale tensional forces can create the fault-block type of these features. These features often form through the process of orogeny (“aw-RAJ-uh-nee”). Cloud formation is induced by these features via orographic (*) lift. These features create arid regions on their leeward sides called rain shadows. A biome called the alpine tundra occurs on these features above the tree line. For 10 points, name these landforms found in “ranges” like the Himalayas and the Rockies.",mountains [accept mountain ranges or fault-block mountains or folded mountains or volcanic mountains; prompt on volcanoes or orogens or orogenic belts; do NOT accept or prompt on “hills”]
2021 CALISTO 2,13,11,"A controversial trial following an event in this state resulted in the execution of August Spies. The mayor of this state’s largest city, Carter Harrison, was assassinated during an event in this state whose layout was designed by architect Daniel Burnham. Grover Cleveland sent troops to put down a strike in this state that was led by Eugene Debs and the American Railway Union. The (*) Haymarket Affair and Pullman Strike both took place in this state where Jane Addams established Hull House. Mrs. O’Leary’s cow apocryphally started a Great Fire in this state’s largest city 1871. For 10 points, the 1893 World’s Fair took place in what state’s city of Chicago?",Illinois
2021 CALISTO 2,13,12,"Friedrich Fröbel, who invented kindergarten, names a star made of this material used to teach children geometry. Refugees from the ship Golden Venture popularized using interlocking triangular modular forms of this material, prototypically to make swans. Imitations of gold and silver (*) yuanbao ingots made of this material are used at funerals. The tradition of making 1000 of one item from this material to grant a wish originates from the story of Sadako Sasaki, a Hiroshima survivor. “Valleys” and “mountains” are types of steps for manipulating this material, which is used to make iconic cranes. For 10 points, name this material which is folded in the art of origami.",paper [or origami paper or kami or zhi]
2021 CALISTO 2,13,13,"The last track on this album’s first side concludes with rising white noise over guitar arpeggios that abruptly cut into silence. Roadie Mal Evans played the anvil in the chorus of a song on this album about a homicidal maniac who kills a girl studying “pataphysical science.” Most of this album’s second side is a medley of short songs such as (*) “Mean Mr. Mustard” and “Polythene Pam.” The first track on this album states, “one and one and one is three” and opens with the lyric, “Here come Old Flat-Top.” For 10 points, “Come Together” and “Here Comes the Sun” appear on what Beatles album, whose cover depicts the four bandmembers crossing the title street?",Abbey Road
2021 CALISTO 2,13,14,"In a novel, this author wrote a chapter framed as a question-and-answer catechism about a character’s return to his home on Eccles Street. The initials “H.C.E” recur in another novel by this author that begins with the line, “riverrun, past Eve and Adam’s.” While on a religious retreat, the title character of a novel by this author becomes repentant after a fiery sermon about hell given by (*) Father Arnall. This author of Finnegans Wake wrote a novel set entirely on June 16 which centers on Stephen Dedalus and Leopold Bloom’s journeys around Dublin. For 10 points, name this Irish author of A Portrait of the Artist as a Young Man and Ulysses.",James Joyce [or James Augustus Aloysius Joyce]
2021 CALISTO 2,13,15,"This element’s cationic form can be stabilized by a solution of fluorosulfuric acid and antimony pentafluoride nicknamed “magic acid.” This is the heavier of the two elements that are moved during an alkyl shift. This element and hydrogen are the only two not explicitly labeled in bond-line notation. Atoms of this element are connected to (*) each other only by single bonds in saturated fats. This element’s ability to form 4 bonds makes it ideal for forming the backbone of polymer chains. Organic compounds are defined by the presence of this element. For 10 points, name this element with atomic number 6, denoted C.",carbon [prompt on C]
2021 CALISTO 2,13,16,"A ghost tells this figure that men who have seven sons live like gods in the underworld. This figure uses his clothes as a sail to cross the Waters of Death after killing the Stone Things that would have taken him across. By tying stones to his feet, this figure is able to reach an underwater magical (*) herb that is later stolen by a snake. After this figure rejects a goddess’s advances, that goddess sends the Bull of Heaven to attack his city. This figure fashions a gate out of wood from the Cedar Forest after defeating the giant Humbaba with his friend Enkidu. For 10 points, name this king of Uruk who is the main character of a Sumerian epic.",Gilgamesh [or Bilgamesh or Bilgames; accept The Epic of Gilgamesh or The Epic of Bilgamesh or The Epic of Bilgames]
2021 CALISTO 2,13,17,"After his former boss shows this character the first dollar he made, this character breaks the glass and uses it to buy a soda from a vending machine. This character spends an episode obsessively hunting a fly down after falling while trying to swat it. This character keeps the eye of a pink (*) teddy bear that falls into his pool from a plane crash. Gus, the proprietor of the fried chicken chain Los Pollos Hermanos, hires this character through his lawyer Saul Goodman. After his cancer diagnosis, this character helps Jesse Pinkman make a product nicknamed “Blue Sky.” For 10 points, name this chemistry teacher turned meth kingpin from Breaking Bad.",Walter White [or Walter Hartwell White; accept Heisenberg]
2021 CALISTO 2,13,18,"Trichomonas (“trick-uh-MOH-nass”) uses a modified form of this organelle called a hydrogenosome (“hydrogen-uh-sohm”) to anaerobically oxidize a 3-carbon compound to produce hydrogen gas. This organelle breaks down short-, medium-, and long-chain fatty acids into acetyl-CoA via beta oxidation. The initiation of the caspase cascade that causes apoptosis is triggered by the release of (*) cytochrome c from the inner membrane of this organelle. This organelle’s double membrane and maternally inherited DNA provide evidence that, like chloroplasts, this organelle evolved via endosymbiosis. For 10 points, the electron transport chain and citric acid cycle produce ATP within what “powerhouse of the cell”?",mitochondrion [or mitochondria; accept mitochondrial inner membrane]
2021 CALISTO 2,13,19,"Due to rumors that she kept this city’s prefect, Orestes, from reconciling with its bishop, the pagan philosopher Hypatia was killed in this city by a Christian mob. At the Council of Ephesus, the primary opponent of Nestorianism was that bishop from this city, Cyril. Until it was destroyed by Theophilus, this city was home to the main temple of the cult of Serapis. After the wars of the (*) Diadochi, this city became the capital of the Ptolemaic Kingdom. A series of earthquakes destroyed a structure near this city on the island of Pharos, one of the wonders of the ancient world. For 10 points, name this Egyptian city once home to a lighthouse and a Great Library.",Alexandria
2021 CALISTO 2,13,20,"Christopher Pearce Cranch illustrated one of this author’s metaphors as an armless, long-legged figure wearing a suit and towering over a hilly landscape. Cranch also praised a speech in which this author recommended turning away from the “courtly muses of Europe” to Harvard’s Phi Beta Kappa Society. In an essay, this author of “The American Scholar” described how “all mean egotism vanishes” before comparing himself to a (*) “transparent eye-ball.” In another essay, this author claimed that “a foolish consistency is the hobgoblin of little minds.” For 10 points, name this friend of Henry David Thoreau, a Transcendentalist author who wrote Nature and Self-Reliance.",Ralph Waldo Emerson
2021 CALISTO 2,14,1,"Seven people were killed in a shootout between a company in this industry and farmers in the San Joaquin Valley during the Mussel Slough Tragedy. It’s not oil, but a novel about this industry by Frank Norris likely takes its title from a cartoon personifying this industry as an enormous (*) octopus. The U.S. government sought to support this industry by negotiating the Gadsden Purchase with Mexico. Charles Crocker and Leland Stanford were two of the “Big Four” financiers in this industry, which included the companies Central Pacific and Southern Pacific. For 10 points, name this industry which built a “Transcontinental” route of transportation.",ANSWER: the railroad industry [or trains; prompt on transportation before “transportation” is read]
2021 CALISTO 2,14,2,"In one play, a group of these beings called the “Continental Principalities” gives a character the Book of the Anti-Migratory Epistle. One of these beings refers to herself as “I I I I” and proclaims “The Great Work begins!” after crashing through the ceiling. That one of these beings kisses Hannah, the mother of the Mormon lawyer Joe, in the (*) “Perestroika” section of one play. In that play titled for these beings, they grant Prior Walter more life but do not cure him of AIDS. That play titled for these beings, subtitled “A Gay Fantasia on National Themes,” is by Tony Kushner. For 10 points, name these winged beings that appear “in America” after descending from heaven.",ANSWER: angels [accept Angels in America]
2021 CALISTO 2,14,3,"The mismatch of one form of this quantity is high in nonlinear crystals; that form of this quantity equals the derivative of angular frequency with respect to wavenumber. The ratio between two values of this quantity in special relativity gives the dimensionless number beta. In dispersive media, the “group” type of this quantity is different from its “phase” type. This value equals the (*) product of wavelength and frequency. For light, the ratio of this value in a medium to this value in a vacuum is that medium’s index of refraction. For 10 points, name this value that, for light in a vacuum, equals 3 times 10-to-the-8th meters per second.",ANSWER: wave velocity [accept wave speed or wave celerity; accept phase velocity or group velocity; accept speed of light; prompt on v or c]
2021 CALISTO 2,14,4,"This man wrote the album Cosmic Music for Impulse! Records with his second wife, who later adopted the name Turiyasangitananda. This musician wrote “Big Nick” for a collaboration album with Duke Ellington that includes “My Little Brown Book” and “In a Sentimental Mood.” A progression through tonal centers by intervals of a major third is called this musician’s (*) “changes.” This musician’s “sheets of sound” can be heard in his solos on Miles Davis’s Kind of Blue. This musician recorded the hard bop album A Love Supreme, as well as a jazz version of “My Favorite Things.” For 10 points, name this jazz saxophonist who wrote Giant Steps.",ANSWER: John Coltrane [or John William Coltrane]
2021 CALISTO 2,14,5,"Hotelling’s lemma states that the price derivative of this quantity equals supply. This quantity’s normal form can be maintained by firms entering and exiting the market. In the long run, firms in perfect competition have zero of the economic type of this quantity, although they may have nonzero values of its (*) accounting type. The ratio of this quantity to revenue is called this quantity’s “margin.” This quantity is maximized where MR equals MC, since this quantity is the difference between a firm’s revenue and its total costs. For 10 points, name this quantity, the excess earnings produced by a company or investment.",ANSWER: profit [accept economic profit or accounting profit; accept maximum profit; accept income; accept NOPAT or net operating profit after taxes]
2021 CALISTO 2,14,6,"In 2014, the floodgates of this river’s Morelos Dam were briefly opened to restore water to this river’s delta for the first time in over a decade. The largest irrigation canal in the world, the All-American Canal, is fed by this river. The original London Bridge was relocated to connect an island on this river to Lake (*) Havasu City. In 1905, overflows from this river formed the now heavily-polluted Salton Sea. This river’s Lake Mead was formed by the Glen Canyon Dam and its Lake Powell formed by the Hoover Dam. For 10 points, name this river of the Southwest which empties into the Gulf of California and traverses the Grand Canyon.",ANSWER: Colorado River
2021 CALISTO 2,14,7,"In a novel based on this work, a character recalls “men fighting each other till the snow was red slush” when he hears the music of the Shaper. A 2020 feminist translation of this work by Maria Dahvana Headley uses “Bro!” to translate its opening exclamation, “hwæt” (“hwat”). John Gardner wrote a novel based on this work, in which the protagonist recounts competing in a (*) swimming contest with Breca. This work’s protagonist dies in a fight against a dragon while accompanied by Wiglaf. In this work, the protagonist rips off the arm of a monster who attacks the mead-hall Heorot, which is ruled by Hrothgar. For 10 points, the title warrior slays Grendel in what Old English epic poem?",ANSWER: Beowulf
2021 CALISTO 2,14,8,"Allyl groups in this material serve as cure sites for the formation of disulfide bridges, whose excess in this material can lead to the formation of ebonite. The structural integrity of this material can be compromised due to ozonolysis breaking its double bonds during ozone cracking. This material can either be synthesized via polymerization of chloroprene subunits to form (*) neoprene or harvested from trees and processed to form an elastomer. Cross-links in this material can be formed by heating it alongside sulfur in vulcanization, a technique discovered by Charles Goodyear.For 10 points, name this flexible material found in hoses, tires, and elastic bands.",ANSWER: rubber [accept latex; accept neoprene before mention]
2021 CALISTO 2,14,9,"A king of this country established an aggressive light cavalry unit whose name translates to “cut them down.” A ruler of this country moved to Pope Alexander VII's court after converting to Catholicism and abdicating. That ruler had earlier invited (*) René Descartes to this country's court. Axel Oxenstierna served as regent of this country after its king died while leading a cavalry charge at the Battle of Lützen. In the early 17th century, this country was ruled by the Vasa dynasty, including the “Lion of the North” and his daughter, Christina. For 10 points, Gustavus Adolphus led what country with capital at Stockholm?",ANSWER: Sweden [or Kingdom of Sweden or Sverige or Konungariket Sverige]
2021 CALISTO 2,14,10,"After witnessing a miracle by this deity, one man built an altar that he named, “[this deity] is peace.” In the documentary hypothesis, texts are classified as ‘J’ or ‘E’ depending on the name they use for this deity. In writing, a letter in this deity’s name may be replaced with a hyphen. In one text, this deity refers to himself with an ambiguous phrase translated both as (*) “I am who am” and “I am that I am.” In speech, this deity may be referred to by the titles “Hashem” and “Adonai” (“ah-doh-NIGH”). Another name for this deity is the four-letter Tetragrammaton, which is transliterated as “Y-H-W-H.” For 10 points, name this deity worshipped by Jews.",ANSWER: God [or the Lord or Elohim or Yahweh or Jehovah or the Hebrew God or the God of the Bible or the Abrahamic God or yodh-he-waw-he or yodh-he-vav-he; or Hashem before “Hashem” is read; or Adonai before “Adonai” is read; or Y-H-W-H before “Y-H-W-H” is read]
2021 CALISTO 2,14,11,"Ernst Haeckel and H.P. Blavatsky claimed that a hypothetical continent named for these animals was the ancestral homeland of humanity. The name of these animals comes from the Latin name for spirits that were exorcised along with larvae at a mid-May festival. One species of these animals eats grubs using its long, thin middle finger. These animals are the primary prey of the (*) fossa. Types of these animals include the indri, aye-aye, and ring-tailed. In a movie, the Sacha Baron Cohen-played character of King Julien is one of these animals. For 10 points, name these endangered primates which are native only to Madagascar.",ANSWER: lemurs [or Lemuroidea; accept Lemuria]
2021 CALISTO 2,14,12,"In a novel by an author from this country, the escaped slave Macandal reveals his plan to poison white settlers to Ti Noël. That novel from this country is set during the Haitian Revolution and is called The Kingdom of This World. A poet from this country described “the land where palm trees grow” in a poem that declares, “I am a sincere man.” This home country of (*) Alejo Carpentier was also home to the editor of the newspaper Patria, who died fighting for this country’s independence from Spain. Poems by that author, José Martí, were adapted into this country’s patriotic song “Guantanamera.” For 10 points, name this Caribbean country whose capital is Havana.",ANSWER: Cuba [or Republic of Cuba or República de Cuba]
2021 CALISTO 2,14,13,"Chaotic irregularities in these structures were induced by drugs like caffeine and amphetamines in experiments run by Peter N. Witt. These structures are classified as “sheet,” “tangled,” “funnel” or “orb” based on shape. Specialized organs for producing these structures are typically found on the opisthosoma, and include cribella or (*) spinnerets. Dragline fibers in these structures have higher tensile strength than many types of steel at a fraction of the density. Tiny glue balls allow capture spiral fibers in these structures to ensnare prey of animals that produce them such as the black widow and brown recluse. For 10 points, name these structures used by many spiders to catch insects.","ANSWER: spiderwebs [accept spider silk, prompt on silk alone]"
2021 CALISTO 2,14,14,"According to legend, a ruler of this empire was cut out of his mother’s womb after she was poisoned. After becoming a monk, the first ruler of this empire committed ritual suicide by fasting. Information about people in this empire was recorded by the Greek ambassador Megasthenes during his visit to this empire’s city of Pataliputra. The first ruler of this empire was advised by a minister who authored the (*) Arthashastra, a treatise on governance. After witnessing violent bloodshed during the Kalinga War, a ruler of this empire converted to Buddhism and issued his rock edicts. For 10 points, name this Indian empire ruled by Chandragupta and Ashoka.",ANSWER: Maurya Empire
2021 CALISTO 2,14,15,"On one journey, this hero causes Libya to be infested with poisonous snakes, one of which later kills the Argonaut Mopsus. Phineus leads a riot against this hero for marrying a woman who had earlier been promised to him by Cepheus. Because he refuses to give this hero hospitality, (*) Atlas is turned into a mountain. This hero accidentally fulfills a prophecy when his discus hits Acrisius, who had earlier cast this hero and his mother into the sea in a wooden chest. This hero defeats a sea monster to rescue Andromeda. To aid this hero on a quest, Hermes and Athena give him a reflective shield and winged sandals. For 10 points, name this Greek hero who slays Medusa.",ANSWER: Perseus
2021 CALISTO 2,14,16,"The same two chords begin both the first and second movements of a concerto for this instrument although the second time is pizzicato instead of arco. Camille Saint-Saëns (“kah-MEE san-SAWN”) used the unusual structure of one continuous movement in his first A minor concerto for this instrument. Multiple sclerosis ended the career of Jacqueline du Pre, who popularized Edward Elgar’s (*) E minor concerto for this instrument. This instrument represents the swan in the final movement of The Carnival of the Animals, which is often excerpted as an encore by Yo-Yo Ma, who plays this instrument. For 10 points, name this string instrument that is pitched lower than a viola but higher than a bass.",ANSWER: cello [accept violoncello]
2021 CALISTO 2,14,17,"A character in this novel wastes a fortune by accidentally leaving his Eau de Cologne perfume tap running during a trip. Characters in this novel attend “feelies” with synthetic music, such as Three Weeks in a Helicopter. In this novel, a mother gives her son an old copy of The Complete Works of William Shakespeare while living on a reservation in (*) New Mexico. After a riot in this novel, Mustapha Mond exiles three characters from the World State. Citizens in this novel are born in hatcheries through the Bokanovsky process and regularly consume the drug soma. For 10 points, name this novel in which John the Savage visits a dystopian London, written by Aldous Huxley.",ANSWER: Brave New World
2021 CALISTO 2,14,18,"In this decade, Zoë Baird failed to be confirmed as Attorney General after it was discovered she had employed an illegal immigrant as a nanny. A year before this decade, Kimberlé Crenshaw coined the term “intersectionality,” which achieved widespread usage in this decade after the emergence of third-wave feminism. Near the beginning of this decade, (*) Anita Hill testified that she had been sexually harassed by the Supreme Court nominee Clarence Thomas. In this decade, the president was impeached after he denied having had “sexual relations” with Monica Lewinsky. For 10 points, name this decade in which Bill Clinton was elected president.",ANSWER: 1990s [or the Nineties]
2021 CALISTO 2,14,19,"A hydrated oxide of this element called limonite (“LYE-muh-nite”) makes up the pigment yellow ochre (“OH-kur”). This element and magnesium are the cations (“CAT-eye-ons”) that characterize mafic (“MAF-ick”) silicates. High-nutrient, low-chlorophyll regions could be fertilized with this element to induce algal blooms. The Great Oxygenation Event created many (*) “banded formations” named for this element, made of oxides of it like hematite (“HEE-muh-tite”). This element and sulfur make up pyrite (“PYE-rite”), or fool’s gold. This element and nickel are the main components of Earth’s core. For 10 points, name this transition metal that’s alloyed with carbon in steel.",ANSWER: iron [or Fe; accept ferric iron or ferrous iron or iron oxides or iron ores or banded iron formations] (“Mafic” stands for magnesium and ferrum.)
2021 CALISTO 2,14,20,"In one painting, this artist depicted his wife sitting on a box with her back to the viewer while facing a mirror image of herself. In another painting by this artist, a nude woman with a gun pointed to her right arm sleeps on an iceberg while two tigers jump toward her from the sky. The title figure kneels in the desert while holding up a cross toward a rearing horse and spindly-legged (*) elephants in this artist’s version of The Temptation of St. Anthony. A rocky coast provides the background for another painting by this artist where ants group in the bottom left next to a knob. For 10 points, name this Spanish Surrealist whose The Persistence of Memory depicts melting clocks.","ANSWER: Salvador Dalí [or Salvador Domingo Felipe Jacinto Dalí i Domènech, 1st Marquess of Dalí de Púbol]"
2022 IQBT Regular Season Set 1,1,1,"The title character of a novel by this author, who was explored in detail in an earlier short story  titled for being “On Bond Street,” dislikes the religious teacher Doris Kilman. In another novel by  this author, Andrew is killed during World War I and Prue dies during childbirth in the  experimental (*) “Time Passes” section. In the final section of that novel by this author, Lily Briscoe  completes her painting and James gets to visit the title structure. For 10 points, name this author of Mrs.  Dalloway and To the Lighthouse.",Virginia Woolf [or Adeline Virginia Stephen]
2022 IQBT Regular Season Set 1,1,2,"A letter to this philosopher was the first to ask if a blind person experienced at touching objects  could recognize the objects upon being granted sight. This recipient of the Molyneux (MOHL-in-oo) Problem wrote that properties such as color and texture are “secondary” in a book that denies the  existence of (*) “innate ideas.” This author of An Essay Concerning Human Understanding endorsed  slavery in his constitution for the Province of Carolina, despite his 1689 defense of natural rights. For 10  points, name this author of the Second Treatise on Government.",John Locke
2022 IQBT Regular Season Set 1,1,3,"This politician argued for the winning side in the Supreme Court case Van Orden v. Perry,  which permitted the display of the Ten Commandments on state property. This governor was  criticized over supervision of ERCOT after his state endured a power (*) grid failure in February  2021 following ice storms. This politician was interrupted by his 2022 Democratic challenger, Beto  O'Rourke, during a press conference about the Robb Elementary School shooting in Uvalde (yoo-VALdee). For 10 points, name this current governor of Texas.",Greg Abbott [Gregory Wayne Abbott]
2022 IQBT Regular Season Set 1,1,4,"A monarch from this city initiated a process of “gathering lands” under its rule using highinterest loans and thus became known as “Kalitá” (KAH-lit-AH) or “moneybags.” A “Grand  Prince” from this city reclaimed autonomy from the Tatars at the Great Stand on the (*) Ugra  River. That prince of this city married the former Byzantine princess Zoe Palaiologina (PAIL-ee-ohLOWG-ee-nah) and promoted the idea of this city as “the third Rome.” A form of the word “Caesar”  began to be used in 1547 by the grand princes of this city. For 10 points, name this city where Ivan IV  (ee-VAN the fourth) proclaimed himself “tsar.”",Moscow [or Grand Duchy of Moscow; do not accept or prompt on “Muscovy”]
2022 IQBT Regular Season Set 1,1,5,"After this player was reportedly “blown away” by the Clippers' free agent pitch, that team  signed GM Doc Rivers's son Austin instead. This player tweeted that he “can't win a  championship with those cats” in the third person, revealing that he used burner accounts. After  winning the 2014 MVP, this player gave an emotional speech in which he told his (*) mother, “You  the real MVP.” For 10 points, name this current Net and former Thunder player who joined the Golden  State Warriors in 2001, where he won two finals MVPs.",Kevin Durant [Kevin Wayne Durant]
2022 IQBT Regular Season Set 1,1,6,"This lower of the two featured instruments in Mozart's E-flat sinfonia concertante (sin-FOH-neeah kahn-sir-TAHN-tay) is labeled “da braccio” (dah BRAH-choh) in the sixth Brandenburg Concerto.  This instrument is usually tuned “C G D A,” unlike a similar instrument called “da gamba.” Parts  for this instrument are typical “inner voices” in Classical (*) quartets and are in the alto clef. This  instrument is the second most numerous in most orchestras, after another instrument also played on the  shoulder. For 10 points, name this bowed instrument pitched between the larger cello and smaller violin.",viola [or viola da braccio; do not accept or prompt on “viola da gamba” or “viol”]
2022 IQBT Regular Season Set 1,1,7,"Choctaw aid during this event is commemorated by the sculpture Kindred Spirits in Midleton.  Charles Trevelyan's (trev-EL-yin's) staunch laissez-faire (LAY-zay FAIR) beliefs limited direct aid  toward victims of this event. Protestant schools engaging in “Souperism” during this event caused  friction with the local population. (*) Coffin ships transported people across the Atlantic away from  this event, which pushed Robert Peele to repeal the Corn Laws. A disease known as “blight” led to, for  10 points, what event that depleted the population of a European island in the 1840s?",Irish Potato Famine [or Great Famine; or Great Hunger; or an Gorta Mór]
2022 IQBT Regular Season Set 1,1,8,"In the Lyman series, this form of radiation is emitted when an electron jumps to a higher energy  level in a hydrogen atom. The prediction that a black body would emit an unbounded amount of  energy at this radiation's wavelength is known as its “catastrophe.” A type of spectroscopy (spekTRAH-skuh-pee) measures absorption in both the (*) visible region and this region of the spectrum.  Blacklights emit this form of radiation, which lies just above X-rays on the EM spectrum. For 10 points,  name this harmful type of radiation from the sun that sunscreen protects against.",ultraviolet [or UV]
2022 IQBT Regular Season Set 1,1,9,"The narrator of this book decries men who live like ants, claiming that a man need not “count  more than his ten fingers, or in extreme cases... add his ten toes” while preaching “Simplicity,  simplicity, simplicity!” This book claims that many people “lead lives of quiet (*) desperation.” The  main character of this book splits his needs into “Food, Shelter, Clothing, and Fuel” in its opening  chapter, “Economy,” while planning to practice a self-sustaining life. For 10 points, name this book  about “Life in the Woods” near a pond, by Henry David Thoreau.","Walden [Walden: or, Life in the Woods]"
2022 IQBT Regular Season Set 1,1,10,"TOP10 and DH10B are strains of this organism that are utilized in cloning experiments. The  O157:H7 strain of this organism produces Shiga toxin and can cause hemolytic uremic (HEE-mohlit-ik yoo-REE-mik) syndrome. The majority of urinary tract infections are due to a (*) pathogenic  strain of this organism. This non-viral organism was used to study semi-conservative DNA replication  by Meselson (MEE-zul-sun) and Stahl. The lac operon (LAK AH-puh-ron) was first characterized in this  organism. For 10 points, name this Gram-negative, rod-shaped bacterium that can cause food poisoning.",E. coli [Escherichia coli]
2022 IQBT Regular Season Set 1,1,11,"In an opera by this composer, a slave girl notes how the title character is “girdled with ice” in  the aria (AH-ree-ah) “Tuche di gel sei cinta” (TOO kay dee jel say CHEEN-tah). The Jasmine Flower  Song represents the title character of an opera by this composer, which was stopped by Arturo  Toscanini (ar-ah-TOO-roh toh-skah-NEE-nee) in Act 3 where this man died writing. A (*) gong is  struck three times in an opera by this composer, who wrote an aria sung by a man who answers three  riddles and predicts a woman will not know his name, titled “Nessun Dorma” (nay-SOON DOR-mah).  For 10 points, name this Italian composer of the China-set opera Turandot (too-RAN-dot).",Giacomo Puccini
2022 IQBT Regular Season Set 1,1,12,"A speech by this politician told of people begging him “don't frighten us by telling us the  facts.” That speech by this politician posited the “spearhead of resistance to world conquest” as  part of the “Arsenal of Democracy.” This man discussed the freedoms of speech and worship, and  from (*) want and fear, in his Four Freedoms speech. In his first inaugural address, this President stated,  “the only thing we have to fear is fear itself.” For 10 points, name this President who gave the “Day of  Infamy” address after Pearl Harbor.",Franklin Delano Roosevelt [or FDR; prompt on Roosevelt]
2022 IQBT Regular Season Set 1,1,13,"These languages can be grouped by which dorsal consonant starts the word for “hundred” in  their centum/satem (KENT-um/SAY-tum) distinction. A reconstructed text demonstrating an extinct  form of these languages incorporates these languages' presumed ancient concern with livestock,  wheeled vehicles, and (*) plains. A branch of this language family underwent the Grimm's Law sound  change. Sanskrit, Persian, Greek, and Russian are examples of, for 10 points, what large language family  that also includes the Romance languages and Germanic languages such as English?",Indo-European languages
2022 IQBT Regular Season Set 1,1,14,"This device utilizes a shielding element constructed from Kapton E, and it appears purple due  to doped silicon in its outer layers. This device, which is deployed near the Sun-Earth L2 Lagrange  point, is named after the NASA (*) administrator during the Apollo program. The primary component of this device is separated into eighteen hexagonal segments made of gold-plated beryllium. This device  works primarily in the infrared (IN-fruh-red).spectrum. For 10 points, name this successor to the Hubble  Space Telescope whose first photos were released in July 2022.",James Webb Space Telescope [or JWST; prompt on Webb]
2022 IQBT Regular Season Set 1,1,15,"A painting from this movement shows American flags hanging along Fifth Avenue in the rain.  A painting by an artist from this movement depicts a woman in a striped dress cleaning a smaller  person's feet in a water basin. After moving to Paris, an American artist who was part of this  movement painted (*) The Child's Bath. Louis Leroy gave this movement its name after visiting an  exhibition including a sketch-like painting of an orange sunrise. For 10 points, name this 19th-century  art movement whose artists included Mary Cassatt and Claude Monet (MOH-nay).",Impressionism [or American Impressionism; or The Ten or Ten American Painters before “moving to Paris” is read]
2022 IQBT Regular Season Set 1,1,16,"A poem by this author describes someone wondering if a sailing cloud will “hit or miss the  moon.” That poem by this author features a dialogue between Warren and Mary about how to  help the title character, Silas. This author of “Death of the Hired Man” wrote a poem whose  speaker says “I have (*) promises to keep and miles to go before I sleep.” In another poem, this author  wrote about a decision that “made all the difference.” For 10 points, name this poet who wrote  “Stopping by Woods on a Snowy Evening” and “The Road Not Taken.”",Robert Frost [Robert Lee Frost]
2022 IQBT Regular Season Set 1,1,17,"The product of the principal curvatures at a given point gives a curvature named for this  mathematician. Row-reduction is a form of this mathematician's namesake elimination. This  mathematician showed how to use just a straightedge and compass to construct a (*) heptadecagon.  The central limit theorem states the sampling distribution of a random variable's mean approximates a  distribution commonly named for this mathematician. For 10 points, identify this German mathematician  who names the normal distribution, also known as the bell curve.",Carl Friedrich Gauss
2022 IQBT Regular Season Set 1,1,18,"An instigating factor for this event was the death of over sixty people in Jaleh (JAH-leh) Square  on “Black Friday.” This event ultimately brought to power a man who advocated the  Guardianship of the Jurist system. During this event, the SAVAK (SAH-vahk) secret police were  dissolved and a man whose ideas were popularized on clandestine (*) cassette tapes returned from  exile in Najaf (nah-JAHF). Student supporters of this event stormed an American embassy and took 66  hostages. The Pahlavi (PAH-lah-vee) Dynasty ended in, for 10 points, what 1979 event that brought  Ayatollah Khomeini (AI-uh-toh-lah koh-may-NEE) to power?",Iranian Revolution of 1979 [or Islamic Revolution; or Enqelāb-e Eslāmī]
2022 IQBT Regular Season Set 1,1,19,"A novel by this author features a plan to smuggle information using a microdot hidden on a  tattoo. That novel by this author is told primarily through a frame narrative called the Ardua Hall  Holograph. This author wrote that novel, The Testaments, as a sequel to a novel in which a Latin  phrase meaning (*) “Don't let the bastards grind you down” inspires a protagonist who is forced to play  Scrabble with the Commander. For 10 points, name this author who described Offred joining the  Mayday movement in The Handmaid's Tale.",Margaret Atwood [Margaret Eleanor Atwood]
2022 IQBT Regular Season Set 1,1,20,"This island's territory of Mongibel (MAHN-jee-BEL) was often used as the location of Morgan le  Fay's castle in Arthurian romances. A volcano on this island, which once erupted so much lava  that it filled in the harbor of Catania, is legendarily where the philosopher Empedocles (emp-EDuh-kleez) jumped to his death. The Aeolian (ay-OL-ee-un) Islands, just off this larger island's north,  include the namesake of (*) strombolic (strahm-BAH-lik) volcanoes. Mount Etna is about ninety miles  southeast of Palermo (puh-LAIR-moh) on, for 10 points, what island that is separated by the Strait of  Messina from the “boot” of Italy?",Sicily [or Sicilia]
2022 IQBT Regular Season Set 1,1,21,"In this play, the title character stands on a mountain and watches clouds shaped like two  women diverge. This play has both a prelude set “in the Theatre” and a prologue set in Heaven.  The title character of this play and a being who earlier disguised himself as a poodle watch a  performance on Walpurgis (vahl-POOR-gis) Night. In this play, (*) Helen of Troy is summoned for  the Emperor. The title scholar of this play signs a pact in blood with the demon Mephistopheles (meffeye-stoff-O-leez). For 10 points, name this two-part tragedy by Johann (YO-hahn) Wolfgang von Goethe  (GUR-tuh).","Faust [or Faust, Part One; or Faust, Part Two; or Faustus; do not accept or prompt on  “Doctor Faustus”]"
2022 IQBT Regular Season Set 1,2,1,"A painting of one of these events in the Louvre includes depictions of Suleiman (SOO-lay-mon) the Magnificent and Charles V (the fifth). That ten-meter mannerist painting by Paolo Veronese  (paa-OW-low ver-oh-NAY-zay) shows one of these events from John 2 (John chapter two). A convex  (*) mirror surrounded with scenes from the Passion of Christ is in the back of a painting often titled for  one of these events that shows a man in a fur-trimmed hat and a woman in a green dress. For 10 points,  name this type of event for which Jan (yahn) van Eyck's Arnolfini (AR-nul-FEE-nee) Portrait was likely  created, and which Veronese painted “at Cana.”",wedding [or marriage; or matrimony; or The Wedding Feast at Cana; or The Wedding at  Cana; or The Marriage at Cana; or The Arnolfini Wedding; or The Arnolfini Marriage]
2022 IQBT Regular Season Set 1,2,2,"The negative derivative of the Hamiltonian with respect to position gives the generalized form of  this value. The phase space consists of all possible values of position and this quantity, which is the  Fourier (FOO-ree-ay) transform of position. According to Noether's (NUR-tar's) theorem, this  quantity is conserved due to (*) translational invariance. This quantity squared over two times the mass  gives the kinetic energy. The change in this quantity is impulse, and it is conserved in inelastic  collisions. For 10 points, name this product of mass and linear velocity.",linear momentum [or translational momentum; do not accept or prompt on “angular  momentum”]
2022 IQBT Regular Season Set 1,2,3,"In a novel by this author, Guitar joins the radical Seven Days organization, which randomly  kills White people. In that novel by this author, Freddie the janitor nicknames the main character  Milkman Dead. Another novel by this author features a man who follows a trail of flowers after  escaping from a (*) chain gang. That novel by this author begins, “124 was spiteful. Full of a baby's  venom” and describes how Sethe (SETH-uh) kills her daughter to prevent her return to slavery. For 10  points, name this author of Song of Solomon and Beloved.",Toni Morrison [or Chloe Anthony Wofford Morrison]
2022 IQBT Regular Season Set 1,2,4,"A demonym for people from this city sometimes names the Saint Thomas Christians of India  and became a Quranic term for Christians. ISIS soldiers sprayed the first letter of that demonym  for this city onto Christian homes, inspiring a protest symbolized by the Arabic letter “nun.” In  this city, competing Catholic and Greek Orthodox churches mark proposed sites of the (*) Annunciation. After the flight into Egypt, Joseph returned to this city with Mary and a child born in  Bethlehem. For 10 points, name this childhood hometown of Jesus.",Nazareth [or an-Nasira; or Natsrat; or Nasrath]
2022 IQBT Regular Season Set 1,2,5,"A thixotropic substance was added to one of these devices perfected by Paul Fisher in 1965, who  mass-marketed that example as the AG7 and “bullet” models. The Sheaffer and Parker companies  specialize in luxury examples of these things that feature (*) metal nibs. The Museum of Modern Art  displays a best-selling example of these things called the Bic Crystal. Rollerballs are sometimes used in  these devices, which are often capped by a ball to control liquid flow. For 10 points, name these devices  with ballpoint and fountain varieties for writing.",pens [or space pens; or ballpoint pens; or fountain pens]
2022 IQBT Regular Season Set 1,2,6,"The April 26 Editorial criticized people in this location, some of whom went on a hunger strike  prior to a Soviet leader's visit. People at this location drafted a list of seven demands that  denounced the campaign against “bourgeois (booj-wah) liberalization.” Jeff Widener (*) photographed a man in this location whom Time Magazine dubbed the “Unknown Rebel.” Taiwan,  Tibet, and this location form the “three Ts” of contentious issues surrounding the CCP. For 10 points,  name this public area in Beijing where the Tank Man photo was taken in 1989.",Tiananmen Square
2022 IQBT Regular Season Set 1,2,7,"Two groups of these objects, the Planctae (PLANK-tee) and Symplegades (simp-LEG-uh-deez),  were given the epithets Wandering and Cyanean (sai-uh-NEE-un) respectively. Polyphemus (pah-lif-EE-mus) killed Galatea's (gal-uh-TAY-uh's) lover Acis (AY-sis) with one of these objects out of  jealousy. One of these objects called the Omphalos (ahm-FAA-lus) marked (*) Delphi as the center of  the world. The husband of Merope (mer-OH-pay) is given a punishment involving this type of object  after tricking Thanatos (THAN-uh-tohs) and temporarily stopping death. Sisyphus's punishment involved endlessly rolling for 10 points, what type of object up a hill?",rock [or stone; or boulder]
2022 IQBT Regular Season Set 1,2,8,"During this decade, women such as Ruth Nichols and Beryl Markham achieved record success in aviation. During this decade, Hattie Caraway of Arkansas became the first woman elected to  the Senate. A woman who chaired the Committee on Economic Security during this decade served  as the fourth (*) Secretary of Labor and helped draft the Social Security Act. Frances Perkins became  the first female U.S. cabinet secretary during this decade, under FDR. For 10 points, name this decade in  which women advocated for equality during the Great Depression.",1930s [prompt on 30s]
2022 IQBT Regular Season Set 1,2,9,"This composer called for a 5/8 (five eight) jarabe (hah-RAH-bay)-style trumpet solo before quoting  “Goodbye, Old Paint” in a suite that uses clashing kettle drums and snare drum to depict a “Gun  Battle.” This composer's Four Dance Episodes end with a movement that quotes old-time musician  William Hamilton Stepp's version of “Bonaparte's Retreat.” In a (*) “doppio movimento” excerpt,  this composer wrote five variations on Joseph Brackett's Shaker hymn “Simple Gifts.” For 10 points,  name this American composer of the ballets Billy the Kid, Rodeo, and Appalachian Spring.",Aaron Copland
2022 IQBT Regular Season Set 1,2,10,"This organism is utilized in the biopharmaceutical industry to produce hepatitis vaccines and  insulin. This organism was genetically modified to ferment xylose (ZAI-lohs) to facilitate the  production of ethanol from paper waste. One of these model organisms was the first eukaryote  (yoo-KAIR-ee-oat) to have its (*) genome fully sequenced. Candida albicans (CAN-did-uh ALB-ik-anz) is a pathogenic species of these organisms, and the most commonly used species of these organisms is  Saccharomyces cerivisiae (SAK-air-oh-MAI-seez ser-uh-VISS-ee-ay). For 10 points, name this single-celled microorganism that causes bread to rise.",yeasts [or Saccharomyces cerivisiae until “Saccharomyces cerivisiae” is read]
2022 IQBT Regular Season Set 1,2,11,"A poem by this author worries about never tracing “shadows with the magic hand of chance.”  This poet, who described concerns about his death in “When I Have Fears That I May Cease to  Be,” wrote in another poem how he had “been half in love with easeful Death.” That poem by this  author ends by asking (*) “Do I wake or sleep?” This author wrote about the “flowery tale” of a  “Sylvan historian” in a poem that ends by asserting “Beauty is truth, truth beauty.” For 10 points, name  this author of odes “to a Nightingale” and “On a Grecian Urn.”",John Keats
2022 IQBT Regular Season Set 1,2,12,"This man plays electric guitar with his band Corroded Coffin every Tuesday night at The  Hideout. Erica notices a chandelier blinking an S.O.S. message being sent by this character, which  leads to a journey to the (*) trailer this character shares with his uncle. This character, played by  Joseph Quinn, is close friends with Dustin Henderson, and he witnesses the killing of Chrissy  Cunningham by Vecna. For 10 points, name this Hawkins High senior who is the leader of the Hellfire  Club in Stranger Things season four.",Eddie Munson [or Edward Munson; or Eddie the Banished; prompt on Munson; prompt on  The Freak]
2022 IQBT Regular Season Set 1,2,13,"This object titles a Rodgers and Hart song cited as the earliest use of the '50s progression,  whose lyrics state “You saw me standing alone / Without a dream in my heart.” The first number  one hit for Mary Ford and Les Paul was titled “How High” this object is. This object now titles  Bart Howard's (*) “In Other Words,” which declares “Fill my heart with song and let me sing  forevermore.” For 10 points, a request to “see what spring is like on Jupiter and Mars” appears in a song  whose title says to “Fly Me to” what heavenly body?",the Moon [or “Blue Moon”; or “How High the Moon”; or “Fly Me to the Moon”]
2022 IQBT Regular Season Set 1,2,14,"The location where this politician denounced a “super-state exercising new dominance”  became the name of the Bruges (brooj) Group. This politician's government passed an ordinance  banning “flying pickets” during a years-long clash with Arthur Scargill over striking coal miners.  The “Big Bang” was the sudden deregulation of the (*) London Stock Exchange under this prime  minister, who also transferred all water utilities in England and Wales into the private sector. For 10  points, name this Conservative Party leader who was U.K. prime minister in the 1980s.",Margaret Thatcher [or Margaret Hilda Roberts]
2022 IQBT Regular Season Set 1,2,15,"The slope of a plot with inverse temperature on the x axis, and natural log of pressure on the y  axis, yields a form of this quantity divided by the ideal gas constant. This quantity remains  constant in a throttling process. This quantity minus the product of temperature and change in  entropy equals (*) Gibbs free energy. This quantity can be added or subtracted for each step of a  chemical reaction to yield its total value, according to Hess's law. For 10 points, name this  thermodynamic quantity denoted H.",enthalpy [or H until “H” is read; prompt on heat of vaporization until “throttling” is read]
2022 IQBT Regular Season Set 1,2,16,"German missionary Johann Rebmann names a glacier near the summit of this mountain,  which contains the hiking area of Barranco (bah-RAHN-koh) Wall. The nearby town of Moshi is  the starting point for some climbs on this mountain, whose three volcanic cones include (*) Kibo  (KEE-boh), Shira (SHEE-rah), and Mawenzi (mah-WEN-zee). The summit of this mountain, the highest  in the world that is not part of an adjacent range, was renamed to mean “freedom peak” in Swahili. For  10 points, name this dormant volcano in Tanzania, the tallest mountain in Africa and the tallest volcano  in the Eastern Hemisphere.",Mount Kilimanjaro
2022 IQBT Regular Season Set 1,2,17,"An estimator of this function, which is applied to the partition function to derive the Maxwell-Boltzmann equation, is used on large numbers and is called Stirling's approximation. The gamma  function extends this function for complex numbers. In the general formula for a (*) Taylor series,  this function appears in the denominator. This function of n gives the number of permutations for n  distinct objects. For 10 points, name this function that gives the product of a number and all lesser  positive integers, and is represented by an exclamation point.",factorial
2022 IQBT Regular Season Set 1,2,18,"This empire's army snuck through an aqueduct to take control of a city from the Gothic king  Vitiges (VID-ig-eez). This empire's historian John Skylitzes (skee-LIT-seez) wrote about a disastrous  defeat it suffered to Alp Arslan in 1071 when it lost to the Seljuks at Manzikert (MAN-zik-urt),  despite the presence of this empire's elite, (*) Viking-dominated Varangian (vaa-RANG-ee-un) Guard.  In this empire's capital, the Nika (NEE-kuh) Riots ended when the general Belisarius (bel-is-AIR-ee-us) slaughtered thousands of chariot racing fans. For 10 points, name this empire that Justinian the Great  ruled from Constantinople.",Byzantine empire [or Eastern Roman Empire; do not accept or prompt on “Roman  Empire”]
2022 IQBT Regular Season Set 1,2,19,"In a novel by this author, Chris and Sam are killed at a naming ceremony for a daughter  whose name means “may the path never close,” and Samsonite Ossai tortures people with a  stapler. This author wrote a novel in which the protagonist is exiled after his gun explodes, killing  Ezeudu's (EZ-ay-OO-doo's) son (*) Ikemefuna (IK-ay-muh-FOO-nah). The main character of a novel by  this man gains acclaim for defeating Amalinze (AA-muh-LIN-zee) the Cat in wrestling. For 10 points,  name this Nigerian author who wrote about Okonkwo's (oh-KAHN-kwoh's) time in Umuofia (OO-moh-FEE-ah) in Things Fall Apart.",Chinua Achebe (ah-CHEB-ay)
2022 IQBT Regular Season Set 1,2,20,"A deputy chief of staff for this country's president impersonated a police officer and beat a  protester in 2018 in what became known as the Benalla (beh-NAH-lah) affair. Teacher Samuel Paty  (sam-yoo-EL paa-TEE) was beheaded after a false accusation in this country, five years after this  country's Hypercacher (ee-PAIR-kaa-SHAY) market and (*) satirical magazine Charlie Hebdo (SHAH-lee eb-doh) were attacked over cartoons depicting Muhammad. This country's 2022 presidential  election ended in the run-off defeat of far-right candidate Marine Le Pen (mah-RIN lay pen). For 10  points, name this country led by president Emmanuel Macron.",France [or French Republic; or République française]
2022 IQBT Regular Season Set 1,2,21,"Arnaldo Tamayo Méndez was the first Latin American in this profession, serving on a project  partly named “38.” A politician falsely claimed that a man with this profession said, “I didn't see  any god.” Three people in this profession died above the Kármán (KAAR-mahn) line after leaving  Salyut 1. Valentina (*) Tereshkova (ter-ESH-koh-vuh) was the first female member of this profession,  which was held by a man who shouted “Poyekhali!” (POH-yeh-KAH-lee) while on Vostok 1. For 10  points, name this profession of Yuri Gagarin (gaa-GAA-rin), who worked on the Soyuz 1 mission for the  Soviet space program.",cosmonauts [or Russian astronauts; or Soviet astronauts; prompt on astronauts]
2022 IQBT Regular Season Set 1,3,1,"This man removed Peter Strzok (struck) from an investigation after text messages between  Strzok and Lisa Page were leaked. Don McGahn threatened to resign rather than follow an  alleged order to (*) fire this man. This man became the director of the FBI one week before the  September 11 attacks. William Barr was accused of issuing a misleading summary weeks before a  document helmed by this man was released in 2019. For 10 points, name this former director of the FBI  who investigated Russian election interference in a namesake 2019 report.",Robert Mueller (MULL-er) [Robert Swan Mueller III]
2022 IQBT Regular Season Set 1,3,2,"When variables have this property, the formulas for Boolean decomposition and orthogonal  linear interpolation are the same. Two events with a covariance of zero have this property, as do  the outcomes of Bernoulli trials. A collection of variables with the mutual form of this property  also has its pairwise form. If the probability of A times (*) the probability of B equals the probability  of A and B, then events A and B have this property. Dice rolls are events with, for 10 points, what  property in which one outcome does not affect subsequent outcomes?",independence [or independent events; or mutual independence; or pairwise  independence]
2022 IQBT Regular Season Set 1,3,3,"A secessionist movement named for this mountain range uses the “Doug flag” and grew out of  the 1940s “State of Jefferson” movement. Mount Adams is the highest point of this mountain  range's Gifford Pinchot (pin-CHOH) National Forest. The only mountain in the continental U.S. on  the Decade Volcanoes list is in this range that is home to (*) Crater Lake. The Columbia River Gorge  cuts into this range, which contains climbing sites such as Mount Hood. For 10 points, name this range  of the Pacific Northwest that includes Mount Rainier and Mount Saint Helens.",Cascade Range [or Cascades]
2022 IQBT Regular Season Set 1,3,4,"This was the primary instrument played by the lead artist on the album Moanin' who co-founded the Jazz Messengers. Art Blakey and Gene Krupa played this instrument, the latter  collaborating with clarinetist Benny Goodman on “Sing, Sing, Sing.” Krupa also appeared on  “Bernie's Tune,” which has a six-minute solo by another player of this instrument, (*) Buddy Rich.  Performers of this instrument often choose between a traditional or a matched grip. For 10 points, name  this jazz instrument which has bass and snare varieties.",drums [or drum kit; prompt on percussion]
2022 IQBT Regular Season Set 1,3,5,"The smallest scales of this phenomenon are the Kolmogorov (kul-MAH-GOR-off) microscales,  which facilitate energy cascades. Time-averaged equations such as the Reynolds-averaged Navier– Stokes (NAV-yay-stoaks) equations are used to model this phenomenon in computational fluid  dynamics. This form of (*) fluid flow occurs at very high Reynolds numbers. Eddies and vortices are  produced in this form of fluid flow, which is contrasted with laminar flow. For 10 points, name this  chaotic form of fluid flow that can cause bumpy airplane rides.",turbulence [or turbulent flow]
2022 IQBT Regular Season Set 1,3,6,"A collection by an author of this ethnicity features a character who is repeatedly told about his  father seeing Jimi Hendrix at Woodstock. That man of this ethnicity wrote a novel in which a  blues trio meets Robert Johnson, and adapted for film his collection titled for the Lone Ranger. An  author of this ethnicity wrote of the death of his (*) sister in a novel in which youth basketball star  Junior is born with hydrocephalus. For 10 points, name the ethnicity of Sherman Alexie, who wrote  about this group in an Absolutely True Diary.",American Indian [or Native American; or Spokane; or Coeur d'Alene; prompt on Indian]
2022 IQBT Regular Season Set 1,3,7,"The Lambing Flat riots targeted people originally from this present-day country at Stoney  Creek and other gold fields. Ned Kelly's first run-in with the law was being accused of robbery by  a pig farmer originally from this country. Many people fled to Australia from this country during  the (*) Punti-Hakka clan wars. A city in this country is the namesake of a practice of forcibly retaining  sailors on ships. An 1882 “exclusion act” curtailed immigration to the U.S. from, for 10 points, what  country that provided many workers on the Transcontinental Railroad?",China [People's Republic of China; or Zhongguo; or PRC; or Zhonghua Renmin  Gongheguo]
2022 IQBT Regular Season Set 1,3,8,"One of these two men claimed to have seen six extra birds in an augury contest, after which the  other member of this pair humiliatingly jumped over a low wall constructed by the other. These  two men kill King Numitor's (NOO-mit-or's) usurper, Amulius (am-YOO-lee-us), who earlier  sentenced them to death. A dispute between these two men near the (*) Palatine (PAL-uh-tyne) and  Aventine (AV-en-tyne) Hills leads to one of them dying. The Vestal Virgin Rhea Silvia (RAY-uh SIL-vee- uh) gave birth to these two men, who were set afloat on the Tiber (TAI-bur) River and suckled by a wolf.  For 10 points, name these twin founders of Rome.","Romulus and Remus [answers may be given in either order, but do not accept or prompt if  only one answer is given]"
2022 IQBT Regular Season Set 1,3,9,"This singer starred in a music video that also featured Andrea Denver and Sean O'Pry and was  filmed at Oheka Castle as part of a collaboration with American Express. In 2021, this performer  announced plans to re-record earlier material to regain publishing rights, starting with Fearless,  in a series labeled her (*) “version.” This singer of “Wildest Dreams” sings about Joe Jonas in her song  “Forever and Always” and Jake Gyllenhaal in “All Too Well.” For 10 points, name this singer- songwriter of the songs “Willow,” “Cardigan,” and “Bad Blood.”",Taylor Swift [Taylor Alison Swift; or Taytay]
2022 IQBT Regular Season Set 1,3,10,"Within two years in this city, unarmed Guinean immigrant Amadou Diallo (AH-muh-doo dee- AH-loh) was killed and Haitian-born Abner Louima (loo-EE-muh) was assaulted by police. Matias  Reyes ultimately confessed to a crime in this city for which five Black boys were originally accused  in the assault of a (*) jogger, prompting a full-page ad advocating the death penalty placed by Donald  Trump. The practice of stop-and-frisk increased in this city under a police commissioner appointed by  mayor Rudy Giuliani. For 10 points, name this city that was the site of the Central Park Five case.",New York City [or NYC]
2022 IQBT Regular Season Set 1,3,11,"These entities socially construct the meaning of anarchy according to Alexander Wendt's  foundational article of constructivist theory. The modern concept of these entities is often dubbed  the “Westphalian” (west-FAIL-yun) definition. A capability trap in the power of these entities can  result in an erosion of these things' monopoly on the (*) legitimate use of force, leading to these  things becoming “failed.” For 10 points, name these things whose power politics towards each other are  the subject of international relations theory.",states [or countries; prompt on nations; prompt on governments]
2022 IQBT Regular Season Set 1,3,12,"A ballet based on writings by this author debuted in 1940, with Galina Ulanova (GAH-lee-nah  oo-LAH-noh-vah) and Konstantin Sergeyev (kahn-stan-TEEN sair-GAYV) playing lead roles at the  Kirov and a score incorporating a gavotte (gaa-VAWT) from the Classical symphony. For a 1962  ballet inspired by this author, George Balanchine (BAAL-an-sheen) adapted incidental music by  Felix Mendelssohn, including the (*) “Wedding Dance.” The “Dance of the Knights” appears in a  Sergei Prokofiev (SUR-gay pro-KAH-fee-ev) ballet named for a play by this author. For 10 points, name  this author who inspired the piece “Montagues (MAHN-tug-yooz) and Capulets” (KAP-yoo-lets) in  Prokofiev's Romeo and Juliet.",William Shakespeare
2022 IQBT Regular Season Set 1,3,13,"The Ludus Magnus was a large facility for training people of this profession. Female members  of this profession were included in a munus (MOO-nus) held by Domitian (doh-MISH-un) that  described them as Amazons. Emperor (*) Commodus (KAH-mud-us) frequently participated in this  profession, whose members often ate barley for strength. The “turned thumb” gesture was used by the  public to judge the fate of people in this profession. For 10 points, name this profession of people trained  to fight in the Colosseum for entertainment.",gladiators [prompt on slaves]
2022 IQBT Regular Season Set 1,3,14,"A short story by this author features the question, “In a riddle whose answer is chess, what is  the only prohibited word?” A character in a story by this author describes knowing “the Secret,”  which is a “British artillery park on the Ancre” (AHN-kur). A story by this author features a hunt  by the “Purifiers” through (*) infinite hexagonal rooms. Richard Madden kills sinologist Stephen  Albert to signal the Germans in a story by this author. For 10 points, name this author whose Ficciones (FEEK-see-OH-nays) includes “The Library of Babel” and “The Garden of Forking Paths.”",Jorge Luis Borges (BOR-hays)
2022 IQBT Regular Season Set 1,3,15,"This artist painted six identically-dressed men in black and white in a painting that became an  iconic symbol of a cigar brand. This artist's only seascape was stolen from the Isabella Stewart  Gardner Museum. This artist of Syndics of the Drapers Guild and Storm on the Sea of Galilee, who  used his wife (*) Saskia as a model, painted a gun blending into feathers on a hat and a girl in a white  dress wearing a dead chicken on her waist. The militia of Frans Banning Cocq (“coke”) was painted by,  for 10 points, what Dutch artist of The Night Watch?",Rembrandt [Rembrandt Harmenszoon van Rijn]
2022 IQBT Regular Season Set 1,3,16,"The rate of increase in this quantity is equal to genetic variance according to Fisher's  fundamental theorem. The frequency of a particular genotype in a population will decrease if it  has a low value for this quantity. The “inclusive” form of this quantity is increased in (*) kin  selection, and parental investment is a strategy to increase this quantity. Inbreeding decreases this  quantity, which in sterile animals is zero. For 10 points, name this measure of an organism's ability to  pass its genes on to the next generation.",fitness [or W]
2022 IQBT Regular Season Set 1,3,17,"This company's New Global Architecture initiative designed its Dynamic Force product line.  This company's origin in making looms influenced ideas such as “continuous improvement” or  kanban that form its much-emulated “Production System.” The last phase of the (*) Chadian- Libyan conflict in the 1980s is named for the use of this company's Hilux product. In the 21st century,  this company surpassed four banks and Tokyo Electric to become the largest firm in Japan. For 10  points, name this auto manufacturer that produces the Corolla, Prius, and Camry.",Toyota [Toyota Motor Corporation]
2022 IQBT Regular Season Set 1,3,18,"This author appended an essay explaining “What Happened Afterward” to one of his plays  after he was annoyed by edits by Herbert Tree to make the ending happier. In another play by this  author, John Tanner is the author of The Revolutionist's Handbook, and the main character  converses with Don Juan in (*) Hell. Another play by this author of Man and Superman revolves  around a bet made by Henry Higgins with Colonel Pickering about passing off Eliza Doolittle as a  duchess. For 10 points, name this author of Pygmalion.",George Bernard Shaw
2022 IQBT Regular Season Set 1,3,19,"This man suggested lighting all synagogues on fire in his treatise On the Jews and Their Lies.  Frederick III sent men dressed as highway robbers to safely escort this man to Wartburg (VART- boorg) Castle for hiding. Charles V (the fifth) issued the Edict of (*) Worms (vurmz) after this man  refused to renounce his criticisms of practices such as indulgences. Pope Leo X (the tenth) demanded  that this man renounce his writings, which he may have nailed to the door of the Castle Church in  Wittenberg (VIT-en-BAIRG). For 10 points, name this German theologian who started the Protestant  Reformation.",Martin Luther
2022 IQBT Regular Season Set 1,3,20,"These events were defined using a compendium of marine animals written by Jack Sepkoski. A  “gun” hypothesis describes how the breakup of methane clathrates may have contributed to one of  these events. One of these events described by the Alvarez hypothesis made way for a large  amount of (*) adaptive radiation in mammal species. The sixth one of these events, dubbed the  Holocene, is currently ongoing, and the last one happened 65 million years ago. For 10 points, name  these events, such as the K-T and the “Great Dying” in which many species end.",mass extinction events
2022 IQBT Regular Season Set 1,3,21,"This city's Kimmel Center is home to a non-opera orchestra conducted by Montreal-born  Yannick Nezet-Seguin (yah-NEEK NEZ-eh-say-gah). The Curtis Institute of Music is in this city.  Eugene Ormandy (OR-man-dee) was the longtime conductor of a “Big Five” orchestra in this city  that uses a “sound” pioneered by (*) Leopold Stokowski (staw-KAWV-skee) and plays the score in  most of Fantasia. The theme to Monty Python's Flying Circus was a Sousa march named for an object in  this city that legendarily rang on July 8, 1776. For 10 points, name this city whose Independence Hall is  adjacent to the Liberty Bell.","Philadelphia, Pennsylvania [or Philly]"
2022 IQBT Regular Season Set 1,4,1,"Participants in this event gathered at the Holbeche (hol-BESH) House to resist armed men under  the Sheriff of Worcestershire (WUH-stuh-shirr). A letter warning about this event was sent to the  Baron Monteagle, who notified the royal court. The goal of this event was the ascension of (*) Catholic-friendly Elizabeth Stuart to the throne. An effigy of a man who fought for Spain under the  name Guido is burned every 5th of November in remembrance of this plan's failure. For 10 points, name  this plan to blow up the House of Lords that included Guy Fawkes (FOX).",ANSWER: Gunpowder Plot [or Gunpowder Treason; or Jesuit Treason]
2022 IQBT Regular Season Set 1,4,2,"An opera in this language that was the landmark season opener in 2021 at the Metropolitan  Opera is called Fire Shut Up in My Bones. The conjurer Zodzetrick (zod-ZET-rik) appears in an  opera in this language whose title character is saved from a wasp's nest by Remus. Jake sings “A  Woman is a Sometime Thing” in an opera in this language in which (*) Crown kills Robbins and  Clara sings the lullaby “Summertime.” Treemonisha (TREE-mun-EE-shuh) is a “ragtime opera” by Scott  Joplin in, for 10 points, what language of George Gershwin's Porgy and Bess?",ANSWER: English
2022 IQBT Regular Season Set 1,4,3,"This author wrote a novel in which the title character accidentally causes the pirate Gentleman  Brown to kill his trusted companion Dain Waris and meets the butterfly-collecting Stein on the  ship Patna. In the pivotal scene of a short novel by this author, a man whispers “The (*) horror!  The horror!” That novel by this author is narrated by Charles Marlow, who searches for the ivory-trading Colonel Kurtz in the middle of Africa. For 10 points, name this author of Lord Jim and  Heart of Darkness.",ANSWER: Joseph Conrad [or Józef Teodor Konrad Korzeniowski]
2022 IQBT Regular Season Set 1,4,4,"The number “135797531” (read the individual digits) was carved near a bridge in this city to  mark the moment when Charles IV (the fourth) began its construction. Ottokar I (oh-tah-KAR the  first) of the Přemyslid (PREM-iz-lid) dynasty reigned from this city, in whose outskirts Frederick V  (the fifth) the Winter King lost the throne at the Battle of (*) White Mountain. The theologian Jan  Hus (yahn hoos) spent much of his life in this city. The Thirty Years War began after officials were  thrown out windows in the second “defenestration of” this city. For 10 points, name this most populous  Bohemian and Czech city.",ANSWER: Prague [or Praha]
2022 IQBT Regular Season Set 1,4,5,"Edward Burne-Jones helped lead a revival of this artform and used it to depict a woman named  Cecilia playing a handheld organ. The United Nations headquarters commissioned a tribute to  Dag Hammarskjöld (HAA-mark-HOLD) in this form. Another very blue artwork in this medium by  Marc Chagall is named for America and is located in the (*) Art Institute of Chicago. Three pieces in  this medium made to resemble a rose were saved from a 2019 fire. Louis Comfort Tiffany created many  lampshades using, for 10 points, what medium used to decorate Notre-Dame's (noh-truh DAHM's) windows?",ANSWER: stained glass [prompt on glass; prompt on windows]
2022 IQBT Regular Season Set 1,4,6,"The failure of the timer built into this component is signaled by a four-beep POST code. The  standard form of this device is based on a revamp pioneered in 1995 and is known as the  Advanced Technology Extended series. Berg and Molex connectors may be used to attach other  (*) components to this hardware item, which typically includes a CMOS (SEE-moss) battery, internal  buses, and areas that interface with ports which collectively comprise the chipset. The CPU is mounted  into a socket found on, for 10 points, what main printed circuit board in a computer?",ANSWER: motherboard [or mb; or mobo; or mainboard; or logic board; or system board]
2022 IQBT Regular Season Set 1,4,7,"This country filed charges against an expatriate American journalist who reported on leaked  documents from this country's Operation Car Wash investigation. During COVID, this country's  president promoted chloroquine treatments and personally contracted the disease at least three  times. That president accused environmental organizations of starting 2019 (*) fires that plagued  this country's rainforests. For 10 points, name this South American country where a 2022 election pitted  former president Lula da Silva against incumbent Jair Bolsonaro (jai-IR bowl-so-NAR-oh).",ANSWER: Brazil [Federative Republic of Brazil; or República Federativa do Brasil]
2022 IQBT Regular Season Set 1,4,8,"The Peltier (PELT-ee-ay) effect describes the change in this quantity at a junction between two  conductors with current flowing between them. The average kinetic energy for a particle in an  ideal gas can be calculated as three-halves Boltzmann's constant times this quantity. The ratio of  this quantity in the two reservoirs of a (*) Carnot (kar-NOH) engine is used to calculate the efficiency  of that engine. The lowest possible measure for this quantity is absolute zero. For 10 points, name this  quantity that can be measured in Kelvins or Fahrenheit.",ANSWER: temperature
2022 IQBT Regular Season Set 1,4,9,"This country's capital once included 95-meter trash piles in what is now the Digital Media City.  The Tamna kingdom once ruled an island in this country that speaks a unique “mal.” This  country's city of Mokpo connects via ferry to an island containing Mount (*) Songhak (SAHNG-hak). Jeju (TAY-joo) is located in this country, whose capital is crossed by the Han River. This country  contains the transportation hub of Incheon (INCH-ee-AHN) and a city including the Gangnam (GUNG-num) district. For 10 points, name this Asian country separated by the DMZ from its Communist  neighbor.",ANSWER: South Korea [or Republic of Korea; or ROK; prompt on Korea; do not accept or prompt  on “Democratic People's Republic of Korea” or “DPRK”]
2022 IQBT Regular Season Set 1,4,10,"This novel's popularity sparked responses from people such as Caroline Lee Hentz and The  Sword and the Distaff author William Gilmore Simms. After the title character of this novel dies,  two characters disguise themselves as a Creole lady and her servant. Quimbo and (*) Sambo kill  the title character of this novel, on the orders of Simon Legree. This novel's author was called the “little  woman who wrote the book that started this great war” by Abraham Lincoln. For 10 points, name this  anti-slavery novel by Harriet Beecher Stowe.","ANSWER: Uncle Tom's Cabin [Uncle Tom's Cabin: or, Life among the Lowly]"
2022 IQBT Regular Season Set 1,4,11,"A form of this artistic discipline that relies on “paraprosdokian” (pair-ah-pross-doak-ee-un) is  the trademark style of Steven Wright and Mitch Hedberg. Highly regarded instances of this genre  from the 21st century include Roy Wood's Imperfect Messenger and Tig (*) Notaro's use of this  genre to discuss her cancer diagnosis. Hannah Gadsby both practices and critiques this performing art,  particularly objecting to Dave Chappelle's routines in this discipline. For 10 points, name this  performing art involving humorous stage monologues.",ANSWER: standup comedy [or standup comedians; or comics; prompt on humorists]
2022 IQBT Regular Season Set 1,4,12,"The main character of this book is asked why he cries when he prays, and why he prays,  neither of which he can answer. The main character of this book repeats the phrase “Never shall I  forget” seven times. In this book, (*) Moishe the Beadle escapes a cattle train and attempts to warn  Sighet (SEE-get) of what he has seen. The question “Where is God?” is often asked in this book, in  which the main character's father dies in Buchenwald (BOO-ken-vahld). For 10 points, name this  Holocaust memoir by Elie Wiesel (EL-ee vee-SEL) which uses a recurring metaphor of darkness.",ANSWER: Night [or Un di Velt Hot Geshvign; or La Nuit; or And the World Was Silent]
2022 IQBT Regular Season Set 1,4,13,"This prime minister proposed sharing oil revenues in the National Energy Program, leading to  a national debate on “western alienation.” This prime minister outlined his urban reform and  minority improvement plans called a “Just Society.” After the death of Pierre Laporte, this man  told reporters (*) “just watch me” following his invocation of the War Measures Act during the  October Crisis. Support for this politician inspired a namesake “mania” in a 1968 election. For 10 points,  name this Liberal Canadian prime minister during the 1970s.",ANSWER: Pierre Trudeau [Pierre Yves Elliott Trudeau; prompt on Trudeau]
2022 IQBT Regular Season Set 1,4,14,"A character using this name was briefly killed off by a fan vote in the storyline “A Death in the  Family” before returning as the anti-hero Red Hood. Another character who used this name was  previously known as The Spoiler. In a Frank Miller-penned storyline, this role is adopted by (*) Carrie Kelley in the battle against a gang called The Mutants. Another character graduated from using  this name and became Nightwing. This name is currently used by Damian Wayne, the son of Bruce. For  10 points, name this mantle used by the sidekick of Batman.",ANSWER: Robin
2022 IQBT Regular Season Set 1,4,15,"The “eu” (yoo) and “pheo” (fee-oh) varieties of this compound are both synthesized by the  catalyzation of tyrosinase (teer-AH-sin-ayz), and the latter requires the presence of cystine and a  benzothiazine (BEN-zohth-AI-uh-neen) intermediate. Like dopamine, a form of this compound  found in the brain degenerates in Parkinson's disease, and is responsible for the (*) dark color of  the substantia nigra (sub-STANT-yuh NAI-gruh). A form of skin cancer develops from the cells that  produce this compound, and UV radiation stimulates the production of this compound. For 10 points,  name this pigment that gives skin its color.",ANSWER: melanin
2022 IQBT Regular Season Set 1,4,16,"In support of this legislation, Rosalynn Carter urged Wayne Townsend to cast the tie-breaking  vote in Indiana. This legislation, co-introduced by Crystal Eastman in 1923, was opposed by the  Eagle Forum, which was created by a woman with the slogan “I am for Mom and apple pie,”  Phyllis (*) Schlafly (SHLAH-flee). This legislation failed to pass since only 35 ratified it by 1979. Alice  Paul authored this legislation, which was ratified by Illinois in 2018. For 10 points, name this unratified  Constitutional amendment that targets sex discrimination.",ANSWER: Equal Rights Amendment [or ERA]
2022 IQBT Regular Season Set 1,4,17,"This architect's live-in partner Mamah Borthwick (MAH-muh BOR-thik) was murdered during  a fire at his studio. In response to a challenge from Herbert Jacobs to design a good house for  under $5000, this architect drew on his earlier Broadacre City project and a term coined by James  Duff Law to create early (*) Usonian homes. This architect, who ran two studios called Taliesen (TAL-yay-sin), also designed a house for Edgar Kaufmann outside of Pittsburgh that was built over the Bear  Run creek. For 10 points, name this American architect who designed the Fallingwater house.",ANSWER: Frank Lloyd Wright
2022 IQBT Regular Season Set 1,4,18,"Stable examples of these entities include Fremy's (FREH-mee's) salt and TEMPO. EPR  spectroscopy (spek-TRAH-skuh-pee) can be used to analyze these things, which are used in living  polymerization (puh-LIM-ur-iz-AY-shun) techniques such as RAFT and ARTP. Halogenation (HAA-luh-jin-AY-shun) reactions named for these things occur under light and are driven by the (*) homolytic (HOH-moh-lit-ik) cleavage of covalent bonds. Reactions involving these species use fish hook  arrows to show the movement of individual electrons. For 10 points, name these highly reactive atoms or  molecules with unpaired electrons.",ANSWER: free radicals
2022 IQBT Regular Season Set 1,4,19,"The BBC show The Experiment attempted to recreate this event but contradicted its original  result. This experiment's designer recounted becoming enraged when asked “what's the  independent variable in this study?” Critics of this experiment point to its use of a “help wanted”  ad offering $15 a (*) day. This experiment was stopped after just six days during which Philip  Zimbardo played a “superintendent.” For 10 points, name this controversial experiment in which  assigned “guards” abused other test subjects at a California university.",ANSWER: Stanford Prison experiment [prompt on prison experiment]
2022 IQBT Regular Season Set 1,4,20,"A character in this play describes missing “Four thousand little rests per hour” and asks “how  shall I endure my own company?” While giving a climactic speech in this play, a character strokes  a mantelpiece dubbed a “bronze atrocity” by Barbedienne (BAR-bud-ee-EN). A valet lacks (*) eyelids in this play and brings the main characters into a room with Second Empire furniture. Inez is  stabbed by Estelle in this play, which ends with a character realizing that “Hell is other people.” For 10  points, name this existentialist play by Jean-Paul Sartre.",ANSWER: No Exit [or Huis Clos; or In Camera; or No Way Out; or Dead End]
2022 IQBT Regular Season Set 1,4,21,"Most citizens entitled to wear the latus clavus (LAH-toos CLAH-voos) earned the privilege by  belonging to this group. The Hostilia, Cornelia, and Julia were the successive buildings where  these people worked. A group of these people was paired with the general “people of Rome” in a  (*) four-letter abbreviation often found on currency and monuments. These people were temporarily  meeting in the Theater of Pompey when several of them stabbed a “dictator for life” on the Ides of  March. For 10 points, name these men who met to discuss Roman laws.",ANSWER: Roman senators [or senatores; or members of the Roman Senate]
2022 IQBT Regular Season Set 1,5,1,"When one of these polygons is inscribed in a conic section, the intersection of its sides is  described by Pascal's theorem. Squares, triangles, and this regular polygon are the only ones that  can tile the plane. Each vertex of this polygon has (*) three diagonals, and it is the fewest-sided  polygon to have more diagonals than sides. Drawing this shape's long diagonals divides it into  equilateral triangles, and the sum of the internal angles of this polygon equals 720 degrees. For 10  points, name this regular polygon with six sides.",regular hexagon
2022 IQBT Regular Season Set 1,5,2,"In 2022, after a 335-mile march to this state's capital, its governor signed a bill easing the  process for farm workers to unionize. The mayor of a city in this state was rejected in a  nomination to become Ambassador to India in 2022. Another city in this state recalled its district  attorney, (*) Chesa Boudin (CHAY-suh boo-DEEN). The governor of this state was criticized for  attending a party at The French Laundry during COVID restrictions and survived a recall election  against Larry Elder and Caitlyn Jenner. For 10 points, name this state governed by Gavin Newsom.",California
2022 IQBT Regular Season Set 1,5,3,"The only named chapter in this novel describes Nikolai's tuberculosis and is titled “Death.” Two  characters in this novel get engaged after playing a game based on giving the first letters of words.  The aristocratic Stiva cheats on his wife (*) Dolly near the start of this novel, leading to the title  character's arrival. This novel begins with a remark about how “all happy families are alike” and ends  when the title character jumps in front of a train after an affair with Count Vronsky. For 10 points, name  this novel by Leo Tolstoy.",Anna Karenina (kah-REN-in-uh)
2022 IQBT Regular Season Set 1,5,4,"A book titled for this group discusses a man who led the “only successful slave rebellion in  history” and was written by C.L.R. James. The Feuillants (foo-yahn) Club, which included the  Marquis de Lafayette, split from this group. Extreme members of this group sat in higher seats in  the assembly and were called “The (*) Mountain.” Charlotte Corday assassinated a supporter of this  group, whose Reign of Terror ended after the Thermidorian (THERM-id-OR-ee-un) Reaction. For 10  points, name this group led by Maximilien Robespierre (ROH-bess-PYAIR) during the French  Revolution.",Jacobins [or the Jacobin Club; or The Black Jacobins]
2022 IQBT Regular Season Set 1,5,5,"Amy Beach stated that this piece inspired the Gaelic Symphony. A Largo theme in this  symphony beginning with slurred notes “dotted eighth-sixteenth F, A-flat, long A-flat” evokes  Harry Burleigh's singing. William Arms Fisher's (*) “Goin' Home” is based on an English horn solo  from this symphony, whose first movement has a flute solo resembling “Swing Low, Sweet Chariot.”  After finishing this symphony, its composer left Spillville to lead “Bohemian Days” at the World's Fair.  For 10 points, a visit to the U.S. inspired what Antonín Dvořák (AAN-toh-neen div-or-JACK) symphony?",Symphony From the New World [or New World Symphony; or Z nového světa; or Antonín  Dvořák's Symphony No. 9 in E minor; or 9th after “Dvorak” is read; prompt on 9th Symphony before  “Dvorak” is read]
2022 IQBT Regular Season Set 1,5,6,"This author described a location where “peace comes dropping slow” in a poem that mentions  “nine bean rows” in a place where “midnight's all a glimmer” and the speaker “will arise and go  now.” This author invoked a childhood memory of a vacation spot in County Sligo in “The (*) Lake Isle of Innisfree.” A poem by this author says “The falcon cannot hear the falconer” and ends by  warning of a “rough beast” that “Slouches towards Bethlehem to be born.” For 10 points, name this Irish  poet who wrote “The Second Coming.”",William Butler Yeats (yates)
2022 IQBT Regular Season Set 1,5,7,"This adjective appears in the title of a book claiming that there is no real distinction between  nature and culture, by Bruno Latour. Zygmunt Bauman (zig-MOONT BAO-mon) theorized that  society is in a “liquid” form of this state. A new phase that comes after this state was discussed in  the major book of (*) Fredric Jameson. This adjective describes philosophy starting in the mid-17th  century and physics from about 1905 onward. For 10 points, give this term for a period that is succeeded  by a “post-” form in which truth and values are relative.",modern [or modernity]
2022 IQBT Regular Season Set 1,5,8,"Thalassemia (THAA-luh-SEE-mee-uh) is a disease characterized by decreased production of this  molecule. The carbon dioxide affinity of this molecule in acidic conditions can be described by the  Bohr effect. When this molecule is found in the lungs or kidneys, it acts as an antioxidant and  helps to regulate (*) iron. This molecule has four subunits, all containing a porphyrin (POR-fuh-rin) ring. Carbon monoxide's affinity for this molecule is two-hundred and fifty times more than oxygen's.  For 10 points, name this iron-containing transport protein found in red blood cells.",hemoglobin
2022 IQBT Regular Season Set 1,5,9,"This country is on the south of a border that was ill-defined by the Cañas-Jerez (KAHN-yahs-HAY-rez) Treaty. Virgin of the Angels Day is a national holiday in this country, where the  Monteverde (mohn-tey-VAIR-day) Cloud Forest is home to over 2,500 plant species. The easygoing  catchphrase (*) “Pura Vida” (POOR-ah VEE-dah) is common in this country, which is regularly ranked  first in the “Happy Planet Index.” This country, which abolished its military in 1949, is engaged in a  more than 150-year-long border dispute over the San Juan River. For 10 points, name this smaller  southern neighbor of Nicaragua.",Republic of Costa Rica
2022 IQBT Regular Season Set 1,5,10,"One of the earliest pieces of evidence for this technology was found in South Africa's  Wonderwerk (VON-dair-vurk) Cave. Hypotheses state that this technology directly contributed to  the gradual shrinkage of molar teeth of H. erectus. Tools such as Schöningen (SHOO-ning-en) spears were (*) hardened using this technology, which also enabled the lengthening of the waking day.  This technology was harnessed nearly two million years ago according to traces of wood ash. For 10  points, name this technology that led to rapid developments in wintertime heating and cooking food.",fire [or flames; prompt on cooking; prompt on heating food]
2022 IQBT Regular Season Set 1,5,11,"A radioactive isotope of this element emits gamma radiation when it decays to tellurium-123,  which makes it useful in nuclear medicine imaging. This element and potassium are found in a  solution used to test for the presence of starches. A compound of silver and this element is usually  used to try to increase precipitation in (*) cloud seeding. This element is often added to table salt to  prevent a nutritional deficiency that causes thyroid problems. For 10 points, name this heaviest diatomic  element, a halogen with atomic symbol I.",iodine
2022 IQBT Regular Season Set 1,5,12,"A region named for this language contains the modern descendant of the biblical city Ophir  (oh-FEER), called Sofala (soh-FAH-lah), which was once part of the Kilwa (KEEL-wah) Sultanate.  Arab traders captured Zanj (zunj) slaves from a region named for this language. A word in this  language named a set of villages established by the Arusha (ah-ROO-shah) Declaration called  ujamaa (oo-jah-MAH), as proposed by Julius (*) Nyerere (nuhr-AIR-ay). A “Coast” named for this  language was a hub of the slave trade around the cities of Dar es Salaam (DAR-es-sah-LAHM) and  Mombasa (mahm-BAH-suh). For 10 points, name this language that traders often spoke in Tanzania  (tan-zuh-NEE-uh) and Kenya.",Swahili [or Kiswahili]
2022 IQBT Regular Season Set 1,5,13,"The classic mode of a game in this series includes bonus stages instructing to “Snag The  Trophies” and “Race to the Finish.” Tabuu leads an extradimensional army in the Subspace  Emissary campaign of a game in this series. (*) Galeem is the antagonist of the World of Light  adventure mode for the most recent game in this series. Final Destination is a stage in this series that  features the recurring villain Master Hand. For 10 points, name this Nintendo fighting game series  whose objective is to knock players off the stage.",Super Smash Bros [prompt on Melee; prompt on Brawl; prompt on Ultimate]
2022 IQBT Regular Season Set 1,5,14,"This person is the subject of the song “Ani Ma'amin” (AH-nee mah-AH-meen), which is based  on the twelfth of a set of thirteen principles of faith. The anthem of the Tzivos Hashem (TSEE-vohs  hah-SHEM) youth movement within Chabad (hah-BAHD) expresses a desire to welcome this person  “now.” Sabbatai Zevi (SAH-bah-tai ZVEE) and Simon bar Kokhba (*) claimed to be this person, whose prophesied deeds are re-establishing the Sanhedrin (san-HED-rin), building the Third Temple,  and returning the diaspora to Israel. For 10 points, name this yet-to-come liberator who will fulfill a role  in Judaism analogous to Jesus in Christianity.",the Jewish Messiah [or mesiyah; or mashiach; do not accept or prompt on “Jesus”]
2022 IQBT Regular Season Set 1,5,15,"The protagonist of this novel responds to hard times by taking up with the thief Jack Duane.  That character in this novel is arrested for assaulting Phil Connor. Ostrinski and Nicholas  Schliemann (SHLEE-man) help convert the (*) Lithuanian protagonist of this novel to socialism. The  author of this novel claimed that he “aimed at the public's heart, and by accident I hit it in the stomach”  in response to the Pure Food and Drug Act. For 10 points, name this novel which follows Jurgis Rudkus  (YURG-is RUD-kis) through the Chicago meat packing industry, written by Upton Sinclair.",The Jungle
2022 IQBT Regular Season Set 1,5,16,"A painting in this format which illustrates a poem providing advice to women is titled  Admonitions. Japanese examples of this format, called emakimono (aim-AH-kee-MOH-noh), include  a 12th-century item with scenes from The Tale of Genji. The Rainbow Bridge is at the center of a  painting in this format depicting Kaifeng (KAI-fung) in spring by Zhang Zeduan (jong zay-DWAN),  titled (*) Along the River During the Qingming (ching-ming) Festival. Song Dynasty artists used silk or  paper in this format, which was later replaced by codices (KAH-dis-eez). For 10 points, name this kind of  painting that is unrolled for viewing.",scrolls [or handscrolls; or shǒujuàn]
2022 IQBT Regular Season Set 1,5,17,"This quantity is related to polarizability in the Lorentz-Lorenz equation. This quantity must be  lower in the cladding of a fiber optic cable than the core for total internal reflection to occur. The  arctangent of the ratio of two values of this quantity gives (*) Brewster's angle, and this quantity is  multiplied by sine theta in Snell's law. This property, which equals the ratio of the speed of light in a  vacuum to that in a medium, is denoted lowercase n. For 10 points, name this material property that  indicates a medium's light bending ability.",index of refraction [or refractive index; or refraction index]
2022 IQBT Regular Season Set 1,5,18,"A government in what became this state entered secret relations with the U.K. in the  Haldimand Affair and was led by Moses Robinson and Thomas Chittenden. A holiday in this state  commemorates the 1777 defeat of John Burgoyne at the Battle of Bennington. Seth Warner was a  Revolutionary War officer from this state, whose (*) Catamount Tavern hosted a meeting that  planned to capture Fort Ticonderoga. For 10 points, name this fourteenth state of the Union, where a  militia called the Green Mountain Boys was founded by Ethan Allen.",Vermont
2022 IQBT Regular Season Set 1,5,19,"This ingredient is the foundation for kabsa (KAB-suh), a Saudi Arabian dish also called makbūs  (mok-BOOS). The states of Goiás (goy-AIZ) and Minas Gerais (MEEN-ai jer-AIZ) prepare a chicken  dish always accompanied by this ingredient called galinhada (gah-leen-YAH-duh). The Mughal  Empire originated a dish whose base is this ingredient alongside (*) meat and spices, called biryani  (beer-YAH-nee). Pulao (poo-LAO), polo, and plov are all variations of a dish centered on this ingredient.  For 10 points, name this essential ingredient in pilaf (PEEL-ahf) dishes, which commonly use its long-grain or basmati (bahz-MAH-tee) forms.",rice [or basmati rice; or long-grain rice]
2022 IQBT Regular Season Set 1,5,20,"An animal of this type was believed to be the “great goddess” of Teotihuacan (TAY-oh-tee-WAH-kun). Two Navajo deities taking this form constantly debated over the names of their invention.  The Hopi believed in a “Grandmother” form of this animal who made humanity. All of the stories  in the world were bought from Nyame (nee-AH-may) by (*) Anansi (ah-NAN-see), who took the form  of this sort of animal. After losing a contest to Athena, Arachne (uh-RAK-nee) was turned into an animal  of this type. For 10 points, name this sort of animal, which many cultures venerate as a god of weaving.",spiders [or Teotihuacan Spider Woman; or Spider man; or Spider woman; or Grandmother  Spider; prompt on arachnids]
2022 IQBT Regular Season Set 1,5,21,"This city's skyscrapers include the misleadingly named Greenland Centre and the Crown in  Barangaroo. The City to Surf Fun Run goes from this city's business district to Bondi Beach. “The  Coathanger” is a nickname for a bridge that connects the (*) North Shore to this city, the Harbour  Bridge, which crosses Port Jackson. This city on Botany Bay hosted the 2000 Summer Olympics and  features a Jørn Utzon (YORN OOT-zahn)-designed structure whose roof resembles sails. For 10 points,  name this Australian city that contains a landmark opera house.",Sydney
2022 IQBT Regular Season Set 1,6,1,"This man poses against his horse Blueskin in a painting by John Trumbull. This man was  depicted in a rotunda fresco painted by Constantino Brumidi (broo-MEE-dee) which shows his  apotheosis (up-AH-thee-OH-sis). In a marble Jean-Antoine Houdon (ooh-don) sculpture located in  Virginia's (*) State Capitol, this man leans against a cane. Three old women stand in front of a painting  of this man in Grant Wood's Daughters of Revolution. Emmanuel Leutze (loyt-zuh) depicted this man  standing in a boat fording an icy river. For 10 points, name this man depicted Crossing the Delaware and on the one-dollar bill.",George Washington
2022 IQBT Regular Season Set 1,6,2,"A man of this name is asked to “dip the tip of his finger in water, and cool my tongue.” That  beggar with this name is taken to Abraham's bosom while a rich man speaks to the pair in hell. A  story about a man of this name, which is the last of the seven signs in the Gospel of John, contains  the shortest Bible verse, (*) “Jesus wept.” That man's sister Martha tells Jesus that man of this name  stinks, since he was in a cave for four days. For 10 points, give this name of a man from Bethany whom  Jesus raised from the dead.",Lazarus
2022 IQBT Regular Season Set 1,6,3,"A user on this platform with the screen name DaddyOFive was at the center of criticisms about  emotional child abuse on this platform. This platform is the namesake of a style of video that  surreally edits pre-existing content together; that style of video combines this site's name with the  word (*) “Poop.” In 2021, the counts of dislikes for individual posts on this platform were hidden.  Successful content creators on this platform are given “Play Button” awards. For 10 points, name this  video streaming platform owned by Google.",YouTube
2022 IQBT Regular Season Set 1,6,4,"Richard Lee's work in this desert, where Lee “ate Christmas,” was analyzed at the “Man the  Hunter” symposium. Marshall Sahlins created the “original affluent society” hypothesis based on  residents of this desert. Louis Liebenberg's studies of kudu (KOO-doo) hunts in this desert  supported the endurance running hypothesis. Lorna and John Marshall filmed the (*) !Kung  (kung) people in this desert, whose indigenous San are sometimes known as Bushmen. For 10 points, the  world's genetically oldest humans are found in what desert that covers most of Botswana?",Kalahari Desert
2022 IQBT Regular Season Set 1,6,5,"Charles Lee, who represented the petitioner in this case, argued Stuart v. Laird a week later in  another case arising from the same law. This case's petitioner, a Maryland banking magnate,  requested the Supreme Court issue a writ of (*) mandamus after being appointed justice of the peace  in order to claim a commission as a “Midnight Judge.” The Court unanimously ruled part of the  Judiciary Act of 1789 unconstitutional in this case. For 10 points, name this 1803 Supreme Court case  that established the principle of judicial review.",Marbury v. Madison
2022 IQBT Regular Season Set 1,6,6,"A Weston cell is used to calibrate devices that measure this quantity; those devices usually have  a high resistance. A difference in this quantity is produced when a magnetic field is applied  perpendicular to the current in the Hall effect. The sum of this quantity around a loop equals zero  according to (*) Kirchoff's (KEER-kahf's) law for this quantity. This quantity is equal to current times  resistance according to Ohm's law. For 10 points, name this quantity that is stored in batteries and  measured in volts.",voltage [or electric potential; or electromotive force; or EMF]
2022 IQBT Regular Season Set 1,6,7,"The second section of this piece repeats a triplet motif which the composer whistled at home to  his wife Caroline Alice. An amateur pianist warms up in the second section of this piece, whose  sections are often titled for initials such as “C.A.E.” This composition, dedicated to Dorabella and  other (*) “friends pictured within,” depicts Augustus Jaeger (YAY-gur) in the section “Nimrod.”  Sections of this piece are based on a mysterious theme that may be “Rule, Britannia.” For 10 points,  name this composition by Edward Elgar.",Enigma Variations [or Variations on an Original Theme]
2022 IQBT Regular Season Set 1,6,8,"During this organ's development, the foramen ovale (for-AIM-en oh-VAL-ee) may fail to close,  which could lead to an increase in the chance of stroke. Chordae tendinae (KOR-ai TEN-din-ai) connect the papillary muscles of this organ to both the mitral valve and the tricuspid valve. The (*) SA and AV nodes generate electrical impulses that regulate this organ, whose muscle is damaged in a  myocardial infarction. The absence of P waves in an EKG can be a signal of ventricular tachycardia  (TAK-ik-ARD-ee-uh) in this organ. For 10 points, name this four-chambered organ that pumps blood  through the body.",heart
2022 IQBT Regular Season Set 1,6,9,"In a play about one of these events, a character compares ideas to bean plants and says “Sickly  ideas die quickly.” During that play, Henry Drummond is sent from Baltimore to attend this kind  of event. In another play featuring one of these events, a character gives a racist rant during which  every other character (*) turns their back. In that play by Reginald Rose, one of these events ends with  some title characters miming using a switchblade and then exiting to announce their conclusion. For 10  points, name this type of event, at the end of which the 12 Angry Men of a jury vote to acquit.",trial [or jury trial; or court case; or lawsuit; prompt on legal proceeding] [The first play  discussed is Inherit the Wind.]
2022 IQBT Regular Season Set 1,6,10,"Astronomical ceremonies may have been held at a site made of this material called the Ring of  Brodgar. The Bay of Skaill (scale) houses a settlement made of this material constructed by the  Grooved Ware People, called Skara Brae (SKAA-ruh BREE). A site made of this material, part of a  world Heritage Site with Avebury (AIV-ber-ee), contains 56 (*) “Aubrey holes,” or chalk pits. Druidic  ceremonies were likely held at a site made of this material near Salisbury (SAHLZ-bree) that is 5,000  years old. For 10 points, name this material of a circular Neolithic monument in England, called its  “henge.”",stone [or rock; or Stonehenge]
2022 IQBT Regular Season Set 1,6,11,"A minority view of this mechanism believes that it manifests through the action of physical  particles called “pudgala” (pood-GAH-lah). This mechanism is more commonly likened to a shadow  or the wheels of a cart, which always follow behind. This concept involves a “ripening” of (*) volition into “vipakas” (vee-PAH-kahz) that dictate whether a happy “sugati” (soo-gah-TEE) or unhappy  “duggati” (doo-GAH-tee) is the result of rebirth. For 10 points, name this Jain and Buddhist concept of  the accumulation of good and bad deeds whose consequences manifest across lives.",karma [or kamma]
2022 IQBT Regular Season Set 1,6,12,"The Lucas numbers are defined by the same parameters as these numbers except for the first  two values. Zeckendorf's theorem states that any integer can be written as a sum of  nonconsecutive instances of these numbers. These numbers are produced by the sum of the  shallow diagonals of (*) Pascal's triangle. The ratio of consecutive numbers in this sequence approaches  the golden ratio. This sequence begins with 1, 1, 2, 3, 5. For 10 points, name this sequence formed by  continuously adding the current number in the sequence to the previous.",Fibonacci sequence
2022 IQBT Regular Season Set 1,6,13,"In 2018, after a member of this country's parliament used a knife to threaten a recently  installed prime minister, the prime minister's allies wounded several MPs by throwing chili  powder. 260 people were killed in this country during three simultaneous suicide bombings on  Easter 2019. Similarly to an incident in Iraq, protestors in 2022 took over the (*) pool of this  country's president, who resigned after fleeing to Singapore during a food and energy crisis. For 10  points, name this Indian Ocean island country formerly run by Gotabaya Rajapaksa (goh-tah-BAH-yah  rah-jah-PAHK-sah).",Sri Lanka [Democratic Socialist Republic of Sri Lanka; or Shri Lanka Prajatantrika  Samajavadi Janarajaya; or Ilankai Jananayaka Choshalichak Kutiyarachu]
2022 IQBT Regular Season Set 1,6,14,"This poet told the addressee “do not look for me” if the title event occurs in “If You Forget  Me.” The last poem in a collection by this poet begins with the declaration “The memory of you  emerges from the night around me.” That poem by this person repeats the line “In you everything  sank” and ends by describing the (*) “hour of departure.” This poet wrote a collection that opens with  the declaration “Tonight I can write the saddest lines.” For 10 points, name this Chilean poet of Twenty  Love Poems and a Song of Despair.",Pablo Neruda [or Neftali Ricardo Reyes y Basoalto]
2022 IQBT Regular Season Set 1,6,15,"This process is responsible for the formation of minerals such as borax and halite, and it also  names that class of minerals. The rate of this process can be calculated by how much the level in a  Class A pan drops over twenty-four hours. Wet-bulb temperature is lower than dry-bulb  temperature in (*) unsaturated air due to this process's cooling effect. This process is one of the three  steps in the water cycle along with condensation and precipitation. For 10 points, name this process in  which water becomes a gas and enters the atmosphere.",evaporation [prompt on vaporization]
2022 IQBT Regular Season Set 1,6,16,"The Uzura-gakure (oo-zoo-rah-gah-koo-ray) is one of these people's “earth techniques” that  requires curling into a ball. The Bansenshūkai (ban-shen-soo-kai) details how these people were  trained in the Iga and Koga regions. Objects used by these people include the air-filled mizugumo (mee-zoo-goh-moh), which supposedly let them (*) walk on water, and kunai, which were used to stab  holes into walls. These people's practice of tanuki-gakure (tah-noo-kee-gah-koo-ray) involved climbing  trees to hide, possibly during assassination missions. For 10 points, name these covert agents in feudal  Japan who are often portrayed as clad in black.",ninjas [or shinobi]
2022 IQBT Regular Season Set 1,6,17,"A character created by this author inspired the title of a seminal 1979 Sandra Gilbert and  Susan Gubar book on Victorian literature. This author inspired a later novel set in the Caribbean  about Antoinette Cosway. (*) Jean Rhys' (jeen reese's) novel Wide Sargasso Sea was inspired by a  novel by this author, in which Grace Poole cares for a woman who is locked in the attic. This author  created a character who teaches at the Lowood School before becoming a governess at Thornfield Hall  where she falls for Mr. Rochester. For 10 points, name this author of Jane Eyre",Charlotte Bronte [or Currer Bell; prompt on Bronte; prompt on Bell]
2022 IQBT Regular Season Set 1,6,18,"Musicians from this cultural region include Dock Boggs and Bascom Lamar Lunsford. A style  of music developed in a smaller part of this region was promoted by Bill Monroe and Earl  Scruggs. The Carter Family and a genre called “old time fiddle” originated in this region, whose  dulcimer and (*) banjo music inspired Dolly Parton and bluegrass musicians. Songs like “Solidarity  Forever” were used for coal mining strikes in this region. The folk song “Cumberland Gap” was written  in, for 10 points, what mountainous region of the Eastern United States?",Appalachia [or Appalachian Mountains; prompt on Bluegrass region until “bluegrass” is  read]
2022 IQBT Regular Season Set 1,6,19,"A city on this large body of water houses the Fortaleza de São Miguel (FORT-ah-lee-AYZ-uh day  SOW mee-GEL) and is the most populous Portuguese-speaking city outside of Brazil. A region along  this body of water extends from the Kunene (kuh-NAY-nay) River to the Swakop (swah-KOAP) River and faces intense fog from the Benguela (ben-GAIL-uh) current. The (*) Skeleton Coast is  located along this large body of water, as is the city of Luanda. A city along this ocean includes Table  Mountain and Robben Island off its coast. Cape Town lies on the coast of, for 10 points, what ocean that  touches Angola and South Africa?",Atlantic Ocean [or South Atlantic Ocean; or Luanda Bay until “Kunene” is read]
2022 IQBT Regular Season Set 1,6,20,"After the destruction of this city, so-called “Robinson Crusoes” hid in its ruins for over three  months. Groups such as the ZOB, which operated a bunker at Miła (MEE-wah) 18, fought Jürgen  (YORG-en) Stroop's forces in this city. A forest near this city was the site of a facility built under  Operation Reinhard in the village of (*) Treblinka (treb-LINK-ah). Chłodna (WOHD-noh) Street was  an enclave within this city, which in 1939 had the largest Jewish population in Europe. For 10 points,  name this Polish city where Jews launched a 1943 uprising against the Nazis from a designated ghetto.",Warsaw [or Warszawa]
2022 IQBT Regular Season Set 1,6,21,"A character in this play complains that hearing “Rise and shine” makes him think “how lucky  dead people are.” A love interest in this play is the subject of the question “Irish on both sides...  and doesn't drink?” A character in this play is nicknamed “Shakespeare” at work before quitting  to join the (*) merchant marine. This play ends as the main character blows out candles after a visit  from a “gentleman caller.” Jim breaks Laura Wingfield's unicorn, which is part of the title collection in,  for 10 points, what play by Tennessee Williams?",The Glass Menagerie
2022 IQBT Regular Season Set 1,7,1,"The largest one of these objects was discovered in Low-Frequency Array data, at over sixteen  million lightyears across, and is named Alcyoneus (al-SAI-uh-noos). Cosmic voids are generally  found in between filaments of these objects. Vera Rubin's study of the (*) rotation curves of these  objects provided evidence for the existence of dark matter. Edwin Hubble created a tuning fork diagram  for classifying these objects based on shape, such as elliptical or spiral. For 10 points, name these large  star systems such as the Andromeda and the Milky Way.",ANSWER: galaxy [galaxies]
2022 IQBT Regular Season Set 1,7,2,"A character from a story by this author rants about being descended from the Godhighs and  mentions “a plantation and two hundred slaves.” That character created by this author is told to  go to “reducing class at the Y” for high blood pressure and gives Carver a (*) penny, leading to her  stroke. This author of “Everything That Rises Must Converge” also wrote a story in which the cat Patty  Sing causes a car accident. That story by this author ends with The Misfit shooting a grandmother. For  10 points, name this author of “A Good Man is Hard to Find.”",ANSWER: Flannery O'Connor [Mary Flannery O'Connor]
2022 IQBT Regular Season Set 1,7,3,"One of these objects “pierced” on its southeast corner commemorates Muhammad's ascension  on the Night Journey. Istilam (IST-il-em) is performed on one of these objects used to count the  seven circumambulations performed during tawaf (tah-WAHF). That “Black” object of this type is  affixed to the eastern corner of the (*) Kaaba. On Eid al-Adha (EED ahl-AH-dah), three jamarat (JAH￾mah-raht) are struck with these objects thrown by pilgrims, in memory of Ibrahim throwing them at the  Devil. For 10 points, the octagonal shrine on the Temple Mount in Jerusalem is called the “Dome of”  what kind of object?",ANSWER: stones [or rocks; or pebbles; or Pierced Stone; or Foundation Stone; or Sakrah; or Sela;  or Noble Rock; or Black Stone; or al-Hajaru al-Aswad; or Stoning of the Devil]
2022 IQBT Regular Season Set 1,7,4,"Members of this religious group were promised tax exemptions in the Edict of Potsdam to  encourage them to emigrate to Brandenburg-Prussia. An expedition led by the Duke of  Buckingham tried to relieve a siege of members of this group at La Rochelle (RO-shell). Members  of this group were targeted in the (*) St. Bartholomew's Day massacre, 26 years before Henry IV (the  fourth) issued the Edict of Nantes (NAHNT) to extend official toleration to this group. For 10 points,  name this group of Protestants that fought against the French crown during the Wars of Religion.","ANSWER: Huguenots [or French Protestants, prompt on Protestants]"
2022 IQBT Regular Season Set 1,7,5,"Marc Breaux (BRO) and Dee Dee Wood collaborated on the choreography for this musical's  song “Step in Time.” In this musical, two children clean their room during a song that describes  “an element of fun” in “every job that must be done.” Before (*) Jane and Michael visit their father  in this musical, a character sings “Feed the Birds.” Bert the chimney-sweep sings “Chim Chim Cher-ee”  in this musical, whose title character sings “A Spoonful of Sugar” while looking after the Banks  children. For 10 points, name this musical about a magical nanny.",ANSWER: Mary Poppins
2022 IQBT Regular Season Set 1,7,6,"The Chief Justice's concurrence to this case labeled its full holding “unnecessary to decide the  case before us” and suggested simply discarding the “viability line.” This Supreme Court ruling  raised concerns about the privacy of apps such as Flo. After this ruling was announced, Joe  Manchin and Susan (*) Collins publicly said they felt misled. In 2022, Politico published a leaked  majority opinion by Samuel Alito months ahead of the official release of this case's ruling. For 10 points,  name this Supreme Court case which overturned Roe v. Wade.",ANSWER: Dobbs v. Jackson [or Dobbs v. Jackson Women's Health Organization; or Dobbs v. Jackson Women's Health Organization]
2022 IQBT Regular Season Set 1,7,7,"A book written for this emperor has a name translating to “political science” and lists many  potential Vyanjana (vee-ahn-YAH-nah), or disguises, that spies can use. Another book, the Indica,  was written by the Seleucid (sel-YOO-sid) ambassador to this man's court, Megasthenes (meg-AS￾thuh-neez). Kautilya's (koh-TEEL-yuh's) Arthashastra (ARTH-aa-SHAH-struh) was written under this  monarch, who conquered (*) Magadha (MUG-ud-huh) and Pataliputra (PAH-tal-ee-POO-truh), the  capital of the Nanda Empire. This man starved himself to death as a Jain monk and left his empire to  Bindusara (BIN-doo-sar). For 10 points, name this grandfather of Ashoka (ah-SHOW-kuh) and founder  of the Mauryan Empire.",ANSWER: Chandragupta (CHAN-druh-gup-TAH) Maurya [or Sandrokottus; do not accept or prompt  on “Chandra”]
2022 IQBT Regular Season Set 1,7,8,"28 copies of a sculpture of this character are depicted in Salvador Dalí's painting The  Hallucinogenic Toreador (TOR-ee-uh-dor). A mammoth ivory figurine sometimes known by this  proper name was unearthed in Hohle Fels (HOH-leh FELSS); another figurine known by this name  is from Willendorf (VEEL-en-DORF). A sculpture of this character, attributed to Alexandros of  Antioch (ANT-ee-ock), is missing (*) both arms. A 1486 painting shows this nude deity standing on a  seashell. For 10 points, name this Roman goddess depicted in a sculpture rediscovered on Milos (MEE￾lowsh), whose “Birth” was painted by Sandro Botticelli (BOH-tee-CHEL-ay).",ANSWER: Venus [or Venus de Milo; or Venus of Willendorf ; or Venus of Hohle Fels ; or The Birth of  Venus; prompt on Aphrodite until “Roman” is read]
2022 IQBT Regular Season Set 1,7,9,"Many members of this phylum have specialized organelles that raise an operculum (oh-PERK￾yoo-lum) to evert drilling threads. A protein that fluoresces (flor-ESS-es) green in ultraviolet light  was first isolated in a member of this phylum. Nematocysts (nee-MAT-uh-sists) are found in  animals of this phylum, which contains the classes scyphozoa (SAI-fuh-ZOH-uh) and (*) hydrozoa  (HAI-druh-ZOH-uh), the latter encompassing all of its freshwater members. Members of this phylum  may progress from a polyp to a medusa, and in either form they are radially symmetrical. For 10 points,  name this phylum that includes corals and jellyfish.",ANSWER: Cnidaria (nai-DAYR-ee-uh) [or cnidarians]
2022 IQBT Regular Season Set 1,7,10,"This poem ends with mourning of its title character as “Kindest to his people and keenest to  win fame.” The epithet “God-cursed” for a villain of this poem reflects that character's descent  from Cain. The title character of this epic uses the sword (*) Hrunting (RUN-ting) against the mother  of an earlier foe, before finally perishing when accompanied by Wiglaf as he fights a dragon. The main  character of this poem severs a monster's arm to defend the hall Hrothgar (ROTH-gar). For 10 points, name this Old English epic in which the title character slays Grendel.",ANSWER: Beowulf
2022 IQBT Regular Season Set 1,7,11,"The “blue lights” gathered in this state to participate in an event presided over by George  Cabot. Joseph Wadsworth protected a document named for this state from Edmund Andros,  which was co-written by Thomas Hooker. This state's Royal Charter was hidden in the (*) Charter  Oak. A bicameral legislature balancing the interests of small and large states was included in a  compromise named for this state proposed by Roger Sherman. A meeting of Federalists who opposed  the War of 1812 took place in, for 10 points, what state's city of Hartford?",ANSWER: Connecticut
2022 IQBT Regular Season Set 1,7,12,"This man was the older collaborator in a pair that refined Boole's rule and the trapezoidal rule  for numerical integration, with Roger Cotes (“COATS”). Derivatives with respect to time often use  this mathematician's notation of dots above the differentiated variable. A common differential  equations exercise involves calculating temperature changes using this person's (*) law of cooling.  This mathematician and Gottfried Leibnitz (LYBE-nits) independently created calculus. For 10 points,  name this scientist who included calculus principles in his three laws of motion.",ANSWER: Isaac Newton
2022 IQBT Regular Season Set 1,7,13,"A shamisen (SHAH-mee-sen) accompanies traditional performances involving these objects in a  practice known as “joruri” (JOR-oo-ree). Three people called the “omozukai” (oh-moh-zoo-kai),  “hidarizukai” (hee-dah-ree-zoo-kai), and “ashizukai” (ah-see-zoo-kai) collaborate to hold these  objects during performances. “Kuroko” (koo-ROH-koh) are people who wear (*) black robes and  use these objects to perform. These objects are central to a genre of theater that inspired the later kabuki  (kuh-BOO-kee). Japanese bunraku (BOON-rah-koo) uses, for 10 points, what painted objects that are  manipulated by human operators to perform plays?",ANSWER: puppets [or bunraku puppets; or ningyō; do not accept or prompt on “marionettes”]
2022 IQBT Regular Season Set 1,7,14,"This song is interpolated into John Corigliano’s (kuh-RIL-ee-AH-noh’s) piece The Mannheim  Rocket. Six variations on this song open the first book of violin instruction by Shinichi (she-NEE￾chee) Suzuki. A 19th-century poem by Jane Taylor provides the most common set of lyrics to this  song, which was the subject of twelve variations by (*) Mozart. The French melody ""Ah! vous dirai￾je, maman"" (AH VOO deer-ai juh MAH-mahn) became this song in English. The alphabet song shares a  tune with, for 10 points, what song about an object “like a diamond in the sky?”","ANSWER: “Twinkle, Twinkle, Little Star” [or ""Ah! vous dirai-je, maman!"" until it is read; or the  alphabet song until it is read; or the ABCs until “alphabet song” is read]"
2022 IQBT Regular Season Set 1,7,15,"A goddess of plowing inspired the name of this city's Gefion (GAYF-yahn) Fountain, which is  located near its Kastellet (kaas-TEL-et) citadel. Jacques Saly's (SAH-lee's) 39-foot equestrian statue  of Frederick V (the fifth) is at the center of the four-palace Amalienborg (ay-MAIL-een-BOR) complex in this city, where the Rutschebanen (ROW-chib-AIN-en) roller coaster may be found at (*) Tivoli (TEEV-lee) Gardens. Since 2000, this city has been linked to Malmö (maa-AAL-muh) via the  Øresund (oo-RAY-sunt) Bridge. The island of Zealand is home to, for 10 points, what national capital,  where a statue of the Little Mermaid honors Hans Christian Andersen?",ANSWER: Copenhagen
2022 IQBT Regular Season Set 1,7,16,"When constructing these measures, psephologists (seff-AH-luh-jists) try to avoid the mistakes  infamously made by the Literary Digest. The declining use of landlines can lead to a major  coverage error when creating these measures. Dishonesty from participants in these measures can  manifest as the (*) “Bradley effect” or “Shy Tory factor.” Improving the reliability of an index of these  measures was the original purpose of Nate Silver's website FiveThirtyEight. For 10 points, name these  measures created by firms such as Zogby and Gallup to forecast election results.",ANSWER: polls [or opinion polls; or electoral polls; or Presidential polls; prompt on surveys]
2022 IQBT Regular Season Set 1,7,17,"This poem describes a location which has flames that produce “no light, but rather darkness  visible.” This poem ends as characters “hand in hand with wandering steps and slow” take a  “solitary way.” This poem opens by describing “Man's First (*) Disobedience, and the Fruit of that  Forbidden Tree.” A character in this epic says it is “better to reign in Hell, than serve in Heav'n” to  Beelzebub (bee-AL-zuh-bub). Satan rebels against God in, for 10 points, what English epic titled for the  expulsion of Adam and Eve from the Garden of Eden and written by John Milton?",ANSWER: Paradise Lost
2022 IQBT Regular Season Set 1,7,18,"The diameter of a carbon nanotube can be determined using a form of this technique named  for an Indian scientist. Samples may be prepared for this technique using a laser shot into a  matrix to ionize a sample with minimal fragmentation, in the (*) MALDI process. The output of a  form of this technique consists of a diagnostic region and a fingerprint region. A common form of this  technique is used to analyze the mass-to-charge ratio of ions. For 10 points, name this analytical  technique that has Raman and infrared (IN-fruh-red) variants.",ANSWER: spectroscopy [or spectrometry; or mass spectrometry; or Raman spectroscopy; or  infrared spectroscopy; or IR spectroscopy]
2022 IQBT Regular Season Set 1,7,19,"This team briefly unretired Frank Tripucka's (trip-YOO-kuh's) number after signing a free  agent in 2012. After trading their Pro-Bowl starting quarterback to the Bears before the 2009  season, this team started Kyle Orton. This team had a disastrous start to Super Bowl XLVIII (48) as their center snapped the ball over the head of (*) Peyton Manning in the first quarter. More  recently, this team sent away Noah Fant as part of a trade to acquire a quarterback from Seattle. For 10  points, name this team for which Russell Wilson plays home games in Colorado.",ANSWER: Denver Broncos [or Denver Broncos]
2022 IQBT Regular Season Set 1,7,20,"The third of three attempts at this feat in 1924 led to the death of Andrew “Sandy” Irvine. Jon  Krakauer survived a 1996 “disaster” that killed eight people attempting this feat, an event  Krakauer wrote about in Into Thin Air. Nearly two decades after George Mallory tried, (*) Edmund Hillary and Tenzing Norgay became the first documented people to achieve this feat. The  “Northern” route to achieve this feat became unfavorable after China took over Tibet. For 10 points,  identify this achievement regarding the world's tallest mountain.",ANSWER: summiting Mount Everest [or descriptions of climbing to the top of Mount Everest; or  reaching the top of Mount Everest; prompt on mountain climbing; prompt on mountaineering]
2022 IQBT Regular Season Set 1,7,21,"Sulfonylurea (sul-FAN-nul-yuh-REE-uh) compounds can increase the release of this hormone.  When this hormone binds to its named receptor, it activates tyrosine kinase (TAI-roh-seen KAI￾nayz). Thirty-one amino acids are cleaved from this protein before it is secreted, creating a  byproduct called the C-peptide. This hormone induces (*) glycogen (GLAI-kuh-jen) synthesis and  increases the absorption of glucose from the bloodstream. This hormone works with glucagon (GLOO￾kuh-gahn) to maintain blood sugar levels. For 10 points, name this pancreatic peptide hormone which is  lacking in type I (one) diabetes.",ANSWER: insulin
2022 IQBT Regular Season Set 1,8,1,"This prime minister's government secured the return of the “Two Michaels” from China by  releasing Meng Wanzhou (MAYNG wahn-JOE). This politician was investigated for accepting  inappropriate gifts from the Aga Khan and for family members accepting payments from WE  Charity. This person maintained his office in a (*) 2021 election despite Erin O'Toole's Conservative  Party receiving about 150,000 more votes. This politician used the Emergencies Act to end the so-called  Freedom Convoy of truckers. For 10 points, name this current prime minister of Canada.",Justin Trudeau [or Justin Pierre James Trudeau; prompt on Trudeau]
2022 IQBT Regular Season Set 1,8,2,"The three g-factors of the electron are the factor accounting for this property, the orbital g- factor, and the Landé (LAHN-day) g-factor. The hypothesized graviton would have a value of two  for this property. Opposite half-integer values for this property must be assigned to two electrons  in an orbital according to an (*) exclusion principle named for Pauli. The Stern-Gerlach experiment  used a beam of silver atoms to show that electrons have this property. For 10 points, name this form of  intrinsic angular momentum possessed by quantum particles.",spin
2022 IQBT Regular Season Set 1,8,3,"The lackluster response to a devastating 1985 earthquake in this city damaged president Miguel  de la Madrid's reputation. In 1968, protestors were gunned down at the Plaza de las Tres Culturas  in this city's Tlatelolco (tuh-LAT-lee-LOH-koh) neighborhood shortly before it hosted the (*) Summer Olympics. The Institutional Revolutionary Party ruled from this capital city from 1929 to 2000.  This capital city contains the Museo del Templo Mayor and the Frida Kahlo Museum. For 10 points,  name this capital city built over the former Aztec capital.",Mexico City [or Ciudad de México]
2022 IQBT Regular Season Set 1,8,4,"A painting of one of these events is believed to depict Victorine Meurent (myoo-rawn) along with  two of the artist's brothers and was inspired by Titian's (TEE-shun's) Pastoral Concert. Two people  in straw hats lean against a diagonal railing in a painting of one of these events. A pink-striped  awning frames a painting of one of these events held for a (*) boating party, by Pierre-Auguste  Renoir (ren-wawr). Two clothed men and a naked woman lounge by a river in an Edouard Manet (man- AY) painting titled after, for 10 points, what event “on the Grass”?",luncheon [or lunch; or picnic; or dejeuner; or Luncheon of the Boating Party; or  Luncheon on the Grass; or Le Déjeuner des canotiers; or Le Déjeuner sur l'herbe]
2022 IQBT Regular Season Set 1,8,5,"The Hepburn Act strengthened federal regulation of this industry, amending an 1887 act.  Rutherford B. Hayes sent in federal troops to put down an 1877 “Great Strike” in this industry in  West Virginia. Richard Olney sent General Nelson (*) Miles to put down another strike in this  industry, which was stopped by Grover Cleveland due to a potential effect on mail delivery. Eugene V.  Debs led a strike against this industry's Pullman Company. For 10 points, name this industry, which  employed thousands of workers to construct a transcontinental route.",railroad industry [or rail; or trains; or rail cars industry]
2022 IQBT Regular Season Set 1,8,6,"This poetry cycle notes that “Earth could not answer” when “There was- and then no more of  THEE and ME.” An extended metaphor in this collection asks “Who is the Potter, pray, and who  the pot?” A Eugene O'Neill comedy is named after a line from these poems, “Ah Wilderness!”  This collection notes “The Moving (*) Finger writes: and, having writ, / Moves on,” and asks for “A  Jug of Wine, a loaf of Bread- and Thou.” For 10 points, name this set of Persian-language quatrains  translated by Edward FitzGerald and attributed to Omar Khayyam (oh-MAR ee-hai-AHM).",Rubaiyat (ROO-bai-ot or ROH-boh-ee-YOT) of Omar Khayyam
2022 IQBT Regular Season Set 1,8,7,"The public transit system named for this city is the subject of the proposed Connect 400  expansion and has an extreme transfer outpost at the suburban Cumberland Mall. This city's  attempt to annex Sandy Springs sparked the “cityhood” movement in its suburbs. The HBCUs  Clark, Spelman, and (*) Morehouse are located in this city, where Eric Rudolph carried out a bombing  of the Olympics at Centennial Park, which is near the headquarters of Coca-Cola. The busiest airport in  the world, Hartsfield-Jackson, serves, for 10 points, what capital of Georgia?",Atlanta
2022 IQBT Regular Season Set 1,8,8,"The speaker of this poem exhorts to “Rather at once our time devour.” The speaker of this  poem thinks his “vegetable love should grow/ Vaster than empires and more slow”, while its  addressee “Shouldst rubies find” walking by the Ganges. The speaker of this poem asks its  addressee to “refuse/ Till the (*) conversion of the Jews.” The speaker of this poem can “always  hear...Time's winged chariot hurrying near.” For 10 points, name this quintessential carpe diem poem  that begins “Had we but world enough and time,” and is by Andrew Marvell.",“To His Coy Mistress”
2022 IQBT Regular Season Set 1,8,9,"This allotrope can be magnetized by contact with smoothed YIG. A “flying carpet” made of this  allotrope can be used to deliver TRAIL and DOX in cancer treatment. Andre Geim (heym) discovered this allotrope using scotch tape and mechanical exfoliation. This extremely conductive  allotrope is a lattice arranged in a (*) hexagonal shape and is another form of the same substance that  comprises buckyballs and diamonds. For 10 points, name this two-dimensional form of carbon whose  stacked layers are known as its “-ite” form and are used in pencils.",graphene [prompt on graphite; prompt on carbon until it is read]
2022 IQBT Regular Season Set 1,8,10,"In an opera by this composer, Clorinda and Tisbe's father hides Angelina, who falls in love  with Prince Ramiro. This composer wrote an opera in which the female lead sings the aria “Deh!  tu reggi in tal momento” (DEH TOO rej-ee in TAL moh-MAIN-toh) from a scaffold. This composer of  La Cenerentola (lah CHAY-nay-REN-toh-lah) wrote an opera that includes a (*) galop called the  “March of the Swiss Soldiers” and centers on Gessler forcing the protagonist to shoot an arrow through  an apple on Jemmy's head. For 10 points, name this Italian composer of Cinderella, The Thieving  Magpie, and William Tell.",Gioachino Rossini [Gioachino Antonio Rossini]
2022 IQBT Regular Season Set 1,8,11,"This character, who donated part of his lifespan to his descendant Dawood (duh-WOOED), was  given the honorific “Chosen of Allah,” or Safiullah (SAH-fee-oo-LAH). Abu Huraira (hoo-RAY-ruh) narrated that people in paradise will all look like this person, who was sixty cubits tall. In Muslim  tradition, this husband of Hawwa is considered the first prophet. Because (*) Iblis was made of  smokeless fire, Iblis refused Allah's command to bow to this man, who was formed after Allah gave the  command “Be” to make him from dust. For 10 points, name this Quranic and Biblical first man.",Adam [or Adem]
2022 IQBT Regular Season Set 1,8,12,"On a holiday devoted to these people, green mugwort dumplings are commonly eaten. These  people are the namesakes of a “tablet” often found at home shrines. Locations devoted to these  people are swept in a festival held about two weeks after the spring equinox on which fake money  is burned. A central concern in (*) Daoism is often described as “worship” or “reverence” of these  people, who are the largest group included in the concept of filial piety. For 10 points, name these  usually-deceased family members.",ancestors [or 祔; or fù; or 祖先; or zǔxiān; prompt on fathers; prompt on parents; prompt  on dead people; prompt on spirits; prompt on ghosts; prompt on family members until “family  members” is read; ]
2022 IQBT Regular Season Set 1,8,13,"A governor of this region brutally defeated Calgacus (kal-GAK-us) to the north of this region at  the Battle of Mons Graupius (MAHNZ GRAO-pee-us). Caligula's (kuh-LIG-yoo-luh's) aborted  invasion of this area ended with orders for his troops to gather (*) seashells. Claudius brought  elephants during the successful Roman conquest of this region. The Battle of Watling Street ended a  rebellion in this region during the reign of Nero that was led by the Iceni (ai-SEE-nee) queen Boudica  (BOO-dee-kah). For 10 points, name this region that Julius Caesar briefly invaded by crossing a channel  from Gaul.",Britain [or Roman Britain; or Britannia; or Great Britain; or England; do not accept or  prompt on “United Kingdom”]
2022 IQBT Regular Season Set 1,8,14,"This tissue contains cells with a similar name to pancreatic cells, which contain Birbeck  granules and are called Langerhans (LAHN-gur-HAHNZ) cells. Corneocytes (KORN-ee-oh-SAITS),  which are found in the stratum corneum (STRAT-um KORN-ee-um) of this tissue, are the result of  keratinocytes (KER-uh-TIN-oh-saits) differentiating in the stratum basale (STRA-tum baa-SAH-lee).  Arrector pili (ah-REK-tor PAI-lee) muscles are found in this tissue, that also contains (*) sebaceous  (suh-BAY-shus) glands. UV radiation stimulates the production of Vitamin D in this tissue, which is  affected by eczema. For 10 points, name this largest organ, which consists of the dermis and epidermis.",skin
2022 IQBT Regular Season Set 1,8,15,"In a painting by Sofonisba Anguissola (soh-foh-NEES-bah gwan-SOH-lah), the artist's sisters  Lucia and Minerva use these objects while sitting opposite each other. Whale teeth and walrus  ivory were used to make a group of these objects named for the Isle of Lewis. Howard Staunton  names a popular (*) set of these objects recommended by the organization FIDE (“fee-day”). In the  algebraic notation used to describe the movement of these objects, the letter N represents a knight. For  10 points, name these objects used to play a board game that often ends in checkmate.",chess pieces [or black chess pieces; or white chess pieces; or chessmen; or chess sets; or  Lewis chessmen; or Lewis chess set; or Uig chessmen]
2022 IQBT Regular Season Set 1,8,16,"The narrator of a novel by this author recalls hitting her then-fiancé in the face with a board  with a rusty nail in it. Fonny is falsely accused of rape and his fiancé attempts to get him out of jail  in this author's novel If Beale Street Could Talk. In another novel by this author, the narrator's  brother Roy is (*) stabbed on the narrator's 14th birthday. In that novel by this author, John Grimes  experiences a series of religious visions. For 10 points, name this African-American author of Go Tell It  on the Mountain.",James Baldwin [James Arthur Baldwin]
2022 IQBT Regular Season Set 1,8,17,"DHCP is used to assign “dynamic” values for this protocol that are automatically assigned  each time a device is connected. Four hexadecimal (HEK-suh-DESS-im-ul) digits are used in the  sixth version of this protocol which was created after its fourth version began running out of  unique labels. (*) DNS, or the Domain Name System, translates website names into this numerical  identifier. A network loopback is designated in this protocol by the value 127.0.0.1. For 10 points, name  this “address” used to identify devices on a network.",IP address [Internet Protocol address]
2022 IQBT Regular Season Set 1,8,18,"An owl serves as the logo for this rapper's record label OVO (oh-vee-oh). Damien Hirst  designed an album cover for this artist which depicts three rows of emojis of pregnant women. 21  Savage raps “spin a block twice like it (*) ain't nowhere to park” on this artist's song “Jimmy Cooks.”  This artist features along with Lil Baby on a DJ Khaled song where he raps “wanted me to lie, wanted  me to cry, wanted me to die” before stating that he's “stayin' alive.” For 10 points, name this Toronto- based rapper behind the songs “One Dance” and “Hotline Bling.”",Drake [or Aubrey Drake Graham]
2022 IQBT Regular Season Set 1,8,19,"The sound of a typewriter frames a scene in this film which ends with a man calling its title  object an “absolute good.” In this film's epilogue, its lead actor lays roses while others lay stones  on the grave of its title character, in the Catholic cemetery on Mount Zion. A man sees a girl in a  red coat on a wagon full of (*) bodies in this otherwise black-and-white film, during antagonist Amon  Goth's liquidation of the Krakow ghetto. For 10 points, name this 1993 Steven Spielberg film in which  an industrialist saves Jews from the Holocaust.",Schindler's List
2022 IQBT Regular Season Set 1,8,20,"This kingdom's objection to the November Constitution caused it to lead an alliance against  Denmark in the Second Schlewsig (SHLAY-shveek) War. This kingdom's name is used for the first- ever synthetic dye, which was used to create the distinctive color of its army uniforms. This  kingdom's victory in the Seven Weeks War with (*) Austria ended the era of “Großdeutsche”  (GROSS-doy-chuh) confederation. Wilhelm I (VIL-helm the first) of this kingdom was elevated to  emperor when the German empire was proclaimed near the end of another war won by, for 10 points,  what kingdom that defeated France in 1871?",Prussia [Kingdom of Prussia; or Königreich Preußen]
2022 IQBT Regular Season Set 1,8,21,"This effect is not seen in saturated absorption spectroscopy (spek-TRAH-skuh-pee), which avoids  the thermal broadening of spectral lines caused by this phenomenon. Walter Kundig used the  Mössbauer (MOSS-bau-er) effect in an experiment on this phenomenon, after canal rays were  utilized to measure the (*) transverse form of this effect in the Ives-Stilwell experiment.  Echocardiograms (EK-oh-KARD-ee-uh-gramz) use this effect to determine the velocity of blood flow,  and this effect is responsible for redshift. For 10 points, name this effect that is illustrated by the change  in pitch of a siren as it passes by.",Doppler effect [or Doppler shift]
2022 IQBT Regular Season Set 1,9,1,"Institutions of this kind that are considered “global systemically important” are often subjected  to special regulations formulated by the Basel Committee. The activities of these institutions were  deregulated by the Gramm-Leach-Bliley Act, which repealed a key portion of the earlier (*) Glass-Steagall Act. The largest of these institutions are called the “bulge bracket.” Formerly; consumer-facing,  commercial, and investment functions could not be combined in, for 10 points, what financial  institutions that take deposits?",banks [or investment banks]
2022 IQBT Regular Season Set 1,9,2,"Phoebus Levene's ideas about this molecule's function did not fall out of favor until radioactive  phosphorus and sulfur tags and a centrifugation step were used on this molecule in the Hershey-Chase experiment. Square Bessel functions were used to explain diffraction by this molecule by  Maurice (*) Wilkins. “Photo 51” is an x-ray crystallography image of this molecule taken by Raymond  Gosling and interpreted by Rosalind Franklin. For 10 points, name this molecule whose double helix  structure, modeled by Watson and Crick, carries the genetic code.",DNA [or deoxyribonucleic acid]
2022 IQBT Regular Season Set 1,9,3,"In this state, a woman told a photographer that she sold her car tires and lived on frozen  vegetables. Eadweard Muybridge's (Edward MOY-brij's) series Sallie Gardner at a Gallop was made  in this state. Florence Owens Thompson is the subject of a photo taken in this state, where the moon appears over a (*) rock face in another photograph. Sites such as Manzanar (MAN-zuh-nar) in  this state were photographed by Ansel Adams and Dorothea Lange (LANG), who documented Japanese  internment camps. Migrant Mother was taken in, for 10 points, what state, where Moon and Half Dome shows Yosemite (yoh-SEM-it-ee)?",California
2022 IQBT Regular Season Set 1,9,4,"The potential energy of a harmonic oscillator is represented by this kind of function. A function  of this type published by Euler (OY-lur) generates a prime for the function's first forty positive  integer outputs. One method for solving functions of this type uses one of Vieta's formulas, and  another method for solving them is (*) completing the square. A formula named for functions of this  type contains the term “square root of b squared minus four ac.” For 10 points, name these degree-two  polynomials that take the shape of a parabola.",quadratic equation [or functions of degree two until “degree-two” is read; prompt on  polynomials until “polynomials” is read]
2022 IQBT Regular Season Set 1,9,5,"At the start of this decade, a coal-for-food exchange was arranged at the Spa Conference.  During this decade, Carl von Ossietzky (KARL von ahs-YET-skee) began to expose the illegal “Black  Reichswehr” (RAIS-veer). The occupation of the Ruhr (roar) in this decade was ended by the  adoption of the (*) Dawes Plan. In this decade, the Kampfbund (KAMF-bund) staged a failed coup at a  beer hall in Munich a year prior to the start of a hyperinflationary period. For 10 points, name this  decade in which the Weimar (VAI-mar) Republic repeatedly failed to pay reparations demanded by the  prior decade's Treaty of Versailles (vair-SAI).",1920s [prompt on 20s]
2022 IQBT Regular Season Set 1,9,6,"One of these features “of Death” covers the provinces of Nimruz (NIM-rooz) and Helmand (HEL-mund). One of these features between the Amu Darya (AA-moo DAAR-yuh) and Syr Darya (SEER  DAAR-yuh) is the native habitat of Russian tortoises and is called the Kyzylkum (kuh-ZEEL-koom).  A so-called “death worm” is said to live in one of these features. The largest of these features  completely within China is west of (*) Lop Nur and includes Kashgar and Urumqi (oo-RUM-chee). The  Tian Shan mountains divide one of these features called the Taklamakan (TAHK-lim-uh-KAHN) from  another with snow-capped dunes. For 10 points, name these dry features such as the Gobi.",deserts
2022 IQBT Regular Season Set 1,9,7,"The founding of a religious tradition from this region is recorded in the Testament of Ba, in  which Samye (SAHM-yay) is begun by Rinpoche (rin-poh-CHAY). The Nyingma (NING-mah) literature of this region includes the Bardo Thodol (BAR-doh thud-AHL). A religious tradition from  this region includes a high-ranking (*) “Panchen” (PON-chen) position. A leader of a tradition from  this region known as the “Yellow Hat” sect, who was born as Tenzin Gyatso (TEN-zin gee-AHT-soh),  was exiled and now lives in India. For 10 points, what region's religious literature includes the Buddhist  writings of the Dalai Lama?",Tibet [or Bod; or Xizang; do not accept or prompt on “Xinjiang”]
2022 IQBT Regular Season Set 1,9,8,"A commentator with this surname cited “women in combat units” and “homosexual rights” as  things he opposed “in a nation we still call God's country.” That person with this name gave the  “culture war” speech at the 1992 Republican National Convention. During the last months in  office of a President with this surname, Lewis Cass (*) resigned as Secretary of State and the  Crittenden Compromise failed. That president with this surname ordered an attempt to reinforce Fort  Sumter. For 10 points, give this surname of the president who left office near the start of the Civil War.",Buchanan [or Pat Buchanan; or Patrick Joseph Buchanan; or James Buchanan Jr.]
2022 IQBT Regular Season Set 1,9,9,"The last track of the album Return to Forever is named for this country and was composed by  Chick Corea (kuh-REE-uh). A song called “Will o' the Wisp” appears on side one of an album  named for this country, whose tracks “The Pan Piper” and “Saeta” (sai-AY-tuh) were written by  Gil Evans. Teo Macero (TAY-oh mah-SAY-roh) produced a Miles Davis album titled for (*) Sketches  of this country, which includes the second movement of native composer Joaquín Rodrigo's (wah-KEEN  rah-DREE-gohz) Concierto de Aranjuez (kahns-YAIR-toh day-rahn-WEZ). Many jazz standards were  inspired by the flamenco (flah-MAIN-koh) music of, for 10 points, what European country?",Spain [Kingdom of Spain; or Reino de España]
2022 IQBT Regular Season Set 1,9,10,"The title poem of a collection by this author described “Two who are Mostly Good” for whom  “Dinner is a casual affair.” This author ended a poem by saying “Believe me, I knew you, though  faintly” in a poem that begins by declaring “Abortions will not let you forget.” This author of the  collection The (*) Bean Eaters and the poem “the mother,” described a group that “Left school,” “Sing  sin,” and “Thin gin” in a poem about “Seven at the Golden Shovel.” For 10 points, name this poet who  wrote about young pool players in “We Real Cool.”",Gwendolyn Brooks
2022 IQBT Regular Season Set 1,9,11,"Tutter the mouse lives in the kitchen of one of these other animals. A 2022 Hulu series that  centers on a young Chicago chef is named after one of these animals. The sea type of these animals  can be attracted by eating cubed cheese or playing the clarinet badly, but (*) Spongebob knows that  drawing a circle in the sand will prevent their attack. Three brothers that are this kind of animal form a  “stack” to move around town; the oldest of those is Grizz. For 10 points, name this type of animal whose  “panda” type is also featured in that show.",bears [The unnamed shows are Bear in the Big Blue House and We Bare Bears.]
2022 IQBT Regular Season Set 1,9,12,"During a period of financial stress in this war, the Lex Oppia (op-EE-ah) was passed, limiting women's public display of wealth. The Battle of Ilipa (ill-AH-pa) in this war drove one side out of  Iberia. After being granted emergency dictatorial powers in this war, Quintus Fabius Maximus  adopted a cautious “delaying” strategy. The losing commander of this war was initially victorious  at (*) Trebia, Lake Trasimene (TRAA-sim-een), and Cannae (KAA-nay) after making an arduous crossing  of the Alps. For 10 points, name this war lost by Carthaginian forces under Hannibal.",Second Punic War [prompt on Punic Wars]
2022 IQBT Regular Season Set 1,9,13,"This character is predicted to “tenderly be led by the nose / As asses are” in a speech closing  Act 1. This character says of his love that “so sweet was never so fatal” before concluding he  “loved not wisely but too well.” This character is the addressee of a speech that calls jealousy a (*) “green eyed monster,” and this man kills himself after being fooled by a scheme involving his wife's  handkerchief. Iago (ee-AH-goh) plots against this husband of Desdemona (DEZ-duh-MOH-nuh). For 10  points, name this “Moor of Venice” who titles a Shakespeare play.",Othello
2022 IQBT Regular Season Set 1,9,14,"A philosopher who worked full-time for this organization theorized that a full merging of all  consciousness is impending at the “omega point” in The Phenomenon of Man. This organization's  advocacy of the “double effect” doctrine is explored in the moral philosophy of the author of  Intention. A head of this organization issued (*) Evangelium Vitae (ee-van-JEL-ee-um VEE-tay) to  restate its position on abortion. Elizabeth Anscombe and Pierre Teilhard de Chardin (pee-YAIR TAI-yar  doo SHAR-duh) were 20th-century philosophers who belonged to, for 10 points, what church in which  Chardin was a Jesuit priest?",Roman Catholic Church [or Roman Catholicism; or Jesuits or Society of Jesus until  “Fides” is read]
2022 IQBT Regular Season Set 1,9,15,"This thinker analogized his ideas to Charles Lyell's conclusions about uniformitarianism in a  passage comparing “the excavation of a great valley” to “continued creation.” This scientist spent  eight years studying barnacles and created the still-used taxonomic classification of that subclass.  This scientist examined human sexual selection in his book The (*) Descent of Man. While aboard  the HMS Beagle, this man collected specimens of Galapagos finches. For 10 points, name this biologist  who described natural selection in On the Origin of Species.",Charles Darwin
2022 IQBT Regular Season Set 1,9,16,"This character carries a pop gun in a short from Make Mine Music narrated by Sterling  Holloway, which features a happier ending than the original version commissioned by Natalya  Sats. A friend of this title character who earlier argues over the merits of swimming and flying  helps this character lasso an opponent's tail. In a (*) “symphonic fairy tale,” a string quartet  represents this Young Pioneer, whose grandfather warns of a wild predator. For 10 points, name this  character from a Sergei Prokofiev (SUR-gay pro-KAH-fee-ev) composition titled for him “and the Wolf.”",Peter [or Petya]
2022 IQBT Regular Season Set 1,9,17,"In this state in 2022, the Fern Hollow Bridge collapsed on the same day that Joe Biden was  scheduled to speak nearby about infrastructure. A candidate whose slogan is “walk with free  people” was criticized for not interacting with voters in this state. Rudy Giuliani held a press  conference outside of (*) Four Seasons Total Landscaping in this state, whose 2022 Senate candidates  have feuded over the Democrat's health and the Republican never living here. For 10 points, name this  state where John Fetterman and Mehmet Oz are running for office.",Pennsylvania
2022 IQBT Regular Season Set 1,9,18,"People who held this position oversaw building feats including the fortress of Sacsayhuamán  (SAK-say-wah-MAHN) and a road network used by chasquis (CHAH-skees). During a civil war  between two half-brothers claiming this position, Atoc won the Battle of Chillopampa (CHEE-yoh-PAHM-pah) prior to several victories by Quizquiz (KEEZ-keez). This title was abolished following  the execution of (*) Tupac Amaru I (TOO-pahk ah-MAH-roo the first). A holder of this position offered  a room full of gold to Francisco Pizarro in 1532. For 10 points, identify this position held by Atahualpa  (ah-tah-WAL-pah) that led an empire in the Andes.",Incan emperor [or Sapa Inca; or emperor of the Incans; or emperor of the Incan empire]
2022 IQBT Regular Season Set 1,9,19,"This quantity multiplied by the speed of light represents the Y-axis on a Minkowski (min-KAHV-skee) diagram. The letter tau denotes the “proper” form of this quantity measured along a  worldline. The change in length and this quantity is measured by the Lorentz (luh-RENZ) factor in  (*) special relativity. GPS satellites must continuously correct themselves due to the gravitational  dilation of this quantity. The change in velocity with respect to this quantity gives acceleration. For 10  points, name this quantity commonly measured in seconds.",time
2022 IQBT Regular Season Set 1,9,20,"A poetry collection in this language begins with a series of contradictions such as “I burn and  yet I freeze.” An early humanist writing in this language described the “Ascent of Mount  Ventoux” (VOW-too). A poetry collection in this language starts “You who hear the sound, in  scattered rhymes,” and is addressed to the author's lover, (*) Laura. Many poems in this language  use a scheme whose name means “third rhyme.” For 10 points, name this language used to write Il  Canzoniere (eel KAN-sun-YAIR-ee) by Petrarch.",Italian language
2022 IQBT Regular Season Set 1,9,21,"In the largest churches, the standard position regarding this field of religious thought relies on  the Greek word “homoousios” (hoh-moh-OO-shus). Conclusions in this subject made at the Council  of Chalcedon (KAL-see-din) are rejected by Oriental Orthodox churches, whose position on this  subject is often called (*) “miaphysite” (MEE-aaf-IZ-ait). This field of study seeks precise definitions of  words such as “substance,” “person,” and “nature” and is closely tied to explaining the Trinity. For 10  points, name this field of theology which seeks to explain how God and man can both exist in the  Savior.",Christology [or theology of the nature of Jesus; or theology of the nature of Christ; or  theology of the Trinity until “Trinity” is read; or Trinitarianism until “Trinity” is read]
2022 IQBT Regular Season Set 1,10,1,"The three-legged crow sometimes called Yangwu (yahng-WOO) inhabits this object. Some  instances of this object are the sons of Xihe (SHEE-huh). A goddess of this object tolerates her  brother burning her rice fields but retreats away after one of her weaving maidens is killed. The  archer Hou-yi (ho-YEE) shoots (*) several examples of this object when they all appear at once, leaving  only one. Amaterasu (ah-mah-ter-AH-soo) was the Shinto god of this object and jeopardized the world  by hiding it in a cave. For 10 points, Chinese myth believed that a dragon eating what object caused total  eclipses?",the sun
2022 IQBT Regular Season Set 1,10,2,"A candidate in this election served at the time as Secretary of the Treasury after Alexander  Dallas and ran alongside Nathaniel Macon. Secretary of the Navy Smith Thompson withdrew  from this election, in which losing candidate William Crawford carried two states. The House of  Representatives selected the (*) winner of this election after Henry Clay was eliminated. Despite  winning the popular vote, this election's loser called it a “corrupt bargain.” For 10 points, name this  election year in which John Quincy Adams defeated Andrew Jackson.",United States Presidential election of 1824
2022 IQBT Regular Season Set 1,10,3,"An island of this province is separated from the mainland by the Strait of Canso. The tourist  spot of Peggy's Cove sits on St. Margarets Bay in this province, which includes Cape Breton  Island. Citadel Hill sits in the center of this province's largest city, which contains the (*) Maritime  Museum of the Atlantic and was the site of a 1917 ship explosion. This province was once the  peninsular part of the French colony of Acadia, whose mainland portion became New Brunswick. For 10  points, name this Canadian province governed from Halifax.",Nova Scotia [or Nouvelle-Écosse]
2022 IQBT Regular Season Set 1,10,4,"This 23-species polyphyletic group includes a species that, in 2021, was discovered to contain  two females that reproduced by parthenogenesis (PAR-thuh-no-JEN-uh-sis) despite having access to  reproductively capable males. Another species in the group commonly known by this name uses a  large olfactory lobe to follow the scent of ethyl mercaptan to find food. The (*) Old World and New  World varieties of this bird belong to different families, but both display bald heads due to convergent  evolution. For 10 points, give this term for a bird of prey that scavenges on carrion.",vultures
2022 IQBT Regular Season Set 1,10,5,"The launch of this military campaign ended an eight-month period of relative inaction dubbed  the “Phony War.” Maxime Weygand's (max-EEM VAY-gah's) planned counterattack failed to stop  this campaign. The Second Armistice at Compiègne (kahm-PEN-yeh) was signed just six weeks  after the start of this campaign, which took a route through the (*) Ardennes (ARD-en) Forest that  bypassed the Maginot (MAA-jin-oh) Line and led to the creation of the Vichy (VEE-shee) government.  For 10 points, name this World War II Nazi-led campaign whose outcome forced Charles de Gaulle  (SHARL day GOAL) to flee to Britain.",Battle of France [or German invasion of France; or Axis defeat of France in World War  II; or Nazi invasion of France until “Nazi” is read]
2022 IQBT Regular Season Set 1,10,6,"The earliest depiction of the dodo bird in color was made by this dynasty's artist Ustad Mansur  (OO-stahd mahn-SOOR). The painting Prince with a Falcon depicts a popular hobby of this dynasty  in a form used up to 1400 times in some of its manuscripts, miniature painting. Over 410 fountains  were included in the Shalimar Gardens during this dynasty, whose architect (*) Ustad Lahauri (OO-stad lah-hah-OR-ee) designed a tomb for Mumtaz (MOOM-tahz). For 10 points, name this dynasty whose  emperor Shah Jahan (jah-HAHN) commissioned the Taj Mahal during its rule as the last Muslim dynasty  to control most of India.",Mughal dynasty [or Mughals; or Mughal empire]
2022 IQBT Regular Season Set 1,10,7,"This character notes that “only the gods can never age...all else...time obliterates.” This  character opens a play by trespassing on ground sacred to the Furies in a town near Athens where  Theseus (THEES-ee-us) receives him. Another play titled for this character opens with the use of  olive branches to combat a (*) plague. This character sends Creon to the Oracle of Delphi (DEL-fai) to  investigate the death of his father, Laius (LAI-us). For 10 points, name this king of Thebes (theebz) who  titles a Sophocles (SAH-fuh-kleez) play in which he learns he has killed his father and married his  mother.",Oedipus (ED-ip-us) [or Oedipus Rex; or Oedipus at Colonus]
2022 IQBT Regular Season Set 1,10,8,"This present-day country was long the main home of a Gnostic (NAH-stik) group that despises  the “lord of darkness” Krun and the demiurge (DEM-ee-urj) Ptahil (pit-AH-hil) and believes John  the Baptist was the final prophet. The largest regular gathering in the world is the Arba'een (ARB-ai-EEN) Pilgrimage in this country. (*) Mandaeans (MAN-day-inz) lived in this country, which is home  to the most popular shrines to imams visited on Ashura (AA-shoo-RAH), in Karbala (kar-BAH-lah) and  Najaf (nah-JAHF). For 10 points, what Arab country is the second most populous majority Shia Muslim  country in the world, after neighboring Iran?",Iraq [Republic of Iraq; or Jumhūriīyet al-ʿIrāq]
2022 IQBT Regular Season Set 1,10,9,"The Tanzi effect theorizes that increases in this economic phenomenon will decrease a  government's ability to effectively collect tax. This phenomenon is related to two measures of the  interest rate by the Fisher effect. When this phenomenon rises, peripheral “shoe leather” and (*) “menu” costs also go up. The Phillips curve connects increases in this phenomenon with decreases in  unemployment rates. The consumer price index is used to estimate the rate of this economic  phenomenon. For 10 points, name this phenomenon of general price increases.",inflation
2022 IQBT Regular Season Set 1,10,10,"This particle is predicted to have a half-life of at least 1032 (ten to the thirty-second) years, and it  may decay into a pion and a positron, though its decay has never been observed. In beta-plus  decay this particle decays to a neutron, which results in the emission of an electron neutrino and a  positron. (*) By firing alpha particles into nitrogen gas, Ernest Rutherford discovered this particle in  1919. The number of these particles in an atom determines atomic number. For 10 points, name these  positively charged particles found in the atom's nucleus.",proton
2022 IQBT Regular Season Set 1,10,11,"In the latest installment in this franchise, the company Biosyn produces genetically modified  locusts. That movie from this franchise includes a reunion between Dr. Ian Malcom and Dr. Ellie  Sattler. The title location for the first three movies in this franchise is owned by John Hammond  and is on (*) Isla Nublar (EES-kah noo-BLAR). The Chris Pratt-played Owen Grady is introduced in the  fourth film in this franchise as the trainer for Blue and other velociraptors. For 10 points, name this  movie franchise about a theme park filled with dinosaurs.",Jurassic Park [or Jurassic World]
2022 IQBT Regular Season Set 1,10,12,"This country is the home of the current head of the World Trade Organization. In this  country's towns of Jangebe (JAIN-guh-bay) and Kagara (KAH-gah-rah), students were kidnapped  from schools in 2021. This country's president was criticized for traveling to the UK for treatment  of suspected Ménière's (meh-nee-EERS) disease. This country banned (*) Twitter in 2021 after the  company deleted a tweet by its president which referenced the Biafran Civil War. For 10 points, what  African country's president Muhammadu Buhari (muh-HA-muh-doo boo-HA-ree) continues to struggle  against Boko Haram?",Nigeria [Federal Republic of Nigeria]
2022 IQBT Regular Season Set 1,10,13,"Damage done by this king's army is referred to by the German term Perserschutt (PAIR-zair-shoot). Queen Artemisia fought for this king in a battle that he allegedly watched from a throne set  up on Mount Aigaleo (AY-guh-LAY-oh). This king's forces were decisively defeated at the Battle of  (*) Plataea (plut-AY-uh), after which Athens founded the Delian League. Despite winning the Battle of  Thermopylae (therm-AH-puh-lai), this king's invasion of Greece was repelled. For 10 points, name this  Persian king who defeated Leonidas (LEE-oh-NAI-dus) and his 300 Spartans and was the son of Darius  (duh-RAI-us) the Great.",Xerxes I (ZERK-seez the first) [or Xerxes the Great]
2022 IQBT Regular Season Set 1,10,14,"In a novel set in this state, a character runs a scam reselling beans in order to regain the  fortune his father lost. In a novel set in this state, a character describes how his Chinese scholar  relatives have discovered that the Hebrew word “timshel” (tim-SHEL) translates to “thou mayest.”  In a novel, (*) Jim Casy is arrested in this state for knocking out a police officer and a starving man here  is breastfed by Rose of Sharon. For 10 points, name this state to which the Joad family travels in John  Steinbeck's novel The Grapes of Wrath.",California [or CA]
2022 IQBT Regular Season Set 1,10,15,"This artistic genre was the lowest on the French Academy's hierarchy of painting. Francisco  Zurbarán (zoor-boo-RAHN) pioneered a Spanish subgenre of this kind of art called bodegónes (boh-day-HOH-nays). This artistic genre was the main output of Dutch artists Rachel Ruysch (rah-SHEL  rowsh) and Clara Peeters. Several paintings in this genre depict (*) skulls stacked on top of each  other. Paul Cezanne (say-ZAHN) often included apples in examples of this genre. For 10 points, name  this genre of painting that depicts inanimate objects.",still lifes [or still lives]
2022 IQBT Regular Season Set 1,10,16,"The characteristic polynomials of these objects are used to calculate a value denoted lambda  that quantifies how much their eigenvectors (AI-gen-vek-turz) are scaled. The symmetric kind of  these objects are equal to their transpose. Cramer's rule is used to find solutions to systems of (*) linear equations using these objects. Multiplication is not commutative in these objects, whose identity  type contains only ones and zeroes. The formula “a times d minus b times c” gives the determinant of  these objects. For 10 points, name these rectangular arrays of numbers.",matrix [prompt on determinant until it is read]
2022 IQBT Regular Season Set 1,10,17,"A man jots down an address on a shirt cuff in this play just after another character formulates  a story about a person being “carried off suddenly, in Paris, by a severe chill.” A character in this  play states that losing “one parent” “may be regarded as a misfortune; to lose both looks like (*) carelessness.” Reverend Chasuble interrupts a German lesson to flirt with Miss Prism in this play, which  describes the habit of “Bunburying” to avoid responsibilities. For 10 points, name this play about the  double life of Jack Worthing, by Oscar Wilde.",The Importance of Being Earnest
2022 IQBT Regular Season Set 1,10,18,"A colloid of this element can be formed in the Turkevich (TUR-kuh-vitch) method using sodium  citrate, which can then be used to label antigens in electron microscopy (mai-KRAH-skuh-pee). Like  platinum, this element dissolves in a mix of hydrochloric acid and nitric acid. Alpha particles were  (*) shot at a thin sheet of this metal to prove that atoms have a positively charged nucleus in the  Rutherford experiment. Aqua regia (AH-kwah REJ-ee-uh) dissolves this metal, for which pyrite is easily  confused. For 10 points, name this noble metal with symbol Au and a lustrous yellow appearance.",gold [or Au until it is read]
2022 IQBT Regular Season Set 1,10,19,"The Tunes to Make You Run Away were written for this instrument. “The Hills of Anacapri”  and “Dancers of Delphi” are found in a cycle of twenty-four pieces for this instrument that was  one of the first such books to eschew tonal centers. Erik Satie’s Gymnopédies (jim-NOH-pay-dee) and (*) Claude Debussy’s (DUH-byoo-say’s) Preludes are written for this instrument, which Vladimir  Horowitz and Martha Argerich (MAR-thah-hah-REECH) performed. For 10 points, name this instrument  sometimes taught via the Bastien method, which has three pedals and 88 keys.",piano [or pianoforte]
2022 IQBT Regular Season Set 1,10,20,"The first use of these things in China is legendarily dated to King Wuling of the Zhao's order  to train with them in exactly 307 BC, probably two thousand years after their true introduction.  The Mongol Yam (yahm) system provided people with food, shelter, and these things. The  Ferghana Valley was home to (*) “heavenly” examples of these things, which were first used for  warfare in China by the nomadic Hu people. During the Shang dynasty, war chariots were pulled by, for  10 points, what animals central to Mongol cavalry warfare?",horses [or warhorses]
2022 IQBT Regular Season Set 1,10,21,"In the final section of a novel by this author, the title character and a “Lancashire (LAIN-kuh-sher) husband” Jemmy are transported to colonial Maryland and Virginia. This author was  inspired by a real woman whom he met while imprisoned at Newgate to write (*) Moll Flanders.  This man discussed an epidemic of 1665 in his fictionalized Journal of the Plague Year. A character  created by this author employs Xury (ZUR-ee) and Friday during 28 years on a pre-modern island. For  10 points, name this English author of Robinson Crusoe.",Daniel Defoe [or Daniel Foe]
2022 IQBT Regular Season Set 1,11,1,"This man's 1957 visit to the Turkish embassy in his country ended a summer crisis over military  influence in Syria. This leader, who launched the failed Virgin Lands Campaign, left the Four  Powers Summit after only a day due to tensions over the (*) U-2 incident. The satellite Sputnik was  launched under this leader, with whom Fidel Castro struck a deal to place nuclear missiles in Cuba. This  leader's “Secret Speech” denounced the repression of the Stalin era. For 10 points, name this Soviet  politician who bested Georgy Malenkov in a 1950s leadership struggle.",Nikita Khrushchev (KROOSH-chev) [Nikita Sergeyevich Khrushchev]
2022 IQBT Regular Season Set 1,11,2,"A substance whose common name includes this noun contains antimony (ant-IM-uh-nee) and  fluorine, can be used to stabilize carbocations (KAR-boh-KAT-ai-onz) in solution, and is the “magic”  example of this kind of substance. When these substances have a Hammett function below  negative twelve, they are the (*) “super” variety. One definition of these substances includes boron  trifluoride due to being an electron pair acceptor. The Lewis and Bronsted-Lowry definitions apply to,  for 10 points, what substances such as the acetic type in vinegar, that have a pH less than seven?",acids [or magic acid or superacids]
2022 IQBT Regular Season Set 1,11,3,"This director is credited with being the first to aim a camera directly into the sun. A film by this  director follows two scoundrel characters who learn that the reason they can't start a cooking fire  is that their branches are full of gold. A shot of four burial mounds topped with swords ends a  lengthy film by this director in which a man disguised as a (*) monk joins a group that agrees to fight  musket-wielding bandits to defend a village. For 10 points, who directed The Hidden Fortress, Throne of  Blood, and Seven Samurai in his native Japan?",Akira Kurosawa (koo-roh-SAH-wah)
2022 IQBT Regular Season Set 1,11,4,"Part of the U.S. Army 85th Division was diverted from this war to join the Polar Bear  Expedition. A predominantly Black regiment in this war was nicknamed the Harlem Hellfighters.  This war marked the peak in popularity of the term (*) “doughboys” for front-line soldiers. The  American Expeditionary Forces were led by John Pershing in this war, which the U.S. joined after a  telegram sent to Mexico from Arthur Zimmerman was intercepted. For 10 points, Woodrow Wilson led  the U.S. through what 1910s conflict?",World War I [or First World War; or the Great War]
2022 IQBT Regular Season Set 1,11,5,"The first profile in a book of “Great” performers by Harold Schonberg discusses this musician's  preference for Stein instruments despite buying from Anton Walter. Joseph II unofficially  considered this performer the winner of a formally tied musical duel with Muzio Clementi (MOOT￾say-oh CLEM-en-tee). This musician learned piano to emulate his sister (*) Nannerl (NAH-nurl). His  A major 11th piano sonata ends with a movement imitating Janissary (JAN-is-air-ee) bands. For 10  points, name this native son of Salzburg who composed the “Rondo alla Turca” and was an Austrian  Classical prodigy.",Wolfgang Amadeus Mozart [Johann Chrysostom Wolfgang Amadeus Mozart; or Johannes  Chrysostomus Wolfgangus Theophilus Mozart]
2022 IQBT Regular Season Set 1,11,6,"Weapons in this game include Exagryph (ECKS-ah-griff), the Adamant Rail; and Varatha, the  Eternal Spear. The Lucky Tooth, which restores health upon death, can be obtained in this game  by giving a gift to Skelly. In this game, a “Barge of Death” can be encountered in (*) Asphodel (AZ￾fuh-del) before a boss fight against a bone hydra nicknamed Lernie. This roguelike dungeon crawler  made by Supergiant Games features Megaera (meg-AIR-uh) and Thanatos (THAA-nuh-tohs) as love  interests. For 10 points, name this game with a title alluding to Zagreus's (zuh-GREY-us's) divine father,  who rules the underworld.",Hades
2022 IQBT Regular Season Set 1,11,7,"Mass movements of this kind of matter in the atmosphere can result in Birkeland currents.  Tension on magnetic field lines results in low-frequency oscillations in this matter called Alfven  waves. This matter is treated like a fluid in the field of (*) magnetohydrodynamics, and a magnetic  field is used to confine this kind of matter in the shape of a torus in a tokamak (TOW-kuh-mak). Auroras  are an example of this matter, whose partially ionized form makes up lightning. For 10 points, name this  “fourth state of matter” that comprises the Sun.",plasma
2022 IQBT Regular Season Set 1,11,8,"This god critiques the practice of selor, or sorcery, as effeminate in a poem named after him,  which features his invocation of the rite of hospitality and begins at a feast of Aegir (AY-jeer). This  god's son Narfi was killed in order to create a set of ropes. This god stands at the helm of the  Nagelfar (NAA-gul-far), a ship made of nails. This god turned into a (*) fly to annoy the dwarf Brokk  as the dwarf tried to make Mjolnir (MYOL-neer) for Thor. This god planned the death of Balder by  giving Hodr (HOE-dur) mistletoe. For 10 points, name this Norse trickster god.",Loki
2022 IQBT Regular Season Set 1,11,9,"This peninsula's Loltun Caves contain paintings and is on the Ruta Puuc (ROO-tah pook) route  to Labna. A war in this region included the seizure of Valladolid (vai-yah-DOH-leed) before a  march to Mérida (MAY-ree-dah). Chetumal (CHAY-too-mahl) is the capital of a state on this  peninsula called (*) Quintana Roo. This region, whose town of Tulum features historical ruins, is the  site of the Chicxulub (CHAIK-chu-LOOB) Crater off its northwest coast. The Temple of Kukulcán (koo￾kool-KAHN) is a popular site in this peninsula's city of Chichen Itza (CHEE-chen EET-sah). For 10  points, name this peninsula that separates the Gulf of Mexico from the Caribbean Sea.",Yucatán Peninsula
2022 IQBT Regular Season Set 1,11,10,"A monocle-wearing character in this novella is said to be able to “turn black into white” to  justify taking additional milk and apples. A character in this book is visited multiple times a day  as his progress in designing a windmill is tracked. Characters in this novella are taught the song  (*) “Beasts of England” by Old Major. A maxim in this novella is changed to refer to some members of  a group being “more equal than others.” Napoleon murders his fellow revolutionary pig Snowball in, for  10 points, what novella by George Orwell?",Animal Farm
2022 IQBT Regular Season Set 1,11,11,"In this state, Mohamed Noor was convicted for shooting a woman who called 911 to report  witnessing an assault, named Justine Diamond. A cafeteria worker was shot in this state on a  livestream after informing police about a licensed firearm. Philando Castile was killed in this state,  where Alexander Kueng and (*) Tou Thao are scheduled to go on trial in 2022 for events that already  led to the murder conviction of Derek Chauvin. For 10 points, name this state that became a summer  2020 protest flashpoint after the police killing of George Floyd.",Minnesota
2022 IQBT Regular Season Set 1,11,12,"In a novel by this author, a teacher leaves town after drunkenly destroying the furniture in  Kohler's house, and doctor Howard Archie supports Moonstone native Thea Kronberg's  aspirations to be an opera singer. Two immigrants in a novel by this author were banished from  their hometown for throwing newlyweds to wolves. The title character of that novel by this writer  works as a housekeeper for the (*) Harlings and ultimately has ten children with Anton Cuzak. For 10  points, name this author who wrote about Czech settlers in Nebraska in My Ántonia.",Willa Cather [Willa Sibert Cather ]
2022 IQBT Regular Season Set 1,11,13,"These proteins have varying levels of affinity due to somatic (soh-MAT-ik) hypermutation.  Primary and secondary forms of these proteins are used to detect target proteins in a Western  blot. The paratope (PAA-ruh-toap) of this kind of protein is unique for one epitope (EP-it-oap), and  their interaction works like a (*) lock and key. These proteins are comprised of two heavy chains and  two light chains. These proteins have five possible isotopes, and they are produced by B cells. For 10  points, name these Y-shaped proteins that bind to antigens to trigger an immune response.",antibody [or immunoglobulin]
2022 IQBT Regular Season Set 1,11,14,"Left-leaning sympathizers were murdered in this war during the Bodo League Massacre. U.N.  Command forces ambushed at a reservoir in this war were later dubbed the “Chosin Few.” The  Armistice Agreement that ended this war was signed shortly after Joseph (*) Stalin's death caused a  withdrawal of Soviet support. Douglas MacArthur was removed as Supreme Commander during this  war due to Harry Truman's decision not to expand fighting into China. For 10 points, name this war that  led to the establishment of a demilitarized zone on an Asian peninsula.",Korean War [or Fatherland Liberation War; or Hanguk Jeonjaeng]
2022 IQBT Regular Season Set 1,11,15,"An argument against this process dubs it irrational because belief in a “uniformity principle”  is neither demonstrative nor moral. A later objection to this process involves the time-dependent  colors “grue” and “bleen.” That “new (*) riddle of” this process builds on an Enlightenment-era  objection to this process stating “that the sun will not rise tomorrow” is a valid belief. Nelson Goodman  and David Hume questioned the reliability of, for 10 points, what process in which general rules or  future events are believed in based on past examples?",induction
2022 IQBT Regular Season Set 1,11,16,"In a painting from this present-day country, a nude torso is to the bottom right of a mechanical  elephant. A regime from this country included exhibits such as “The ideal: cretin and whore” in a  show that labeled many prominent artists “Degenerate.” An earlier artist from this country often  depicted solitary men looking away from the viewer contemplating the landscape, such as in the  painting (*) Wanderer Above the Sea of Fog. For 10 points, name this country which was home to  Caspar David Friedrich and to the censorship of art by Nazis.",Germany [or Deutschland; or Federal Republic of Germany]
2022 IQBT Regular Season Set 1,11,17,"The word for this type of animal nicknames Ernst Lanzer, whose ordeal involving a package  containing a pair of glasses is discussed in the 1909 paper on a “Case of Obsessional Neurosis.”  These animals self-administered morphine less when in a social environment in a Bruce Alexander  study named for their “park.” The shortening of an (*) alleyway led these animals to make a loud  noise in the Kerplunk experiment. John Watson conditioned Baby Albert to fear one of these animals.  Psychologists often experiment on, for 10 points, what large rodents?",rats [or Rattus norvegicus; or Rattus norvegicus; or Rat Man; or Rat Park; or white rats; or  laboratory rats; or Norway rats; or Norwegian rats]
2022 IQBT Regular Season Set 1,11,18,"This number squared over six is the solution to the Basel problem, which concerns an infinite  sum of inverse squares. E raised to this number times i is equal to negative one according to  Euler's (OY-lur's) identity. Squaring the circle is an impossible task because this number is (*) transcendental. This number is the period of the tangent function, and this number of radians is equal to  180 degrees. This irrational number is the ratio of a circle's circumference to its diameter. For 10 points,  name this number that is approximately equal to 3.14.",pi
2022 IQBT Regular Season Set 1,11,19,"Though this novel was written about 150 years before astronomers discovered the moons of  Mars, it mentions those bodies in a passage about people who must be constantly hit with bags of  stones to keep focus. This novel describes an enlightened race that have no word for lying, the (*) Houyhnhnms (HWIN-imz). In this book, a debate about the proper way to crack an egg leads to a divide  between the Big-Endians and Little-Endians. This novel's main character is viewed as a giant by the  Lilliputians (lil-ip-OO-shunz). For 10 points, name this novel by Jonathan Swift.",Gulliver's Travels
2022 IQBT Regular Season Set 1,11,20,"This country's politics were once dominated by the “Generation of '80,” including Julio Roca,  who earlier displaced the Mapuche (mah-POO-chay) people during this country's Conquest of the  Desert. The 25th article of this country's 1853 constitution promoted European immigration,  leading to 60% of this country's present-day population having (*) Italian ancestry. The 1881  Boundary Treaty divided Tierra del Fuego (tee-AIR-ah del FWAY-goh) between this country and a  smaller neighbor that shares Patagonia. For 10 points, name this country that has a 3300-mile long  border with Chile.",Argentina [or Argentine Republic; or Republica Argentina]
2022 IQBT Regular Season Set 1,11,21,"The former East India Marine Society of this town provided the core of the large Asian art  collection at its Peabody Essex Museum. Two novels by Nathaniel Hawthorne were inspired by  Captain John Turner's home in this town and by Hawthorne's ancestor serving as a judge here.  Bridget Bishop was the first victim of an event in this town, where (*) Betty Parris and Abigail  Williams blamed their behavior on the slave Tituba. For 10 points, name this Massachusetts town in  which twenty people were executed in the 1690s after accusations of witchcraft.","Salem, Massachusetts"
2022 IQBT Regular Season Set 1,12,1,"This director collaborated with his last romantic partner Oja Kadar on a film about art forger Elmyr de Hory (EL-meer deh hoh-REE), titled F for Fake. A film by this director opens with a long tracking shot of a car with dynamite in the trunk. This man plays corrupt police captain Hank Quinlan in that film noir, Touch of Evil. In another film by this actor-director, he portrays a character who lives in the mansion (*) Xanadu (ZAN-ah-doo) and marries the singer Susan Alexander in flashbacks following his dying word “Rosebud.” For 10 points, name this director of Citizen Kane.",Orson Welles [George Orson Welles]
2022 IQBT Regular Season Set 1,12,2,"Male holders of this position practiced polygamy but privileged a single “Great Royal Wife,” a title bestowed on such people as Twosret (twahs-RET). Crowns called hedjet (HEJ-et) and deshret (DESH-ret) were used by holders of this position. A holder of this position was buried at (*) Saqqara (saa-KAH-rah) in a step pyramid designed by Imhotep (IM-hoh-tep). A female holder of this position wore false beards during the Fifteenth Dynasty and co-ruled with Thutmose III (TUT-mohs the third). Djoser (JOH-ser) and Hatshepsut (hot-SHEP-set) were holders of, for 10 points, what title for monarchs of ancient Egypt?",Egyptian pharaoh [prompt on king of Egypt]
2022 IQBT Regular Season Set 1,12,3,"A sandwich created in this city, the jibarito (hee-bah-REE-toh), is Puerto Rican-inspired and served on fried plantains instead of bread. Grant Achatz (AH-kitz) operates the only three Michelin star restaurant in this city, called Alinea (ah-lin-EE-uh). The (*) Italian beef sandwich originated in this city, where Cracker Jack, brownies, and Juicy Fruit gum all debuted at an 1893 event. A style of hot dog that uses sport peppers and celery salt but not ketchup is from, for 10 points, what midwestern city where the original Uno location created a namesake style of deep dish pizza?",Chicago
2022 IQBT Regular Season Set 1,12,4,"This novel's ending was changed according to the advice of the author's contemporary Edward Bulwer-Lytton. The protagonist of this novel is accosted in a graveyard and agrees to steal a file for a prisoner. A character in this novel has a room full of stopped clocks and continues to wear her (*) wedding dress. In this novel, the convict Abel Magwitch is arrested by the police. Miss Havisham (HAV-ish-um) raises Estella, whom the main character of this book falls in love with. For 10 points, name this novel about Pip's change in fortune, by Charles Dickens.",Great Expectations
2022 IQBT Regular Season Set 1,12,5,"Colorful berets inspired the name of a group of this ethnicity who walked out of school during 1968 “blowouts.” A dispute between people of this ethnicity led to the Sleepy Lagoon murder. Workers of this ethnicity were brought to the U.S. during a farm labor shortage under the 1942 (*) Bracero (brah-SAIR-oh) Program. The black eagle was a symbol used by an activist of this ethnicity who popularized the motto “Yes, we can.” The Zoot Suit riots targeted people of, for 10 points, what ethnicity, whose members Dolores Huerta (WAIR-tah) and Cesar Chavez were leaders of the Chicano movement?",Mexican-Americans [or Chicano or Chicana before “Chicano” is read; prompt on Hispanic; prompt on Latino or Latina]
2022 IQBT Regular Season Set 1,12,6,"A city in this state nicknamed “the cosmic hamlet by the sea” mostly sank during a 1964 earthquake. This state, which contains Homer, is the site of a coastal trail named for governor Tony Knowles. Five percent of this state is Orthodox Christian, by far the largest proportion of any U.S. state. This state's capital is accessed chiefly through a leg of the (*) Marine Highway ferry system and is not connected to the outside road network. For 10 points, name this state separated from the rest of the U.S. by Canada.",Alaska
2022 IQBT Regular Season Set 1,12,7,"The Higgs mechanism is theorized to generate this quantity for gauge (gayj) bosons. Neutrinos can undergo flavor oscillations due to having a nonzero value for this quantity. In particle physics, this quantity is often expressed in units of electrons-volts divided by (*) “9 times 10 to the 16th”. A unit for this quantity at atomic scales is the Dalton. The energy of a particle is equal to this quantity times the speed of light squared, and force is equal to this quantity times acceleration. For 10 points, name this quantity measured in kilograms.",mass
2022 IQBT Regular Season Set 1,12,8,"A character in this novel dances with Rosa Diamond all night on her birthday and kills himself with a gun hidden in a djinn's (jin's) lamp. In this novel, Ayesha (ai-EE-shuh) convinces a group of followers to walk with her into the Arabian Sea. This novel opens as two characters miraculously survive a (*) plane crash. A 2022 stabbing at the Chautauqua (chuh-TAWK-wuh) Institution was likely inspired by a 1989 Iranian fatwa (FAHT-wah) issued after the publication of this novel. For 10 points, name this novel titled for a series of controversial Quranic passages and written by Salman Rushdie.",The Satanic Verses
2022 IQBT Regular Season Set 1,12,9,"In an artwork in this medium found in a church in Ravenna (rah-VEN-uh), Jesus sits on an orb. That same church contains one of these artworks depicting Justinian I (the first) with his court and army. The House of the Faun in Pompeii contains one of these artworks that shows a victory for Alexander at the Battle of Issus. Islamic examples of these artworks decorate the walls at the (*) Alhambra's (ahl-HAHM-brah's) Court of the Lions. These artworks are often made using tesserae (TESS-uh-rai), or cut pieces of glass. For 10 points, name these artworks composed of small pieces of tile that form an image.",mosaics [prompt on tiles; prompt on glass]
2022 IQBT Regular Season Set 1,12,10,"Levels of this compound are monitored by the Chinese satellite TanSat. The concentration of this molecule can be measured using the Keeling Curve. Lake Monoun (mun-OON) and Lake Nyos (NAI-us) have both undergone limnic eruptions, which release this compound. When this compound dissolves in water, it dissociates into a (*) bicarbonate ion and a hydrogen ion, which leads to ocean acidification. The Kyoto Protocol specifies that human-made emissions of this compound drive global warming. For 10 points, name this compound that has chemical formula CO2.",carbon dioxide [or CO2 until it is read]
2022 IQBT Regular Season Set 1,12,11,"In a story by this author, Cayetano is recovering from a gunshot in a Montana hospital when three musicians, who are friends of the shooter, visit. The title character of one of this author's stories is shot in the back of his head by his wife Margot after he fires at a charging (*) buffalo. A novella by this author features frequent discussions about Joe DiMaggio between Manolin and the title character, Santiago, who pursues a giant marlin for days. For 10 points, name this author of The Old Man and the Sea.",Ernest Hemingway [Ernest Miller Hemingway]
2022 IQBT Regular Season Set 1,12,12,"This party announced a platform plank to close a “non-domicile” tax loophole via Shadow Chancellor Rachel Reeves. The former leader of this party, who awarded a peerage to inquiry author Shami Chakrabarti (SHAH-mee shah-krah-BAR-tee), was removed from its whip in 2020. After a landslide loss in the 2019 (*) general election reduced this party to its fewest seats since 1935, October 2022 polls found it leading by 30% against the incumbent government. For 10 points, name this primary opposition party in the U.K., which is led by Keir (keer) Starmer and opposes the Conservatives.",Labour Party
2022 IQBT Regular Season Set 1,12,13,"Critics of this website have included John Seigenthaler (SEEG-en-thaw-ler), whom this website falsely accused of complicity in both JFK and RFK's assassinations, and Philip Roth, who wrote an “open letter” to this website in 2012 about The Human Stain. A project called Women in Red addresses gender (*) bias on this website. In 2004, the fiction-focused counterpart Fandom was launched by this site's most visible founder, Jimmy Wales. The world's most visited nonprofit website is, for 10 points, what “free encyclopedia that anyone can edit?”",Wikipedia [or en.wikipedia.org; or English-language Wikipedia]
2022 IQBT Regular Season Set 1,12,14,"The King's Peace ended a war named for this city that broke out shortly after the Peloponnesian (pel-uh-puh-NEE-zhun) War, which itself followed a dispute between this city and Athens over the colony of Corcyra (kor-SEER-uh). During the spring of the years before and after each Olympic Games, this city hosted the (*) Isthmian (IZTH-mee-un) Games. This city, legendarily founded by Sisyphus (SIS-if-us), names one of the original three Greek orders of columns along with Ionic and Doric. For 10 points, what ancient Greek city's Christian community received two letters from Paul in the New Testament?",Corinth [or Corinthian War; or Corinthian order; or First or Second Corinthians]
2022 IQBT Regular Season Set 1,12,15,"In De Moivre's (duh MWAH-vruh's) theorem, this function is multiplied by i. This function is used in the Fourier (FOOR-yay) transforms for odd functions. The hyperbolic form of this function equals “e to the x minus e to the negative x over two.” The negative reciprocal of this function squared is the derivative of (*) cotangent. This function of zero equals zero, and it is often defined as the y-coordinate of a point on the unit circle. For 10 points, name this function that is defined as opposite over hypotenuse.",sine [or sine of x]
2022 IQBT Regular Season Set 1,12,16,"These people sacked the city of Astrakhan (AST-ruh-kan) during an uprising led by Stenka Razin (stain-kuh RAA-zin). In an indirect alliance with Sweden, these people revolted against the Polish-Lithuanian Commonwealth in the Khmelnytsky (KEL-muh-NIT-skee) Uprising to begin The Deluge. Ilya Repin (IL-yuh REP-in) painted the Zaporozhian (ZAP-uh-ROH-jin) group of these people, who sacked Kazan (kah-ZAHN) in a revolt against (*) Catherine the Great under Yemelyan Pugachev (YEM-el-yahn POOG-ah-shev). Many of these nomadic people lived around the Don and Dnieper (NEE-pur) Rivers. For 10 points, name these Slavic raiders who often served as cavalry enforcers for Russia.",Cossacks [or Don Cossacks; or Zaporozhian Cossacks]
2022 IQBT Regular Season Set 1,12,17,"A piece in this genre from Chopin's Opus 34 is nicknamed for a cat walking on the keyboard. Another piece in this genre was written to bid Maria Wodzińska (MAH-ree-ah voh-JIN-skah) farewell. Delfina Potocka (poh-TOH-skah) is the dedicatee of a brief D-flat major piece in this genre, also used for an E-flat major piece titled (*) “Grande” and “brillante.” In French, one of these pieces is nicknamed for a puppy owned by George Sand that the composer saw chasing its tail. Chopin wrote a “Minute” piece in, for 10 points, what genre of dance music in 3/4 (three-four) with a Viennese variant?",waltz [or vals; or valse; or “Cat Waltz”; or “Farewell Waltz”; or “Minute Waltz” or “Grande valse brillante”; or Viennese waltz]
2022 IQBT Regular Season Set 1,12,18,"Studies purporting to prove the reliability of this value by Cyril Burt were revealed to contain fabricated data. The general increase of this measurement over time was dubbed the “Flynn effect” in the 1994 book The Bell Curve. Daniel Goleman created an alternative to this measurement that focuses on (*) emotional understanding. The modern form of this measurement, created by Alfred Binet (bin-AY), normalizes values to a mean of 100. Individuals who apply to Mensa must score highly on, for 10 points, what value purporting to quantify cognitive capability?",IQ [or IQ test; or intelligence quotient; prompt on intelligence]
2022 IQBT Regular Season Set 1,12,19,"These compounds are transported by PIN proteins in a form of “polar transport” that is named for these compounds. Distribution of these compounds is responsible for apical (AYP-ik-ul) dominance, in which the central stem of a plant grows more than the lateral buds. A synthetic one of these hormones, (*) 2,4-D, is one of the most commonly used herbicides. Indole-3-acetic (IN-dohl-three-uh-SEET-ik) acid is one of these plant hormones, which participate in phototropism (FOH-toh-TROH-pizm). For 10 points, name these plant hormones that promote stem elongation and root growth.",auxins [prompt on plant hormones until “hormones” is read]
2022 IQBT Regular Season Set 1,12,20,"This god took a vow of celibacy despite being married three times, which led to his epithet Brahmachari (BRAK-maa-CHAH-ree). This god took the form of a leper to meet with Tulsidas (TUL-see-dahs), who wrote the Chalisa (CHAA-lee-sah) as a devotional hymn to this god. In an epic titled for a different god, by Valmiki (val-MEE-kee), this god leaps across the ocean to (*) Lanka (LAHN-kuh) while in a giant form. This god carries a mountain filled with herbs to save Lakshmana (LUKSH-mun) and destroys the fortress of Ravana (RAH-vahn-uh) using his burning tail. For 10 points, name this Hindu monkey god who is a main character in the Ramayana (rah-MAI-un-ah).",Hanuman (hah-noo-MAHN) [do not accept or prompt on “Monkey (King)”]
2022 IQBT Regular Season Set 1,12,21,"The liquid form of this compound is used along with sodium to reduce benzene in a reaction named for Arthur Birch. An iron-molybdenum (muh-LIB-din-um) cofactor is used in the production of this compound by rhizobia (rai-ZOH-bee-uh). Deadly chloramines (KLOR-uh-meenz) are produced when this compound is mixed with (*) bleach. This compound is used to produce nitric acid in the Ostwald process, and this compound can be produced under high pressures with an iron catalyst in the Haber-Bosch (HAH-bur-BOSH) process. For 10 points, name this nitrogen- and hydrogen-containing compound with formula NH3.",ammonia [or NH3 until it is read]
2022 KICKOFF Novice,1,1,"This city’s Alcmaeonid family got themselves cursed and exiled until Hippias was overthrown by  Cleisthenes. A harsh law code in this city, which included a death penalty for stealing cabbages, was written  by Draco, and almost entirely replaced by (*) Solon. This city led the Delian League, and embezzled funds from  it to fund the Parthenon. For 10 points, name this birthplace of democracy in Ancient Greece.",Athens [or Athenai]
2022 KICKOFF Novice,1,2,"During pinocytosis, part of this structure pinches off into a vesicle. ATP hydrolysis drives the movement of  molecules through this structure via (*) active transport, although small enough non-polar compounds may simply diffuse  across it. The fluid mosaic model describes how channel proteins can embed into this biological structure. For 10 points,  name this structure, a phospholipid bilayer that surrounds cells.",cell membrane [or plasma membrane]
2022 KICKOFF Novice,1,3,"A leader with this first name is informed that “strange women. . . distributing swords is no basis for a  system of government,” in reference to him getting his sword from the Lady of the Lake. A character with  this first name titles a (*) PBS show about an anthropomorphic aardvark. For 10 points, give this name of the  protagonist of Monty Python and the Holy Grail, a mythological king of the Britons who wields Excalibur.","Arthur, king of the Britons [or King Arthur; or Arthur the Aardvark]"
2022 KICKOFF Novice,1,4,"In one work, this poet asks Garcia Lorca what he’s doing “down by the watermelons.” Another poem by  this poet describes figures who “threw potato salad at CCNY lecturers."" This poet of (*) “A Supermarket in  California” tells Carl Solomon “I’m with you in Rockland” in another poem. For 10 points, name this Beat  Generation poet, who wrote about seeing the “best minds of his generation destroyed by madness” in “Howl.""",Allen Ginsberg (the elegy is “Kaddish”)
2022 KICKOFF Novice,1,5,"In this country, “el ladrillo” detailed the economic policies advocated by the Chicago Boys. This country’s  copper industry was nationalized by a socialist leader who committed suicide at La Moneda Palace, (*) Salvador Allende. A longtime dictator of this country may have ordered the assassination of Pablo Neruda. For 10  points, name this South American country formerly led by Augusto Pinochet, which is governed from Santiago.",Chile
2022 KICKOFF Novice,1,6,"In one religion from this region, which is home to the Bon religion, deceased people travel through bardos,  as detailed in a non-Egyptian Book of the Dead. The Nyingma, Sakya, and Kagyu schools make up a “red  hat” sect, contrasted with the Tenzin Gyatso-led Gelug school in this region. The “yellow hat” sect of (*) Mahayana Buddhism is centered in this region. For 10 points, name this region, which was once led by the Dalai  Lama.","Tibet [or Bod or Xīzàng; prompt on People’s Republic of China, prompt on Himalayas]"
2022 KICKOFF Novice,1,7,"In one song, this artist sings about doing the title action “‘bout anything you want until the mornin’.” This  artist sings “Gravity holdin’ me back” on a song which saw fans scream the line “leave America'' on his  Europe tour. This singer’s album Fine Line contains a song describing (*) “strawberries/on a summer evening.”  A 2022 album titled for his “house” was released by, for 10 points, what former member of One Direction, whose  hits include “Watermelon Sugar'' and “As it Was?”",Harry Styles
2022 KICKOFF Novice,1,8,"This molecule’s concentration is measured at the Mauna Loa Observatory and plotted against time on the Keeling  Curve. By definition, this molecule has a GWP of one. Iron fertilization is one potential way of sequestering this  molecule by triggering growth of phytoplankton. This molecule forms (*) carbonic acid when reacting with water, which  causes ocean acidification. This compound is released when burning fossil fuels. For 10 points, name this greenhouse gas.",CO2 [or carbon dioxide]
2022 KICKOFF Novice,1,9,"One piece for this instrument imitates flutes and french horns with ricochet and is nicknamed “The Hunt.”  Giuseppe Tartini composed a sonata for this instrument, titled “Devil’s Trill.” 24 caprices for this instrument  were written by Niccolo Paganini, who played one of these instruments made by the luthier (*) Antonio  Stradivari. The concertmaster of an orchestra plays this instrument, whose highest string is an E. For 10 points,  name this highest-pitched string instrument.",violin
2022 KICKOFF Novice,1,10,"This country’s government planned the construction of the Trojena mountain resort and a 170 kilometer  long linear city in its Neom project. Members of this country’s Tiger Squad potentially carried out the  assassination of dissident journalist Jamal Khashoggi. The initial public offering of (*) Aramco, this country’s  national oil company, was proclaimed by its crown prince, Mohamed bin Salman. For 10 points, name this oil-rich  country governed from Riyadh.",Saudi Arabia
2022 KICKOFF Novice,1,11,"After one holder of this position killed his son with a scepter in a fit of rage, this position saw a period of  instability that ended the Rurikid Dynasty’s control of it. Boris Gundunov was elected to this position before  the Time of Troubles, during which it was claimed by three (*) False Dmitrys. The last holder of this position  was forced to abdicate in the February Revolution of 1917, ending the Romanov Dynasty. For 10 points, identify  this royal position that ruled imperial Russia.",Tsar [or Czar; prompt on Ruler of Russia]
2022 KICKOFF Novice,1,12,"In a painting of this type, the monkey Fulang-Chang has a pink ribbon around his neck that attaches him  to its other central figure. In another work of this type, an Ionic column replaces the spine of a woman who  appears wearing a necklace of (*) thorns in a third example of these works. A woman with a prominent unibrow  often features in Frida Kahlo’s works of this type. For 10 points, name this type of artwork, in which the artist  depicts themself.",self-portrait [prompt on portrait]
2022 KICKOFF Novice,1,13,"The protagonist of this book buys a pink coral paperweight in Mr. Charrington’s shop. One book within  this novel includes the slogans “War is Peace” and “Ignorance is Strength."" That book is given to the  protagonist by (*) O’Brien, who later tortures the protagonist in Room 101 with rats, leading him to exclaim “Do it  to Julia!"" For 10 points, name this dystopian novel about Winston Smith’s life under Big Brother in the title year,  written by George Orwell.",1984
2022 KICKOFF Novice,1,14,"For a solenoid, this quantity equals the product of mu times the number of windings times current.  Taking the product of this quantity with area, and then taking the negative time derivative, gives the  electromotive force, according to Faraday’s law. This quantity’s divergence is always equal to zero, implying  that its namesake (*) monopoles don’t exist. For 10 points, name this quantity, which imparts a perpendicular force  on a moving charge, and which always has a north and south pole.",magnetic field [or B-field]
2022 KICKOFF Novice,1,15,"The centaurs Hylaeus and Rhaecus attempted to assault this hero during an event caused by a failure to  honor Artemis. This woman and her husband were turned into lions for sleeping in the temple of Zeus.  Meleager gave this woman the pelt of the (*) Calydonian Boar after she drew first blood in its hunt. For 10 points,  name this huntress, who married Hippomenes after he distracted her with golden apples during a footrace.",Atalanta
2022 KICKOFF Novice,1,16,"One thinker who wrote in this language used the example of a waiter whose movements are too “waiter￾esque” as an example of “bad faith.” Another thinker who wrote in this language claimed in her most famous  book that “one is not born, but rather (*) becomes a woman.” This language was used to write The Second Sex and Being and Nothingness. For 10 points, name this language used by Simone de Beauvoir and Jean-Paul Sartre",French language
2022 KICKOFF Novice,1,17,"This river’s native baiji was the first species of dolphin to have a human-caused extinction. Over 1 million  people were displaced by the construction of the Three Gorges Dam on this river, which is connected to  another river to its north by the (*) Grand Canal. This river is located south of the Yellow River and has its mouth  near Shanghai. For 10 points, name this longest river in China.",Yangtze River [accept Cháng Jiāng]
2022 KICKOFF Novice,1,18,"A gang of four criminals in this novel are given the name Patron-Minette. In this novel, Enjolras acts as  the leader of the revolutionary group known as the Friends of the ABC. The protagonist of this novel uses the  alias Monsieur (*) Madeleine after he is caught stealing Bishop Myriel’s silverware. In this novel, Inspector Javert  commits suicide by throwing himself into the Seine River. For 10 points, name this Victor Hugo novel centered on  the ex-convict Jean Valjean.",Les Miserables
2022 KICKOFF Novice,1,19,"Gene Grabeel led a group of people in performing this task for the Venona Project. Station HYPO helped  the American Navy win the Battle of Midway by performing this task. The US Marines employed a group of  Navajos to make this task harder for other nations. (*) Room 40, best known for this task, intercepted the secret  Zimmermann Telegram. For 10 points, name this task involving the interception and decryption of hidden enemy  messages.","codebreaking [or cryptanalysis or cryptography or signals intelligence or SIGINT; accept  decryption or decrypting until mentioned; prompt on reading messages or intercepting messages; prompt on  counterintelligence, espionage, or equivalents for spying by asking “what specific kind of intelligence is being  done?”; do NOT accept or prompt on “encryption,"" “encoding,"" or anything that suggests hiding a message]"
2022 KICKOFF Novice,1,20,"This molecule undergoes successive electron addition in liquid ammonia in the Birch reduction. Adding  two methyl groups to this compound gives xylene. Derivatives of this molecule include aniline and toluene.  Completely hydrogenating this molecule produces (*) cyclohexane. This molecule can be written as a circle  inside a hexagon. This molecule is the simplest aromatic hydrocarbon. For 10 points, name this molecule, with  chemical formula C6H6.","benzene [accept 1,3,5-cyclohexatriene or benzol or phene; prompt on C6H6 before it is read]"
2022 KICKOFF Novice,2,1,"Only this figure’s head and neck appear in the Athenaeum Portrait, the best known work of Gilbert Stuart. Grant Wood painted this figure holding an ax in Parson Weems’ Fable, which depicts a myth in which he cuts a cherry tree. This man titles Emmanuel Leutze’s most famous painting, in which James Monroe holds an American flag in a boat floating on an icy river. For 10 points, name this man depicted “crossing the Delaware” in one painting, the first U. S. President.",George Washington [or Washington Crossing the Delaware]
2022 KICKOFF Novice,2,2,"Followers of this religion in the Banu Qurayza tribe were defeated at the Battle of the Trench. The “Beta” community of this religious group in Ethiopia were airlifted to an Asian country in Operation Solomon. Members of this religion descended from Middle Eastern groups are known as Mizrahi. Aliyah is the primary tenet of a movement involving this religious group, Zionism. For 10 points, name this target of anti-Semitism that populates much of Israel.",Judaism [accept Jews]
2022 KICKOFF Novice,2,3,"This god’s nephew built a stone boat to defeat him in a series of “Contendings.” This god defended Ra on his nightly journey by slaying the serpent Apep. Horus defeated this husband of Nephthys in a race after he cut his brother into 14 pieces and scattered them across the Nile. For 10 points, name this brother of Osiris, the Egyptian god of chaos.",Set [or Seth]
2022 KICKOFF Novice,2,4,"The erf function arises when defining the CDF of this distribution. For a large number of samples, the distribution of sample means converges to this distribution, according to the central limit theorem. This distribution obeys the empirical 68-95-99.7 rule, which dictates what percentage of it lies within one, two, or three standard deviations from the mean. For 10 points, name this distribution shaped like a bell curve.",normal distribution [Gaussian distribution; accept bell curve before it is read]
2022 KICKOFF Novice,2,5,"In one film, one of these characters is given the stolen Zodiac Stone for safekeeping. The PX-21 mutagen makes these characters turn into their purple “evil” form. The refrain “I got money” features in a song by Yeat titled “Rich [one of these characters].” Many movie theaters kicked out people who wore suits as part of a trend called “gentle [these characters].” For 10 points, name these yellow creatures, who title a movie subtitled “The Rise of Gru.”",minions [accept Rich Minion; or gentleminions; or Evil Minions; or Minions: The Rise of Gru]
2022 KICKOFF Novice,2,6,"Timberline Lodge, located on this state’s highest point, was the filming site for much of The Shining. Nike is headquartered in Beaverton, a southern suburb of this state’s largest city. It’s not Maine, but this state’s Mount Hood overlooks its largest city, Portland. For 10 points, name this Pacific Northwest state that lies south of Washington and north of California.",Oregon
2022 KICKOFF Novice,2,7,"Two days before this event, a crowd marched to the Tuileries protesting the dismissal of financier Jacques Necker. This violent event followed the signing of the Tennis Court Oath by the Third Estate. Only seven prisoners were actually freed during this event, after which the Jacobin movement was formed. For 10 points, name this July 14, 1789 event in which French revolutionaries stormed a prison in Paris, the inciting incident of the French Revolution.",storming of the Bastille (accept equivalents mentioning an attack on the Bastille; prompt on “French Revolution”)
2022 KICKOFF Novice,2,8,"One poem by this author describes “a cake of soap, a wedding ring, [and] a gold filling."" That poem by this author describes a woman who claims “dying is an art, like everything else. I do it exceptionally well."" Another poem by this poet tells the title figure “there’s a stake in your fat black heart” before declaring “you bastard, I’m through."" This poet of the collection Ariel describes a “man in black with a Meinkampf look” in that poem. For 10 points, name this Confessional poet of “Lady Lazarus” and “Daddy.""",Sylvia Plath
2022 KICKOFF Novice,2,9,"This quantity equals the square root of the product two, times mass, times kinetic energy. It’s not force, but according to Newton’s Second Law, the rate of change of this quantity equals mass times acceleration. Rockets generate thrust after ejecting mass, since this quantity is conserved. Impulse equals the change in this quantity. For 10 points, name this quantity equal to mass times velocity.",linear momentum [prompt on p; do NOT accept or prompt on “angular momentum”]
2022 KICKOFF Novice,2,10,"After this event, one participant created a video beginning “It’s been a minute.” One participant stated “That was a … greatest night in the history of television” after this event, which was spurred by the joke “G.I Jane 2, can’t wait to see it.” After this event, one participant apologized many times while accepting his award for Best Actor. For 10 points, name this 2022 altercation between a star of King Richard and a host at the Oscars.","Will Smith slapping Chris Rock [accept similar answers; either Smith or Rock is needed, but not both]"
2022 KICKOFF Novice,2,11,"A scientist from this country was the first to estimate the extent an increase in atmospheric carbon dioxide would increase Earth’s temperature. That scientist from this country names an equation that has a pre-exponential factor and is useful for calculating activation energies. Another scientist from this country used nitroglycerin to invent an explosive. This country contains the city of Ytterby. For 10 points, name this home country of Svante Arrhenius and Alfred Nobel, who was born in Stockholm.",Sweden
2022 KICKOFF Novice,2,12,"An event organized in support of this goal by E.D. Nixon did not publicize the efforts of Claudette Colvin. This goal was achieved by the ruling in Browder v. Gayle. Participants in an event with this goal organized carpools and walked after an NAACP secretary was arrested for sitting in a “white’s only” seat. For 10 points, identify this goal of a boycott in Montgomery, sparked by Rosa Parks’s refusal to give up her seat on a public transportation vehicle.",bus desegregation [or bus integration; accept bus boycotts; accept equivalents]
2022 KICKOFF Novice,2,13,"A depiction of this figure’s head in Ayutthaya is almost completely surrounded by the roots of a banyan tree. The misleadingly named “Emerald” statue of this figure is currently located in Bangkok. Some statues of this figure carved out of cliffs can be found at Leshan and another site destroyed by the Taliban in 2001, Bamiyan. For 10 points, name this religious figure, sometimes called Siddhartha Gautama.",Buddha [accept the Emerald Buddha; or “Siddhartha Gautama” before it is read; or Siddhartha Gautama before it is read]
2022 KICKOFF Novice,2,14,"This author wrote a novel in which the dog Barrabás’ voice is only heard after the death of the green-haired Rosa the Beautiful. After not speaking for nine years, the telekinetic prophet Clara del Valle marries Esteban in a novel by this author, which follows the Trueba family. In another novel, this author created the orphaned storyteller Eva Luna. For 10 points, name this Chilean author of The House of the Spirits.",Isabel Allende
2022 KICKOFF Novice,2,15,"Samuel Wragg exchanged medical supplies for prisoners with this man after he set up a blockade around Charles Town in South Carolina. Despite parting ways with Stede Bonnet, this man returned to his old life with the Adventure, the successor to the Queen Anne’s Revenge. Though his actual name is unknown, this man’s name was often given as Edward Teach. For 10 points, name this pirate, who was nicknamed for his dark facial hair.","Blackbeard [accept Edward Teach before it is read, accept Edward Thatch]"
2022 KICKOFF Novice,2,16,"The highest point of a country in this game series is Lanayru Peak, where the legendary dragon Naydra can supposedly be seen on clear nights. The protagonist of a game in this series falls asleep for 7 years and learns how to play the Ocarina of Time. The title princess of this game series is the subject of repeated kidnapping attempts by the villain Ganondorf. For 10 points, name this video game series that includes Breath of the Wild, where you play as the warrior Link.",The Legend of Zelda [or The Legend of Zelda: Ocarina of Time; or The Legend of Zelda: Breath of the Wild]
2022 KICKOFF Novice,2,17,"Female nuns of one of this religion’s sects cannot attain aparigraha because they are not allowed to be nude. That sect of this religion, the “sky-clad” Digambaras, differs from the “white-clad” Svetambara sect. This religion venerates 24 spiritual leaders called tirthankaras, the last of whom was Mahavira. For 10 points, name this religion, whose adherents practice a vow of nonviolence called ahimsa.",Jainism
2022 KICKOFF Novice,2,18,"One work by this composer features a bass echo a B-flat major melody played by the trombone in the “Tuba Mirum” section. This composer’s requiem in D minor was commissioned by Count von Walsegg and completed by Franz Süssmayr after his death in 1791. The only two symphonies in a minor key by this composer are the “Little” and “Great” G minor symphonies. For 10 points, name this Austrian composer of the “Jupiter” Symphony and The Magic Flute.",Wolfgang Amadeus Mozart
2022 KICKOFF Novice,2,19,"In this tissue, calsequestrin binds to calcium ions in the sarcoplasmic reticulum, which, when released, binds to troponin. The functional unit of this tissue is the sarcomere. This tissue contains the proteins actin and myosin. Types of this tissue include smooth and striated. For 10 points, name this tissue attached to bone that is responsible for contraction, examples of which include the bicep.",muscle [accept specific kinds of muscles like cardiac muscle; accept specific muscles like the bicep brachii]
2022 KICKOFF Novice,2,20,"John Keats wrote a poem titled “On Sitting Down to Read [this play] Once Again."" In this play, a character declares “as flies to wanton boys are we to the gods; they kill us for their sport."" A character disguised as Tom O’Bedlam leads Gloucester off an imaginary cliff in this play. This play opens with the flattering of the title character by his daughters Regan and Goneril. For 10 points, name this Shakespearean tragedy about the title monarch, who exiles his daughter Cordelia.",King Lear [or “On Sitting Down to Read King Lear Once Again”]
2022 KICKOFF Novice,3,1,"The motion of two parts of these entities can be considered separately, according to the Born-Oppenheimer approximation. Arnold Sommerfeld introduced the azimuthal quantum number and elliptical paths to a model of these entities created by Ernest Rutherford. Niels (*) Bohr formulated the planetary model of these entities, which can undergo alpha and beta decay. For 10 points, name these entities that consist of electrons that follow clearly defined circular shells, which surround a central nucleus.",atoms [accept nucleus before it is read; prompt on element]
2022 KICKOFF Novice,3,2,"This character demands that his followers inform him why they are all upside down, and says “the enemy’s gate is down.” This character was mentored by Petra Arkanian, whom he defeated at the head of (*) Dragon Army alongside his “Shadow,” Bean. Mazer Rackham aids this character in defeating the Formics after graduating from Battle School. For 10 points, name this protagonist of an Orson Scott Card novel, which is titled for his “Game.”",Ender Wiggin [accept Andrew Wiggin; or Ender’s Game]
2022 KICKOFF Novice,3,3,"A treaty involving these animals was negotiated by Megasthenes with Seleucus I, who was paid 500 of them to go away. Pyrrhus of Epirus was the first to try invading Rome using these animals, which were present in most ancient (*) Indian armies. Use of these animals failed at Zama when Scipio Africanus defeated the army of Carthage. For 10 points, name these large animals that Hannibal brought across the Alps.",elephants [prompt on pachyderms of war]
2022 KICKOFF Novice,3,4,"One performer in this ballet stands en pointe while performing 32 fouettés in a pas de deux. It’s not by Mozart, but this ballet’s score was edited by Riccardo Drigo for its revival by Lev Ivanov and Marius Petipa. Lead ballerinas playing the role of this ballet’s heroine often wear a black dress to also perform (*) Odile, the daughter of the evil sorcerer von Rothbart. For 10 points, name this Tchaikovsky ballet, in which Odette is cursed to turn into the title bird.",Swan Lake
2022 KICKOFF Novice,3,5,"This civilization celebrated the husband of Ops in a festival which is preceded by ""Io"" [Yo] in a common greeting. A festival from this civilization involved the election of a mock king and the reversal of master and slave roles. That festival from this civilization celebrated a deity who carried a (*) sickle and was frequently associated with the Greek Cronus. For 10 points, name this civilization, which celebrated Saturnalia in the Forum.",Rome [accept Roman civilization]
2022 KICKOFF Novice,3,6,"A character in this play is given the nickname Alaiyo, meaning “one for whom bread is not enough."" That character, who shouts “OCOMOGOSIAY,” is criticized for “mutilating” her hair. In this play, Bobo and Willy steal the money that Walter plans to invest in a (*) liquor store. This play’s central family rejects Karl Lindner’s offer to not move to Clybourne Park. For 10 points, name this play about the Younger family moving into a white neighborhood, written by Lorraine Hansberry.",A Raisin in the Sun
2022 KICKOFF Novice,3,7,"A traditional seafood sandwich from this state is the po’ boy. Beignets and a type of coffee are sold in this state’s Café du Monde. Jambalaya and gumbo are popular dishes from this state’s (*) Cajun cuisine. Bourbon Street, which holds a big Mardi Gras celebration, can be found in the French Quarter of this state’s largest city. For 10 points, name this Southern U.S. state, home to the cities of Baton Rouge and New Orleans.",Louisiana
2022 KICKOFF Novice,3,8,"Pink banana flesh appears under a yellow peel in this artist’s design for the cover of the Velvet Underground’s debut album. This artist used mesh to transfer ink onto a canvas to create portraits of an actress in his Marilyn Diptych, which was made using silk-screening. This artist, who worked at the Factory, created (*) thirty-two paintings that only differ in the labels of varieties like “split pea” and “tomato.” For 10 points, name this Pop artist, who painted Campbell’s soup cans.",Andy Warhol [accept Andrew Warhola]
2022 KICKOFF Novice,3,9,"In this kingdom, Lorrin Thurston’s Bayonet Constitution effectively repealed a law which protected travelers, the Law of the Splintered Paddle. The Newlands Resolution authorized William McKinley to send troops to annex this kingdom. (*) Sanford Dole overthrew this kingdom’s final monarch, Queen Liliuokalani. For 10 points, name this kingdom once led by Kamehameha, an island chain that became the 50th state.",Hawaii
2022 KICKOFF Novice,3,10,"KHP is typically used to “standardize” a solution that is to be used in this technique. Quantities in this technique are tracked on a type of graph that approximates a sigmoid curve and plots volume against pH. To begin this technique, one must add an (*) indicator, such as phenolphthalein, which will eventually cause the analyte to change color, indicating this technique’s endpoint. For 10 points, name this analytical technique used to determine an analyte’s concentration.",titration [accept coulometric (Karl Fischer) titration]
2022 KICKOFF Novice,3,11,"Aristaeus’s pursuit of this man’s wife leads to her death from a snakebite. As an Argonaut, this man saved his crew by drowning out the Sirens’ songs. After giving up the love for women for young boys, the Maenads killed this man and floated his head down a river. This son of the Muse (*) Calliope ignores Hades’ instructions and looks at his wife before leaving the underworld. For 10 points, name this husband of Eurydice, a mythical lyre player.",Orpheus
2022 KICKOFF Novice,3,12,"One reaction in this organelle is driven by the cyclic interconversion of Coenzyme Q10 between ubiquinol and ubiquinone. Reducing equivalents, like FADH2 and NADH, serve as the inputs in a pathway in this organelle. In this organelle, a series of protein complexes named I through IV create a (*) chemiosmotic potential that allows ATP synthase to produce ATP. This organelle contains the Krebs cycle and electron transport chain. For 10 points, name this organelle, the powerhouse of the cell.",mitochondria [or mitochondrion]
2022 KICKOFF Novice,3,13,"It’s not Japan, but the term rangaku refers to technology acquired from this country through the port of Dejima. Charles Mackay described a “mania” in this country where the price of tulips spiked, then plunged. This non-British country founded Batavia in its (*) “East Indies,” which consisted of colonies in what is now modern-day Indonesia. For 10 points, name this country ruled by the House of Orange, which is the namesake of Dutch disease.",the Netherlands [or Holland; or the Kingdom of the Netherlands; or Koninkrijk der Nederlanden]
2022 KICKOFF Novice,3,14,"A PC game in this genre was inspired by the DS game Ouendan and includes “mania” and “taiko” modes. Players slice moving red and blue cubes in a virtual reality game in this genre, Beat Saber. In a game in this genre, players touch buttons with their (*) feet as arrows fly upwards on a screen. Players click circles in osu!, a game in this genre that also includes Dance Dance Revolution. For 10 points, what games test a player’s sense of music and time?",rhythm games [accept music games before “music” is read]
2022 KICKOFF Novice,3,15,"One play by this author ends with a character saying “the sun, the sun."" In another play by this author, Irene dies in an avalanche with Arnold Rubek. This playwright of When We Dead Awaken wrote about a character who dances the (*) tarantella to distract her husband in another play. In that play, Krogstad blackmails Nora Helmer regarding a forged loan. For 10 points, name this Norwegian playwright, who wrote A Doll’s House.",Henrik Ibsen
2022 KICKOFF Novice,3,16,"One city in this country exceeded a mean temperature of 109 degrees Fahrenheit in May 2022. Six died in a military helicopter crash in this country’s province of Balochistan. A former cricket star who led this country, Imran Khan, has been put on trial for contempt of court. In this country, floods in (*) Sindh have killed over a thousand people since June 2022. For 10 points, name this country with a capital at Islamabad, which feuds with its neighbor India over Jammu and Kashmir.",Pakistan [or Pakstan; or Islamic Republic of Pakistan; or Islam-i Jamhuriya-e Pakistan]
2022 KICKOFF Novice,3,17,"This author set a series of short stories in the fictional country of Anchuria in his collection Cabbages and Kings. In a story by this author, the homeless man Soapy attempts to get arrested to get shelter from the cold winter. In another story by this author, one character visits (*) Madame Sofronie’s shop to buy a gift. In that work by this author, Della sells her hair to buy a Christmas gift for Jim. For 10 points, name this author of “The Cop and the Anthem '' and “The Gift of the Magi.""",O. Henry [or William Sydney Porter]
2022 KICKOFF Novice,3,18,"Files for these things begin with a DOCTYPE declaration and use angle brackets to denote keywords like “head” and “body.” Cascading Style Sheets are most commonly used to modify the visual elements, like color and font, of these things. The “h-ref” keyword is used to embed (*) hyperlinks in these things, which can be accessed using URLs. For 10 points, name these things that are accessed using browsers like Google Chrome.",website [accept web page; reject “URL” or “link”]
2022 KICKOFF Novice,3,19,"One work titled for this concept discusses “commodity fetishism” and the labor theory of value. This concept names an economic system in which the means of production are privately owned. Along with (*) land, labor, and entrepreneurship, this concept makes up the four factors of production. For 10 points, Karl Marx wrote a treatise on what concept, assets which can be used to produce more assets.","capital [accept das Kapital, accept capitalism]"
2022 KICKOFF Novice,3,20,"The power of this institution in one country was mitigated by Plutarco Elías Calles, leading to the Cristero War. This institution was stripped of property by the Lerdo Law, which sparked the Reform War in Mexico. Several Latin American revolutions were guided by a philosophy combining this institution’s beliefs with Marxism, (*) liberation theology. For 10 points, name this religious institution that sponsored Jesuit missions in the Americas, led by the Pope from Vatican City.",Roman Catholic Church [or Catholicism; accept the Papacy until the word “Pope” is read; prompt on Christianity]
2022 KICKOFF Novice,4,1,"This location lies south of the Kaibab Plateau, and is home to a group of basement rocks named for Vishnu. This landmark is home to a “house” named for the Hopi people, whose myths described its creation. The Hualapai tribe operates a glass (*) “skywalk” above this location, which formed due to erosion from the Colorado River. Many tourists drive to this location from cities like Flagstaff and Phoenix. For 10 points, name this large gorge in Arizona.",Grand Canyon
2022 KICKOFF Novice,4,2,"The Paschen series for hydrogen lies entirely in this part of the electromagnetic spectrum, unlike the shorter-wavelength emissions in the Balmer series. One form of spectroscopy uses light in this part of the spectrum to induce bond vibrations. William Herschel discovered this part of the spectrum by putting a thermometer next to a (*) prism. Night vision goggles and temperature guns both operate by detecting this type of light. For 10 points, name this type of light, with wavelengths just longer than visible light.",infrared [or IR]
2022 KICKOFF Novice,4,3,"In a poem by this author, the speaker repeats the refrain “green, how I want you green.” The speaker of a poem by this author declares “I will not see it!” about an event that took place “at five in the afternoon."" This author of the poem (*) “Lament for the Death of a Bullfighter” also wrote a play in which Leonard and the Groom kill each other after the title event as part of his Rural Trilogy. For 10 points, name this Spanish author of Gypsy Ballads and Blood Wedding.",Federico García Lorca [prompt on partial last name]
2022 KICKOFF Novice,4,4,"The trade of this commodity was opposed by King James I, who wrote a “Counterblaste” against it. Many of the hogsheads used to transport this commodity were destroyed by Cornwallis in its namesake “war” during the American Revolution. As part of the Third Supply, (*) John Rolfe brought this crop to Jamestown. Walter Raleigh popularized this crop in England. For 10 points, name this crop, whose leaves are used in cigarettes.",tobacco [or A Counterblaste to Tobacco; or the Tobacco War]
2022 KICKOFF Novice,4,5,"This man appeared to chuckle after a doorman described investigating a possible intruder while vaping at one event. Two dogs were blamed for the presence of human feces in the bed of this person. When questioned by Ben Rottenborn, this (*) actor agreed he would never play a certain role again, even if offered $300 million and a million alpacas by Disney. For 10 points, name this former husband of Amber Heard, who played Jack Sparrow in Pirates of the Caribbean.",Johnny Depp [or John Christopher Depp II]
2022 KICKOFF Novice,4,6,"This leader sent the Blue Division to fight on the Eastern Front. This leader probably orchestrated Emilio Mola’s death in a plane crash to seize power of the Falange. Since Luis Carrero Blanco was assassinated, this dictator picked (*) Juan Carlos I to succeed him. A German bombing raid carried out on behalf of this leader is depicted in Picasso’s Guernica. For 10 points, name this fascist ruler of Spain during World War II.",Francisco Franco (or Francisco Paulino Hermenegildo Teódulo Franco Bahamonde; prompt on El Caudillo)
2022 KICKOFF Novice,4,7,"One of these molecules is bonded to either flavin or nicotinamide in the coenzymes FAD and NAD. A long chain of one of these molecules is post-transcriptionally attached to the 3’ [“three-prime”] UTR of an mRNA. These molecules are linked by phosphodiester bonds. These molecules include (*) purines and pyrimidines, and examples include adenine and guanine. These molecules form two or three hydrogen bonds with each other in complementary base pairs. For 10 points, name these molecules, the building blocks of DNA.",nucleic acids [or nucleotides or nucleosides; accept specific ones like adenine or adenosine]
2022 KICKOFF Novice,4,8,"One deity from this country takes the Grass Cutter from the body of an eight headed dragon called Orochi. After a flayed horse was thrown at one goddess from this country, she hid in a cave until she was lured out by a mirror and the sound of laughing. This country’s (*) emperors claim descent from that sun goddess. Susanoo and Amaterasu are deities from – for 10 points – what country’s religion of Shintoism?",Japan
2022 KICKOFF Novice,4,9,"In a novel written in this language, the dentist Dr. Booshy steals false teeth from dead bodies. In addition to Midaq Alley, another work in this language sees the slave-girl Morgiana pouring boiling oil on (*) thieves hiding in jars. A group of novels in this language follows three generations of the al-Jawad family in the Cairo Trilogy. For 10 points, name this language used by Naguib Mahfouz, which was also used to write One Thousand and One Nights.",Arabic (the unnamed poet is Mahmoud Darwish)
2022 KICKOFF Novice,4,10,"A former quarterback from this team threw the game-winning pass in this team’s 2012 playoff victory against the Pittsburgh Steelers, which was caught by a recently deceased wide receiver on the first play of overtime. One linebacker formerly on this team won (*) Super Bowl MVP after forcing two fumbles against Cam Newton. This team released Tim Tebow after signing Peyton Manning, and they play games at Mile High Stadium. For 10 points, name this NFL team based in Denver.",Denver Broncos [accept Denver Broncos until “Denver” is read]
2022 KICKOFF Novice,4,11,"In one poem, this author cautions “tread softly because you tread on my dreams.” The speaker asks “how can we know the dancer from the dance?” in this author’s “Among School Children.” The speaker of one poem by this author sees “a vast image out of (*) Spiritus Mundi.” The speaker of that poem by this author claims “things fall apart; the centre cannot hold” and describes a creature that “slouches towards Bethlehem.” For 10 points, name this Irish poet of “The Second Coming.”",William Butler Yeats
2022 KICKOFF Novice,4,12,"The development of a D major piece in sonata form is typically in this note’s major key, since it is the dominant of the D major scale. The “Verdi pitch” sets this note to a 432 Hertz frequency, instead of the 440 Hertz concert pitch. This note’s minor key does not contain any sharps or flats, as it is the relative minor of C major, while its (*) major key has 3 sharps. An oboe plays this note to help the orchestra tune. For 10 points, name this second note in a G major scale.",A natural [do NOT accept or prompt on “A flat” or “A sharp”]
2022 KICKOFF Novice,4,13,"This quantity can be computed by taking the reciprocal of the apparent movement of an object in arcseconds. Recessional velocity is proportional to this quantity, according to Hubble’s law. This quantity can be measured by observing the (*) parallax of an object. The force between two astronomical bodies is proportional to the inverse square of this quantity. For 10 points, name this quantity, which is measured in parsecs or kilometers.",distance [accept length; accept distance modulus]
2022 KICKOFF Novice,4,14,"A nurse born on this island ran the “British Hotel” during the Crimean War. This island, the birthplace of Mary Seacole, faced the Morant Bay Rebellion and wars involving escaped slaves called “Maroons.” From his base on this island, Henry Morgan raided Spanish settlements in Panama. On this island, the nickname (*) “Sodom of the New World” was given to the notorious pirate haven of Port Royal. For 10 points, what Caribbean island has its capital at Kingston?",Jamaica
2022 KICKOFF Novice,4,15,"An island separated from this country’s mainland by the Bass Strait is the only native home of a carnivore that has been endangered by DFTD. This country’s eucalyptus trees are commonly used to make a native instrument called the didgeridoo. The (*) Tasmanian devil is endemic to this country, which is also home to most of the world’s marsupial species. For 10 points, name this home country of koalas and kangaroos, whose largest city is Sydney.",Australia
2022 KICKOFF Novice,4,16,"This organization attempted to purge CIA records in Operation Snow White. This religion’s founder formulated the concept of “clear” in his Dianetics. One story in this religion tells of an alien named (*) Xenu, who killed his own people with hydrogen bombs. For 10 points, name this L. Ron Hubbard-founded religion, which is followed by actors like John Travolta and Tom Cruise.",Church of Scientology
2022 KICKOFF Novice,4,17,"The most common application of Huygens principle is used to model this phenomenon. The equation “2d sine theta equals n times lambda” describes this phenomenon. Electrons underwent this phenomenon on a silver lattice in the Davidson-Germer experiment. This phenomenon is described by (*) Bragg’s law. A series of thin slits make up this phenomenon’s namesake grating. For 10 points, name this phenomenon, where light bends around an obstacle.",diffraction [prompt on interference]
2022 KICKOFF Novice,4,18,"One ruler of this modern-day country had his dead body concealed in a fish cart so his chancellor could forge his will. This country adopted Legalism and book-burning under a ruler who was buried with the (*) Terracotta Army. This country was first unified by Shi Huangdi, whose dynasty was overthrown by the Han. For 10 points, name this country, whose Qin dynasty began construction of the Great Wall.",China [or Zhongguo; prompt on Qin dynasty before mention]
2022 KICKOFF Novice,4,19,"This band included the lyrics “come from the land of the ice and snow / From the midnight sun where the hot springs flow” on a song in which its lead singer describes going to Valhalla. “A lady who’s sure / all that glitters is gold” buys the title conveyance in a song by this band. This band’s guitarist, (*) Jimmy Page, played a breakdown on “Whole Lotta Love” with a cello bow. For 10 points, name this ‘70s rock band, the authors of “Immigrant Song” and “Stairway to Heaven.”",Led Zeppelin [accept I love AC/DC! from Marvel fans]
2022 KICKOFF Novice,4,20,"This architect was inspired by Anasazi Cliff Dwellings to design the Mesa Laboratory. One of this architect’s buildings resembles growing bamboo shoots, while another building features a dual-triangular tent that sits on the shores of Lake Erie. This man designed the (*) Bank of China and Cleveland’s Rock and Roll Hall of Fame. For 10 points, name this Chinese-American architect, who designed the glass pyramid for the Louvre.",I.M. Pei [or Ieoh Ming Pei]
2022 KICKOFF Novice,5,1,"According to Herodotus, this empire’s founder had his head dunked in a jar of blood by the queen of the Massagetae, Tomyris. This empire crushed the armies of Nabonidus at the Battle of Opis. This empire was ruled by provincial satraps, who answered to “Kings of Kings” like Cambyses II and (*) Darius I. This empire’s first invasion of Greece was defeated at the Battle of Marathon. For 10 points, name this empire ruled by the Achaemenid dynasty of Cyrus the Great",Achaemenid Persian Empire [or the Achaemenid Empire until it is read; or the Achaemenian Dynasty until it is read]
2022 KICKOFF Novice,5,2,"In 1994, thieves stealing this painting left a note reading “Thanks for the poor security.” This painting, the most famous of its painter’s series The Frieze of Life, sees two men walking on a bridge behind the central figure. The eruption of Krakatoa may have inspired the (*) red sky in this painting, set on a fjord overlooking Oslo. For 10 points, name this painting by Edvard Munch, in which a figure holds his face while doing the title action.",The Scream [or The Shriek; or Skrik; or The Scream of Nature; or Der Schrei der Natur]
2022 KICKOFF Novice,5,3,"A woman who aided in the defeat of this creature is abandoned on Naxos, where she weds Dionysus. Pasiphaë gave birth to this creature, also known as Asterion, after mating with a white animal her husband refused to sacrifice. A ball of yarn belonging to (*) Ariadne assisted the hero that slew this creature, which was located inside of an elaborate location commissioned by King Minos. Theseus slew, for 10 points, what half-bull creature, who inhabited a labyrinth?",Minotaur [accept Asterion before it is read; accept Asterius before “Asterion” is read]
2022 KICKOFF Novice,5,4,"Jean-Baptiste Lamarck stated that this phenomenon was driven by the “use,” or “disuse,” of vital organs. Charles Lyell’s Principles of Geology heavily influenced a seminal work on this phenomenon. Analogous structures develop through the “convergent” form of this phenomenon. After studying the beaks of finches, this phenomenon was termed (*) “descent with modification” in the book On the Origin of Species by Charles Darwin. For 10 points, natural selection drives what process, by which characteristics of organisms change over time?",evolution [accept natural selection before it is read; accept convergent evolution; accept adaptive radiation; accept speciation]
2022 KICKOFF Novice,5,5,"In this work, a character that passes out is eaten alive by rats. After attacking a bartender, the protagonist of this work reunites with Jack Duane in prison, whom he had earlier met while in prison for attacking Phil Connor. A crowd chants (*) “Chicago will be ours!” at the end of this novel. Ona and the Lithuanian Jurgis Rudkis move to Packingtown in this novel. For 10 points, name this novel exposing the meatpacking industry by Upton Sinclair.",The Jungle
2022 KICKOFF Novice,5,6,"In a movie centered on this sport, a character nicknamed “Caretaker” is murdered by Unger. The funeral of Gerry Bertier ends one movie about players of this sport, where Denzel Washington plays Herman Boone. Adam Sandler stars as Paul Crewe in a 2005 remake of a movie about players of this sport, which features (*) prison inmates called the “Mean Machines.” Remember the Titans and The Longest Yard features players of this sport, as does a movie about Rudy Ruettinger. For 10 points, name this sport played in the NFL.",American football
2022 KICKOFF Novice,5,7,"This Senator wrote the 7th of March speech, and later declared “Liberty and Union, now and forever, one and inseparable” in a rebuttal to Senator Robert K. Hayne. With John C. Calhoun and Henry Clay, this senator formed the “Great Triumvirate.” This man negotiated a (*) border treaty with Lord Ashburton in 1842. For 10 points, name this Senator from Massachusetts, who shares his name with a famous English language dictionary.",Daniel Webster
2022 KICKOFF Novice,5,8,"This country’s residents used the hashtag #thisismydam to support the construction of its Grand Renaissance Dam. This country contains Lake Tana, which is the source of the Blue Nile. This country lost its Red Sea coastline after neighboring (*) Eritrea became independent from it, and it comprises the Horn of Africa, along with Djibouti and Somalia. For 10 points, name this country, home to the capital Addis Ababa.",Ethiopia [or Ityop’iya; or Federal Democratic Republic of Ethiopia; or YeEtiyop’iya]
2022 KICKOFF Novice,5,9,"This character is given a bowl of sweetened milk and pieces of bread, but dislikes the taste. This character attempts to hide a picture of a lady dressed in fur while his furniture is being taken. After being seen by his father, this character is wounded after having (*) apples thrown at his back. This character’s sister, Grete, is the only one who will go to his room alone after his title transformation. For 10 points, name this protagonist of Franz Kafka’s “The Metamorphosis.”",Gregor Samsa [accept either underlined portion]
2022 KICKOFF Novice,5,10,"Negative RT times the natural log of this value is equal to the change in Gibbs free energy. Comparing a value symbolized Q to this quantity is one way of realizing Le Chatelier’s principle. According to the law of mass action, this quantity is a ratio of concentrations taken to the power of their (*) stoichiometric coefficients. This quantity equals the ratio of the forward and reverse rates. For 10 points, name this quantity that describes a reaction with constant concentrations of products and reactants, which is symbolized K.",equilibrium constant [accept mass action constant before it is read; prompt on K before it is read]
2022 KICKOFF Novice,5,11,"One figure in this religion is portrayed wearing a tuxedo and a top hat while holding a cigar. The supreme god of this religion, Bondye, can be reached through (*) loa, such as the death spirit Baron Samedi and the spirit of the crossroads, Papa Legba. For 10 points, name this Haitian syncretic religion, which, contrary to popular belief, does not prominently feature pricking dolls with pins.",Voodoo [or Vaudou; or Voudou; or Vodun; or Vodon; or Vodou]
2022 KICKOFF Novice,5,12,"The separation of these peoples’ children from their families was detailed in the Bringing them Home Report. National Sorry Day commemorates the mistreatment of these people’s “Stolen Generations.” These peoples’ myths feature a sandstone rock formation once named for (*) Henry Ayers, Uluru. For 10 points, name these people British explorers met in the Outback, the indigenous peoples of Australia.",Australian Aborigines [or Aboriginals; prompt on descriptions of indigenous peoples of Australia until mentioned]
2022 KICKOFF Novice,5,13,"Jean-Jacques Rousseau arranged this work for solo flute, and its last movement utilizes pizzicato strings to depict rain. This work is performed alongside sonnet texts such as “the drunkards have fallen asleep,” and includes a viola playing “always forte” to depict a barking dog. This work was included in the composer’s (*) Contest Between Invention and Harmony. For 10 points, name this set of four violin concertos composed by Antonio Vivaldi.","The Four Seasons [accept Le quattro stagioni; prompt on Contest Between Harmony and Invention before it is read; prompt on Spring, Summer, Autumn, or Winter]"
2022 KICKOFF Novice,5,14,"This team was called “Baseball’s Great Experiment” in a 2014 Sports Illustrated cover that predicted a future World Series win. While pitching for this team, Framber Valdez gave up the first ever World Series leadoff home run to Jorge Soler. A 2019 investigation revealed that banging on garbage (*) cans signaled opponents’ signs that this team “stole.” Jose Altuve plays for this team, which lost the 2021 World Series. For 10 points, name this team that plays in Texas’ largest city.",Houston Astros [accept either underlined part]
2022 KICKOFF Novice,5,15,"Description acceptable. The kinetic theory of gases assumes that molecules constantly undergo this action with themselves and the walls of their containers. Scattering refers to when two point particles undergo this kind of event. Momentum is always conserved during these events, but kinetic energy is dissipated in their (*) “inelastic” form. Billiard ball strikes are examples of, for 10 points, what events in physics, which consist of two or more objects hitting each other?","collision [accept inelastic collision; or elastic collision, accept answers like objects hitting each other or object strike before “strike” or “hit” are read]"
2022 KICKOFF Novice,5,16,"This thinker blamed social issues on not calling things by their proper names, a problem he resolved with his “rectification of names.” This mentor of Mencius advocated for archery and calligraphy in his “Six Arts,"" which are essential to becoming a perfect gentleman. This thinker developed five kinds of (*) relationships, which are subject to filial piety. For 10 points, name this Ancient Chinese philosopher, whose thoughts are collected in the Analects.",Confucius
2022 KICKOFF Novice,5,17,"Proponents of this religion from Iona lost a debate at Whitby, as chronicled in a history of this religion by Bede. Asser wrote a biography of a ruler of this religion, who created the Doom Book. Hundreds of adherents of this religion were killed by (*) Norsemen during the Raid on Lindisfarne. One adherent of this religion apocryphally drove every snake in Ireland into the sea. For 10 points, name this general religion of Alfred the Great and Saint Patrick.","Christianity (accept equivalents, such as Irish Catholicism)"
2022 KICKOFF Novice,5,18,"A character in this poem declares “I fear thee and thy glittering eye,” and also describes how “slimy things with legs did crawl.” This poem features a game of dice between Death and Life-in-Death to decide the speaker’s fate. One character in this poem despairs (*) “water, water, everywhere, nor any drop to drink,” while telling a Wedding Guest of the misfortunes he suffered for killing an albatross. For 10 points, name this poem about a sailor, by Samuel Taylor Coleridge.",Rime of the Ancient Mariner
2022 KICKOFF Novice,5,19,"This author of True Allegiance became the youngest nationally syndicated columnist in the United States at age 17. This author interviewed Benjamin Netanyahu after a much-publicized trip to Israel. In 2010, this author controversially tweeted (*) ""Israelis like to build. Arabs like to bomb crap and live in open sewage.” This author popularized the phrase “facts don’t care about your feelings.” For 10 points, name this conservative commentator, who co-founded The Daily Wire.",Ben Shapiro
2022 KICKOFF Novice,5,20,"In two dimensions, this is the value of the kissing number, which means that this many congruent circles can be arranged around a central circle without overlapping. This is the smallest perfect number. This is the number of vertices in an (*) octahedron. The polygon with this many sides has interior angles summing to 720 degrees. For 10 points, name this number of sides in a hexagon.",six
2022 KICKOFF Novice,6,1,"During this war, Andrew Gould was stabbed with a pen-knife by Nathan Bedford Forrest, who he shot in  the hip. In a battle in this war, Daniel Ruggles fired 50 cannons into the “Hornet’s Nest.” The victors of a  battle in this war were reinforced on its second day by Carlos Buell. (*) P. G. T. Beauregard took control of an  army in this war after Albert Sidney Johnston’s death at Shiloh. For 10 points, name this war, in which the  Confederacy seceded from the Union in 1861.",American Civil War [prompt on the Battle of Shiloh before it is read]
2022 KICKOFF Novice,6,2,"In 2008, this player was the leading scorer during an Elite Eight run for Davidson College, where he  graduated from in August 2022. This player won the first unanimous MVP award in NBA history in a year  where his team recorded the most regular-season wins ever, but blew a (*) 3-1 Finals lead to the Cleveland  Cavaliers. Klay Thompson and this man make up the “Splash Brothers.” For 10 points, name this Golden State  Warriors point guard, a three-point specialist.",Stephen Curry [accept Wardell Stephen Curry II]
2022 KICKOFF Novice,6,3,"In one opera by this composer, a B-minor clarinet solo opens a tenor aria titled “E lucevan le stelle.” The  title character of one opera by this composer kills Baron Scarpia after he orders the execution of her lover,  Mario Cavaradossi. Another opera by this composer of Tosca and Turandot sees the title character singing  the aria (*) “Un bel dì” while waiting for Lieutenant Pinkerton to return. For 10 points, name this Italian opera  composer of Madame Butterfly.",Giacomo Puccini
2022 KICKOFF Novice,6,4,"This kingdom made use of cedars sent by its ally, Hiram of Tyre, in various construction projects. This  non-Persian kingdom’s Book of Kings was compiled after its people’s return from captivity in Babylon.  Judah split with this kingdom after the death of a king who was visited by the (*) Queen of Sheba, and had  earlier prayed for wisdom. For 10 points, name this kingdom ruled by David and Solomon from Jerusalem.",Israel [accept Judah until it is read]
2022 KICKOFF Novice,6,5,"In one story from this civilization, all the gods gather to sacrifice themselves to move the sun and begin the  fifth age. One god from this civilization’s mythology used bones stolen from Mitclan mixed with his blood to  create the first humans. That god fights against the (*) “Smoking Mirror,” Tezcatlipoca, for the right to be the  sun. For 10 points, name this civilization that includes the feathered serpent, Quetzalcoatl.",Aztec mythology
2022 KICKOFF Novice,6,6,"In February of 2022, nickiskindastrange posted a viral TikTok roleplaying as this entity, where he tells the  viewer “leave the girl, we don’t need her” and “we’ll have cowboy times in space.” It’s not the Xbox Series X,  but thousands of “scalpers” made this thing extremely difficult to purchase upon its release due to (*) low  stock. This system features exclusives such as Spider-Man: Miles Morales and Horizon: Forbidden West. For 10  points, name this Sony video game system, the successor to the PlayStation 4.",PlayStation 5 (or PS5; prompt on Playstation or PS; do not accept or prompt on “PS4”)
2022 KICKOFF Novice,6,7,"Three of these devices of known strength are connected in a diamond configuration in a Wheatstone  bridge. These devices are connected to an inductor and capacitor in an oscillating RLC circuit. Colored bands  typically indicate the strength of these devices, which are represented by a (*) zigzag line in circuit diagrams. A  common design of these devices consists of two wires extending from a small ceramic shell. For 10 points, what  simple devices add resistance to a circuit?",resistor
2022 KICKOFF Novice,6,8,"One member of this family finds a pamphlet titled “The Black Plague” when she comes to visit her father  in a novel. Another member of this family demonstrates his nickname of “One Shot” by shooting a rabid dog.  That member of this family claims that a certain animal doesn’t (*) “do one thing except make music for us to  enjoy,” and defends the innocent Tom Robinson in a rape trial. For 10 points, name this family of Jem, Scout, and  Atticus, who appear in Harper Lee’s To Kill a Mockingbird.",Finch family [or Jem Finch; or Scout Finch; or Atticus Finch]
2022 KICKOFF Novice,6,9,"The presence of an atom with a high value of this quantity on a carbon backbone causes a negative inductive effect.  One scale for this quantity calculates it as the average of the first ionization energy and electron affinity. The Mulliken  and (*) Pauling scales measure this property. Atoms with different values of this quantity form polar covalent bonds. At a  value of 4.0, fluorine has the highest value of this quantity. For 10 points, which atomic property rates how strongly an atom  pulls electrons towards it in a bond?",electronegativity
2022 KICKOFF Novice,6,10,"This leader gave a speech at an event for the Unification Church, which several members of his political  party had controversial ties to. Targeting an inflation rate of two percent was one of “three arrows”  characterizing the namesake economic policy of this member of the (*) Liberal Democratic party. While  delivering a campaign speech for Kei Sato in Nara, this man was shot by Tetsua Yamagami. For 10 points, name  this former Prime Minister of Japan.",Shinzo Abe
2022 KICKOFF Novice,6,11,"This thinker collaborated with James Baldwin on the work A Rap on Race. Derek Freeman claimed  people on the island of Ta’u had lied to this thinker in a work titled for her (*) “fateful hoaxing.” This thinker’s  most famous work analyzes the maturation of adolescent girls in the title location. For 10 points, name this  American anthropologist, who wrote Coming of Age in Samoa.",Margaret Mead [or The Fateful Hoaxing of Margaret Mead]
2022 KICKOFF Novice,6,12,"One group named for this color murdered a leader who arranged the Historic Compromise between the  Christian Democrats and Italian Communist Party. That group of “Brigades” named for this color  kidnapped and killed Aldo Moro during the Years of Lead. An (*) army named for this color, which was led by  Leon Trotsky, used “war communism” to defeat the Menshevik Whites in the Russian Civil War. For 10 points,  what color commonly appeared in the name of the army of the Soviet Union?",Red [or Rosse; accept Red Brigades or Red Army]
2022 KICKOFF Novice,6,13,"A character in this play is described as the “most original moralist in England” by a millionaire. The  protagonist of this play throws slippers at a character who was mistaken for a Covent Garden policeman at  the beginning of it. The protagonist of this play marries (*) Freddy Eynsford-Hill and is the subject of a bet  between Colonel Pickering and Professor Higgins. For 10 points, name this play about the Cockney flower girl Eliza  Doolittle, by George Bernard Shaw.",Pygmalion
2022 KICKOFF Novice,6,14,"The differentiation of these structures into their gynoecium, androecium, calyx and corolla is controlled by three  homeotic genes in the ABC model. Photoperiodic control is used to influence the appearance of these structures in  “long-day” and “short-day” organisms. Ovules in these reproductive structures are located at the base of a single (*) pistil, which is surrounded by stamens. A plant that is blooming is producing these structures. For 10 points, name these plant  structures, which attract pollinators using colorful petals.","flowers [anti-prompt on stamens, carpels, and pistil until mentioned]"
2022 KICKOFF Novice,6,15,"Clean Monday marks the beginning of the “Great” form of this holiday in Orthodox Churches. This  holiday celebrates Jesus’s refusal to make bread out of stone for Satan during a period of 40 days spent in the  desert. (*) Ash crosses are drawn on the forehead of Western Christians on the first Wednesday of this period,  which ends on Good Friday. For 10 points, name this period, during which many Catholics give something up.",Lent [or Great Lent]
2022 KICKOFF Novice,6,16,"A sculpture of one of these animals sits atop the Thunder Stone, the largest stone ever moved by people.  The leg of one of these animals sits atop a cannonball in another statue honoring Erasmo de Narni. Etienne  Falconet designed a sculpture of the founder of (*) St. Petersburg with a bronze one of these animals, another of  which features in Donatello’s Gattamelatta. For 10 points, name these animals, which are depicted with their riders  in equestrian statues.",horses [or the Bronze Horseman]
2022 KICKOFF Novice,6,17,"A “law” named for this even function finds the length of the third side of any triangle, given the other two sides  and the angle between them. On the unit circle, the x-coordinate is given by this function. The reciprocal of this  function is the (*) secant function. This function squared, plus sine squared, equals 1. For 10 points, name this trigonometric  function, which, for an angle in a right triangle, equals the length of the opposite side, divided by the hypotenuse.",cosine [or law of cosines]
2022 KICKOFF Novice,6,18,"This country is home to Manaus, where its largest river meets the Rio Negro. That river in this country  alternatively names the pink river dolphin, the primary predator for piranhas. This country contains the  world’s greatest number of (*) uncontacted tribes, many of which are threatened by deforestation encouraged by  its former president. For 10 points, name this large South American country, home to the majority of the Amazon  Rainforest.",Brazil [or Federative Republic of Brazil or Republica Federativa do Brasil]
2022 KICKOFF Novice,6,19,"After this ruler defeated his brother, Ariq Böke, he conquered one region after the Battle of Yamen. This  leader’s attempted invasions of Japan were stopped by a “divine wind,"" or kamikaze. While he was emperor  of a (*) Chinese dynasty, this leader’s court was visited by the Venetian merchant Marco Polo. For 10 points, name  this Mongol ruler of the Yuan Dynasty, the grandson of Genghis.",Kublai Khan [or Emperor Shizu of Yuan]
2022 KICKOFF Novice,6,20,"This novel’s foreword includes the death of Mrs. Schiller and was written by John Ray Jr. The  protagonist of this novel shoots the playwright of The Enchanted Hunters and pursues the title character due  to the death of his childhood love Annabel Leigh. (*) Charlotte is run over by a car after realizing her husband's  infatuation with her daughter, Dolores Haze. For 10 points, name this novel about Humbert Humbert’s obsession  with the title nymphet, by Vladimir Nabokov.",Lolita
2022 KICKOFF Novice,7,1,"One character in this play exclaims, “nowadays the world is lit by lightning!” Another character in this play visits penguins at the zoo instead of going to Rubicam’s Business College. That character’s mother, Amanda, searches for a gentleman caller for her daughter, who is given the nickname “Blue Roses.” Jim O’Connor breaks a unicorn that is part of this play’s title collection. For 10 points, name this play about the Wingfield family, by Tennesee Williams.",The Glass Menagerie
2022 KICKOFF Novice,7,2,"The arrest of John Lawrence Jr. for being one of these people led to a Texas law being ruled unconstitutional in Lawrence v. Texas. Omar Manteen shot 49 of these people at the Pulse nightclub. These people could not openly serve in the military under the “Don’t Ask, Don’t Tell” policy. Obergefell v Hodges granted these people a right that was previously restricted under the Defense of Marriage Act. For 10 points, name these people, who are represented by the rainbow pride flag.",LGBTQ+ [accept gays; or homosexuals; or anything in the acronym]
2022 KICKOFF Novice,7,3,"In contrast to their flocculent type, the “grand design” type of these objects has a well-defined structure. These objects, which include M87, occupy parts of the Hubble tuning fork diagram. The Magellanic clouds are “dwarf” types of these objects. The central bulge of one type of these objects contains a supermassive black hole. For 10 points, name these astronomical objects, which include the Milky Way.","galaxy [accept specific types of galaxies, such as spiral galaxy; or grand design galaxy; or flocculent galaxy; or a dwarf galaxy; prompt on spiral]"
2022 KICKOFF Novice,7,4,"In this book, Matthias is selected by lot to replace a man who died after all his intestines fell out. It’s not Luke, but this book, which is addressed to Theophilus, chronicles the stoning of the first martyr, Stephen. After being blinded in this book, Saul converts and changes his name to Paul. For 10 points, Luke wrote what fifth New Testament book, which chronicles the deeds of Jesus’ followers after his death?",Acts of the Apostles
2022 KICKOFF Novice,7,5,"A song by this composer features a chord progression used in Dizzy Gillespie’s “Salt Peanuts.” A blues-inspired aria about when “the livin’ is easy” was created by this composer of “I Got Rhythm” for an opera set in Charleston’s Catfish Row. A train ride to Boston inspired this composer of “Summertime” to write a piece which begins with Ross Gorman’s improvised clarinet glissando. For 10 points, name this composer of Porgy and Bess and Rhapsody in Blue.",George Gershwin
2022 KICKOFF Novice,7,6,"A letter in this novel that mentions a “country of eternal light” is written by an explorer to his sister. A character from this novel wonders why he does not have an Eve after reading Paradise Lost at Safie’s cottage. Margaret Saville is sent letters by Robert Walton in the frame story of this novel. The protagonist of this novel is friends with Henry Clerval, who is murdered by the invention of the protagonist. For 10 points, name this novel about the scientist Victor and the monster he creates, by Mary Shelley.",Frankenstein
2022 KICKOFF Novice,7,7,"In 2019, this man released the heavily auto-tuned rap single “RIP Harambe.” This man intends to build a network of tunnels for transportation in Los Angeles with his Boring Company. This man launched his sports car into space, along with a “Falcon Heavy” rocket. This richest South African in history attempted to back out of, but later completed, a proposed $44 billion deal to buy Twitter in July 2022. For 10 points, name this founder of SpaceX and CEO of Tesla.",Elon Musk
2022 KICKOFF Novice,7,8,"These items were found at a site called the “Big Hole” in Kimberley. The Kollur mine produced several of these items, such as the Koh-i-Noor and one named “Hope.” Cecil Rhodes made his fortune by founding a group that mined these items, De Beers. A 1930s Hollywood ad campaign inaugurated these items’ use in wedding rings. For 10 points, identify these precious stones, the hardest mineral on Earth.",diamonds [prompt on gems]
2022 KICKOFF Novice,7,9,"Materials with this property are the most common to “remember” an applied field in hysteresis. The Curie temperature describes the transition between two different forms of this property. Alnico and some rare earth elements, such as neodymium, have this property, and are thus to “stick to” refrigerators. For 10 points, name this property, which is exhibited by an iron “bar” with a north and south pole.",magnetism [accept word forms like magnetic; accept bar magnet; accept specific forms such as ferromagnetism or ferromagnetic]
2022 KICKOFF Novice,7,10,"In The Lucifer Effect, this event was compared to the atrocities at Abu Ghraib. This event ended after six days due to the objections of Christina Maslach. One participant in this event gained the nickname “John Wayne” for his cruelty. Phillip Zimbardo conducted – for 10 points – what 1971 experiment, in which subjects were divided into “guards” and “inmates,” conducted at a California university?",Stanford Prison Experiment
2022 KICKOFF Novice,7,11,"Many retailers in this city accept the Octopus cards needed to access its Mass Transit Railway. The densest housing settlement ever constructed was a now-destroyed “walled city” on this city’s Kowloon Peninsula. This city on the Pearl River forms a megalopolis with Guangzhou and Macau. For 10 points, name this Special Administrative Region, which Great Britain ceded to China in 1997.",Hong Kong [or Hsiang-kang; or Xianggang Tebie Xingzhenqqu]
2022 KICKOFF Novice,7,12,"This man was the first beneficiary of Operation Rebirth, which was led by Abraham Erskine. This man returned to life after Namor the Sub-Mariner accidentally broke the ice he had been encased in since the end of World War II. This enemy of Red Skull befriended Bucky Barnes shortly after being injected with super-soldier serum. For 10 points, name this hero, also known as Steve Rogers, who carries a trademark red, white, and blue shield.",Captain America [accept Steve Rogers until it is read; or Steve Rogers until it is read]
2022 KICKOFF Novice,7,13,"This event’s denial at the Council of Salamanca was described in a mythologized Washington Irving biography of its leader. Alfred Crosby coined the name for a process began by this event, in which European syphilis rates increased. This event started an “exchange” which saw potatoes enter Europe for the first time. The Niña, Pinta, and Santa Maria were used in, for 10 points, what 1492 event, in which a certain explorer landed in the Americas?","Columbus’ first voyage [accept any answer containing “Christopher Columbus” that describes his journey, or Columbus not-discovering the New World; accept Columbian exchange before “exchange” is mentioned; prompt on answers that do not mention Columbus such as the discovery of the New World]"
2022 KICKOFF Novice,7,14,"Lindlar’s catalyst may be used to react this molecule with an alkyne. This molecule is produced, along with carbon dioxide, in the water-gas shift reaction. By definition, this molecule is assigned a reduction potential of zero. This molecule is combined with oxygen in fuel cells that power cars. This gas reacts with nitrogen in the Haber process to form ammonia. For 10 points, name this diatomic gas of the element with atomic number one.",hydrogen gas [or H2]
2022 KICKOFF Novice,7,15,"In a novel by this author, Wee Willie Winkie’s son is switched with the protagonist at his birth by Mary Pereira. Ayesha leads a group of men to drown in the Arabian sea in a novel by this author, which features Saladin Chamcha. Another novel by this author, which is narrated by Saleem Sinai, includes a group of characters that were born at the moment of India’s independence. For 10 points, name this British-Indian author, who wrote Midnight’s Children and The Satanic Verses.",Salman Rushdie
2022 KICKOFF Novice,7,16,"A kind of this material similar to milk, called lattimo, was made by producers on the Venetian island of Murano. Dale Chihuly is an artist best known for working with this material, which makes up the shade of Tiffany lamps. This material can be shaped by blowing into a hollow clay rod. This material is used in circular “rose” apertures on the walls of many Gothic cathedrals. For 10 points, name this material, which is “stained” in many church windows.",glass [accept stained glass]
2022 KICKOFF Novice,7,17,"In one song, this artist referenced his extended stay at Mercedes-Benz Stadium with the line “they playin’ soccer in my backyard.” The name of this artist’s mother is chanted to her heartbeat’s rhythm to begin an album by him, featuring the song “Jail.” This artist, who released a 2022 album on his “stem player,” called a comedian dating his ex-wife “Skete” in a feud with Pete Davidson. For 10 points, name this rapper behind Donda and ex-husband of Kim Kardashian.",Kanye West [accept either underlined part; accept Ye West]
2022 KICKOFF Novice,7,18,"This ruler was gifted an elephant and a water clock by Haroun al-Rashid. This ruler was ambushed by Basques in the Roncevaux Pass, a battle mythologized in the Song of Roland. This ruler’s biographer, Einhard, apocryphally eloped with his daughter from Aachen. This ruler of the Carolingian dynasty was crowned the first Holy Roman Emperor in 800. For 10 points, name this king of the Franks, whose name means “Charles the Great.”","Charlemagne [or Carolus Magnus, or Charles the Great before mention]"
2022 KICKOFF Novice,7,19,"The three-month average of the concentration of this molecule is proxy-measured via the hemoglobin A1c test. The beta cells in the Islets of Langerhans become more active when levels of this molecule increase. An increase in the levels of this molecule stimulates the production of insulin. This substance is deficient in hypoglycemia. This molecule has formula C6H12O6, and is more abundant in individuals with diabetes. For 10 points, name this sweet molecule.",glucose [accept sugar; accept blood glucose level; accept blood sugar level]
2022 KICKOFF Novice,7,20,"In the Theogony, an anvil is described as taking nine days to fall to earth from this location. After defeating the Chimera, Bellerophon attempts to reach this location by riding Pegasus, but a gadfly stings Pegasus, causing Bellerophon to fall. Hebe and Ganymede work as cupbearers to residents of this location, such as Ares and Aphrodite. For 10 points, name this mountain ruled by Zeus, the home of the gods.",Mount Olympus
2022 KICKOFF Novice,8,1,"Gormlaith Gaunt died in a battle in this country, after which a militia of Pukwudgies began freeloading at  this country’s school of Ilvermorny. In this country, Tina Goldstein investigated a lunatic No-Maj who  abused Credence Barebone, an Obscurus targeted by Gellert Grindelwald. (*) Newt Scamander is the  protagonist of a movie mostly set in this country, Fantastic Beasts and Where to Find Them. For 10 points, name  this country many wizards fled to aboard the Mayflower.","United States of America [or America; or the U.S.A.; or equivalents, such as ‘Merica]"
2022 KICKOFF Novice,8,2,"This quantity, and temperature, are held constant in a Carnot cycle. In statistical mechanics, this quantity  equals Boltzmann’s constant times the natural log of the number of microstates. The second law of  thermodynamics states that this quantity cannot (*) decrease over time. For 10 points, name this quantity,  symbolized S, which measures the amount of disorder of a system.",entropy [prompt on S before it is read]
2022 KICKOFF Novice,8,3,"A revolutionary born in this country had his photo taken after the La Coubre explosion by Alberto Korda.  This country’s descamisados were bombed in its Plaza de Mayo in 1955. A regime in this country waged the  (*) “Dirty War” against its political opponents under Jorge Videla, and later went to war with Britain over the  Falkland Islands. For 10 points, name this country led by Juan Peron from a pink palace in Buenos Aires.",Argentina [or Argentine Republic; or Republica Argentina]
2022 KICKOFF Novice,8,4,"A gambler in this novel, who wears cufflinks made of human molars, fixed the 1919 World Series. In this  novel, a billboard with the eyes of T.J Eckleberg appears in the “Valley of Ashes.” In this novel, the title (*) character is blamed for the death of Myrtle Wilson, who was actually killed by the drunk Daisy Buchanan. For 10  points, name this novel set in West Egg and narrated by Nick Carraway, written by F. Scott Fitzgerald.",The Great Gatsby
2022 KICKOFF Novice,8,5,"In the Greco-Roman underworld, the river Phlegathon is made of this substance. At Ragnarok, Freyr is  prophesied to be killed by a giant hailing from the realm of this phenomenon, Muspellheim. The Titan (*)  Prometheus was punished by Zeus for stealing this substance from the gods and giving it to humanity. For 10 points,  name this substance symbolized by the phoenix, a mythical bird that rises from its own ashes.",fire
2022 KICKOFF Novice,8,6,"Decree 172 obligates certain “unfriendly” countries to pay for this resource through the GPB bank. In  February 2022, Olaf Scholz suspended a project to transport this resource, the Nord Stream 2. Vladimir  Putin has threatened to (*) cut off Europe’s access to this resource if not paid in rubles. For 10 points, the war in  Ukraine has led to tensions between the EU and Russia on the import of what colorless, odorless fossil fuel?",natural gas [prompt on gas; or fossil fuels]
2022 KICKOFF Novice,8,7,"In one novel by this author, the journalist Walter Bidlake falls in love with the promiscuous Lucy  Tantamount. In a novel by this author, humans are cloned using Bokanovsky's Process. This author of Point  Counter Point wrote another novel, in which (*) Henry Ford is worshipped in the World State. Other characters in  that novel by this author take the drug soma, which is hated by John the Savage. For 10 points, name this British  author, who wrote the dystopian novel Brave New World.",Aldous Huxley [or Aldous Leonard Huxley]
2022 KICKOFF Novice,8,8,"During the luteal phase, a “surge” of LH stimulates follicles to release these cells, leaving behind a corpus luteum.  Three polar bodies are formed alongside one of these cells. These cells may implant themselves into the endometrium  lining after traveling down a (*) Fallopian tube. Immature versions of these cells, called oogonia, are produced and stored in  the ovaries. For 10 points, name these human cells, which are fertilized by sperm.",egg cells [or ovum; accept oogonia or oogonium; accept oocytes till mention]
2022 KICKOFF Novice,8,9,"One leader in this conflict demanded “England expects that every man will do his duty” before a battle,  which names a public square in London. The defeat of Spanish and French fleets in this conflict’s Battle of  Trafalgar ended plans to invade Britain. This conflict’s central figure was defeated by the (*) Seventh  Coalition, led by the Duke of Wellington. The Battle of Waterloo ended, for 10 points, what conflict, instigated by,  and named for, a French emperor?","Napoleonic Wars [accept Wars of the Third, Fourth, Fifth, Sixth, or Seventh Coalition; prompt on  Battle of Trafalgar or Battle of Waterloo with “what larger conflict did those occur in?”]"
2022 KICKOFF Novice,8,10,"This art style was practiced by the Americans Childe Hassan and Mary Cassatt. Louis Leroy coined this  movement’s name while insulting a painting of a sunrise above a harbor. An artist in this movement made  multiple paintings in different times of day of the (*) Rouen Cathedral and haystacks. That artist in this  movement had a garden in Giverny, where he painted water lilies. For 10 points, name this art style practiced by  Claude Monet.",Impressionism [or Impressionisme]
2022 KICKOFF Novice,8,11,"In his Essay on the Principles of [this quantity], Thomas Malthus claimed that this quantity’s growth  would cause poverty. The Demographic Transition Model describes this quantity’s growth rate, which equals  (*) birth rate minus death rate. In 2023, the U.N. estimates that India will surpass China and have the highest value  for this quantity. For 10 points, name this quantity, the number of people in an area.",population [or Essay on the Principles of Population]
2022 KICKOFF Novice,8,12,"In college, this quarterback’s team upset fifth-ranked Alabama in the 2000 Orange Bowl. In the 2001 NFL  playoffs, after this player fumbled against the Oakland Raiders, his team retained possession via the “Tuck  Rule.” This quarterback was accused of (*) deflating footballs in the “Deflategate” scandal, as was his then-coach, Bill Belichick. For 10 points, name this former New England Patriots quarterback, nicknamed “TB12.”","Tom Brady [or Thomas Edward Patrick Brady, Jr.]"
2022 KICKOFF Novice,8,13,"Since bacterial decomposition of dead matter consumes this molecule, its levels may fall following a harmful algal  bloom, creating “dead zones.” Hypoxic environments have low levels of this molecule. Plants (*) produce this molecule,  alongside glucose, during photosynthesis. For 10 points, name this diatomic molecule, with formula O2.",oxygen [accept O2 before it is read]
2022 KICKOFF Novice,8,14,"Before he got into trains, a company centered around these objects was run by Cornelius Vanderbilt. One  business centered around these objects was granted a monopoly by Robert Livingston, which was struck  down by the Marshall Court in Gibbons v. Ogden. One of these objects, the Clermont, was dubbed Robert  Fulton’s “folly.” A (*) James Watt invention led to the creation of these maritime vessels. For 10 points, name  these boats, powered by water boiling.","steamboat [prompt on boat, or synonyms, before “boat” is read]"
2022 KICKOFF Novice,8,15,"This instrument’s predecessor, the chalumeau, names the first register of this instrument. Players of this  instrument can “cross the break” to reach the second “clarion” register. Anton Stadler was the dedicatee of  an A major concerto for this instrument by Mozart. Aaron Copland dedicated his concerto for this  instrument to (*) Benny Goodman. For 10 points, name this single-reeded woodwind instrument, pitched in B-flat,  that is held similarly to the oboe.",Clarinet
2022 KICKOFF Novice,8,16,"Triangular pastries in the shape of a vizier’s hat are traditionally eaten on this holiday. On this holiday,  that vizier’s name is drowned out by noisemakers called groggers. The story of this holiday is told in the Book  of (*) Esther, which is called the Megillah when read aloud on it. This holiday falls on the 14th of Adar. For 10  points, name this “Festival of Lots,"" a Jewish holiday celebrating the defeat of Haman.",Purim [or Feast of Lots until “Lots” is read; or Festival of Lots until “Lots” is read]
2022 KICKOFF Novice,8,17,"This city’s merchants connected thin lots to create mansions in its Golden Bend neighborhood. Cannabis  drinks are sold in “coffee shops” in this city’s De Wallen red-light district. This city expanded after the  construction of the grachtengordel, three canal rings that are today lined with (*) bicycle paths. While this city  is its country’s nominal capital, most administration occurs in The Hague. For 10 points, name this largest city, and  capital, of the Netherlands.",Amsterdam
2022 KICKOFF Novice,8,18,"Sputter coating is used to apply a thin layer of a conducting material for samples used in one form of this  technique. This technique comes in transmission and scanning types, both of which utilize a beam of high-speed electrons. This technique was popularized by Antonie van (*) Leeuwenhoek and Robert Hooke, who used  it to discover the cell. For 10 points, name this technique, which uses optical and electron devices to magnify small  things.","microscopy [accept word forms; accept more specific answers, like electron microscopy]"
2022 KICKOFF Novice,8,19,"Clodius Pulcher allegedly dressed as a woman to seduce this man’s wife while he was Pontifex Maximus.  This man’s daughter, Julia, died in childbirth while married to a man who formed the Second Triumvirate  with his (*) adopted son. This man may have fathered one of the men who stabbed him on the Senate floor, Marcus  Junius Brutus. For 10 points, Cleopatra had a relationship with what man, who was assassinated on the Ides of  March?",Gaius Julius Caesar [prompt on Caesar]
2022 KICKOFF Novice,8,20,"A character in one novel by this author sees that reading is “agitated” and “heated,” except for reading  Homer. In that novel by this author, the title character reads Ossian to his one-sided love; afterward, he  committs suicide and is buried under linden trees. In a play by this author, a black (*) poodle transforms into  Mephistopheles and makes a deal with the title scholar. For 10 points, name this German author of The Sorrows of  Young Werther and Faust.",Johann Wolfgang von Goethe
2022 KICKOFF Novice,9,1,"Like naphthalene and CO2, this element undergoes sublimation at room temperature. This element’s silver salt is the most common non-water molecule used to induce nucleation during cloud seeding. In a popular clock reaction, this element reacts with a (*) starch-containing solution to form a deep blue complex. This is the heaviest element that is diatomic at standard temperature and pressure. For 10 points, name this heaviest halogen, with chemical symbol I.",iodine [prompt on I until it is read]
2022 KICKOFF Novice,9,2,"One poem by this author repeats the line “He did a lazy sway” before describing “ebony hands on each ivory key.” The speaker of another poem by this author states “They send me to eat in the kitchen” and “I am the darker brother.” In a poem titled for a neighborhood, this author poses questions like “What happens to a dream deferred?” and (*) “Does it dry up like a raisin in the sun?” “The Weary Blues” was written by, for 10 points, what Harlem Renaissance poet?",Langston Hughes
2022 KICKOFF Novice,9,3,"One non-Chinese work titled for this subject argues that each virtue is the average of two extremes in its “doctrine of the mean.” “Of Human Bondage” is a section of a work written in “geometric order” by Baruch Spinoza on this subject. (*) Nicomachus names one of two works by Aristotle on this subject. For 10 points, name this branch of philosophy, which studies right and wrong.",Ethics [accept Nicomachean Ethics]
2022 KICKOFF Novice,9,4,"In this city, sailors fought groups of Mexican-Americans in the Zoot Suit Riots. In this city, Marquette Frye was hit with a baton in the Watts neighborhood. Korean-owned businesses were targeted during riots in this city, despite a man pleading (*) “can’t we all just get along?” In this city, four police officers were filmed beating Rodney King. For 10 points, name this city in Southern California, the second-largest in the United States.",Los Angeles [accept LA]
2022 KICKOFF Novice,9,5,"In this country, a festival in which people throw tomatoes at each other takes place annually in Buñol. A town in this country uses a giant ball to chase people in an animal-friendly variant of the “running of the bulls” that originated in its city of (*) Pamplona. Paella is often consumed at festivals in this country, where toreadors practice its native style of bullfighting. For 10 points, name this country, home to Valencia and Madrid.",Kingdom of Spain [or Reino de España]
2022 KICKOFF Novice,9,6,"Jean-Jacques Rousseau arranged this work for solo flute, and its last movement utilizes pizzicato strings to depict rain. This work is performed alongside sonnet texts, such as “the drunkards have fallen asleep.” This work includes a viola playing “always forte” to depict a barking dog. This work was included in the composer’s (*) Contest Between Invention and Harmony. For 10 points, name this set of four violin concertos, composed by Antonio Vivaldi.",The Four Seasons [accept Le quattro stagioni; prompt on Contest Between Harmony and Invention before it is read; prompt on Spring; prompt on Summer; prompt on Autumn; prompt on Winter]
2022 KICKOFF Novice,9,7,"In inversion, points are inverted about one of these shapes. Archimedes inscribed and circumscribed these shapes around regular polygons to approximate a constant. Line segments inside these shapes are called (*) secants. This shape consists of the set of points that are a fixed distance from a given point. For 10 points, name this round shape, whose diameter equals its circumference divided by pi.",circle
2022 KICKOFF Novice,9,8,"This show’s episode “The Boredom” features its two main leads walking around Elmore looking for adventure. Penny begins as a peanut with antlers on this show, but later transforms into a yellow shape-shifting fairy. The (*) Waterson family are the main characters of this cartoon, whose other characters appear in wildly different animation styles. For 10 points, name this Cartoon Network show about a blue cat and his goldfish friend, Darwin.",The Amazing World of Gumball
2022 KICKOFF Novice,9,9,"One meal consumed during this holiday begins with eating a date and is called iftar. During this period, the beginning of the day is defined as the moment at which a human eye can tell the difference between black and white threads. The (*) Night of Power during this period celebrates the Quran first being revealed to Muhammad by Jibril. For 10 points, name this ninth month of the Islamic calendar, during which Muslims fast from dawn to dusk.",Ramadan
2022 KICKOFF Novice,9,10,"In this modern-day country, the seventh of an ancient city’s nine layers shows scorch marks consistent with a foreign siege. The neolithic cities of Catalhoyuk and Gobekli Tepe are located in this country, where Heinrich Schliemann excavated the site of ancient (*) Troy. This country was home to the capital of the Eastern Roman Empire. For 10 points, name this modern-day country once called “Asia Minor,” where the Hittites complained about people from Constantinople.",Turkey [or the Republic of Turkey; or Turkiye Cumhuriyeti]
2022 KICKOFF Novice,9,11,"This man sculpted the Rebellious Slave and the Dying Slave for his design for the tomb of Pope Julius II, for which he also sculpted a horned Moses. This man depicted an unusually young and triangular Mary holding the dead body of Jesus in his only signed sculpture, (*) Pietà. In a marble sculpture by this man, the title figure holds a slingshot used to kill Goliath. For 10 points, name this sculptor of a marble David, who also painted the ceiling of the Sistine Chapel.",Michelangelo [accept Michelangelo di Lodovico Buonarroti Simoni]
2022 KICKOFF Novice,9,12,"Compounds of this element serve as the proton donor, instead of water, in a type of purple bacteria. The enzyme PDI in the ER oxidizes this element to form “bridges” between cysteine residues in proteins. Thiols contain this element, which is located beneath (*) oxygen on the periodic table. Compounds of this element are responsible for the smell of rotten eggs. For 10 points, name this element, with atomic number 16.",sulfur [accept purple sulfur bacteria; accept disulfide bridges]
2022 KICKOFF Novice,9,13,"A poem with this title ends by asking “What powerful but unrecorded race once dwelt in that annihilated place,"" and was written by Horace Smith. The speaker of another poem with this title sees the “wrinkled lip, and sneer of cold command” of a figure. That poem describes “a (*) traveller from an antique land,” as well as a statue that says “look on my works, ye mighty, and despair.” For 10 points, name this poem about the title “king of kings,” by Percy Bysshe Shelley.",Ozymandias
2022 KICKOFF Novice,9,14,"In a Euripides play, the king Pentheus was torn apart by a group of this god’s devotees, called Maenads. In another myth, this god gives King Midas the golden touch after he shows hospitality to a drunk Silenus. Zeus sews this god into his thigh after this god’s mother (*) Semele dies viewing Zeus in his full form. This god gained control over one domain after his lover Ampelos turned into a grapevine. For 10 points, name this Greek god of wine and revelry.",Dionysus
2022 KICKOFF Novice,9,15,"These people promulgated the Twelve Articles under the leadership of Thomas Muntzer. Martin Luther compared these people to “mad dogs” in a tract titled “Against the Thieving, Murderous Hordes of [these people].” These people carried out a 1525 (*) revolt in Germany, and were likened to the working-class proletariat in an analysis by Friedrich Engels. For 10 points, name this lower class of people in Medieval society.",German Peasants [accept serfs]
2022 KICKOFF Novice,9,16,"After a loss to the Miami Heat in the 2012 playoffs, one player from this NBA team injured his hand by punching a fire extinguisher. Wilt Chamberlain reportedly scored 100 points against this team in 1962. This team has been accused of rigging the 1985 NBA draft in order to draft center (*) Patrick Ewing. In July 2020, this team hired Tom Thibideau as head coach. This team drafted RJ Barrett in 2019 and plays at Madison Square Garden. For 10 points, name this NBA team from New York, which has a rivalry with the Brooklyn Nets.",New York Knicks [accept New York Knicks until “New York” is read]
2022 KICKOFF Novice,9,17,"A black hole can be characterized by charge, angular momentum, and this quantity, according to the no-hair theorem. The Chandrasekhar limit gives the maximum value of this quantity for a white dwarf. For two objects, the force of (*) gravity is proportional to the product of this quantity for each object. Albert Einstein stated that energy equals this quantity times the speed of light, squared. For 10 points, name this quantity measured in kilograms.",mass [prompt on m]
2022 KICKOFF Novice,9,18,"One politician from this state sparked controversy by describing 9/11 as “some people who did something.” One man from this state was prosecuted by Matthew Frank. This state’s governor, Tim Walz, declared 8 minutes and (*) 46 seconds of silence on Blackout Tuesday. In this state, Derek Chauvin knelt on a man who repeatedly exclaimed “I can’t breathe” until he asphyxiated. For 10 points, name this state, where George Floyd died in Minneapolis.",Minnesota
2022 KICKOFF Novice,9,19,"In one poem by this poet, the speaker states how at “this hour, this night, my feelings go hard.” In another poem by this poet, the speaker describes moonlight before his bed as “frost on the ground."" In that poem by this poet, the speaker lifts his head to look at the (*) moon and lowers it to think of his homeland. This poet had several works translated by Ezra Pound, and was a contemporary of Du Fu. For 10 points, name this Tang Dynasty poet of “Quiet Night Thoughts.""",Li Bai [or Li Po]
2022 KICKOFF Novice,9,20,"Frederick Hodgson’s attempt to acquire an object made from this substance sparked a war with Queen Yaa Asantewaa. That object is this substance’s “stool."" The price of this substance in Mamluk Egypt deflated after Mansa Musa’s hajj. The trade of (*) salt and this substance in the trans-Saharan trade made West African empires, like Mali, prosperous. For 10 points, name this valuable metal, which sparked many “rushes” throughout history.",gold [accept Golden Stool before “stool” is read; or gold rushes]
2022 KICKOFF Novice,10,1,"In one story by this author, a man is told that his wife died “in a fit of passion” after finding people playing nine pins in a tavern. In another story by this author, a horse named Gunpowder refuses to cross a bridge. A character created by this author discovers he has fallen asleep for 20 years. This author of (*) “Rip Van Winkle” wrote about discovering the only remains of the love rival of Brom Bones in a smashed pumpkin and a hat. For 10 points, name this author, who wrote about Ichabod Crane in “The Legend of Sleepy Hollow.”",Washington Irving
2022 KICKOFF Novice,10,2,"One anchor for this company, who scored negative $4500 in an oft-mocked 2009 Jeopardy game, runs the show “The Situation Room.” This company’s “plus” streaming service shut down after just one month. (*) Wolf Blitzer and Brian Stelter are employees of this company, which formerly employed Don Lemon. For 10 points, name this company, whose motto is “The Most Trusted Name in News,” which was founded by Ted Turner.",CNN [or CNN plus]
2022 KICKOFF Novice,10,3,"The harmonic mean of a set of numbers equals n divided by the sum of this function applied to each number. This function equals the derivative of the natural log. The graph of this function forms a hyperbola in the first and third quadrants, and has (*) asymptotes at the x and y-axes. For 10 points, name this function, also known as the multiplicative inverse, which for a number x equals 1 over x.",reciprocal [or inverse before it is read; or 1 over x before it is read]
2022 KICKOFF Novice,10,4,"In Bahai, the Nineteen Day Fast ends on one of these holidays, called Nowruz. On one of these holidays, which occurs fifteen days before the Lantern Festival, children are given red envelopes filled with money. A Jewish one of these holidays is the first of the (*) High Holy Days and takes place nine days before Yom Kippur. For 10 points, Rosh Hashanah is what type of holiday, which falls on January 1st in the Gregorian Calendar?","New Year’s Day [accept Nowruz until it is read, accept Chinese New Year; accept Lunar New Year; accept Rosh Hashanah until it is read]"
2022 KICKOFF Novice,10,5,"This practice was controlled by wealthy Basque merchants at Grand Banks in Newfoundland. The Magna Carta outlawed the use of weirs in this practice in England. One war over this practice ended after the UNCLOS defined Exclusive Economic Zones as within a range of (*) 200 nautical miles. Iceland and England fought a series of late 20th century “wars” over this practice in the North Sea. For 10 points, name this practice, which often yields animals like cod.",fishing
2022 KICKOFF Novice,10,6,"A stream of electrons moving by a series of cavity resonators generates this kind of radiation in a cavity magnetron. This radiation is commonly used to induce dielectric heating in substances with high water content. Metals with fine points produce (*) sparks when exposed to this kind of radiation. This radiation lies between radio and infrared waves. For 10 points, name this radiation, which is used by a kitchen appliance of the same name to quickly heat food.",microwave
2022 KICKOFF Novice,10,7,"The protagonist of this novel compares the robe of one love interest to a cast-off cicada shell. After arguing with Lady Rokujo, the daughter of the Minister of the Left suffers a seizure in this novel. This novel’s Uji chapters detail events after the death of the protagonist, which is indicated by a (*) blank chapter titled “Vanished into the Clouds.” The title husband of Lady Aoi seduces his stepmother Lady Fujitsubo in this novel. For 10 points, name this Heian Era novel by Lady Murasaki Shikibu.",The Tale of Genji [or Genji Monogatari]
2022 KICKOFF Novice,10,8,"A Paul Gonsalves saxophone solo on this man’s “Diminuendo and Crescendo in Blue” at the 1956 Newport Jazz Festival helped revive his career. To “parallel to the history of the Negro in America,” this man composed Black, Brown, and Beige. This frequent performer at the Cotton Club composed (*) “Mood Indigo.” Billy Strayhorn and this man collaborated on a song about “the quickest way to Harlem.” For 10 points, name this jazz pianist of “Take the A Train,” who has a royal name.",Duke Ellington [or Edward Kennedy Ellington]
2022 KICKOFF Novice,10,9,"DNA testing of this man’s mother, “The Younger Lady,” in KV35 proved this man was born from an incestous marriage. Arthur Conan Doyle suggested Lord Carnavon’s death was caused by “elementals” produced by this man’s priests. Howard Carter discovered this man and his (*) gold death mask in the Valley of the Kings in Thebes. For 10 points, name this pharaoh who died young, and whose tomb was discovered remarkably intact.",King Tutankhamun
2022 KICKOFF Novice,10,10,"Richard E. Grant plays this character in a scene where he tricks the monster Alioth with a hologram of his home. A “Kid” version of this character was sent to the Void after killing his brother. This character’s variants, such as Sylvie, appear in a TV series centered around the (*) TVA. This character tells a Titan that he will “never be a God” before being murdered by Thanos. For 10 points, name this character primarily played by Tom Hiddleston, a trickster god from Asgard who names a 2021 Marvel TV series.","Loki [accept any of Loki’s variants, such as Sylvie, Classic Loki, or Kid Loki before they are mentioned in the question]"
2022 KICKOFF Novice,10,11,"The U3 measure of this phenomenon factors in “discouraged” people. A one percent increase in this phenomenon causes a two percent decrease in GDP by Okun’s law. This phenomenon and inflation are inversely related, according to the Phillips Curve. The (*) structural form of this phenomenon may rise due to automation. For 10 points, name this phenomenon where people actively seeking work are not currently working.",unemployment [accept unemployment rate; or structural unemployment; or cyclical unemployment]
2022 KICKOFF Novice,10,12,"This empire, whose history is recorded in the Mendoza Codex, built artificial islands called chinampas for agriculture. This empire waged ritual Flower Wars against neighbors, such as Cholula and Tlaxcala. This Nahuatl-speaking empire had success against invaders on (*) La Noche Triste, but their capital was captured by Hernan Cortes in 1521. For 10 points, name this Mexican empire ruled by Montezuma, which was centered on Tenochtitlan.",Aztec Empire [or the Triple Alliance; or Excan Tlahtoloyan]
2022 KICKOFF Novice,10,13,"In a novel from this country, the protagonist falls in love with the child prodigy Kathy Volkov. One author from this country wrote about a bet over transporting a glass church in his novel Oscar and Lucinda. Another author wrote about the (*) bushrangers of this country in a novel about the outlaw Ned Kelly. For 10 points, name this country home to authors such as Patrick White, who wrote about an expedition into the Outback.",Commonwealth of Australia
2022 KICKOFF Novice,10,14,"This quantity times elementary charge gives Faraday’s constant. This quantity equals the universal gas constant, divided by Boltzmann’s constant. This quantity multiplies atomic mass units to yield molar mass, since this is the number of atoms in 12 grams of (*) carbon-12. This quantity is defined as 6.022 times 10-to-the-23rd. For 10 points, identify this constant, which is equal to the number of molecules in one mole.",Avogadro’s constant [or Avogadro’s number]
2022 KICKOFF Novice,10,15,"Two lamps appear to hang from a medallion in an artwork of this type named for the town of Ardabil. To depict the title figures’ status, a red one of these objects is placed on a table in The Ambassadors, whose artist, Hans Holbein, often painted them. The asymmetrical Senneh knot was used in (*) Persian examples of these artworks, which often feature flowers and Kufic Arabic calligraphy on them. Muslims pray on, for 10 points, what textiles, which are used to decorate floors?",carpets [accept rugs]
2022 KICKOFF Novice,10,16,"One leader of this organization was convicted for the murder of Madge Oberholtzer in Indiana. D. C. Stephenson led this organization, which William Joseph Simmons revived at Stone Mountain in 1915. This organization’s (*) glorified depiction in a film screened at the White House, D. W. Griffith’s Birth of a Nation, helped repopularize it in the 1920s. For 10 points, name this white supremacist organization, whose members wear white hoods.",Ku Klux Klan [or the KKK; or the Klan]
2022 KICKOFF Novice,10,17,"These locations are the home of a group of organisms whose species include the “staghorn” and “elkhorn."" The Great Blue Hole can be found within one of these locations, named after the country of Belize. The largest of the (*) “barrier” type of these locations is located off the coast of Queensland, Australia. For 10 points, name these complex marine ecosystems, which primarily consist of the namesake cnidarians.",coral reefs [prompt on partial answers; or a barrier coral reef]
2022 KICKOFF Novice,10,18,"This process occurs exactly 131 times during the development of C. elegans. This process causes laddering of DNA and blebbing of the membrane. This pathway can be activated by release of cytochrome c from mitochondria, which activates cysteine (*) proteases called caspases. The activation of capsases in this pathway causes the cell’s cytoplasm to break up. For 10 points, name this form of programmed cell death.",apoptosis [prompt on death; or cell death; or programmed cell death; reject “necrosis”]
2022 KICKOFF Novice,10,19,"A work which takes its title from Philip Larkin’s “Church Going” gives a history of this institution, which is called “A Serious House on Serious Earth.” At different times, Hugo Strange and Dr. Jonathan Crane have worked at this facility, the latter of whom tested his (*) “fear toxin” on its inhabitants. Another employee of this facility, Harleen Quinzel, was seduced by one of its inmates, the Joker. For 10 points, name this mental asylum, which is often used to contain many of Batman’s enemies.",Arkham Asylum [or Arkham Asylum: A Serious House on Serious Earth]
2022 KICKOFF Novice,10,20,"A similar-looking sibling of this creature guarded the cattle of Geryon and was named Orthus. In the Aeneid, the Cumaean Sibyl laces a honey cake with drugs to put this creature to sleep. Heracles wrestled and defeated this creature in his (*) twelfth and final labor. For 10 points, name this three-headed dog from Greek mythology, the guardian of the underworld.",Cerberus
2022 KICKOFF Novice,11,1,"Copper and saltpeter mining in this desert contribute to the economy of cities like Iquique and  Antofagasta. In this desert, fog clouds called camanchacas are formed by the nearby Humboldt Current,  forming a temperature inversion that enables native plants to survive its conditions. Because of the rain  shadow of the (*) Andes Mountains to its east, this desert is considered the driest on Earth. For 10 points, name this  desert, located mostly in Chile.",Atacama Desert [or Desierto de Atacama]
2022 KICKOFF Novice,11,2,"A political cartoon depicts an act signed by this President as a turtle who bites a man shouting at the  “cursed Ograbme.” During this man’s presidency, James Monroe negotiated with French diplomats over the  (*) sale of land that he later sent the Lewis and Clark Expedition to explore. Slaves like Sally Hemmings lived at  this man’s estate, Monticello. The Declaration of Independence was drafted by, for 10 points, what third U. S.  President?",Thomas Jefferson
2022 KICKOFF Novice,11,3,"One thinker from this country used the example of a man chasing a squirrel in a book subtitled “a new  name for some old ways of thinking.” A philosophical school originating in this country emphasized the  importance of (*) practicality in assessing value. For 10 points, what country is home to Charles Sanders Peirce and  William James, the founders of Pragmatism?",United States of America [or the United States; accept USA]
2022 KICKOFF Novice,11,4,"Stimulation of tiny nerves helping the flow of this substance is known as the “let-down reflex,"" which is triggered by  oxytocin. This fluid is responsible for passive immunity in the neonatal period because it's rich in IgA. Prolactin  triggers the production of this substance from the (*) mammary glands. This substance is often supplemented or replaced  with powdered formula. For 10 points, name this substance that is secreted from the breast during lactation, which newborn  babies drink.",milk [or breast milk]
2022 KICKOFF Novice,11,5,"This author wrote an experimental novel that pulled words from over 60 languages and begins “riverrun,  past Eve and Adam’s.” In another novel by this author, Molly remembers saying “yes I said yes I said yes” to  her husband in the stream-of-consciousness chapter (*) “Penelope.” This author of Finnegans Wake wrote about  Stephen Daedalus and Leopold Bloom spending a day around Dublin. For 10 points, name this Irish author of  Ulysses.",James Joyce
2022 KICKOFF Novice,11,6,"NOTE TO MODERATOR: Look over the answerline before reading. This profession is held by the head of the “Darkstar” initiative, which is threatened by the adoption of drones.  The song “Take My Breath Away” debuted in a film centering on people training for this profession, one of  whom promises that the son of his dead partner, nicknamed (*) “Goose,” not take it up. Tom Cruise plays a  character with this profession, who is nicknamed “Maverick.” For 10 points, name this occupation, for which  students at the Top Gun academy train.","Navy pilot [accept fighter pilot; or test pilot; accept pilot instructor or equivalent; prompt on instructor or teacher alone with “who did they teach?”; reject any answer indicating a pilot that did not serve in the Navy, such  as “Air Force pilot” or “space pilot”]"
2022 KICKOFF Novice,11,7,"This figure prophesied that a tower collapsing was due to a pair of red and white dragons after he was  brought to King Vortigern. This mythological character was trapped by his student Viviane, and built the  burial place of Aurelius Ambrosius, (*) Stonehenge. This man sealed the sword in the stone to determine the next  king of Britain. For 10 points, name this wizard, who advised King Arthur.",Merlin Ambrosius
2022 KICKOFF Novice,11,8,"In this country, Norodom Sihanouk was overthrown by Lon Nol, who was in turn overthrown in this  country’s “Year Zero.” In this country, people who wore glasses were executed in “killing fields,” as well as  the school-turned-prison S-21. (*) Pol Pot led a regime in this country, which was called the Khmer Rouge. For 10  points, name this neighbor of Vietnam, home to Angkor Wat.",Cambodia [prompt on Khmer Rouge before “Rouge” is said]
2022 KICKOFF Novice,11,9,"This painting is analyzed in the preface to Michel Foucault’s The Order of Things. Juan del Mazo’s copies  of two paintings by Peter Paul Rubens appear in the background of this painting. The artist of this painting  appears with a red cross on his chest while working at an easel. A (*) dwarf and a dog are part of the entourage  of the Infanta Margarita in this painting. For 10 points, name this painting of the “maids of honor” in a Spanish court  by Diego Velazquez.",Las Meninas [or The Maids of Honour; or The Royal Family]
2022 KICKOFF Novice,11,10,"This molecule cleaves a double bond into two carbonyls in its namesake “lysis.” A scale used for measuring the  concentration of this molecule has a baseline of 220 and is named for Dobson. This molecule is depleted in a radical  mechanism by chlorofluorocarbons, which caused a (*) “hole” in this substance over Antarctica. For 10 points, name this  molecule with formula O3, which forms a layer of the atmosphere responsible for screening UV light.",ozone [or O3 before it is read; accept ozonolysis]
2022 KICKOFF Novice,11,11,"One statesman from this city compared the parts of the body to various social classes to end a dispute  within its Conflict of the Orders. Lower classes of this city took part in “secessions” where they left it. This  city’s Twelve Tables established the tribunate, which was later held by the (*) Gracchi brothers. Plebes fought  with patricians in this ancient rival of the Etruscans. For 10 points, name this Italian city, where consuls led an  ancient republic.",Rome [or Roma]
2022 KICKOFF Novice,11,12,"Two of these animals with crescent moons on their foreheads advise the Sailor Guardians in the Sailor  Moon series. One of these animals has twelve legs and takes the form of a “bus” in My Neighbor Totoro. A  character that is one of these animals is a member of a group that includes (*) Wobbuffet. That character, who  is one of these animals, evolves into Persian and is part of a trio with Jesse and James. For 10 points, name these  animals that anime characters often have “ears” of, and include Meowth in Pokémon.",cats [or the catbus]
2022 KICKOFF Novice,11,13,"This force is described by a gauge theory with symmetry group SU(3). Asymptotic freedom and color  confinement are properties of this force, which is described by quantum chromodynamics. This fundamental  force is mediated by the (*) gluon, and holds together protons and neutrons in a nucleus. As its name suggests, this  force has a higher strength than the gravitational, electromagnetic, and weak forces. For 10 points, name this most  powerful fundamental force.",strong force [accept strong interaction; accept strong nuclear force]
2022 KICKOFF Novice,11,14,"Primo Levi describes working in one of these places as a chemist in his short story “Cerium.” In one  book, the narrator declares God “is hanging here from this gallows” after seeing an execution in one of these  places. In that memoir, the villagers of (*) Sighet ignore the warnings of Moishe the Beadle and are deported to  one of these places. For 10 points, Elie Wiesel’s Night is primarily set in what type of location, where Jews were  sent during the Holocaust?","concentration camps [or death camps; or extermination camps; accept specific locations, such as  Auschwitz]"
2022 KICKOFF Novice,11,15,"Oskar Potiorek encouraged rioting after this event, whose participants were sentenced to death in the  Salonika Trial. One participant in this event failed to kill himself after ingesting expired cyanide and jumping  into a river 13 centimeters deep. The July Ultimatum was issued after this event, which was planned by the  (*) Black Hand and carried out by Gavrilo Princip. For 10 points, name this murder of an Austro-Hungarian  archduke, which led to the outbreak of World War I.","assassination of Archduke Franz Ferdinand [prompt on partial answer; accept reasonable equivalents,  such as the killing of Franz Ferdinand]"
2022 KICKOFF Novice,11,16,"One leader of this religion taught the message of “Ik Onkar,” which appears in the Mul Mantar. That  leader of this religion claimed “there is no Hindu, there is no Muslim.” Adherents of this religion observe the  (*) “five K’s,” including maintaining long hair and keeping a dagger called a kirpan. For 10 points, name this  monotheistic Indian religion once led by Gurus, whose male adherents often wear turbans.",Sikhism
2022 KICKOFF Novice,11,17,"In this country, Myles and Damien Sanderson were suspected of carrying out an attack in 13 separate  locations. This country’s leader declared a state of emergency after truckers protesting Covid regulations  shut down (*) roads in one region. In September, this country experienced its worst mass stabbing in history in  Saskatchewan. For 10 points, name this country led by Justin Trudeau from Ottawa.",Canada
2022 KICKOFF Novice,11,18,"In this novel, no weapon was found to have murdered a character whose blood trickles through the street.  In this novel, only one man remembers the massacre of three hundred plantation workers. A character from  this novel fears that babies born from incest will grow a (*) pig’s tail. In this novel, Melquíades brings ice,  fascinating José Arcadio, the patriarch of the Buendía family. For 10 points, name this magical realist novel set in  Macondo, written by Gabriel García Márquez.",One Hundred Years of Solitude [accept Cien Años de Soledad]
2022 KICKOFF Novice,11,19,"It’s not Spain, but one composer from this country was accused of plagiarizing his Rapsodie espagnole,  which appears in his Miroirs suite. This country was home to the composer of a “habanera,” in which a  woman sings that “love is a rebellious bird.” In an opera by a composer from this country, the toreador (*) Escamillo feuds with Don Jose. For 10 points, name this country home to Maurive Ravel and the composer of  Carmen, George Bizet.",France [or the French Republic; or Republique Francaise]
2022 KICKOFF Novice,11,20,"In a single Bernoulli trial, there are this many possible results. When a mathematical expression with this many  terms is raised to the n-th power, Pascal’s triangle can be used to find the coefficients. This is the order of a (*) quadratic, since x is raised to this power. For 10 points, give this number, which equals the number of terms in a binomial.",two [accept binomial before it is read]
2022 KICKOFF Novice,12,1,"One work by this composer includes a 7/4 Finale that follows a solo bassoon Berceuse. In that work by this composer, a timpani roll introduces the “Infernal Dance,” while another of his ballets begins with an “Adoration of the Earth” and features a (*) high bassoon solo. This composer of The Firebird wrote a ballet that  caused a riot at its premier, due to its depiction of a pagan girl dancing herself to death. For 10 points, name this  Russian composer of The Rite of Spring.",Igor Stravinsky
2022 KICKOFF Novice,12,2,"The sum of this quantity around a closed loop equals zero, according to Kirchhoff's second law. For a  parallel-plate capacitor, this quantity equals its electric field times plate separation. Power is equal to (*) current times this quantity. This quantity is equal to current times resistance, according to Ohm’s Law. Batteries  generate a difference in, for 10 points, what quantity, which is symbolized V?","voltage [or electric potential or scalar potential; accept electromotive force or EMF; prompt on V;  reject answers that contain “energy,” such as “potential energy” or “electric potential energy”]"
2022 KICKOFF Novice,12,3,"In an essay entitled “Looking for [this woman],"" Alice Walker imagines waking up in her hometown and  placing a marker designating her “A Genius of the South."" In a novel by this author, a blossoming pear tree  is a symbol of sexual awakening. In her most well-known work, (*) Janie Crawford retells her life story to her  friend Phoeby Watson after the death of her husband. For 10 points, name this Southern author of Their Eyes Were  Watching God.",Zora Neale Hurston [the essay is “Looking for Zora”]
2022 KICKOFF Novice,12,4,"This state’s incumbent governor defeated Jay Gonzalez with 67% of the vote in 2018, after earlier  succeeding Karyn Polito. Two planes of illegal immigrants were flown to this state by Florida governor Ron  DeSantis. Barack Obama bought a waterfront home on this state’s (*) island of Martha’s Vineyard. This state’s  governor is housing Florida’s migrants at Cape Cod. For 10 points, name this state, led by Charlie Baker from  Boston.",Commonwealth of Massachusetts
2022 KICKOFF Novice,12,5,"This colony was aided by Manteo under the leadership of governor John White. The first English child  born in the New World, Virginia Dare, was born in this colony. A tree in this colony was inscribed with the  letters C-R-O, which may refer to an island home to the (*) Croatoan people. This site was the first English  colonial effort in the continental United States. Sir Walter Raleigh established, for 10 points, what North Carolina  “lost colony?”",Roanoke
2022 KICKOFF Novice,12,6,"This man asked “And was Jerusalem builded here / Among these dark Satanic mills?” in one poem. In  another poem, this man tells a “little” animal “God bless thee” after asking “dost thou know who made  thee?” This man divided his poems into the collections (*) Songs of Innocence and Songs of Experience. One  poem by this author asks the title entity, “What immortal hand or eye / Dare frame thy fearful symmetry?” For 10  points, name this British poet of The Lamb and The Tyger.",William Blake
2022 KICKOFF Novice,12,7,"The Busy Beaver function is computed using a construct named for this man. The halting problem is  undecidable on a class of “machines” named for this man, which consists of an infinite tape of symbols. The  imitation game developed by this man is typically framed in terms of a (*) human trying to determine whether  he is speaking to a computer. For 10 points, name this “father of computer science,” who names a “test” for AI.",Alan Mathison Turing [accept Turing machine or Turing test]
2022 KICKOFF Novice,12,8,"One saint associated with this holiday slapped the heretic Arius in the face at the First Council of Nicaea.  This day takes place twelve days before the Epiphany and one day after the end of Advent. This day begins  with a (*) Midnight Mass and celebrants singing “carols,” such as “Silent Night.” For 10 points, name this holiday,  during which Santa Claus brings children gifts, celebrated on December 25th.",Christmas [or Christmas Carols]
2022 KICKOFF Novice,12,9,"A part-Pakistani character on this show initially died by being crushed under her sister Kamilah’s statue.  Mindy St. Clair inhabits a “medium” location in this show that is later joined by Derek, a boyfriend Janet  creates. In this show’s first season, the dim-witted Jason (*) Mendoza pretends to be a monk while working with  Chidi and Eleanor to uncover why they are in an idyllic afterlife, despite the less than stellar lives they led. For 10  points, name this NBC show, whose title location is contrasted with the Bad Place.",The Good Place
2022 KICKOFF Novice,12,10,"This empire’s “Great Interregnum” ended with the ascension of the House of Luxembourg. Local leaders  of this empire met in the Imperial Diet. Within this empire, France rivaled the Hapsburgs for influence with  its (*) electors. This empire was ruled by Spanish kings in the 1500s after the election of Charles V. For 10 points,  name this fragmented Central European empire, which ruled much of medieval Germany.",Holy Roman Empire [accept HRE]
2022 KICKOFF Novice,12,11,"A planar ring is aromatic if it has 2 plus a multiple of this number of pi electrons, according to Hückel's  rule. White phosphorus molecules have this many atoms each. This is the oxidation state of carbon in carbon  dioxide. The central atom has this many bonds in a molecule with (*) seesaw geometry and tetrahedral  geometry. This is the number of electrons in a double bond. For 10 points, name this number of hydrogens in  methane and the atomic number of beryllium.",four [accept +4]
2022 KICKOFF Novice,12,12,"This country’s national dish is a notoriously pungent shark meat food, called hakarl. This country has the  world’s oldest parliament, the Althing. Tourists to this country’s Golden Circle can see the geysers Strokkur  and Geysir and the waterfall Gullfoss. This European country has the (*) northernmost capital city in the world  and, along with Greenland, was misleadingly named by the Vikings that first inhabited it. For 10 points, name this  island country, whose capital is Reykjavik.",Republic of Iceland [or Lydhveldidh Island]
2022 KICKOFF Novice,12,13,"In Chinese mythology, the founder of the Xia Dynasty, Yu the Great, survived one of these events. In the  Epic of Gilgamesh, Gilgamesh visits Utnapishtim, the survivor of one of these events. (*) Pyrrha and Deucalion  repopulated the earth after a Greek one of these events. For 10 points, name these archetypal natural disasters in  mythology, one of which was survived by Noah after he built an Ark.",Great Flood
2022 KICKOFF Novice,12,14,"This country’s northernmost major island is home to the native Ainu people and the winter resort city of  Sapporo. The southernmost of the prefectures dividing this country is named after the Ryukyu Archipelago.  This country’s city of (*) Yokohama is located in the world’s most populous metro area, which is on its largest  island, Honshu. The islands of Hokkaido and Okinawa are controlled by, for 10 points, what country, which is  governed from Tokyo?",Japan [accept Nihon-koku; or Nippon-koku]
2022 KICKOFF Novice,12,15,"Webster Thayer presided over a trial of members of this ethnicity, whose execution for the murders of  two men in Braintree precipitated the Wall Street Bombing. A longtime mayor of this ethnicity names an  airport in (*) New York City, which he led in the 1930s. Sacco and Vanzetti were anarchists of this ethnicity. For  10 points, name this ethnicity of Luigi Galleani, whose followers were supported by Benito Mussolini.",Italian-Americans
2022 KICKOFF Novice,12,16,"At the 1904 Summer Olympics, this event was won by Thomas Hicks, who was given brandy mixed with  rat poison during it. The company Ineos sponsonsored a race where an athlete from Kenya who competes in  this event, Eliud Kipchoge, unofficially broke the two (*) hour barrier for completing it. Boston hosts a race of  this type, which was the site of a 2013 bombing. An ancient battle is the namesake of, for 10 points, what long-distance race that lasts 26.2 miles?",marathon [or the Boston Marathon; or the Battle of Marathon]
2022 KICKOFF Novice,12,17,"A 1909 plan for this city was named for Daniel Burnham, who also named an architecture firm with John  Root based in this city. Mies van der Rohe designed a set of apartments for the Lake Shore Drive in this city.  The 1893 world’s fair in this city saw the construction of its (*) Art Institute. This city’s “Loop” area is the home  of the Willis Tower. For 10 points, name this most populous city in Illinois.","Chicago, Illinois"
2022 KICKOFF Novice,12,18,"This clan forced its nobles to send hostages to live in its capital in the “alternate attendance” system. This  clan defeated Ishida Mitsunari, who led the Toyotomi clan at Sekigahara. This clan adopted sakoku until the  arrival of the “black ships” of (*) Matthew Perry. This shogunate was overthrown during the Meiji Restoration.  For 10 points, name these isolationist rulers of the Edo period in Japan.",Tokugawa Shogunate
2022 KICKOFF Novice,12,19,"A peroxidase in this organ is targeted by antibodies in Hashimoto’s disease, and a receptor in this organ is  targeted in Graves’ disease. This organ secretes the hormones T3 and T4. Parafollicular cells in this organ  secrete (*) calcitonin, which is opposed by PTH. This gland enlarges to form a goiter, which is caused by iodine  deficiency. For 10 points, name this butterfly-shaped gland in the neck.",thyroid
2022 KICKOFF Novice,12,20,"After being told a lie about a bridge in this location, two travelers are carried across a gap by an  embodiment of fraud. In the beginning of a text named for this place, its entrance is blocked by a leopard, a  lion, and a she-wolf. The gate to a city in this place is marked with the words (*) “Abandon all hope, ye who  enter here.” For 10 points, name this realm, through which Dante is guided by Virgil in the first part of the Divine  Comedy, the final destination for damned souls.",the Inferno [accept hell]
2022 KICKOFF Novice,13,1,"A remnant of this empire survived until Tupac Amaru’s execution following the Battle of Vilcabamba. This empire employed chasqui messengers to run its road system, carrying knotted quipu. Huascar lost a civil war to a ruler of this empire, who was forced to fill a room with (*) silver by Francisco Pizarro. Atahualpa was a ruler of this empire. For 10 points, name these builders of Machu Picchu, an empire centered on Cuzco in modern-day Peru.",ANSWER: Incan Empire [or Tawantinsuyu]
2022 KICKOFF Novice,13,2,"This artist was commissioned to create the Temple of Meditation by the Maharaja of Indore. Another work by this artist is a phallic depiction of Maria Bonaparte. This artist of Princess X also designed a stack of 17 rhomboids as part of his World War I memorial at (*) Targu Jiu. This artist of Endless Column and Table of Silence created a series of works that was not considered art by customs officials. For 10 points, name this Romanian sculptor of Bird in Space.",ANSWER: Constantin Brancusi [or Constantin Brincusi]
2022 KICKOFF Novice,13,3,"Some of these creatures tried to abduct Hippodamia during her wedding to Pirithous, leading to a war with the Lapiths. Heracles dies after wearing a shirt stained with the blood of Nessus, one of these creatures. The wisest of these creatures was the son of (*) Cronus and tutored many heroes, such as Achilles and Heracles. For 10 points, Chiron belonged to what race of half-man, half-horse creatures?",ANSWER: Centaurs [accept Centauromachy]
2022 KICKOFF Novice,13,4,"The speaker of this poem posits that “there will be time, there will be time” to “turn back and descend the stair” and desires to “squeeze the universe into a ball.” At the end of this poem, the speaker declares “I am not Prince Hamlet, nor was meant to be” before asking “shall I part my (*) hair behind? Do I dare to eat a peach?.” “The women come and go / Talking of Michelangelo” in, for 10 points, what poem by T. S. Eliot, which begins “Let us go then, you and I”?",ANSWER: The Love Song of J. Alfred Prufrock
2022 KICKOFF Novice,13,5,"This substance is produced industrially in a process that uses a platinum-rhodium catalyst. A mixture of this compound and hydrochloric acid can dissolve gold, and is called aqua regia. This compound is produced by the oxidation of (*) ammonia in the Ostwald process. For 10 points, name this compound, a strong acid with formula HNO3.",ANSWER: nitric acid [or HNO3 before it is read]
2022 KICKOFF Novice,13,6,"One thinker in this field proposed the “poverty of the stimulus” argument, which claimed children could not learn one concept solely through observation. That thinker in this field constructed the sentence “colorless green ideas sleep furiously” to be (*) syntactically correct, but nonsensical. For 10 points, the existence of a Universal Grammar is debated by scholars, such as Noam Chomsky, in what field, the study of language?",ANSWER: linguistics
2022 KICKOFF Novice,13,7,"A “citizen” of this ethnicity was recalled by The Mountain for violating George Washington’s Neutrality Proclamation. Agents of this ethnicity demanded bribes from Pinckney, Marshall, and Gerry to see a minister during the (*) XYZ Affair. This ethnicity’s “Hero of Two Worlds” captured Redoubt 9 during the Battle of Yorktown. For 10 points, name this ethnicity of Minister Talleyrand and Gilbert du Motier, the Marquis de Lafayette.",ANSWER: French people (accept obvious equivalents)
2022 KICKOFF Novice,13,8,"It’s not urine, but metabolized heme is primarily deposited in this substance. Cholic acid derivatives conjugate to form this substance’s namesake “salts.” An excess of one component of this substance causes the pigmentation caused by jaundice. CCK triggers this substance’s flow through the (*) cystic duct. The amount of this substance in your stool is primarily responsible for its color. This substance is stored in the gallbladder. For 10 points, name this yellowish-green liquid produced by the liver to digest lipids.",ANSWER: bile [accept bilirubin; or bile salts]
2022 KICKOFF Novice,13,9,"These things left “by the stairs” lets the singer “know she cares” in Blink-182’s “All The Small Things.” A woman named Caroline is asked to “lean a little bit closer” in an Outkast song named for these things. The band Poison sang about how every one of these things “has its (*) thorn.” This plant partly names the rock band behind “Paradise City,"" “Sweet Child O’ Mine,"" and “Welcome To The Jungle.” Axl Rose and Slash are members of a band named for “Guns” and, for 10 points, what romantic flowers?",ANSWER: roses [or “Every Rose Has its Thorn;” or Guns N Roses]
2022 KICKOFF Novice,13,10,"This city shares its name with the highest subdivision of the Ozark Mountains. Frederick Law Olmsted designed a chain of parks near this capital city, called the “Emerald Necklace.” Interstate 93 was rerouted through a tunnel in this city in the “Big Dig.” The (*) Charles River flows from Hopkinton to this city, whose Freedom Trail contains a museum at Paul Revere’s house. For 10 points, name this capital of Massachusetts.","ANSWER: Boston, Massachusetts"
2022 KICKOFF Novice,13,11,"In a play by this man, Lavinia Mannon is forced to contend with her mother’s infidelity in a retelling of the Oresteia. In another play by this author set in a Greenwich Village saloon owned by Harry Hope, Hickey shatters a group of pub goers' pipe dreams by confessing to the murder of his wife (*) Evelyn and begging for the electric chair. For 10 points, name this American playwright of Mourning Becomes Electra and The Iceman Cometh.",ANSWER: Eugene O’Neill
2022 KICKOFF Novice,13,12,"This man filmed the murder of the elephant Topsy in a Coney Island zoo. This man’s Black Maria film studio helped popularize Annie Oakley. George Westinghouse opposed this popularizer of the stock ticker in a so-called “war.” This inventor used (*) Nikola Tesla’s “alternating current” to electrocute animals to support the adoption of his “direct current.” For 10 points, name this “Wizard of Menlo Park,” the inventor of the lightbulb.",ANSWER: Thomas Edison [or Thomas Alva Edison]
2022 KICKOFF Novice,13,13,"One sect of this religion worships an androgynous god of space and time, called Zurvan. The dead in this religion are left on Towers of Silence to be eaten by vultures. Worship in this religion takes place in fire temples, whose central flame is called atar. This religion’s (*) Avesta details the struggle between Good and the evil Ahriman. For 10 points, name this Ancient Persian dualistic religion, which venerates the god Ahura Mazda.",ANSWER: Zoroastrianism
2022 KICKOFF Novice,13,14,"The logic gate that represents this operation contains a single curved left side and no circle on the right. The truth table for this operation will return three true’s for two binary conditional statements. This operation is equivalent to logical disjunction. In most programming languages, this operation is represented by two (*) vertical bars. For 10 points, name this logical operator contrasted with “and,” which returns true if either one of its inputs are true.",ANSWER: logical OR [accept disjunction before it is read; accept OR gate]
2022 KICKOFF Novice,13,15,"After one of these events, three separate class action lawsuits were filed against Norfolk Southern. The DOJ filed a separate lawsuit on behalf of the EPA regarding the cost of cleanup for that one of these events. A controlled (*) burn was enacted after one of these events, which involved containers of vinyl chloride. For 10 points, identify this type of event, which spilled hazardous chemicals in East Palestine, Ohio.",ANSWER: train derailment (or a train crash; prompt on “crash” or equivalents with “of what?”)
2022 KICKOFF Novice,13,16,"Paul Chambers, a player of this instrument, plays a call and response with the ensemble at the start of Miles Davis’ “So What.” While moving from one chord to the next, this instrument plays a “walking” part. With the drums and piano, this instrument makes up the (*) rhythm section of a jazz band. In jazz, percussive pops and slaps are often used to pluck this instrument’s strings. For 10 points, name this low string instrument, whose “upright” form is played standing.",ANSWER: upright bass [accept double bass; accept electric bass; do NOT accept or prompt on “guitar” or “electric guitar”]
2022 KICKOFF Novice,13,17,"This character is followed by Behemoth and Azazello in his guise as Professor Woland. Ambrose Bierce wrote a satirical dictionary titled for this figure. In one epic about this figure, he builds Pandemonium with an army of (*) demons after being cast down from heaven for insubordination. For 10 points, name this figure, who concluded that “it is better to reign in hell than serve in heaven” in Paradise Lost.",ANSWER: the devil [accept Satan; or The Devil’s Dictionary; accept Woland before it is read]
2022 KICKOFF Novice,13,18,"In Bernoulli’s equation, every term besides the pressure term is multiplied by this quantity. This quantity is held constant in incompressible flow. Archimedes’ principle states that the buoyant force is equal to little g, times volume, times this quantity. (*) Specific gravity equals the ratio of this quantity for a substance to that of water. For 10 points, name this quantity, which equals mass over volume.",ANSWER: mass density [prompt on rho]
2022 KICKOFF Novice,13,19,"Three characters in this show enjoy a black-tie steak dinner on a triangular table. While disguised as a waiter, a character in this show is hit on by a man wearing a panther mask. Joo Won’s cover of “Fly Me to the Moon” plays repeatedly in this show, whose protagonist is saved by the (*) Pakistani immigrant Ali during a lethal event involving a creepy singing doll. For 10 points, name this Netflix-produced South Korean show, which is titled for a children’s activity.",ANSWER: Squid Game
2022 KICKOFF Novice,13,20,"This was the easternmost of two cities whose citizens fired artillery at each other in Acre during the War of St. Sabas. This city’s Council of Ten advised the blind octogenarian Enrico Dandolo during the Fourth Crusade, which this city (*) diverted after not being paid. Like its rival Genoa, this city-state was ruled by a doge. For 10 points, name this Italian city located on a lagoon in the Adriatic, known for its canals.",ANSWER: Venice [or Venezia]
2022 SCOP Novice 12,1,1,"Moseley’s law disproved a theory arguing that these things have randomly distributed corpuscles. John Dalton coined the name of these things and used them to explain his law of definite proportions. The Greek philosopher (*) Democritus is credited as the inventor of the “theory” of these things, whose name means “indivisible” in Greek. Niels Bohr and Ernest Rutherford theorized that a nucleus is at the center of, for ten points, what small building blocks of matter?",atoms (accept atomic theory)
2022 SCOP Novice 12,1,2,"In this country, a protected dirt road out of Morondava is known as the Avenue of the Baobabs. The islands of Mayotte and Comoros lie northwest of this country, and the islands of Reunion and Mauritius are off its east coast. (*) Malagasy is the official language of this country, which is separated by the Mozambique Channel from the mainland. For ten points, name this southern African country with capital Antananarivo that controls the fourth largest island in the world.",Madagascar (accept Republic of Madagascar)
2022 SCOP Novice 12,1,3,"This man lamented a “total and unmitigated defeat” in the House of Commons shortly before a vote to approve the Munich Agreement. This man rued that Soviet influence extended to a (*) line “from Stettin in the Baltic to Trieste in the Adriatic,” which he called the “iron curtain.” The “Finest Hour” and “Blood, Toil, Tears, and Sweat” speeches were also delivered by, for ten points, what Prime Minister of the UK during World War II?",Winston Churchill (accept Sir Winston Leonard Spencer Churchill)
2022 SCOP Novice 12,1,4,"This religion’s central philosophy includes reciting the Shahada, a statement of faith, and performing prompt and sincere alms-giving called Zakat. The (*) Hadith of Jibreel summarizes this religion’s Five Pillars, which include fasting that is performed during this religion’s holy month of Ramadan and five daily prayers. For ten points, name this Abrahamic religion whose founding prophet is Muhammad.",Islam (accept equivalents like Muslims)
2022 SCOP Novice 12,1,5,"This author wrote about a “Rafter of Satin and Roof of Stone” that cover “the meek members of the Resurrection” in one poem, and described “Mourners to and fro” in the poem “I felt a (*) Funeral, in my Brain.” This poet of “Safe in their Alabaster Chambers” described being Somebody in the poem “I’m Nobody! Who are you?” For ten points, name this “Belle of Amherst,” the American poet who wrote about a “blue - uncertain - stumbling Buzz” in the poem “I heard a Fly buzz - when I died.”",Emily Dickinson (accept Emily Elizabeth Dickinson)
2022 SCOP Novice 12,1,6,"A parody of this painting is titled L.H.O.O.Q., which is a pun in French, and was created by Marcel Duchamp by adding a moustache to this painting. A French nickname for this painting refers to its subject, who may be the wife of Francesco del (*) Giocondo, and to her smile. Some analysts think this painting once had fine eyebrows, which have worn away over time. For ten points, name this painting held in the Louvre art museum, a portrait of a woman made by Leonardo Da Vinci.",Mona Lisa (accept La Giocondo; accept La Joconde)
2022 SCOP Novice 12,1,7,"The coefficient of this non-conservative force equals the tangent of the angle of repose and is symbolized muk [mew sub k] or mus [mew sub s]. This force exerts the only torque on a spinning bicycle wheel, and it is directed (*) up the incline for a block on a hill. Lubricants minimize this force, which releases heat and causes electrostatic buildup when two objects rub against each other. Braking relies on, for ten points, what force that resists motion?",friction force
2022 SCOP Novice 12,1,8,"This song’s music video opens with a red title card that reads “me and my friends visit my ex’s house (smiley face).” This song loses its first chorus and adds harder guitars in its (*) “angrier” version. Another version of this song says that, except for “your dog, / you can all get lost.” For ten points, name this 2022 song by Gayle whose “nicer” version says “forget you / and your mom and your sister and your job” after listing the first letters of the alphabet.","abcdefu [A-B-C-D-E-F-U] (accept abcdefu (angrier); accept abcdefu (nicer); accept abc, which is a radio publication variant of the title; do not accept “forget you,” which is not part of the title of any version of the song)"
2022 SCOP Novice 12,1,9,"The use of mercury amalgamations to do this work has, to this day, contaminated the Siskiyou Trail and other areas. A sluice [sloos] box, a rocker, or a (*) pan are typically used in the “placer” type of this activity, which was common along the American River after James Marshall’s discovery there in 1848. A find at Sutter’s Mill inspired hundreds of thousands of “forty-niners” to try their luck with, for ten points, what work, the harvesting of a certain precious metal, in California?","gold mining (accept descriptions of collecting gold, finding gold, etc.; accept harvesting gold until “harvesting” is said; prompt on “gold” alone; prompt on “mining” alone)"
2022 SCOP Novice 12,1,10,"This novel’s protagonist declares, “by a toll of a billion deaths man has bought his birthright of the earth” while looking at fifty bodies in St Edmund’s Terrace. This novel’s antagonists change the landscape by spreading a (*) “red weed” and command tripods equipped with heat rays to destroy humanity, but are killed because they have no immune resistance to Earth viruses. For ten points, name this novel by H.G. Wells in which Martians invade England.",The War of the Worlds
2022 SCOP Novice 12,1,11,"This scientist legendarily quipped “And yet it moves” while under house arrest for writing Dialogue Concerning the Two Chief World Systems. This scientist first described the phases of Venus and sunspots using the (*) refracting telescope, which he invented. This man also discovered Callisto, Io, Ganymede, and Europa, four moons of Jupiter named for him. For ten points, name this Italian physicist who agreed with Copernicus’ heliocentric model of the solar system.",Galileo Galilei (accept either or both underlined names)
2022 SCOP Novice 12,1,12,"To memorialize his lover Leuce, this deity either turned her into a poplar tree or created the Elysian Fields. This deity’s affair with Minthe angered his wife, who turned her into a mint plant. This god this first-born son of (*) Cronus and Rhea, and after the Titanomachy, he divided the world with his two brothers. This god uses Cerberus to protect his realm, where he sometimes keeps his wife, Persephone. For ten points, name this Greek god of the underworld.",Hades
2022 SCOP Novice 12,1,13,"Owen Roberts chaired the commission that investigated this event, finding that Husband Kimmel was derelict in his duty. Because translation of the (*) Fourteen-Part Message was slow, this event officially took place without a formal declaration of war, against the wishes of Admiral Yamamoto. The “day of infamy” speech to Congress followed, for ten points, what December 7th, 1941 sneak attack by Japan against a naval base in Hawaii?",Pearl Harbor (accept attack on Pearl Harbor)
2022 SCOP Novice 12,1,14,"This instrument was played by James Johnson, Fats Waller, and Art Tatum, who all popularized its stride style. The composer of “Round Midnight” and “Straight, No Chaser,” Thelonious Monk, played this instrument, as did (*) Duke Ellington. In jazz, players of this instrument will often support a soloist by “comping” with the left hand. The drums and bass in a jazz rhythm section are often joined by, for ten points, what keyboard instrument?",piano (accept pianoforte; accept fortepiano)
2022 SCOP Novice 12,1,15,"Literature in this genre can be cataloged in the Perry Index and was collected by Jean de La Fontaine. One of these works contrasts the simplicity of the country with the dangers of the city in the lives of two (*) mice, and is often collected with two of these works commonly called “The Ant and the Grasshopper” and “The Tortoise and the Hare.” For ten points, name these short stories, many of which are credited to Aesop, that tell a simple story and try to teach a moral.",fables (accept Aesop’s fables or fables by Aesop)
2022 SCOP Novice 12,1,16,"The investigation into this man’s death found pellet damage at a Nara parking garage, which was revealed to be the result of a test of the murder weapon the previous day. The motive for this man’s murder was his supposed link to the (*) Unification Church, which bankrupted the murderer’s mother. In July 2022, two rounds were fired from a homemade, shotgun-like device at this man. Tetsuya Yamagami assassinated, for ten points, what former Prime Minister of Japan?",Shinzo Abe [ah-bay] (accept Abe Shinzo)
2022 SCOP Novice 12,1,17,"This is the surface area of Gabriel’s horn. The cardinality of an uncountable set is some form of this concept, while “aleph null”, the cardinality of the natural numbers, is the smallest type of this concept. Hilbert’s (*) Grand Hotel thought experiment involves this many hotel rooms and this many customers. A lemniscate is the symbol for, for ten points, what mathematical concept of limitlessness, a value greater than any given whole number?",infinity (accept word forms like infinite)
2022 SCOP Novice 12,1,18,"In this short novel, Belle rejects the protagonist because he has replaced her with “a golden idol,” and a shape-shifting creature visits a dance at Mr Fezziwig’s shop. After confronting a specter who shows him his own (*) grave, this novel’s protagonist orders a turkey to be taken to Bob Cratchit and his son, Tiny Tim. For ten points, name this short novel by Charles Dickens in which Ebenezer Scrooge learns to be kind and generous during a winter holiday.",A Christmas Carol
2022 SCOP Novice 12,1,19,"This person’s political rise began after protesting the 1919 Rowlett Act with a hartal, a form of striking. After this person’s letter to Lord Irwin was ignored, he led a march to Dandi, where his followers illegally made (*) salt. Nathuram Godse, angry over this man’s apparent support for Muslims over Hindus, assassinated him in 1948. Satyagraha was the political philosophy of, for ten points, what non-violent activist who advocated for Indian independence?",Mohandas Gandhi (both underlined parts required; accept Mohandas Karamchand Gandhi; accept Mahatma Gandhi; prompt on “Gandhi” alone)
2022 SCOP Novice 12,1,20,"These organisms are conventionally classified as being spherical, comma-shaped, rod-shaped, or spiral-shaped. These organisms are also classified by how they react with crystal violet, a dye that binds tightly to their peptidoglycan cell (*) walls in a Gram stain. These organisms and Archaea make up the two prokaryotic domains of life. Antibiotics target, for ten points, what single-celled organisms, examples of which include Salmonella and E. coli?",bacteria (accept bacterium; prompt on “Monera”)
2022 SCOP Novice 12,2,1,"This novel’s narrator refuses to trample a crucifix for the emperor of Japan after he encounters an immortal race of struldbrugs. Yahoo.com’s name was taken from this novel’s race of savage humans who live among (*) talking horses. This book’s narrator is tied down by ropes by the miniature inhabitants of Lilliput on one of his numerous shipwrecks. For ten points, name this satirical description of an English sailor’s adventures, written by Jonathan Swift.","Gulliver’s Travels (accept Travels into Several Remote Nations of the World. In Four Parts. By Lemuel Gulliver, First a Surgeon, and then a Captain of Several Ships)"
2022 SCOP Novice 12,2,2,"This location is described as “larger than Libya and Asia put together” in the Timaeus. The Egyptians supposedly told Solon that this location “lay over against the Pillars of Hercules” until “great earthquakes and floods” caused it to (*) disappear. Plato’s dialogues discuss the hubris of the lost civilization on, for ten points, what fictional island that modern crackpots search for on the bottom of the Mediterranean Sea?",Atlantis
2022 SCOP Novice 12,2,3,"In the music video for a song with this name, Selena Gomez collects frogs instead of these people. Social House and Ariana Grande collaborated on a song with this title, which is also shared by a 2022 single that implores “I don’t need to tell you (*) twice / All the ways he can’t suffice.” Being this title person comes with the upside that “all my clothes would fit” according to, for ten points, what romantically-titled song, Dove Cameron’s breakout hit?",Boyfriend
2022 SCOP Novice 12,2,4,"Wilhelmy plates are allowed to sit exactly on the top of these structures. Lenses named for these things have one convex side and one concave side. These things are oriented convex down in columns of mercury, since the force of adhesion is stronger than (*) cohesion. Conventionally, liquid volumes are read out at eye level from the bottom of this structure inside a beaker or graduate cylinder. For ten points, name this curved surface of a liquid in a tube.",meniscus
2022 SCOP Novice 12,2,5,"At a competition involving these vehicles, Hypatius was crowned Emperor by a mob of rival fans who came together, chanting “Nika!”; Justinian quickly put down the mob and killed tens of thousands of rioters. The Battle of (*) Kadesh led to the oldest-known peace treaty and is commonly cited as the largest clash of these vehicles in history. The invention of spokes roughly four thousand years ago led to the development of, for ten points, what ancient wheeled vehicles that were pulled by horses?",chariots
2022 SCOP Novice 12,2,6,"In 1980, a law named CERCLA tasked this agency with projects at the Valley of the Drums and Love Canal. Michael Regan currently leads this agency, which was created by a Richard Nixon executive order. This agency manages various (*) cap-and-trade markets as well as the Energy Star efficiency program. Superfund sites are managed by, for ten points, what US governmental agency that enforces regulations like the Clear Air Act and Clean Water Act?",EPA (accept U.S. Environmental Protection Agency)
2022 SCOP Novice 12,2,7,"In this state in the 2016 Presidential election, 21 percent of the vote was won by third-party candidate Evan McMullin. As an independent, McMullin has pledged to caucus with neither party if he wins this state’s 2022 Senate election against Republican incumbent Mike (*) Lee. Mitt Romney is the other current Senator from, for ten points, what traditionally-Republican voting U.S. state whose capital is Salt Lake City?",Utah
2022 SCOP Novice 12,2,8,"In a piece titled for this time period, the viola is told to play “always forte” to represent a dog barking. According to a sonnet written by the composer, “The birds celebrate” the return of this time period in the Allegro movement of a (*) violin concerto that opens The Contest Between Harmony and Invention. “La Primavera” is the Italian title of, for ten points, what appropriately first movement of Antonio Vivaldi’s The Four Seasons?",Spring (accept La Primavera before it is read; prompt on “(the) Four Seasons” or “(le) Quattro Stagioni” until it is read)
2022 SCOP Novice 12,2,9,"After abandoning the guise of a cormorant, this character squats like a toad until he is caught by Zephron. This character leads an army that falls through Chaos for nine days before winding up in a lake of fire. This character reflects that, “The mind is its own place” from his capital of (*) Pandemonium and complains “Better to reign in Hell/than serve in Heaven.” For ten points, name this antihero of John Milton’s Paradise Lost, a Christian demon.",Satan (accept the Devil; accept Lucifer)
2022 SCOP Novice 12,2,10,"The virus that causes this disease in humans is first classified into A and B subtypes, and then by which of the 18 hemagglutinin and 11 neuraminidase proteins it has on its surface. In 2015, 25 million birds were killed worldwide to avert a (*) pandemic from the deadly avian strain of this virus. A century earlier, an H1N1 strain of this virus emerged in Spain before killed more people worldwide than did World War I. For ten points, name this seasonal respiratory virus.","the flu (accept influenza; accept additional information like bird flu, swine flu, Spanish flu, etc.)"
2022 SCOP Novice 12,2,11,"Alexandros of Antioch used this substance to depict a half-nude goddess who may have been hand-spinning or holding an apple, although his work was originally attributed to Praxiteles [prack-SIH-tah-leez], who was a master of this material. This material was used to create (*) Hermes and the Infant Dionysus and a sculpture of Aphrodite whose arms have broken off, called the Venus de Milo. For ten points, name this material used to create Michelangelo’s David, a type of white stone.",marble (accept Parian marble; prompt on “stone”)
2022 SCOP Novice 12,2,12,"Jenny Lind supposedly inspired one of this author’s villains. This author, whose “Thumbelina” was derided for having no apparent moral, wrote a story whose title character becomes an air spirit after she can’t bring herself to kill the (*) prince who refused to marry her. An honest child doesn’t pretend that a ruler isn’t naked in a story written by, for ten points, Danish author of folk and fairy tales like “The Snow Queen,” “The Emperor’s New Clothes,” and “The Little Mermaid?”",Hans Christian Andersen
2022 SCOP Novice 12,2,13,"This scientist is the namesake of the ripple-like interference pattern that occurs when a convex lens is placed atop a flat piece of glass, even though it was discovered by his longtime rival, Robert Hooke. In his book (*) Opticks, this scientist first explained how the dispersion of light through a prism forms a rainbow. Calculus was explained in the Principia Mathematica by, what English physicist who developed three laws of motion?",Sir Isaac Newton
2022 SCOP Novice 12,2,14,"As typically used in the four-color theorem, the countries on a map are equivalent to these features of a graph. The formula for the Euler [oiler] characteristic adds the number of faces and these objects together. If a (*) polygon is convex, then every one of these points is an ear, because all of the diagonals of the polygon lie within the polygon as they connect these points. For ten points, name these geometric points that lie between edges at the corners of polygons.",vertex (accept vertices or vertexes; prompt on “node”; prompt on “corner” until it is read)
2022 SCOP Novice 12,2,15,"This conflict was sparked when one side blamed the scalping of Joseph de Jumonville on George Washington. The Battle of Fort Necessity triggered this war, which included the Braddock Expedition and a skirmish on the (*) Plains of Abraham outside Quebec City that led to English control of Canada. For ten points, name this phase of the Seven Years’ War in which the British, with the help of the American colonists, fought against an alliance of two namesake opponents.",French and Indian War (prompt on “Seven Years’ War” before it is read)
2022 SCOP Novice 12,2,16,"Hundreds of exotic animals are kept in this city’s Bioparco on the Villa Borghese estate. The Federico Fellini film La Dolce Vita includes scenes set at this city’s Via Veneto, Baths of Caracalla, and (*) Trevi Fountain. The Aurelian Walls, built in the 3rd century CE, surround the Campus Martius and all seven hills of this city. The ruins of the Circus Maximus and the Colosseum are found in, for ten points, what city, both the capital of an ancient empire and modern Italy?",Rome (accept Roma)
2022 SCOP Novice 12,2,17,"In August 2022, Russia announced it would withdraw from this project and establish a replacement for it called Ross. Since 2012, Dragon craft have been contracted to provide supplies to workers on this project. (*) Mir and Skylab were predecessors of this project, which today performs most science experiments done in microgravity. For ten points, name this project that provides long-term, low-Earth orbit housing for astronauts from around the world.",International Space Station (accept ISS)
2022 SCOP Novice 12,2,18,"This activist has promoted the Middle Way Approach, which seeks cultural protection but not independence. This leader of the Gelug school lives in Dharamshala, having been forced to leave the Potala Palace in 1959 after a (*) pro-Chinese uprising took place in Lhasa. At age four, this bodhisattva was announced as the fourteenth man to hold his title. Tenzin Gyatso is the spiritual name of, for ten points, what exiled Tibetan Buddhist leader?",Dalai Lama (accept Tenzin Gyatso until it is read; accept Lhamo Thondup; accept Gyalwa Rinpoche)
2022 SCOP Novice 12,2,19,"This country’s fraudlent financial reporting was announced by incoming Prime Minister George Papandreou in 2009. In summer 2015, this country failed to make an IMF loan payment on time, as the Syriza party under (*) Alexis Tsipras launched a referendum about bailout conditions imposed on this country by the Eurozone. Strict austerity has mostly failed to solve a debt crisis in, for ten points, what country where protesters have marched in Athens?",Greece (accept Hellenic Republic)
2022 SCOP Novice 12,2,20,"In this literary work, Elizabeth reports to her imprisoned husband about the fate of Isaiah Goodkind and Goody Ballard, and describes “more weight” being piled on Giles Corey to try to force his confession. In this play, (*) Abigail Williams joins a group of girls who accuse Elizabeth and John Proctor and the slave Tituba are of casting evil spells. For ten points, name this play by Arthur Miller about the Salem Witch Trials.",The Crucible
2022 SCOP Novice 12,3,1,"A character in this play hopes for “the most wonderful thing of all,” but is disappointed by a woman he had diminutively called a “little song-bird.” This play’s protagonist is blackmailed when she borrows money from (*) Krogstad. Kristine Lund visits this play’s protagonist, who ends the play by slamming a door behind her. For ten points, name this Henrik Ibsen play in which Nora Helmer leaves her husband, Torvald, and symbolically abandons the title toy home.",A Doll’s House (accept Et dukkehjem)
2022 SCOP Novice 12,3,2,"Ethers are isomers of these compounds, which are only found in the side chains of three amino acids: serine, threonine, and tyrosine. The active ingredients of antifreeze and hand sanitizer are this type of organic molecule, in which an (*) oxygen atom is single bonded to a hydrogen. Examples of these compounds with one and three carbons are known as “wood” and “rubbing,” respectively. For ten points, name this type of compound whose simplest examples are methanol and ethanol.",alcohols
2022 SCOP Novice 12,3,3,"On the right of this painting, two figures lean toward Simon the Zealot, gesturing wildly. Because this mural is not a fresco, it requires frequent maintenance to preserve it on the wall of the Stanza (*) Maria delle Grazie. This painting’s figures are arranged in groups of three, with Peter and John sitting next to Judas. For ten points, name this painting by Leonardo da Vinci in which the disciples react in shock as Jesus spreads his arms over their final meal together.",The Last Supper (accept l’Ultima Cena)
2022 SCOP Novice 12,3,4,"Management at Morton Thiokol decided not to stop this event, which ultimately prevented a study of Halley’s Comet. Sally Ride served on the Rogers Commission investigating this event, as did (*) Richard Feynman, who used a glass of ice water and a piece of rubber to demonstrate how the O-rings may have failed. Christa McAuliffe, a teacher, was one of the seven casualties of, for ten points, what 1986 disaster that took place 73 seconds after the launch of a Space Shuttle?","Space Shuttle Challenger disaster (accept descriptive answers that name the Challenger, such as “Challenger explosion”; prompt on “Space Shuttle disaster” or similar before “Space Shuttle” is read)"
2022 SCOP Novice 12,3,5,"This religion’s central text emphasizes the “Three Treasures” of compassion, simplicity, and humility, and is attributed to a contemporary of (*) Confucius. This religion is represented by the ba-gua, which represents the balance of yin and yang. This religion’s principle of “action through inaction,” or “wu-wei,” was established by this religion’s founder, Laozi [LAHW-tsuh]. For ten points, name this belief system whose name is Mandarin for “the way.”",Tao (accept Dao; accept Daoism and word forms like Daoist)
2022 SCOP Novice 12,3,6,"A king of this name was targeted by the last Jacobite rebellion. During the reign of the first ruler of this name, Robert Walpole began his de facto tenure as Britain’s first Prime Minister. The most recent monarch of this name underwent (*) speech therapy and led England through World War II. Porphyria [por-FEE-ree-uh] may have caused the madness of the third king to share, for ten points, what name held by six Kings of England, including the one who lost the American Revolution?",George (accept George II; accept George I after “first” is read; accept George VI after “most recent” is read; accept George III after “Porphyria” is read)
2022 SCOP Novice 12,3,7,"In October 2022, a planned fanwork for this game series removed a zombie Queen Elizabeth from a game set in London instead of the US. Recurring characters in this series include Liberty Prime from the (*) Brotherhood of Steel and the canine companion Dogmeat. Spin-offs in this game series include the unpopular entry 76 and the highly successful New Vegas. For ten points, name this Bethesda game series in which vaults hold survivors of a nuclear war.",Fallout (accept Fallout: London; accept Fallout 76; accept Fallout: New Vegas)
2022 SCOP Novice 12,3,8,"A character created by this author attends Bourton school, where she kisses Sally Seton, and makes her first appearance in the novel The Voyage Out. In a novel by this author, (*) Septimus Smith jumps out of a window. In another novel, this writer described the struggles of the Ramsay family before and after the first world war. For ten points, name this English author of Mrs Dalloway and To the Lighthouse.",Virginia Woolf (accept Adeline Virginia Woolf; accept Adeline Virginia Stephen)
2022 SCOP Novice 12,3,9,"The largest of these events is blamed on the eruption of carbon dioxide from Siberian traps. The ongoing “Holocene” one of these events is being caused by humans. A gigantic (*) crater on the Yucatan Peninsula lends credence to a theory that one of these events was caused by an asteroid. The ends of the Permian and Cretaceous eras were marked by, for ten points, what destructive events that killed off many species at once?",mass extinctions (accept any specific extinction event; accept Great Dying; accept extinction of the dinosaurs)
2022 SCOP Novice 12,3,10,"A landmark book in this field coined the phrase “personality writ large”, drawing a comparison between people and society. This field was shaped in the 20th century by scholars like Ruth (*) Benedict and Margaret Mead, who wrote Coming of Age in Samoa and Patterns of Culture, respectively. In high schools, sociology is often studied alongside, for ten points, what study of behavior and culture whose name is Greek for “human study”?",anthropology
2022 SCOP Novice 12,3,11,"A god in this culture, Ometeotl [oh-MEH-tay-oh-tull] split into two gods to create the world. A heroic god in this culture used the bones of previous humans and his own blood to create the (*) Fifth Sun after journeying through Mictlan. This culture venerated a “Left-Handed Hummingbird” and a “Feathered Serpent” named Huitzilopochtli [HWEE-tsih-loh-POCK-tlee] and Quetzalcoatl [KET-zahl-koh-ah-tull]. For ten points, name this culture whose myths included the story of the founding of Tenochtitlan [teh-NOSH-tiht-lahn] in modern Mexico City.",Aztecs (accept Aztec empire; prompt on “Mexica” or “Mexicatl;” prompt on “Nahua” or “Nahuatl”)
2022 SCOP Novice 12,3,12,"In this city, Sir Edwin Lutyens developed a Bungalow Zone for the British in the early 20th century. After the Battle of Karnal, the looting of this nearby city included the capture of the Koh-i-Noor diamond and the Peacock Throne. The Lahori Gate is the main entrance to this city’s Red Fort, which became the imperial residence of the (*) Mughals under Shah Jahan. Prior to 1911, Calcutta held this city’s primary status. For ten points, name this city whose “New” district is the capital of India.",Delhi (accept New Delhi; accept (Old) Delhi)
2022 SCOP Novice 12,3,13,"In a play by this author, a group of characters leave a house “until spring,” and accidentally leave Fiers locked inside. In another play by this writer, Nina rejects Konstantin Treplev, who shoots the title bird, in favor of (*) Trigorin. This man wrote a play in which Lopakhin buys property from Madame Ranevskaya and orders the destruction of the title grove of trees. For ten points, name this Russian playwright who wrote The Seagull and The Cherry Orchard.",Anton Chekhov (accept Anton Pavlovich Chekhov)
2022 SCOP Novice 12,3,14,"Velocimetry of blood-flow works because of this effect. which predicts a “shift” that depends on the ratio in two differences in speed. The relativistic form of this effect causes a redshift due to the expansion of the (*) universe. This effect occurs when wavefronts appear closer together for an observer if they are moving towards a source. For ten points, name this effect that explains why an ambulance siren seems to change pitch.",Doppler effect
2022 SCOP Novice 12,3,15,"After Alexander the Great routed this empire at Gaugemela, its leader was murdered by Bessus, a satrap who then briefly held power. The Achaemenid [uh-KEY-men-id] Empire is an alternative name for this empire, which was Alexander’s target after he gained control of (*) Greece. Artaxerxes V [art-uh-zerk-zees the fifth] and Darius III were late leaders of, for ten points, what west Asian empire that earlier fought the Greeks at Thermopylae and Marathon and was based in modern Iran?",Persia (accept Persian Empire; accept Achaemenid Empire or Achaemenids until “Achaemenid” is read)
2022 SCOP Novice 12,3,16,"A lyricist with this last name contrasted “oysters” and “ersters” in the song “Let’s Call the Whole Thing Off,” written for the film Shall We Dance? The song “Summertime” was co-written by that lyricist and composed by (*) another artist with this last name for the opera Porgy and Bess. Jazz standards like “I Got Rhythm” were the product of, for ten points, what pair of brothers that included Ira and the composer of Rhapsody in Blue, George?",Gershwin (accept Ira and/or George Gershwin; accept Israel Gershovitz; accept Jacob Gershwine)
2022 SCOP Novice 12,3,17,"The cross product operation commonly exists in three dimensions and in this many dimensions, but no other systems. Euler [oiler] invented graph theory by studying this many bridges in Konigsberg. The regular polygon with this many sides has interior angles measuring roughly (*) 128 degrees. One-sixth of the time, rolling two common six-sided dice will give this value, the most likely outcome. The number of sides of a heptagon is, for ten points, what largest single-digit prime number?",seven
2022 SCOP Novice 12,3,18,"While serving the 54th Massachusetts Regiment, this figure is said to have served Robert Gould Shaw his last meal before Gould died assaulting Fort Wagner. A month earlier, almost 800 people were freed in raids along the (*) Combahee River co-planned by this woman, who led numerous groups across the Ohio River. “Moses” was the nickname of, for ten points, what escaped slave who proclaimed she never lost a soul while conducting others along the Underground Railroad?",Harriet Tubman (accept Araminta Ross)
2022 SCOP Novice 12,3,19,"This author created a character who watches his father perform a C-section on a Native American woman, and who is tied up by Ole Andersen’s murderers in “Indian Camp” and “The Killers.” In addition to the (*) Nick Adams stories, this author wrote about Jake Barnes living in 1920s Europe and about Santiago, and unfortunate fisherman. For ten points, name this American author of The Sun Also Rises and The Old Man and the Sea.",Ernest Hemingway (accept Ernest Miller Hemingway)
2022 SCOP Novice 12,3,20,"The exponential atmosphere model predicts that this quantity decays exponentially, not linearly, with height. Devices that measure this quantity consist of a glass tube suspended in a reservoir, and consequently often measure it in (*) millimeters. Winds move in the direction where this quantity decreases, which is why storms often develop in areas where it’s low. For ten points, name this quantity that is approximately 101 kilopascals, or 1 atmosphere, at sea level.",atmospheric pressure (or barometric pressure)
2022 SCOP Novice 12,4,1,"This novel contains an author self-insert in the character of Pierre Gringoire [gran-WAHR], who marries the daughter of Sister Gudule to avoid being killed in the Court of Miracles. In this novel, the protagonist, Captain (*) Phoebus [FEE-bus], and Archdeacon Claude Frollo all fall in love with a girl with whom the title man was switched as a child, the Romani dancer Esmeralda. For ten points, name this novel by Victor Hugo about Quasimodo, the bell-ringer of a Paris cathedral.",The Hunchback of Notre Dame (accept Notre-Dame de Paris)
2022 SCOP Novice 12,4,2,"The release of energy in these events is described by elastic-rebound theory. These events are detected by triangulation of P and S waves. The modified Mercalli scale measures the (*) intensity of these events, unlike a logarithmic scale for their magnitude, which is named for Charles Richter. These events begin at an epicenter and can cause tsunamis. For ten points, name these natural disasters that are caused by rupturing faults in the crust.",earthquakes
2022 SCOP Novice 12,4,3,"An 18th century trading post on this river became the city of Cape Girardeau. A sandbank in this river called Bloody Island became a dueling ground where Abraham Lincoln nearly fought a man with broadswords. (*) Monks Mound and the other mounds of the Native American city of Cahokia lie across this river from what is now St. Louis, near its confluence with the Missouri River. For ten points, name this river that flows from Minnesota to New Orleans, where it empties into the Gulf of Mexico.",Mississippi River
2022 SCOP Novice 12,4,4,"A modern form of this religious practice, called vipassana, is based on the Satipatthana Sutta. During the zazen form of this practice, practitioners consider koans [koh-ahns]. This action was performed under (*) the Bodhi tree by a religious leader who is often sculpted doing this in lotus posture with his eyes closed. For ten points, name this “mindful” religious practice commonly performed in Buddhism, in which a person becomes focused and relaxed.",meditation (accept word forms like meditate or meditating; prompt on “mindfulness” before it is read)
2022 SCOP Novice 12,4,5,"These machines were involved in a miraculous accident in Vaughan, Mississippi that killed only Casey Jones. In 1918 at Dutchman’s Curve, one hundred one people died when two of these vehicles collided because one failed to pull onto a (*) side track. John Henry legendarily beat a steel drill in a race to build a tunnel for these vehicles. Union Pacific and Central Pacific operated, for ten points, what vehicles that used the transcontinental railroad?",trains (accept locomotives; accept steam trains)
2022 SCOP Novice 12,4,6,"The Intermediate Value Theorem requires one of these objects to be continuous on a closed interval, or else the result isn’t guaranteed. The term “codomain” is often used interchangeably with (*) “range” to describe the set of output values of these objects. “G of x” or “F of x” are often used to indicate, for ten points, what mathematical objects that can be thought of as machines that, for an input value, return exactly one result?",function
2022 SCOP Novice 12,4,7,"This region’s rule by Empress Min in the late 19th century led a Western scholar to call it a “hermit kingdom.” In 1598, the Ming Dynasty helped defend this region against an invading fleet at the Battle of Noryang. In the thirteenth century, this region’s (*) Goryeo Dynasty fell to Kublai Khan, and its Joseon dynasty ended in 1897 with its invasion by Japan. For ten points, name this East Asian peninsula that is, today, split into two countries.",Korea (accept Korean Peninsula; accept Koryo until “Goryeo” is read; accept North and South Korea only after “today” is read)
2022 SCOP Novice 12,4,8,"At the end of this novel, Hasbrouck is praised as a “whale,” and Bill Smithers reports on shelling at a hospital. This novel’s protagonist is called a “jimhickey” for leading a charge alongside Wilson, but still feels guilt for abandoning a (*) tattered soldier, and regrets the death of Jim Conklin. For ten points, name this novel by Stephen Crane in which Henry Fleming hopes to be injured to prove his bravery during the Civil War.",The Red Badge of Courage
2022 SCOP Novice 12,4,9,"A bird transforms Prince Gvidon into this creature so that he can visit his father, Tsar Saltan, in a Russian opera. In a song named for this creature, Gvidon’s journey is represented by chromatic runs of (*) sixteenth notes that are commonly performed too quickly by modern performers. Nikolai Rimsky-Korsakov wrote an interlude about the “Flight of,” for ten points, what insect that is represented with chaotic music to indicate its buzzing?",bumblebee (accept Flight of the Bumblebee)
2022 SCOP Novice 12,4,10,"The hierarchy problem asks why this force is so much weaker than the weak force. General relativity explains this force through the curvature of spacetime. On Earth’s surface, the acceleration due to this force is about (*) 9.8 meters per second squared. Tides are caused by this force, which acts between any two objects with mass. “Big G” is a constant named for, for ten points, what force that attracts objects on Earth toward the ground?",gravity (accept gravitational force)
2022 SCOP Novice 12,4,11,"This country is the home of Michael Ondaatje [Michael on-DAHT-yeh], the author of The English Patient, which won the Man Booker Prize. A short story writer from this country won the 2013 Nobel in Literature for works like Lives of Girls and Women. Alice (*) Munro is from this country, where L.M. Montgomery wrote a novel about a red-headed orphan who lives on Prince Edward Island. For ten points, name this home country of Anne of Green Gables, which is north of the United States.",Canada
2022 SCOP Novice 12,4,12,"These characters were created by Kevin Eastman and Peter Laird, who founded Mirage Studios to produce comics about this group. In a 2022 reboot of thirteen 80s and 90s games about these characters, the player can fight (*) Tokka, Bebop and Rocksteady, or Krang while playing as Mikey or Raff. The Cowabunga Collection is about, for ten points, what group of four adolescent, shape-changed, fighting reptiles?",Teenage Mutant Ninja Turtles (accept TMNT)
2022 SCOP Novice 12,4,13,"This figure advised that “all Men would be tyrants if they could” in an argument for women’s inclusion in political society. This woman notes that she will attempt to make saltpeter in a letter that also implores “Do not put such unlimited power into the hands of the (*) Husbands.” The “Remember the Ladies” letter was one of hundreds written between this woman and her husband, the only Federalist President. For ten points, name this First Lady to the second U.S. President.",Abigail Adams (both underlined parts required; prompt on “Adams” alone)
2022 SCOP Novice 12,4,14,"Some scholars believe that this author may have been inspired by Cicero to use the lion and the fox in one of the rare metaphors in his work. This author expounded on his most famous ideas in a series of Discourses on the ancient Roman political historian Livy. The idea that it is better for a (*) ruler to be feared than loved is argued in this man’s most famous work, published in 1532. For ten points, name this 16th century Italian philosopher, the author of The Prince.",Niccolo Machiavelli (accept Niccolo di Bernardo dei Machiavelli)
2022 SCOP Novice 12,4,15,"A eutectic mixture has a lower value for this quantity than its components. Tungsten is used in light bulb filaments because of its high value for this quantity. Unusually, the line named for this quantity has a positive slope on (*) water’s phase diagram; however, adding salt will “depress” it, making roads safer in the winter. Zero degrees Celsius is water’s value for, for ten points, what point at which a solid turns into a liquid?",freezing point (accept melting point)
2022 SCOP Novice 12,4,16,"These religious leaders used the “Two Ladies Name,” a title that represented the unity of a snake and a vulture. One of these historical leaders tried to establish a monotheistic form of his religion in Amarna and changed his name to honor (*) Aten, only for his successor to restore the worship of gods like Wadjet, Horus, and Ra. For ten points, name this title held by Akhenaten and Tutankhamun, two of the earthly “Sons of Ra” who ruled ancient Egypt.",pharaoh (accept king of Egypt; prompt on “king” alone)
2022 SCOP Novice 12,4,17,"This artist captured the attention of Georges Braque with a painting of five angular figures inspired by women in a brothel and by African masks, Les (*) Demoiselles d’Avignon [[lay day-mwah-zels da-VEE-nyawn]. This artist created a black-and-white painting of the bombing of a Basque city during the Spanish Civil War, and during his Blue Period, he painted The Old Guitarist. For ten points, name this Spanish painter who painted Guernica and co-founded Cubism.",Pablo Picasso (accept Pablo Ruiz y Picasso)
2022 SCOP Novice 12,4,18,"Palisade cells are located on these structures, which in arid climates are often covered by wax to preserve water loss through transpiration. The stomata on these structures exchange (*) oxygen for carbon dioxide. These structures are called fronds on ferns, and they are needly for conifer plants. For ten points, name these structures that are rich in chlorophyll, bud off from stems, and are the site of photosynthesis in plants.",leaves (accept leafs)
2022 SCOP Novice 12,4,19,"In this country, the far-right terrorist group Ordine Nuovo carried out the Piazza Fontana bombing, and the far-left Red Brigades kidnapped former PM Aldo Moro, during this country’s Years of Lead [led]. Anti- (*) fascist newspapers like Avanti! were suppressed in this country by a dictator whose corpse was hung upside down. For ten points, name this European country where “Il Duce” [eel DOO-chay], Benito Mussolini, took power after his Blackshirts marched on Rome.",Italy (accept Republic of Italy; accept Kingdom of Italy)
2022 SCOP Novice 12,4,20,"In a novel by this author, Robert Martin marries Harriet Smith despite the meddling of the title matchmaker, Miss Woodhouse. In another novel by this author, the owner of Pemberley estate claims that a woman is “not (*) handsome enough to tempt” him, but eventually proposes to her despite their initial dislike. Elizabeth Bennett and Mr Darcy appear in a novel by, for ten points, what English author of “manners novels” like Emma and Price and Prejudice?",Jane Austen
2022 SCOP Novice 12,5,1,"Nennius described this mythical figure as the victor at the Battle of Badon Hill. This mythical figure was conceived at Tintagel according to Geoffrey of Monmouth, who described this legendary man gaining the sword Caliburnus, or (*) Excalibur, from the island of Avillon. Guinevere was the wife of, for ten points, what legendary English king who was advised by the wizard Merlin and led the Knights of the Round Table from Camelot?","King Arthur Pendragon (accept Arthur Pendragon, with both underlined parts required; prompt on “Pendragon”)"
2022 SCOP Novice 12,5,2,"At low temperatures, molecules with unpaired electrons act like these devices. Neodymium is mixed with iron and boron in a particularly strong class of these devices. Passing an (*) electric current through a coil of wire turns it into one of these things called a solenoid. These devices cause iron fillings to line up between their north and south poles. For ten points, name these devices used in compasses and to attract metals.","magnets (accept specific types of magnets, including bar magnets and electromagnets)"
2022 SCOP Novice 12,5,3,"A character in this novel, nicknamed King-Post, dreams of being kicked by a man with an ivory leg. A sick man in this novel orders the construction of a coffin that this novel’s protagonist later uses to float to safety. (*) Ishmael survives while Queequeg and Starbuck die in this novel. The Pequod sinks because of the obsession of Captain Ahab in, for ten points, what novel about a quest for a white whale, written by Herman Melville?","Moby Dick; or, The Whale"
2022 SCOP Novice 12,5,4,"This President’s advisors included administrators Rexford Tugwell and Harry Hopkins, as well as the first woman to serve in the Cabinet, Frances Perkins. The (*) “Brain Trust” advised this man, who beat Alf Landon in an election in which he only lost eight electoral votes. John Nance Garner, Henry Wallace, and Harry Truman served as Vice President under, for ten points, what man, the only US President to be elected four times?",Franklin Delano Roosevelt (both underlined parts required; accept FDR; prompt on “Roosevelt”)
2022 SCOP Novice 12,5,5,"A work in this musical form that was dedicated to Archduke Rudolf includes timing instructions for the una corda pedal, and is named Hammerklavier [“hammer”-klah-veer]. Rellstab, a music critic, compared Lake (*) Lucerne at night to one of these works for piano. Classical-era pieces with fast, slow, and fast movements were known by this term, which is from the Italian for “to sound.” For ten points, name this type of musical piece, exemplified by Beethoven’s Moonlight.","sonata (accept additional information, like “piano sonata”; all works clued here are piano sonatas by Beethoven)"
2022 SCOP Novice 12,5,6,"This organ’s sinus rhythm, comprising Q, R, and S waves, is diagnosed in a test that uses twelve leads and ten electrodes to activate its Purkinje fibers and sinoatrial node. Issues with electrical conduction in this organ can be diagnosed on an (*) EKG. Defibrillation shocks this organ to fix arrhythmias, and pacemakers may be surgically installed to regulate it. CPR restores the use of, for ten points, what organ that pumps blood?",human heart
2022 SCOP Novice 12,5,7,"One of these literary works describes Lady Uma being banished for sending a dog to bite the palace cat, and contains lists of “annoying things” and “beautiful things.” Sei Shonagon’s [SAY shoh-nah-gon’s] (*) Pillow Book is one of these works, and another by her rival, Murasaki [moo-rah-sah-kee], describes the birth of a future emperor, scenes from her childhood, and daily activities in the Japanese court. For ten points, name this genre of literature in which an author records the events of her own life as it happens.",diary (accept journal; accept nikki; accept Pillow Book before it is read; accept Makura no Soushi before “Pillow Book” is read; prompt on “nonfiction;” prompt on “autobiography;” do not accept or prompt on “memoir”)
2022 SCOP Novice 12,5,8,"This sport is the subject of the FX documentary series Welcome to Wrexham, about Rob McElhenney and Ryan Reynolds’s experience as new owners. After Russia invaded Ukraine in 2022, Roman Abramovich was disqualified as an owner of (*) Chelsea, a team in this sport. Jason Sudeikis [soo-DAY-kis] has won two Emmys as a brutally unqualified coach in, for ten points, what sport depicted in Ted Lasso, which features teams like Manchester City and Liverpool?","soccer (accept association football; feel free to let players know that we’re accepting “football” on its own because all clues are based in the UK, and other tournaments may or may not write their answer lines the same way)"
2022 SCOP Novice 12,5,9,"This country’s first female leader, Jenny Shipley, led its National Party, the chief rivals of the Labour Party. Since 1975, a tribunal in this country has investigated breaches of the Treaty of Waitangi. Under the second-ever head of government to give birth in office, (*) Jacinda Ardern, this country passed new gun laws in 2019 after an attack on two mosques in Christchurch. For ten points, name this island country settled by the Maori [MOW-ree] and governed from Wellington east of Australia.",New Zealand (accept Aotearoa)
2022 SCOP Novice 12,5,10,"GIMPS is a “Great Internet Search” that uses the Fermat test to look for some of these things; so far, the project has found seventeen of them. These things can be found with the (*) Sieve of Eratosthenes, which crosses out rejected numbers. Euclid [yoo-klid] considered multiplying all of these things together and adding one, showing that there are infinitely many of them. For ten points, name this type of number, like seven or eleven, that can only be evenly divided by itself and one.",prime numbers (accept Mersenne primes; prompt on “numbers” or “integers”)
2022 SCOP Novice 12,5,11,"These particles tunnel through a gap and create a current that is analyzed to create images in scanning tunneling microscopy. These fermions are described fully by four quantum numbers, including the spin number, and the (*) Pauli exclusion principle dictates that those four numbers must be different for each of these in one atom. For ten points, name these subatomic particles that are much lighter than protons and neutrons and are found orbiting the nucleus.",electrons
2022 SCOP Novice 12,5,12,"A man in this novel shoots Tim Johnson on the orders of Heck Tate. Another character in this novel drapes a blanket over the shoulders of the narrator after she and her brother are attacked on (*) Halloween night, and leaves pennies and gum hidden in a tree for a group of neighborhood children. A lawyer in this novel is appointed to defend Tom Robinson after he is accused of raping Mayella Ewell. For ten points, name this Harper Lee novel about Scout, Jem, and Atticus Finch",To Kill a Mockingbird
2022 SCOP Novice 12,5,13,"This woman’s canonization officially does not label her a martyr, having been tried for things like wearing men’s clothes, as opposed to faith in Christ. This woman, who allowed Charles VII to be crowned in Reims [rhem], had her sainthood championed by the Bishop of (*) Orleans. A 1431 heresy trial condemned, for ten points, what French woman whose visions inspired her to fight the English in the Hundred Years War until she was burned at the stake?",Saint Joan of Arc (accept Jeanne d’Arc; prompt on “Joan” or “Jeanne”)
2022 SCOP Novice 12,5,14,"The wildly inaccurate artwork Rhinoceros is a work made in this material by Albrecht Durer. Pieces of this material were used by the artist Hokusai [hoh-koo-sah-ee] to add overlapping sections of colored ink to Fine Wind, Clear Morning and The Great Wave off Kanagawa. This material is used in (*) ukiyo-e [oo-kee-yoh-ay], a technique that makes prints with blocks of this material that might be cut along or against the grain. For ten points, name this natural art supply harvested from the trunks of trees.",wood (accept woodblock printing)
2022 SCOP Novice 12,5,15,"Say’s Law can be explained as “this quantity is created by its counterpart” according to John Maynard Keynes [canes], who argued that a drop in the aggregate amount of this quantity could be countered by government (*) spending to combat the Great Depression. Because this quantity’s price curve slopes down, a rise in this quantity should lead to a rise in price. For ten points, name this economic quantity that is contrasted with supply.","demand (accept additional information, like “aggregate demand” or “demand curve”; accept “supply and demand” after “supply” is read, but do not prompt on it before then)"
2022 SCOP Novice 12,5,16,"An island the size of Switzerland in the mouth of this river was home to the Marajo [ma-RA-ho] people, whose culture peaked in the 1400s. The (*) Para River serves as a canal in this river’s delta, and the city of Belem, named for Bethelem in Portuguese, lies on the mouth of this river. The record for largest discharge volume is held by, for ten points, what river that supports the world’s largest rainforest in South America?",Amazon River
2022 SCOP Novice 12,5,17,"During this holiday, the Hanerat Halalu is recited during a nightly ritual. This holiday commemorates a miracle that occurred during the rededication of the Second Temple of (*) Jerusalem after the Maccabean Revolt. During this holiday, celebrants use a shamash candle, eat fried potato cakes called latkes, spin the dreidel, and light eight branches on a special kind of menorah. For ten points, name this winter holiday, the Jewish festival of lights.",Hanukkah (accept Chanukah; prompt on “Festival of Lights” before it is read)
2022 SCOP Novice 12,5,18,"This fictional kingdom contains the Lantern Waste, where Digory plants a Tree of Protection. To the west of this kingdom lies the Garden of Youth, which was visited by Jadis, a royal from Charn who became the (*) White Witch of this place. This kingdom is also ruled by the Pevensie children, who gain the throne with the help of the lion Aslan. For ten points, name this kingdom whose “Chronicles” are recorded in a series of books by C.S. Lewis.",Kingdom of Narnia (accept The Chronicles of Narnia)
2022 SCOP Novice 12,5,19,"A common type of exoplanet that lies near a star is called a “hot” one of these planets, which is the namesake of a common unit of stellar mass. In 1994, Shoemaker-Levy 9, a comet, crashed into this planet. The (*) Juno probe measures this planet’s magnetic field, the strongest of any planet in the solar system. The Great Red Spot is found on, for ten points, what first gas giant and fifth planet from the sun?",Jupiter
2022 SCOP Novice 12,5,20,"During this battle, Lydia Leister’s farm served as headquarters for General Meade, who correctly predicted the climactic enemy attack at the Angle on (*) Cemetery Ridge on its third day. The siege of Vicksburg ended on the Fourth of July, the day after this Pennsylvania battle ended. Pickett’s Charge doomed the Confederates in, for ten points, what 1863 Civil War battle whose fallen soldiers were commemorated by a famous Abraham Lincoln address?",Battle of Gettysburg
2022 SCOP Novice 12,6,1,"This is the heaviest element that contains no d electrons. The ion of this element is a second messenger in cells and is stored in the sarcoplasmic reticulum. This metal is found in minerals like gypsum and fluorite, and its (*) carbonate is found in limestone. The shells of mollusks are reinforced by the alkaline earth metal, just like the bones of humans. For ten points, name this element that is found next to potassium on the periodic table and has symbol Ca [C-A].",calcium (accept Ca until it is read)
2022 SCOP Novice 12,6,2,"This short story concludes by describing “two foolish children in a flat,” one of whom sets aside two of the title objects because “they’re too nice to use just at present.” In this short story, a set of jeweled (*) combs are given to Della, who sells her hair to purchase a gold watch-chain for Jim, who sells his watch. For ten points, name this Christmas-time short story by O. Henry in which a young couple sell their prized possessions to buy things for each other.",The Gift of the Magi
2022 SCOP Novice 12,6,3,"This country celebrates Obon, a summertime festival of remembrance. During wedding ceremonies in this country, couples may perform the San-san-kudo ceremony by drinking alcohol together. This country’s practice of (*) kotsuage [koh-tsoo-ah-gay] involves collecting the bones of a cremated person with chopsticks, and is partially derived from Shinto beliefs. For ten points, name this East Asian country where red torii [toh-ree] gates line the way to the Fushimi Inari shrine in Kyoto.",Japan (accept Nihon-koku; accept Nippon-koku)
2022 SCOP Novice 12,6,4,"This parameter is zero for a standard normal distribution. For populations and samples respectively, this quantity is symbolized by “mu” [mew] and “x-bar.” Outliers have a large effect on this quantity, so in a right-skewed set like income, this value is greater than the (*) median. The mode and range are typically learned at the same time as, for ten points, what statistical measurement whose formula is commonly described as “add up everything and divide by the number of values?”",mean (accept arithmetic mean; accept average)
2022 SCOP Novice 12,6,5,"This singer declares “I’m on an island / even when you’re close” in a 2021 song, and admits “I thought it, but I kept it hid” in a collaboration with Elton John produced by PNAU [pah-NOW]. This singer of “We’re Good” and the album (*) Future Nostalgia sings “I might just give you a bite” in a 2022 song with Megan Thee Stallion. For ten points, name this English singer who performed “Cold Heart,” “Don’t Start Now,” and “Sweetest Pie.”",Dua Lipa
2022 SCOP Novice 12,6,6,"The 2022 Nobel Prize in Physics was awarded for experiments showing the entanglement of these particles. The double-slit experiment was first performed using these particles, whose energy is (*) quantized by Planck’s constant. Wave-particle duality was first explained using these particles, which move at 300 million meters per second and carry the electromagnetic force. For ten points, name these elementary particles of light.",photons
2022 SCOP Novice 12,6,7,"John Carver and other passengers of this ship were buried on Cole’s Hill, where human remains often washed down the hill in later years. The failure of the Speedwell caused overcrowding on this ship. Mourt’s Relation preserves the text of a governing (*) compact signed by forty-five people aboard this ship for what became Plymouth Colony. In 1621, the first Thanksgiving was celebrated by the surviving passengers of, for ten points, what ship that brought the Pilgrims to America?",Mayflower
2022 SCOP Novice 12,6,8,"In this novel, a group who live at Castle Rock chant “Cut his throat. Spill his blood” during a celebration that ends with the death of Simon. In this novel, a pair of broken (*) glasses is used by Sam-n-Eric for lighting a signal-fire, and Ralph insists on using a conch shell to hold votes until Piggy is killed. For ten points, name this novel by William Golding in which a group of young boys become stranded on a deserted island.",Lord of the Flies
2022 SCOP Novice 12,6,9,"For a musician on this instrument, Hanus Wihan, composer Antonín Dvorak [d-VOR-jak] wrote his final Concerto in B minor. Jacqueline Du Pre popularized the only concerto for this instrument by (*) Edward Elgar, and its modern performers include Yo-Yo Ma. For ten points, name this tall string instrument that is lower-pitched than the viola and higher than the double bass, and that is often stabilized between a musician’s knees.",cello (accept violoncello)
2022 SCOP Novice 12,6,10,"At a conference held in this country, Portugal presented the “Pink Map,” which was approved by all attendees except Britain, to handle claims in southern Africa. This empire, which was unified by a statesman who claimed “Politics is the art of the possible” in describing his philosophy of (*) Realpolitik, included states like Schleswig, Holstein, and Prussia. Otto von Bismarck helped unify, for ten points, what European country where Kaisers Wilhelm I [first] and II [second] led from Berlin?",Germany (accept German Empire; accept Deutsches Kaiserreich or Deutsches Reich; do not accept or prompt on “Prussia”)
2022 SCOP Novice 12,6,11,"In the Gylfaginning [GILL-fah-gih-ning], this god is challenged to drink the sea and lift a gray cat that is actually a monster in disguise. At Ragnarok, this god is destined to kill his long-time rival, the serpent (*) Jormungandr [YOHR-mun-gahn-dur].This god’s chariot is pulled by a pair of goats named “Tooth-Grinder” and “Tooth-Gnasher,” and uses iron gloves to handle his signature weapon. For ten points, name this Norse thunder god who wields the hammer Mjolnir [mee-YOLL-neer].",Thor (accept Donar)
2022 SCOP Novice 12,6,12,"Description acceptable. This event was described as “legitimate political discourse” in a resolution that censured Adam Kinzinger and Liz Cheney. Bennie Thompson chairs a committee that formed in July 2021 to investigate this event, in which (*) Ashli Babbitt was fatally shot while trying to cross a barricade. Police officer Eugene Goodman directed armed rioters away from the Senate floor during, for ten points, what failed American coup d’etat [koo day-TAH] in early 2021?","January 6th (attempted) coup d’etat (accept descriptions of a mob attack, riot, etc. on the Capitol on January 6th, 2021; accept descriptions of a mob attack, riot, etc. to keep Donald Trump in office; accept descriptions of a mob attack, riot, etc. to prevent Joe Biden from taking office; prompt on other descriptions of the day that don’t explicitly say any of those 4 things)"
2022 SCOP Novice 12,6,13,"This literary character may have been inspired by Basile’s [BAH-zee-lay’s] character “Petrosinella,” who summons animals who defeat an ogress. In a German story about this character, she is named after a salad plant and given to Dame (*) Gothel, who imprisons her in a room with no door. For ten points, name this character from Grimm’s fairy tales who is asked to help a prince reach the top of a tower by letting down her long hair.",Rapunzel
2022 SCOP Novice 12,6,14,"Callimachus’ lost work Pinakes [PIN-ah-keez] listed the contents of one of these locations. Legend says that, after Hulagu Khan’s 1258 siege of Baghdad, the Tigris River turned black because of the destruction of one of these places, the House of (*) Wisdom. Alexandria contained a “Great” one of, for ten points, what educational facilities that stored tablets, papyrus scrolls, or other scholarly writings?",library (prompt on “archive(s)”)
2022 SCOP Novice 12,6,15,"The ends of these objects are colloquially called toes or snouts. These objects lose mass through ablation, which is divided into processes like calving. Drumlins, tarns, and mountains of sediment called (*) till are created by erosion by these objects, in which they “pluck” out the bedrock of valleys. Climate change is leading to a dramatic retreat of these objects in the Arctic. For ten points, name these huge masses of ice.",glaciers (do not accept or prompt on “iceberg(s)”)
2022 SCOP Novice 12,6,16,"Charles Stephens was the first to die at this location while trying to replicate Annie Edson Taylor’s 1901 stunt. In 2012, Nik Wallenda presented his passport after crossing this feature on a tightrope. The (*) Maid of the Mist tours this location, which includes three features called Bridal Veil, American, and International. It’s illegal and dangerous to try to “ride” a barrel down, for ten points, what waterfall system on the US-Canada border?",Niagara Falls (accept Niagara River; accept International Falls before “International” is read)
2022 SCOP Novice 12,6,17,"In a painting, this deity is blown toward an orange grove by the god Zephyr, where this deity is received by the Hora of Spring. This deity stands in an arch underneath her son, a child aiming a (*) bow and arrow, in the painting Primavera. This goddess uses her long, blonde hair to cover her naked body as she floats to shore on a seashell in a Botticelli painting titled The Birth of this goddess. For ten points, name this Greco-Roman goddess of love.","Venus (accept Aphrodite; accept The Birth of Venus; accept Nascita di Venere. In Primavera, Venus stands under Cupid.)"
2022 SCOP Novice 12,6,18,"The Minnesota Glacier cuts this region’s tallest mountain range, the Ellsworth Mountains, in half. Congressman Carl Vinson, who promoted exploration of this region, is the namesake of its tallest peak and the massif in which it is found. Queen (*) Maud Land is a Norwegian territory in this region, and other sectors are claimed by New Zealand and Chile. Lake Vostok lies entirely underneath a glacier at the Pole of Cold in, for ten points, what southernmost continent on Earth?",Antarctica
2022 SCOP Novice 12,6,19,"Chargaff’s rules were used to determine the structure of this molecule, the subject of an X-ray diffraction image called Photo 51. This molecule’s major and minor grooves are composed of hydrogen-bonded antiparallel strands of a phosphate-sugar backbone. (*) Maurice Wilkins gave two Cambridge researchers Rosalind Franklin’s photos of this molecule without her permission. For ten points, Watson and Crick correctly figured out that what molecule forms a double helix?",DNA (accept deoxyribonucleic acid)
2022 SCOP Novice 12,6,20,"This literary character fails to read a note from Artemidorus, who tells him to “mark well Metellus Cimber.” This character is told “when beggars die, there are no comets seen” while ignoring a warning from his wife, (*) Calpurnia. This title character ignores another warning to “beware the Ides of March,” and groans “Et tu, Brute?” as he is stabbed by Cassius and Brutus. For ten points, name this title character who, in a play by Shakespeare, rules Rome until his assassination.",Julius Caesar (accept Julius Caesar; accept The Tragedy of Julius Caesar)
2022 SCOP Novice 12,7,1,"This “cow-eyed” deity was served by Argus Panoptes, whose hundred eyes were preserved in the tail of the peacock, which was sacred to this deity. This deity offered power over all of Asia and Europe as a bribe during the judgement of (*) Paris. This goddess tried to stop Leto from giving birth because she was pregnant with this goddess’s husband’s twins, Artemis and Apollo. For ten points, name this jealous Greek goddess, the wife of Zeus.",Hera (do not accept or prompt on Juno)
2022 SCOP Novice 12,7,2,"In a novel, François and Perrault take a dog to what became this U.S. state, where they do business in the town of Skagway. Beauty Smith purchases another dog from Grey Beaver in this U.S. state. This modern state is the setting of novels by (*) Jack London, such as White Fang and The Call of the Wild, in which Buck is kidnapped to what is now this state to be a sled dog. For ten points, name this largest and northernmost of the United States.",Alaska
2022 SCOP Novice 12,7,3,"Removal of this compound from water is the goal of reverse osmosis. Because an IV injection of pure water will explode your blood, dehydration is treated by a solution containing this compound. This compound is produced by evaporation ponds when they’re fed a solution of (*) brine. This compound, which is found naturally in the mineral halite, is formed along with water in the reaction of NaOH and HCl. Most of the world’s water contains, for ten points, what ionic compound, whose formula is NaCl?",table salt (accept sodium chloride; accept NaCl until it is read)
2022 SCOP Novice 12,7,4,"One of this painting’s central figures wears a rick-racked collar and a cameo brooch and looks uncertainly to her left in front of the Dibble House in Iowa. This painting’s models were a (*) dentist and the artist’s sister, Nan, who insisted that this painting did not depict a man and his wife. For ten points, name this painting by Grant Wood in which a somber-looking woman and a man holding a pitchfork stand side-by-side, looking at the viewer.",American Gothic
2022 SCOP Novice 12,7,5,"In this city’s 1936 Battle of Cable Street, tens of thousands of counter-protesters blocked Oswald Mosley’s fascists from marching. In 1780, protesters were freed from this city’s Newgate Prison during the anti-Catholic (*) Gordon Riots. Robert Catesby planned a mass assassination attempt in this city that failed on November 5th, 1605, after Guy Fawkes was discovered. For ten points, name this city where the Gunpowder Plot would have blown up the English Parliament.",London
2022 SCOP Novice 12,7,6,"In response to this game, Patricia Pulling founded “B.A.D.D.” [“bad”] and sued its original publisher, TSR, as part of an anti-occult movement. This game was named by the two-year-old daughter of creator (*) Gary Gygax. This game’s third edition was published by Wizards of the Coast, and heavily emphasized this game’s “d20 system.” Fighters and rogues are two classes in, for ten points, what wildly popular tabletop role-playing game played by rolling a twenty-sided die?",Dungeons and Dragons (accept D&D; accept DnD)
2022 SCOP Novice 12,7,7,"This writer’s literary theories include the duality of Apollonian and Dionysian forces in tragedy. This thinker described the self-determining force of each person as the “will to power” in books like (*) Thus Spake Zarathustra, which were edited after his death by his sister Elizabeth into a pro-Nazi ideology. The Antichrist and Beyond Good and Evil were written by, for ten points, what German philosopher who proclaimed “God is dead”?","Friedrich Nietzsche ([nee-chuh], but be lenient)"
2022 SCOP Novice 12,7,8,"The Eddington experiment used data gathered during one of these events as proof of general relativity. A diamond ring pattern seen during these events is called “Baily’s beads.” Transits are analogous to these events, which are (*) syzygies [sih-zih-jees] that are called “partial” if the observer is viewing it from the penumbra. These events are visible once or twice per hemisphere per year. For ten points, name these events in which the moon casts a shadow on the Earth.","eclipses (accept solar eclipse or lunar eclipse, as some clues apply to both)"
2022 SCOP Novice 12,7,9,"J.R.R. Tolkien wrote about the “Monsters and the Critics” of this literary work, whose opening word, “Hwaet,” [h’wet] was translated by Seamus Heaney [SHAY-mus HAY-nee]. After fighting a dragon in this poem, (*) Wiglaf becomes king on the urging of a Geatish hero [GATE-ish hero]. As a young man, this poem’s title character defends King Hrothgar’s mead-hall, Heorot [HAY-oh-roht], from the monster Grendel. For ten points, name this Old English epic poem named for a Scandinavian warrior.",Beowulf
2022 SCOP Novice 12,7,10,"The completion of this agreement was celebrated on Three Flags Day in St Louis. Robert Livingston and James Monroe negotiated this agreement with François Barbé-Marbois [fran-swah bar-BAY mar-BWAH], and a year later, the (*) Corps of Discovery Expedition was launched under Lewis and Clark. The U.S. paid fifteen million dollars for almost one million square miles of land west of the Mississippi River in, for ten points, what 1803 sale that also included the city of New Orleans and what is now its home state?",Louisiana Purchase (accept descriptive answers of “the US buying Louisiana from France;” prompt on “Louisiana” alone)
2022 SCOP Novice 12,7,11,"In Disney’s Fantasia, a piece of music from this country is followed by the palate-cleansing Ave Maria. A group of composers, one of whom wrote Night on Bald Mountain, are nicknamed this country’s (*) “Mighty Handful.” This country is the home of Modest Mussorgsky and of the composer of Prince Igor, Alexander Borodin. Mikhail Glinka composed the national anthem of, for ten points, what country from which Sergei Rachmaninoff escaped after the Bolshevik Revolution?",Russia (accept Russian Empire; accept Rossiyskaya Imperiya; do not accept or prompt on “Soviet Union” or “USSR”)
2022 SCOP Novice 12,7,12,"The ITER project in France aims to commercialize this process. Reactors for this process are often toroidal in shape and use a convex series of magnetic mirrors to keep plasma confined. This process occurs naturally through the (*) proton-proton chain, but only at the conditions of the core of the Sun; rumors of a “cold” version of this process have been debunked. Atomic nuclei are combined and release energy, in, for ten points, what nuclear reaction, the opposite of fission?",nuclear fusion
2022 SCOP Novice 12,7,13,"One division of this religion pursues satori [sah-toh-ree], and another is centered in the city of Lhasa. Guan-yin is revered in a form of this religion that reveres Amitabha, called (*) Pure Land. This religion has two major sects known as the “elders’ school” and the “greater vehicle,” Thera-vada and Maha-yana. Zen is a Japanese form of, for ten points, what Indian religion founded by Siddhartha Gautama and followed by the Dalai Lama in its “Tibetan” form?","Buddhism (accept specific types, including Zen Buddhism, Tibetan Buddhism, Pure Land Buddhism, Theravada Buddhism, or Mahayana Buddhism)"
2022 SCOP Novice 12,7,14,"A character in this literary work refuses to wear “two or three magnificent roses” to a ball hosted by the Minister of Education, and is embarrassed by the cheap cloak she must wear over a new dress. In this story, Madame (*) Forestier [foh-ress-tee-ay] tells Mathilde Loisel [mah-teeld lwah-zell] that she has lost her beauty for nothing by trying to repay an unnecessary debt of almost forty thousand francs. For ten points, name this Guy de Maupassant [gee duh moh-pah-sawn] short story named for a piece of jewelry that turns out to be a cheap fake.",The Necklace (accept The Diamond Necklace; accept La parure)
2022 SCOP Novice 12,7,15,"Some pundits incorrectly argued that John McCain was ineligible to serve as President because he was born in a zone named for this structure. In 1977, Omar Torrijos and Jimmy Carter signed a treaty that promised the transfer of this structure in 1999. The ports of (*) Balboa and Colón lie on opposite ends of this structure, where the Gatun Dam and Gatun Locks were built. For ten points, name this manmade waterway across a Central American isthmus that links the Atlantic and Pacific Oceans.",Panama Canal (accept Panama Canal Zone; prompt on “Panama” alone; prompt on descriptive answers like “the isthmus of Panama”)
2022 SCOP Novice 12,7,16,"The presence of these organelles in human cells is proposed to have occurred through endosymbiosis, since they have their own maternally inherited DNA. The matrix of these organelles is the site of the (*) citric acid cycle. Their inner membrane contains an electron transport chain that generates most of the cell’s ATP. For ten points, name these organelles that provide cellular energy through respiration, earning them the nickname of “powerhouse” of the cell.",mitochondria (accept mitochondrion)
2022 SCOP Novice 12,7,17,"This province is home to Lester Pearson International Airport, which has the airport code YYZ. In this province, a statue of Colonel John By stands across the Rideau [rye-doh] Canal from Parliament Hill. Windsor and Hamilton are among the cities in the southern arm of this province. Both Minnesota and New (*) York border this province, the only one that shares its name with a Great Lake. For ten points, name this most populous Canadian province, the home of Ottawa and Toronto.",Ontario
2022 SCOP Novice 12,7,18,"In Thales’s [THAY-leez’s] theorem, one of these line segments is also the hypotenuse of a right triangle. Some textbooks will define this segment as longer than any (*) chord, but most textbooks define it as a chord that passes through the center. If a circle’s circumference is ten pi, then this measurement’s value is ten. For ten points, name this geometric feature that is twice as long as the radius and spans the longest distance across a circle.",diameter of a circle (prompt on “chord” before it is read)
2022 SCOP Novice 12,7,19,"This literary man rows past the Somerset toward Charleston to wait with his horse. This character watches the “North-Church-tower” for lantern signals that will tell him (*) “one if by land, and two if by sea” before setting off “to every Middlesex village and farm,” including Medford, Lexington, and Concord. For ten points, name this Boston silversmith who, in a Longfellow poem set in 1775, warned of approaching British troops in his “midnight ride.”",Paul Revere (accept Paul Revere’s Ride; accept descriptions like “the midnight ride of Paul Revere”)
2022 SCOP Novice 12,7,20,"After a short, inspirational trip with Frank Hawks, this woman was taught by Mary “Neta” Snook. This leader of the “Ninety-Nines” used a Lockheed Electra for her final feat, in which she was accompanied by (*) Fred Noonan. The Itasca was tasked with communicating with this woman by radio as she approached Howland Island in the Pacific. For ten points, name this pioneer who, in 1937, famously disappeared during an attempt to fly around the world.",Amelia Earhart
2022 SCOP Novice 12,8,1,"The Marangoni effect occurs to molecules in this phase of matter, which moves without doing work during capillary action. The most common type of extraction is named for this phase, since it is the normal state of solvents at standard temperature and pressure. Molecules in this phase have fixed volume, but will still deform if they are not too viscous. Cohesion in this phase of matter counter-acts surface tension to form droplets. For ten points, what phase of matter is formed by condensing a gas?",liquids
2022 SCOP Novice 12,8,2,"Rough infrastructure in what became this state included Stephen Meek’s cutoff and Sam Barlow’s toll road. Corvallis was briefly the capital of this territory, whose Willamette Valley was the destination for thousands of people in covered wagons that left from Independence, Missouri. An overland trail was named for, for ten points, what Pacific Northwest state where migrants built cities like Salem and Portland?",Oregon (accept Oregon Territory; accept Oregon Trail)
2022 SCOP Novice 12,8,3,"Examples of this concept include the ancient Chinese practice of refusing to write the name of an ancestor, respected person, or the Emperor. A controversial Sigmund Freud book titled Totem and this concept opens with a discussion of how Australian Aborigines use totems to prevent incest. This term comes from a common Polynesian term meaning “forbidden.” For ten points, give this term for acts like cannibalism that are prohibited by society.",taboos
2022 SCOP Novice 12,8,4,"Musical works in this style include Tales from the Vienna Woods and a “Grand” and “Brilliant” one by Chopin [shoh-PAN]. The polka evolved from this slower dance style, but while the polka is in duple meter, this dance for turning partners is in triple meter. This ballroom dance, and its accompanying music, is characterized by an “OOM-pah-pah” rhythm. Johann Strauss wrote many of, for ten points, what kind of dance music exemplified by the “Blue Danube” one?",waltzes (prompt on “dance” or “dance music” before “dance” is read)
2022 SCOP Novice 12,8,5,"In a novel by this author, hunger birds eat a worm that takes the form of Ursula Monkton to terrorize the narrator, who explores a magical pond with Lettie Hempstock. This author of The Ocean at the End of the Lane wrote a novel about Whiskey Jack and Mr Nancy, and another about an apocalypse averted by Crowley and Aziraphale [uh-ZEER-uh-fell], a demon and an angel who are friends. For ten points, name this author of American Gods who wrote Good Omens with Terry Pratchett.",Neil Gaiman (accept Neil Richard MacKinnon Gaiman)
2022 SCOP Novice 12,8,6,"The ruins of this city include a series of initiation frecoes at the Villa of the Mysteries. The Alexander Mosaic was excavated from the House of the Faun in this city, where the discovery of graffiti allowed scholars to refine their understanding of Vulgar Latin. Stabiae [stab-ee-eye] and Herculaneum were devastated along with this town on the Gulf of Naples in 79 CE. For ten points, name this ancient Roman city that was buried under the ash of Mount Vesuvius.",Pompeii
2022 SCOP Novice 12,8,7,"A character in this novel has her glove stolen by John Brooke, who later becomes her husband. Another character visits the Hummels, and contracts scarlet fever from them after three of their children die. At the end of this novel, Professor Bhaer and his wife turn Plumfield into a school for boys. Amy accompanies Aunt Carrol to Europe during this novel. For ten points, name this Louisa May Alcott novel about the March family.",Little Women
2022 SCOP Novice 12,8,8,"A 2021 Maisie Peters song with this title says it’s “crazy to think that you still call me” this word, and insists that the singer is “playing a perfect Patrick Bateman.” A Talking Heads song asks “qu’est-ce que c’est” [kess-kah-say] about a “Killer” of this type. A Post Malone song describes his “A.P.” with this word, which partially titles an Ava Max song about a girl who is “Sweet but” this adjective. For ten points, give this word that describes the madness of a knife murderer in an Alfred Hitchcock film.",Psycho (accept Psycho Killer; accept Sweet but Psycho; Note: Patrick Bateman is a reference to the film American Psycho.)
2022 SCOP Novice 12,8,9,"The A and B coefficients of stimulated emission are named for this scientist, who first figured out the operating principle of a laser. This scientist’s objection to quantum mechanics is often misinterpreted by the quote, “God does not play dice.” In 1905, a year called this man’s Annus mirabilis, this scientist published papers on the photoelectric effect and special relativity. For ten points, name this German physicist who derived the formula “E equals M C squared.”",Albert Einstein
2022 SCOP Novice 12,8,10,"This religious movement’s Doctrine and Covenants was controversially edited in 1876. A set of six lessons called “Missionary Discussions” are used by some of this church’s missionaries. In 1978, this church ended its ban on having Black priests, and in the nineteenth century, this church was criticized both for its support of slavery as for its support of polygamy. Joseph Smith and Brigham Young were early leaders of, for ten points, what Christian church based in Utah?",LDS Church (accept the Church of Jesus Christ of Latter-day Saints; accept Mormon Church)
2022 SCOP Novice 12,8,11,"An island in this body of water is home to the Troodos mountain range, and is named for its extensive copper resources. The Strait of Bonifacio separates two other islands in this body of water, one of which was the birthplace of Napoleon. This sea’s largest island contains the cities of Palermo and Syracuse. The arms of this sea include the Tyrrhenian, Ionian, and Aegean Seas. Cyprus, Corsica, Sardinia, and Sicily are the largest islands in, for ten points, what sea that separates Africa and Europe?",Mediterranean Sea
2022 SCOP Novice 12,8,12,"In 2021, Glaxo-Smith-Kline released RTS,S [R-T-S-S], the first of these drugs to target malaria. Gardasil is the brand name of one of these drugs. German company BioNTech developed a way to formulate these drugs as nanoparticles that encapsulate an mRNA, rather than injecting inactivated or dead viruses. For ten points, name these drugs that are designed to provide immunity against infection, like ones produced by Pfizer and Moderna to prevent COVID-19.","vaccine (accept specific types of vaccines, such as mRNA vaccines, HPV vaccines, COVID vaccines, etc.)"
2022 SCOP Novice 12,8,13,"A deity with the head of this creature was called Ailuros [“eye”-loo-rohs] in Greece, and was worshipped at Bubastis [boo-bahs-tiss]. One of these creatures, named Ta-Miu [tah-myew], was entombed with Prince Thutmose. A fierce counterpart for a goddess with the head of this creature was Sekhmet, who had the head of a lion. Bastet had the head of, for ten points, what felines that were domesticated to control populations of mice in grain stores?",cat (accept synonyms like kitty; prompt on “feline” before it is read)
2022 SCOP Novice 12,8,14,"Ted Sorensen’s work for this man included writing a speech that asks why Rice University plays against Texas. Sorensen also probably ghostwrote a book that won this man the Pulitzer Prize while he served as a Senator from Massachusetts, Profiles in Courage. Sorensen helped with this President’s inaugural address, which includes the command “Ask not what your country can do for you.” For ten points, name this US President who was inaugurated in 1961 and assassinated in 1963 by Lee Harvey Oswald.",John Fitzgerald Kennedy (both underlined parts required; accept JFK; prompt on “Kennedy” alone)
2022 SCOP Novice 12,8,15,"In a novel set in this country, thatch is used to camouflage a yellow bakkie that Muareen and Bam Smales use to escape a riot. Athol Fugard’s ”Master Harold”...and the Boys is set in this former home country of the Australian citizen J.M. Coetzee. Alan Paton’s Cry, the Beloved Country about the Zulu priest Stephen Kumalo is set in, for ten points, what country where, in Nadine Gordimer’s July’s People, a violent civil war ended the racist policy of apartheid?",South Africa (accept Republic of South Africa)
2022 SCOP Novice 12,8,16,"If a complex number is multiplied by i four times, it will rotate this many degrees in the Argand plane. In degrees, this is twice the period of the co-tangent function; it’s also the period of the sine and cosine functions. Two straight angles add up to this many degrees. This is the number of degrees in two radians, as well as the sum of the interior angles of any quadrilateral. One full rotation is, for ten points, what degree measurement, equivalent to a whole circle?",360 degrees
2022 SCOP Novice 12,8,17,"Engineer Robert Silman diagnosed structural problems with this building’s offset, stacked concrete trays that were meant to give it as much outdoor terrace space as it has indoor space. The preservation of this building has required adding support to its cantilevered balconies. Edgar Kaufmann commissioned this building as a weekend home in Pennsylvania along the Bear Run creek. For ten points, name this masterpiece of architecture by Frank Lloyd Wright, a home built directly on top of a flowing stream and waterfall.",Fallingwater (accept Kaufmann House until “Kaufmann” is read)
2022 SCOP Novice 12,8,18,"In a story from this collection, Nicholas convinces John to sleep in a tub hanging from the ceiling so Nicholas can romance John’s wife, Alisoun. In another story in this collection, a crone tells a knight what women want in marriage. In this collection’s frame story, a group of people at the Tabard Inn hear stories told by the Miller and the Wife of Bath. For ten points, name this collection of stories in poetic Middle English, written by Geoffrey Chaucer, in which travelers tell stories to each other on the way to the title town.",The Canterbury Tales
2022 SCOP Novice 12,8,19,"The 2011” Super Outbreak” was a series of nearly 200 of these events. A hook echo on Doppler radar caused by rear flank downdraft indicates a supercell storm that is capable of generating one of these events. The intensity of these events is rated F0 to F5 [F-zero to F-five] on the Fujita scale. An “alley” named for them is centered on Kansas and Oklahoma. For ten points, name these storms that display a funnel-shaped whirlwind.",tornadoes
2022 SCOP Novice 12,8,20,"The idea that these people should study calligraphy or other artforms is promoted by The Book of Five Rings, which also advocates for training with two longswords. During the Sengoku [sen-goh-koo] period, people in this profession followed the bushido [boo-shee-doh] moral code, which is often compared to a knight’s sense of chivalry. For ten points, name this warrior class that served the daimyo [dyme-yoh] from the medieval era until the nineteenth century in Japan.","samurai (prompt on “warrior,” “soldier,” or other generic descriptions before “warrior” is read; prompt on “Japanese warrior,” “Japanese soldier,” or similar answers before “Japan” is read)"
2022 SCOP Novice 12,9,1,"Soubrettes sing in this vocal range. Operatic performers in this vocal range include Montserrat Caballe,´ whose famous roles included the title character of (*) Turandot. Performances in this vocal range, which commonly include coloratura passages with wide leaps and trills, were routinely mangled by Florence Foster Jenkins. For ten points, name this female vocal range that is higher than alto and the highest in an SATB choir.","soprano (accept additional information, such as operatic soprano or coloratura soprano)"
2022 SCOP Novice 12,9,2,"Chaplain and photographer Francis Browne documented this ship’s stops at Cherbourg and Queenstown after it initially departed from Southampton. Architect Thomas Andrews diagnosed the (*) “mathematical certainty” that awaited this ship on the morning of April 15th once six of its compartments had flooded. Edward Smith died while captaining, for ten points, what “unsinkable” ocean liner that, in 1912, sank after striking an iceberg?",RMS Titanic
2022 SCOP Novice 12,9,3,"A leader of this country asked the newspaper Yedioth Ahronoth to hire more favorable journalists in exchange for a law that would hurt a competing paper. An alliance of the Yamina and Yesh Atid parties ousted this country’s prime minister as he was on trial for bribery and fraud. (*) Likud leader Benjamin Netanyahu once led, for ten points, what Middle Eastern country that claims the Palestinian territories of the West Bank and Gaza Strip?",Israel (accept State of Israel; accept Medinat Yisrael)
2022 SCOP Novice 12,9,4,"Shorthand electron configurations are written using these elements. The first compound containing one of these elements was synthesized by Neil Bartlett in 1962. These elements have full (*) valence shells, meaning they satisfy the octet rule without forming covalent bonds; as a result, these members of group 18 are unreactive. For ten points, name these elements on the right-hand side of the periodic table, including helium and neon.",noble gases (accept inert gases; accept group 18 or group 8 until “18” is read; prompt on “gases”)
2022 SCOP Novice 12,9,5,"This book’s protagonist gets “a helluva headache all of a sudden” while explaining why he flunked Oral Expression to his former teacher, Mr Antolini. The idea that Jane Gallagher is dating (*) Stradlater upsets this book’s protagonist, leading to a fistfight and an expulsion from Pencey Prep. The world is full of “phonies” according to the protagonist of, for ten points, what novel about wayward teenager Holden Caulfield, written by J.D. Salinger?",The Catcher in the Rye
2022 SCOP Novice 12,9,6,"This ritual’s traditional kahiko style is set to chanting. Hi’iaka [hi-ee-AH-ka] performed this ritual to appese Pele, who herself performed this ritual upon finding an island where she was safe from her sea goddess sister. Laka is the goddess of this ceremonial action, which was (*) banned by Christian missionaries. Shell necklaces, grass skirts, and leis are traditionally worn during performances of, for ten points, what type of dance with ritual significance in Hawaii?",hula dancing (prompt on “dancing;” prompt on descriptions of “Hawaiian dancing”)
2022 SCOP Novice 12,9,7,"Hyperbolic geometry assumes a non-unique form of this property. Because the cosine of zero is one, two vectors with this property have a dot product equal to the product of their magnitudes. Graphs in “y equals m x plus b” form have this property if the values of (*) m are equal. In three dimensions, either “skew,” “intersecting,” or this term will describe a pair of lines. For ten points, name this mathematical adjective that describes two lines that never intersect.",parallel (prompt on descriptions of “going in the same direction”)
2022 SCOP Novice 12,9,8,"The epicenter of this event was at 137 DeKoven Street, and it took place on the same day as a deadlier event of the same type in Wisconsin. A pumping station and water tower on (*) Michigan Avenue were among the few buildings to survive this event. Anti-Irish discrimination likely fueled the myth that Mrs O’Leary’s cow kicked over a lantern to begin, for ten points, what 1871 disaster that destroyed thousands of wooden buildings in a large Illinois city?",Great Chicago Fire of 1871
2022 SCOP Novice 12,9,9,"A character in this play offers columbine, rue, and daisies to a group gathered at Elsinore, but says that violets “withered all when [her] father died.” This play’s title character says “frailty, thy name is woman” when his mother (*) Gertrude marries his uncle Claudius, and duels Laertes, the brother of Ophelia, over the death of Polonius. For ten points, name this play by Shakespeare in which the title prince of Denmark tries to avenge his father’s death.","Hamlet (accept The Tragedy of Hamlet, Prince of Denmark)"
2022 SCOP Novice 12,9,10,"Although this kingdom includes pathogens like Aspergillus and Candida, it is also the source of antibiotics like cephalosporin. The simplest eukaryotic model organisms are probably in this kingdom’s (*) Saccharomyces genus. The Ascomycota phylum in this kingdom includes their spore-forming, sac-like species, such as yeast. For ten points, name this kingdom of eukaryotes that also includes truffles and mushrooms.",Fungi (accept fungus)
2022 SCOP Novice 12,9,11,"The Cowpens design for this object includes a twelve-point circle with a center point. The former Elizabeth Griscom is legendarily credited with designing the “first” of these items. One of these objects that measures roughly thirty-by-thirty-two feet inspired the poem (*) “Defence of Fort McHenry” by Francis Scott Key. “The Star-Spangled Banner” was written about, for ten points, what emblem of the United States that currently has fifty stars and thirteen stripes?",American flag (accept the Star-Spangled Banner before read; accept Old Glory; prompt on “Stars and Stripes”)
2022 SCOP Novice 12,9,12,"This quantity is constant in an incompressible fluid. Hydrostatic pressure equals little g times height times this quantity. Specific gravity is a non-dimensional form of this quantity, for which osmium has the highest value among the elements. (*) Neutron stars have an incredibly high value for this quantity, and a solid object will float if its value of this quantity is less than the liquid’s. For ten points, name this physical quantity that is equal to mass over volume.",density (accept mass density)
2022 SCOP Novice 12,9,13,"This author gained popularity with novels like The Minister’s Wooing and Dred: A Tale of the Great Dismal Swamp, but became known as the person who “started [a] great war” with a novel in which Ophelia is ordered to educate Topsy. In a novel by this author, the title man saves little (*) Eva from drowning, but is killed on the orders of Simon Legree when he is sold by the St Clare family. For ten points, name this American abolitionist author of Uncle Tom’s Cabin.",Harriet Beecher Stowe
2022 SCOP Novice 12,9,14,"This artist confesses “I was fed up with the fantasy” and says “yesterday I would have run away / and I don’t know why” in a song that describes a man who calls her “Melly.” In 2022, this singer performed with (*) James Madison’s crystal flute and sang about needing a “sentimental man or woman to pump me up” in the debut single from her album Special. For ten points, name this American pop singer of “2 Be Loved (Am I Ready)” and “About Damn Time.”",Lizzo (accept Melissa Viviane Jefferson)
2022 SCOP Novice 12,9,15,"In a painting by this artist, mountains in the foreground are dominated by a gray, cloudy sky, a hollyhock flower, and a ram’s head. Photographer Alfred Stieglitz was married to this artist, who often argued against critics who thought her paintings of red (*) lilies and black irises had sexual connotations. Jimson Weed was painted by, for ten points, what American artist who is best known for her paintings of cow skulls and flowers?",Georgia O’Keeffe (accept Georgia Totto O’Keeffe)
2022 SCOP Novice 12,9,16,"An artificial hill was built in this city’s Jingshan Park. The Grand Canal begins in this city before flowing through Tianjin to the Bohai Sea. This city’s modern name was coined in the Ming dynasty to differentiate it from its (*) southern counterpart. “The Bird’s Nest” is the nickname of a National Stadium in this city, the first to host both Winter and Summer Olympics. Guangzhou [gwang-joh] and Shanghai are the two Chinese cities more populous than, for ten points, what capital city of China?","Beijing (accept Peking) (”Beijing” means “Northern Capital”, as opposed to “Nanjing”, which means “Southern Capital.”)"
2022 SCOP Novice 12,9,17,"This holiday begins on Dhanteras and ends with Bhai Duj, which celebrates the relationship between siblings. Celebrations during this festival commemorate the defeat of the demon Narakasura and the return home of (*) Sita and Rama in the Ramayana. Offerings are given to Lakshmi during this holiday to celebrate the fiscal new year in autumn. For ten points, name this Hindu holiday celebrated with diya lamps, nicknamed the festival of lights.",Diwali (accept Divali; accept Deepavali)
2022 SCOP Novice 12,9,18,"In 2010, this country’s leader, Rene Preval, escaped without injury when the National Palace collapsed ´ in an earthquake that killed over 100,000 people. In July 2021, over two dozen mercenaries carried out the assassination of (*) Jovenel Mo¨ıse, this country’s president. The Duvalier family led this country as despots for much of the 20th century. The island of Hispaniola is shared by the Dominican Republic and, for ten points, what French-speaking Caribbean nation whose capital is Port-au-Prince?",Haiti (accept Republic of Haiti; accept Repiblik d Ayiti; accept Republique d’ ´ Haiti)
2022 SCOP Novice 12,9,19,"Vera Rubin studied the rotation of these objects. These objects are classified by a “tuning fork” diagram that places their lenticular type between two extremes. The Small and Large (*) Magellanic Clouds are examples of these objects located within the Virgo Supercluster. Conventionally, these objects’ shapes are either elliptical, like Centaurus A, or spiral, like Andromeda. For ten points, name these massive collections of stars, such as our own Milky Way.","galaxies (accept specific types, such as elliptical galaxy or spiral galaxy)"
2022 SCOP Novice 12,9,20,"The protagonist of this literary work meets the ghosts of Anticlea and Elpinor after visiting the island of Aeaea [ah-EE-ah], and ignores a warning against eating sacred cattle. This work’s narrator’s meetings with (*) Circe and the cyclops Polyphemus delay his return to Penelope and Telemachus in Ithaca. For ten points, name this epic poem attributed to Homer in which the title Greek hero spends twenty years trying to get home from the Trojan War.",the Odyssey (accept Odysseia)
2022 SCOP Novice 12,10,1,"In a novel from this country, Oscar Hopkins makes a bet that he can move a glass church to Bellingen. This country is the home of Oscar and Lucinda and the Booker-nominated novel The Chant of Jimmie Blacksmith, which narrates the true story of an indigenous bushranger. The Holocaust-era nonfiction novel Schindler’s Ark is by an author from this Oceanic country. For ten points, name this home country of authors Peter Carey and Thomas Keneally, who was born in Sydney.",Australia (accept Commonwealth of Australia)
2022 SCOP Novice 12,10,2,"The Phillips curve shows that a drop in this quantity will cause inflation to rise. Milton Friedman correctly counter-predicted that both inflation and this quantity would rise during the mid-1970s in a process called stagflation. This quantity is called “frictional” if it is caused by someone voluntarily switching jobs. For ten points, name this economic measurement of how many people in the labor force are out of work.",unemployment (accept unemployment rate; prompt on descriptive answers like “how many people in the labor force are out of work” until “out” is read)
2022 SCOP Novice 12,10,3,"In 1848, this man wrote that “Right is of no sex” in his report after the Seneca Falls Convention. This man, who joined Victoria Woodhull on the Equal Rights Party ticket, described sounds like fireworks as “empty and heartless” in a speech that asks “What, to a slave, is the Fourth of July?” The North Star newspaper was published by, for ten points, what author of My Bondage and My Freedom, an abolitionist activist who was born into slavery?",Frederick Douglass (accept Frederick Augustus Washington Bailey)
2022 SCOP Novice 12,10,4,"Drugs are encapsulated inside of delivery vehicles to increase their bioavailability, and therefore, this quantity, which exactly equals “the natural logarithm of 2, divided by a first-order rate constant.” This quantity is estimated to exceed three years for “forever chemicals” known as PFAS. Radiometric dating relies on the fact that this value is exactly 5730 years for carbon-13. For ten points, name this amount of time required for fifty percent of a sample to decay.",half-life (prompt on “time” until it is read)
2022 SCOP Novice 12,10,5,"This function’s parent graph is continuous, but not differentiable, at x equals zero because its slope is negative one for negative x values, but positive one for positive x values. Among other meanings, the terms “modulus” and “magnitude” are alternative names for this operation. A pair of vertical bars surrounding a number indicates, for ten points, what operation that returns the size of a number, without a negative sign if one exists?",absolute value (accept modulus before it is read; accept magnitude before it is read)
2022 SCOP Novice 12,10,6,"The earliest known examples of these artifacts were found in Lydia and made from electrum, a natural alloy; the Lydian king Croesus [kree-sus] later standardized their purity. Tiberius hoarded hundreds of millions of an example of this artifact called a denarius. Athens designed some of these artifacts with an owl on one side and Athena on the obverse side; those examples were typically worth four drachmas. For ten points, name these ancient artifacts that were typically minted from gold or silver.","ancient coins (prompt on “money,” “currency,” and other similarly generic terms)"
2022 SCOP Novice 12,10,7,"When worn by a Nazirite, this substance must be left intact. The biblical figure Esau was named for this substance. This substance may be tended with a Kangha and covered with a dastar by Sikhs, who are forbidden by Kesh, one of the Five K’s, from cutting this. By cutting this substance, Delilah deprived Samson of his strength, which returned as this substance grew back. For ten points, name this body part that grows out of the scalp.",human hair
2022 SCOP Novice 12,10,8,"In a short story by this author, Travis forces Eckles to dig bullets out of the mouth of a slain animal. Cleaning “mice” dispose of the body of a starved dog in another short story by this author of “A Sound of Thunder.” An automatic house keeps working, burned with the outlines of a family killed in a nuclear blast, in this author’s “There Will Come Soft Rains.” For ten points, name this science fiction author of The Martian Chronicles and Fahrenheit 451.",Ray Bradbury (accept Ray Douglas Bradbury)
2022 SCOP Novice 12,10,9,"The Sinus Borealis lay north of this region. Alfred Wegener first proposed this region after noticing that Glossopteris fern fossils were prevalent across boundaries where a jigsaw puzzle could seemingly fit together. Due to plate tectonics, this region split into Gondwana and Laurasia when the Tethys Ocean opened up 200 million years ago. The Greek words for “all” and “Earth” are used in the name of, for ten points, what prehistoric supercontinent?",Pangaea
2022 SCOP Novice 12,10,10,"This composer considered asking Pope Pius IX to let women sing his Requiem, which premiered at La Scala in 1874. The “Chorus of the Hebrew Slaves” from this man’s opera Nabucco was sung by mourners at his funeral in Milan. Catchy songs by this man include the Anvil Chorus and “La Donna e Mobile” [MOH-bee-lay]. A court jester and an Ethiopian princess are title characters of works by, for ten points, what Italian composer of the operas Rigoletto and Aida?",Giuseppe Verdi (accept Giuseppe Fortunino Francesco Verdi)
2022 SCOP Novice 12,10,11,"Two of these devices with unequal radii are used in the “differential” type, invented by Thomas Weston. These devices are usually assumed to have a rotational inertia of “one-half M R squared,” or they can be frictionless, as in an ideal Atwood machine. A block-and-tackle derives its mechanical advantage by combining these devices with ropes. For ten points, name these simple machines that reverse the direction of input force by suspending a taut rope over a wheel.",pulleys (accept block-and-tackle before it is read)
2022 SCOP Novice 12,10,12,"This character is ordered to fetch kid-gloves and a fan by a character who thinks she is Mary Ann; instead, she frightens Bill, a lizard, when she drinks from a bottle marked “DRINK ME.” This character follows the White Rabbit to a land inhabited by the Cheshire Cat, Tweedle-Dee, and Tweedle-Dum. For ten points, name this character who, in novels by Lewis Carroll goes Through the Looking-Glass and into Wonderland.",Alice (accept Alice’s Adventures in Wonderland; accept Alice in Wonderland; accept Alice Liddell)
2022 SCOP Novice 12,10,13,"In 1992, a version of this product was cancelled because Tim Burton made the film Batman Returns too graphic. In 1997, hospitalizations and arrests resulted from the high demand for Teenie Beanies included with this product. A 2010 law in San Francisco targeted this specific product by making its free prizes illegal. In 2022, Cactus Plant Flea Market partnered to create an “Adult” version of, for ten points, what meals that might include Chicken McNuggets and a toy, sold by McDonald’s?",McDonald’s Happy Meals (accept Happy Meal toys; prompt on “kids’ meal”)
2022 SCOP Novice 12,10,14,"This mythical figure was the mother of Pyrrha, who survived a great flood with her husband, Deucalion. Before being given to Epimetheus, this figure was created by Hephaestus, learned seduction from Aphrodite, and was clothed by Athena before opening a gift and releasing everything inside it but hope. For ten points, name this mythical Greek woman who opened a jar that contained all of the evils of the world.",Pandora
2022 SCOP Novice 12,10,15,"The earliest example of this vehicle used a canard design and was permanently disabled after four uses. The town of Kill Devil Hills now commemorates one of these vehicles that was operated for the first time in 1903 at Kitty Hawk. A pair of bicycle repairmen developed, for ten points, what type of vehicle that was first operated by the Wright brothers and is now produced by firms like Boeing and Airbus?","airplanes (accept any additional information relating to the Wright Flyer, as all of the clues before “Wright” is read are about them)"
2022 SCOP Novice 12,10,16,"The participants in one of these events are wealthy, as symbolized by four oranges by a window and a pinscher dog at the subjects’ feet. On this painting’s back wall, a convex mirror reflects the image of this event, showing that there are two witnesses. As depicted in a 1434 painting, this event’s participants wear a black formal coat and a green dress. For ten points, name this title event of a Jan van Eyck painting, a portrait of Giovanni Arnolfini and his new bride.",wedding (accept marriage; accept any description of the nuptials of the Giovanni Arnolfini and his wife)
2022 SCOP Novice 12,10,17,"Marcus Sarjeant fired six blank shots at this ruler in 1981, barely managing to scare this ruler’s horse. 1992 was described as this ruler’s annus horribilis, as several extended family members had publicly reported affairs, including Sarah Ferguson and this ruler’s daughter, Princess Anne. Operation London Bridge followed the passing of, for ten points, what longest serving Queen of England, who was succeeded by Charles III after her September 2022 death?",Elizabeth II of the United Kingdom (accept Elizabeth Alexanda Mary Windsor; prompt on Elizabeth)
2022 SCOP Novice 12,10,18,"At the end of this story, a promise is made that the door-slamming Charwoman will be sacked. A dream to attend the conservatory and study the violin is ruined in this story, as Grete must instead work to replace the main character’s income. After suffering a wound from a thrown apple, the main character of this story can no longer crawl on the ceiling. For ten points, name this short story by Franz Kafka in which Gregor Samsa is transformed into a vermin.",The Metamorphosis (accept Die Verwandlung)
2022 SCOP Novice 12,10,19,"Every spring, hundreds of species of these organisms coordinate annual “mass spawnings” off Okinawa. Rising global temperatures threaten these animals and cause them to “bleach” dinoflagellates that live with them in symbiosis. Parrotfish forage off these animals, whose individual polyps are held together by calcium carbonate in the most diverse marine ecosystems on the planet. For ten points, name these cnidarians that construct reefs.",corals (accept coral reefs)
2022 SCOP Novice 12,10,20,"A long-debated proposal would build, near this state’s Frenchman Flat, a proposed nuclear waste facility under Yucca Mountain. The Truckee River flows through this state’s self-proclaimed “Biggest Little City in the World” on its way out of Lake Tahoe, which this state shares with its western neighbor. The Hoover Dam lies on the Colorado River between Arizona and, for ten points, what state whose economy is fueled by gambling in Reno and Las Vegas?",Nevada
2022 SCOP Novice 12,11,1,"This ruler created a parliament called the Zemsky Sobor in 1549. Three people claimed to be this ruler’s dead youngest son, Dmitri, during the Time of Troubles. Peasants were terrorized and the city of (*) Novgorod was sacked by the Oprichniki, this ruler’s secret police. This man the epithet “Grozny” from acts like beating his own son to death. For ten points, name this first Tsar of All Russia, known as “the Terrible.”","Ivan the Terrible (accept Ivan IV Vasilyevich; accept Ivan the Fearsome, Ivan the Awesome, or anything similar; accept Ivan Grozny)"
2022 SCOP Novice 12,11,2,"A Daniell [dan’ll] cell was a historical example of these devices, many of which still function using a combination of sulfuric acid and lead sulfate. Demand for these devices for decarbonized power grids has driven up the cost of copper, cobalt, and (*) lithium. These devices, which are essentially galvanic cells, “discharge” by allowing ions to flow through an external circuit. For ten points, name these devices that store electrical energy in convenient 9-volt containers.",batteries (accept battery; accept galvanic cell or voltaic cell until “galvanic cells” is read)
2022 SCOP Novice 12,11,3,"This religious figure tricks both Abimelech and an unnamed pharaoh into believing that his wife is his sister, and tries to defend the cities of Sodom and Gomorrah against God’s wrath to protect his nephew, (*) Lot. This biblical man begins the tradition of male circumcision as part of a covenant with God in which he and his wife receive new names. For ten points, name this biblical patriarch, the husband of Sarah, who became the father of Isaac late in his life.",Abraham (accept Abram; accept Ibrahim)
2022 SCOP Novice 12,11,4,"An argument in this play peaks with the cry “DAMN ALL THE EGGS THAT EVER WAS!” In this play, Willy runs off with Walter’s money, ending his dream of owning a liquor store, and Lena keeps the rest of a life insurance pay-out to make a (*) down payment on a house in Clybourne Park. A Langston Hughes poem about a dream deferred provides the title of, for ten points, what play by Lorraine Hansberry about the Younger family’s move to a white neighborhood?",A Raisin in the Sun
2022 SCOP Novice 12,11,5,"The infinite Wallis product equals half of this value, and Euler [oiler] proved that the Basel problem’s solution was this value squared over six. The Tau Manifesto recommends replacing this value in most formulas with twice its value. Mario Lazzarini infamously cheated the (*) Buffon’s needle experiment to “approximate” this value as 355 over 113. The area of a circle divided by the square of its radius equals, for ten points, what irrational number that is approximately equal to 3.14?",pi
2022 SCOP Novice 12,11,6,"This country controls the mouth of the Douro River, which flows well south of the town of Braganza. A tsunami flowed up this country’s Tagus River during a deadly 1755 (*) earthquake. The fortified wines “port” and “Madeira” are named for a city and an autonomous region of this country, which also controls the Azores in the north Atlantic. For ten points, name this country that controls the southwest tip of the Iberian peninsula and has its capital at Lisbon.",Portugal (accept Portuguese Republic)
2022 SCOP Novice 12,11,7,"This character’s daughter is sentenced to being entombed alive in a cave because she scattered earth over the corpse of her brother, Polynices [poly-NIGH-sees]. Tiresias [ti-REE-see-us] reluctantly advises this ruler that he is the uncaptured murderer of the previous king of (*) Thebes. The riddle of the Sphinx was solved by this man, whose response to the death of Jocasta is to blind himself. A trilogy by Sophocles is about, for ten points, what ancient Greek figure who killed his father and married his mother?",Oedipus (accept Oedipus Rex)
2022 SCOP Novice 12,11,8,"In this country, Jeannette Thurber invited a Bohemian composer to direct the National Conservatory, where he worked with Harry Burleigh. The pentatonic music of some of this country’s folk traditions inspired an 1893 symphony whose Largo movement was adapted into (*) “Goin’ Home,” a spiritual. For ten points, name this country where visiting Czech composer Antonin Dvorak [d’VOR-zhock] learned Black spiritual music and wrote the From the New World symphony.",US (accept USA; accept either underlined portion of United States of America)
2022 SCOP Novice 12,11,9,"This figure, who was known as “Detroit Red” in his youth, controversially used the phrase “chickens coming home to roost” to describe the death of John F. Kennedy. This man collaborated with (*) Elijah Muhammad until he broke with the Nation of Islam, whose members assassinated him in 1965. Martin Luther King’s nonviolence was criticized by, for ten points, what Black activist who replaced his last name with a single letter?",Malcolm X (accept Malcolm Little; accept El-Hajj Malik el-Shabazz)
2022 SCOP Novice 12,11,10,"Benjamin Constant challenged this philosopher by suggesting it is actually OK to lie to a murderer about the location of their target. This thinker sought to improve on the Golden Rule in his (*) Groundwork of the Metaphysics of Morals. The categorial imperative to act only if your behavior should be a universal law was described by, for ten points, what German Enlightenment philosopher who wrote the massive Critique of Pure Reason?",Immanuel Kant
2022 SCOP Novice 12,11,11,"The flatness problem challenged this theory. Although the Belgian priest George Lemaitre [le-MET] first proposed this theory, it was not a mainstream idea until Fred Hoyle’s steady-state model was disproven. The (*) cosmic microwave background is strong evidence in favor of this theory, which predicts that cosmic inflation must have occurred 13.8 billion years ago. For ten points, name this theory which proposes the universe rapidly expanded from a small hot center.",Big Bang theory (prompt on descriptions like “the beginning of the Universe”)
2022 SCOP Novice 12,11,12,"In August 2022, a post on r/DynastyFF [“r slash dynasty f f”] speculated that this follower of Alex Guerrero was taping FOX’s The Masked Singer during his indefinite, unexplained absence. In October 2022, this man and (*) Gisele Bundchen each hired divorce lawyers, possibly because this man only lasted forty days ¨ in retirement. Tight end Rob Gronkowski had an on-and-off working relationship with, for ten points, what Tampa Bay Buccaneers quarterback who has won a record seven Super Bowls?","Tom Brady (accept Thomas Edward Patrick Brady, Junior)"
2022 SCOP Novice 12,11,13,"In this desert, a 2012 war for the independence of Azawad was fought between Amadou Toumani Toure’s ´ [too-RAY’s] army and groups of the nomadic Tuareg people, who have managed (*) trade routes through this desert for centuries. The Polisario Front contests a territory named for this desert in the Maghreb, west of Mauritania. Boko Haram, which is based in Nigeria, has occasionally attacked north into the Sahel and, for ten points, what largest desert in Africa?",Sahara Desert (prompt on descriptions of northern Africa)
2022 SCOP Novice 12,11,14,"Diabetics are particularly susceptible to a disease in which this body part’s drainage angle remains open, leading to a buildup of aqueous humor. Conjunctivitis inflames part of this organ, which is also affected by (*) astigmatisms. Other parts of this organ are affected by macular degeneration and cataracts in the lenses. For ten points, name this sensory organ in which glaucoma is a leading cause of blindness.",eye (accept lens; accept cornea; accept retina)
2022 SCOP Novice 12,11,15,"In a short story by this author, former party-boy Charlie Wales tries to regain custody of his daughter, Honoria. Percy Washington shows John Unger the source of his family fortune in another work by this author of the short stories (*) “Babylon Revisited” and “The Diamond as Big as the Ritz.” For ten points, name this author who also contrasted the rich and poor of the Jazz Age in novels like The Beautiful and the Damned and The Great Gatsby.",F. Scott Fitzgerald (accept Francis Scott Key Fitzgerald)
2022 SCOP Novice 12,11,16,"The top-left corner of Las Meninas is the only time that Diego Velazquez painted this type of work. The Broken Column, which features a metal supportive corset and nails to represent a spinal surgery, is one of numerous paintings in this style by (*) Frida Kahlo. Norman Rockwell painted a “triple” one of these works in which the pipe-smoking subject is sitting at an easel, looking into a mirror. For ten points, name this kind of artwork that depicts its own artist.",self-portrait (prompt on “portrait”)
2022 SCOP Novice 12,11,17,"Reflections off the armor worn by these figures is said to create the aurora borealis. One of these figures from the Volsunga Saga teaches Sigurd how to use magical runes, is burned on Sigurd’s funeral pyre, and ¨ is named (*) Brynhild. Because their name translates to “chooser of those who have been killed,” Freyja is often associated with these shieldmaidens. The mead in Valhalla is served by, for ten points, what female guides of the dead in Norse myth?",valkyries
2022 SCOP Novice 12,11,18,"At this battle, John Pitcairn died in the arms of his son while assaulting American trenches. Despite being a Major General, Joseph (*) Warren fought alongside American privates and died at this battle, after which his body was mutilated. Israel Putnam may or may not have said “don’t fire until you see the whites of their eyes” at, for ten points, what 1775 Revolutionary War battle in Boston that was, actually, mostly fought on Breed’s Hill?",Battle of Bunker Hill (prompt on “Siege of Boston” before “Boston” is read)
2022 SCOP Novice 12,11,19,"Synchrotrons are sources of this type of electromagnetic radiation. Because this type of radiation has wavelength of about an angstrom, it diffracts around atomic nuclei. The first (*) Nobel Prize in Physics was awarded for the discovery of this type of radiation by Wilhelm Roentgen. Radiation in this part of the spectrum has a higher frequency than UV and lower than gamma rays. For ten points, name this type of radiation used mainly in medical imaging.",X-ray radiation
2022 SCOP Novice 12,11,20,"In this book, a character who looks forward to learning the other 22 letters of the alphabet is taken away by Alfred Simmonds from Willingdon. Mr Frederick and his men blow up a windmill in this work, in which a (*) commandment reads “some [...] are more equal than others.” Boxer is sold to a glue factory and Napoleon and Snowball are four-legged rivals in, for ten points, what novella by George Orwell in which the pigs create a Soviet-style dictatorship?",Animal Farm
2022 SHOW-ME,1,1,"Lehmer’s algorithm speeds up the calculation of this function by considering leading digits only. Bézout’s [beh-zoo’s] identity states that this function’s output can be expressed as a linear combination of its inputs. This function can be calculated using repeated subtraction via the Euclidean algorithm. For coprime inputs, this function returns one. For two numbers, the value of this function is their product divided by their (*) LCM. Reducing a fraction involves dividing by this function of the numerator and the denominator. For 10 points, name this function that, for a group of numbers, gives the largest positive integer that evenly divides all of them.",greatest common divisor [or GCD; accept highest in place of “greatest”; accept factor in place of “divisor”; accept HCF or GCF or HCD]
2022 SHOW-ME,1,2,"A dead soldier from this country is dragged by an armored vehicle in a photo by Kyoichi Sawada. The Art Workers’ Coalition captioned a photograph of a massacre in this country “Q. And Babies? A. And Babies.” Eddie Adams captured the moment a handcuffed man was executed in the street in this country. A gas can sits next to a man on (*) fire in a Malcolm Browne photo from this country, which is where Robert Capa died from a landmine. Children in this country flee a bombing in Nick Ut’s “The Terror of War.” For 10 points, name this country where a helicopter was photographed above an apartment building evacuating Americans from Saigon.",Vietnam [or Socialist Republic of Vietnam; or SRV; or Viet Nam; or Cong Hoa Xa Hoi Chu Nghia Viet Nam; accept South Vietnam; accept North Vietnam]
2022 SHOW-ME,1,3,"The Knights Templar made profits from weighing this good from Flemish cities during Champagne Fairs. Owlin was the crime of smuggling this good. The Medicis built their banking empire from profits of trade in this good by the Arte Della Lana guild. An export tax called the Great Custom was placed on this good that makes up the (*) seat for the Lord Speaker. Afonso X created the Mesta to compensate for decreased export of this good from England, possibly due to scrapies. Cottage industries emerged across Britain to make products from this good like tweed sweaters and kilts. For 10 points, name this good sheared from sheep.",wool [accept the Woolstack; prompt on cloth or textiles or clothing with “What is it made from?”]
2022 SHOW-ME,1,4,"The finale of a symphony in the minor key based on this note plays every tone in the chromatic scale except for this key. A symphony in the major key based on this note ends with a “reverse recapitulation” and is based on an Italian overture. The title “surprise” of Haydn's Surprise Symphony is in the major key based on this note. (*) E minor is the relative minor of this note’s major key. Mozart wrote “Little” and “Great” symphonies in the minor key based on this note, which has two flats and whose relative major is B-flat major. This note is a perfect fifth above C. For 10 points, give this note whose major scale has one sharp.",G [accept G major or G minor; accept Little G Minor Symphony; or Great G Minor Symphony]
2022 SHOW-ME,1,5,"In one play from this country, a Sarah Vaughn song is played to cheer up the target of a racist joke. In another play by that author from this country, a visit from the pen pal Ethel leads half-brothers Morris and Zechariah to take each other's places. A play from this country is set in a Port Elizabeth Tea Room, where two men discuss the boxer Max Schmeling and practice ballroom dancing. The play (*) Blood Knot is from this country, the setting of a play in which Sam and Willie are verbally abused by Hally, Master Harold… and the Boys. For 10 points, name this home of Athol Fugard, who often wrote plays in opposition to apartheid.",South Africa [or the Republic of South Africa or RSA]
2022 SHOW-ME,1,6,"An actress born at one of these locations plays Naru in a 2022 film. The largest uranium spill in history released 94 million gallons of radioactive fluid that contaminated one of these places’ water supply. The largest casino in the world, the WinStar, is located in another one of these places. One of these places with a capital at Window Rock is the only place to observe Daylight Saving Time in (*) Arizona. Due to its course, protests against the Keystone XL pipeline have occurred around these places, including one called “Standing Rock.” These places occupy about half of Oklahoma. For 10 points, the Navajo Nation is the largest of what places with high Native American populations?",Native American reservations [or rez; accept Indian reservations]
2022 SHOW-ME,1,7,"Many sections in this text begin with “mysterious letters” such as A.L.M. The Mu’tazila School argues against the “uncreatedness” of this text. The last chapter of this text begins with “I seek refuge in the Lord of Humankind” and is preceded by its daybreak chapter, which is often read for the sick. A commonly memorized section of this text begins by calling God “Beneficent” and “The Merciful” and is known as the (*) Throne Verse. This text can be recited according to the rules of tajweed by a hafiz. Hadiths in this text document the sunnah across its 114 chapters, which are known as surahs. For 10 points, name this holy book of Islam.",Quran [or Qu’ran; or Koran]
2022 SHOW-ME,1,8,"This book’s protagonist is frustrated at not knowing the characters’ fates after reading Robinson Crusoe. This book’s protagonist recalls how his abusive mother sent him to a quack doctor as he elopes with teacher Alice Kinnian. After this book’s protagonist is fired from his bakery job, he finds that doctors Strauss and Nemur made a mistake in their experiment. In this book’s final (*) “progress report,” the protagonist requests that the grave of the title mouse be adorned. For 10 points, in what short-story-turned-novel by Daniel Keyes is the intellectually disabled Charlie Gordon given a surgery that makes him a genius?",Flowers for Algernon [AL-jur-non]
2022 SHOW-ME,1,9,"A woman from this state founded the women’s newspaper The Lily and developed her namesake “bloomer” suits. The M’Clintock family helped organize an event at this state’s Wesleyan Church which hotly debated an “elective franchise.” Ward Hunt ordered a jury to find a woman from this state guilty of registering to vote in the 1872 election. Frederick (*) Douglass supported a voting resolution at an 1848 event in this state organized by Lucretia Mott and Elizabeth Cady Stanton that produced the Declaration of Sentiments. The Seneca Falls Convention took place in, for 10 points, what state where Susan B. Anthony was arrested in Rochester?",New York [or NY]
2022 SHOW-ME,1,10,"This condition may be indicated by a bluish discoloration known as Chadwick’s sign. A tightening sensation named for John Braxton Hicks occurs in some people with this condition. Many tests for this condition look for high levels of the hormone hCG [H-C-G]. People with this condition are advised to take folic acid supplements to reduce the chance of (*) spina bifida [SPY-nuh BIH-fih-duh] and anencephaly [AN-in-SEF-uh-lee]. This condition’s ectopic [ek-TOP-ik] form, which can be deadly if untreated, may result from implantation in the Fallopian tube. An obstetric ultrasound is used to detect, for 10 points, what condition of having developing offspring in the uterus?",pregnancy [accept gestation; accept answers indicating a person is pregnant]
2022 SHOW-ME,1,11,"The “substantial disruption” test from an earlier case involving these locations was used to determine if a banner reading “BONG HiTS 4 JESUS” could be displayed near them. New Jersey v. T.L.O. concerned Fourth Amendment rights for people at these locations. The case Tinker v. Des Moines questioned whether black (*) armbands could be worn as political protest in these locations. West Virginia v. Barnette concluded that in public examples of these locations, it was optional to recite the Pledge of Allegiance. For 10 points, name these locations integrated after the “separate but equal” doctrine was overturned in Brown v. Board of Education.","public schools [accept high-, middle-, or elementary schools; accept other synonyms like junior high schools; reject “universities” or “colleges”]"
2022 SHOW-ME,1,12,"In a story by this author, “Nothingheads” who don’t take “ethical birth control” include Billy the Poet, who rapes a Suicide Parlor hostess. In another story in this author’s collection Welcome to the Monkey House, ballerinas must wear weights and masks due to equality amendments. This author’s novel (*) God Bless You, Mr. Rosewater features his alter-ego, Kilgore Trout. This author’s character George witnesses the Handicapper General shoot their son Harrison Bergeron. The phrase “so it goes” is uttered upon death by Tralfamadorians, who kidnap Billy Pilgrim in a novel by this author. For 10 points, name this author of Slaughterhouse-Five.",Kurt Vonnegut (Jr.)
2022 SHOW-ME,1,13,"This country acquired a border with Denmark in June 2022 to resolve the Whisky War. In 2021, this country released a Chinese national nicknamed the “Princess of Huawei [WAH-way].” Pope Francis visited this country in July 2022 to apologize after mass graves were found at some of its indigenous (*) residential schools. This country’s New Democratic Party leader Jagmeet Singh discussed a “pattern of behavior” when a yearbook photo emerged of this country’s PM in blackface. This country’s capital was the site of “Freedom Convoy” protests by truckers over vaccine mandates. For 10 points, name this Commonwealth country led by Justin Trudeau.",Canada
2022 SHOW-ME,1,14,"Jean Jouvenet's paintings were copied into this medium at the Gobelins [go-buh-LAW] Manufactory. 90 scenes of the Apocalypse appear in a 14th-century artwork in this medium held at Angers [on-ZHER] Cathedral. Millefleur [mee-FLUR] artworks in this medium include a series that ends with a golden fence surrounding a unicorn. Halley’s Comet appears in an artwork in this medium which depicts an arrow entering a king’s eye at the (*) Battle of Hastings. Colored weft threads are weaved through plan warp threads on a loom to create these artworks, which include one named for Bayeux [by-YOO]. For 10 points, name these fabric artworks which, unlike carpets, hang on the walls of castles.",tapestries [accept the Bayeux Tapestry; prompt on weavings; prompt on carpets before mention]
2022 SHOW-ME,1,15,"“Herkimer diamonds” are actually crystals of this mineral that have double termination points. This mineral has the lowest potential for weathering in the Goldich dissolution series. Microscopic crystals of this mineral comprise agate [ah-get], chert, and flint. This mineral can form “ametrine” [AM-ih-treen] crystals that have orange and purple sections, displaying two of its variants, (*) citrine and amethyst. Generally, sandstones are made of either feldspar or this mineral. A Mohs hardness of seven is defined by this most abundant mineral in Earth’s crust. For 10 points, name this mineral with the formula SiO2 [S-I, oh two].",quartz
2022 SHOW-ME,1,16,"In Slavic myth, the dragon Veles lives in one of these objects and is chased around the world by Perun. The enchanted land of Brocéliande [bro-see-lee-ANDE] is home to one of these non-fountain objects in which the Lady of the Lake trapped Merlin. Sigurd draws the sword Gram from one of these objects called Barnstokkr. To survive the Fimbulwinter preceding Ragnarok, Lif and Lifthrasir hide in one of these objects that is home to (*) Ratatoskr and Nidhogg. Odin hanged from one of these objects for nine days to gain knowledge of runes. For 10 points, the worlds of Norse mythology are connected by Yggdrasil [igg-drah-SIL], the “world” example of what kind of plant?","trees [accept specific types of trees, such as world trees or oak trees; accept Yggdrasil before “Yggdrasil”]"
2022 SHOW-ME,1,17,"The Palace of the Golden Gate was at the center of this city’s original “Round” design. This city’s Nahrawan Canal was destroyed by Turkish ghulams revolting with the Buyid dynasty. The Barmakid family financed the Translation Movement of Greek Texts in this city at an institution rumored to serve as a (*) library for Al-Mansur. The last ruler of a dynasty based in this city was wrapped in a carpet and trampled by the horses of Hulegu Khan. Harun al-Rashid established the House of Wisdom in this city. For 10 points, name this capital of the Abbasid Caliphate during the Islamic Golden Age that now serves as the capital of Iraq.",Baghdad
2022 SHOW-ME,1,18,"In this novel, the ghost of Communist revolutionary Joseph D’Costa inspires one character to confess to a crime. In this novel, Wee Willie Winkie plays the accordion for William Methwold. One character in this novel falls in love with a landowner's daughter after examining her through a perforated sheet. (*) Mary Pereira switches the protagonist of this novel with Shiva-of-the Knees at birth. The protagonist of this novel falls in love with Parvati-the-Witch and gains telepathic powers from his large, constantly runny nose. For 10 points, Saleem Sinai is born at the exact moment India gains independence in what novel by Salman Rushdie?",Midnight’s Children
2022 SHOW-ME,1,19,"This quantity decreases in photoconductors when high-energy photons strike their surface. In a diode, the forward-biased version of this quantity is significantly less than its reverse-biased version. Devices that passively increase this quantity indicate their strength with colored bands. In a parallel circuit, this non-inductance quantity can be calculated by adding the (*) reciprocals of the individual values and then taking a second reciprocal. The power in a circuit is given by this quantity times current squared, while voltage equals the product of this quantity and current. For 10 points, name this quantity measured in ohms.",electrical resistance [reject (electrical) “resistivity”]
2022 SHOW-ME,1,20,"A painting of this philosopher grimacing while tasting vinegar represents his negative views on the goodness of life. According to this thinker, an ethical ruler should radiate moral goodness in a way similar to the north star. A work by this non-Aristotle philosopher may contain the first occurrence of the golden rule. This thinker’s Four Books includes a work by the (*) “second sage” that succeeded this philosopher, Mencius. This philosopher’s belief that children should respect their elders is known as filial piety [PIE-uh-dee]. For 10 points, the Analects is a compilation of the sayings of what ancient Chinese philosopher?",Confucius [or Kongzi or Kong Fuzi or Kong Qiu or Master Kong or Zhongni]
2022 SHOW-ME,2,1,"After woodwinds, this instrument picks up the fugato “The Cuckoo Sat on the Fence” in a concerto based on folk tales. This instrument represents the title character of a work based on its composer’s scrapped Rob Roy Overture that ends with an “orgy of bandits.” Works like Der Schwanendreher [der sch-VAHN-en-dare-ur] were composed for this instrument by Paul (*) Hindemith. This instrument is principal in Hector Berlioz’s Harold in Italy. This is the smaller of two instruments whose lowest string is tuned to C with its other string tuned to G, D, and A. Players of this string instrument read music in alto clef. For 10 points, name this string instrument pitched between a violin and a cello.",viola
2022 SHOW-ME,2,2,"A compound with this many carbons names the ability for fuel to withstand compression in an engine. There are this number of hydrogen atoms in a cyclobutane [sye-kloh-BYOO-tayn] molecule. An alkane [AL-kayn] with this many carbon atoms represents a fuel’s resistance to knocking with its namesake “rating.” The standard allotrope of sulfur consists of (*) rings containing this number of atoms. A beryllium isotope with this mass number is formed by combining two alpha particles. This integer value is the atomic number of oxygen. For 10 points, give this number of valence electrons in a noble gas atom, which has a full octet.",eight [prompt on octane rating or full octet]
2022 SHOW-ME,2,3,"After surviving a serious wound, this man was said to be blessed with “baraka” and promoted by his king. The terrorist group ETA emerged when this leader reduced autonomy in “traitor regions.” Economists associated with Opus Dei focused on autarky under this leader, who rose through the military during the (*) Rif War and took political control when a plane crash killed Jose Sanjurjo. Juan Carlos I dismantled this leader’s government, which was filled with members of his Falange Party. The German Condor Legion supported this leader of the Nationalists in a 1937 civil war against Republicans. For 10 points, name this fascist dictator of Spain.",Francisco Franco (Bahamonde)
2022 SHOW-ME,2,4,"In a story from this country, a grasshopper is offered to children playing with colorful lanterns. A character from this country realizes that a beautiful drum player is 14 when she emerges naked from a bathhouse in a “Palm-of-the-Hand” story. The sinner Kandata tries to escape Hell’s Pool of Blood in “The Spider’s Thread,” a story from this country. A servant steals the clothes of a woman who makes money by (*) stealing corpses’ hair in this country. A criminal, priest, and woodcutter give differing accounts of a murder in, for 10 points, what country, the setting of “In a Grove” and “Rashomon” by Ryūnosuke [ryoo-NOHS-kay] Akutagawa?",Japan [or Nihon-koku or Nippon-koku]
2022 SHOW-ME,2,5,"An artist from this city painted a self-portrait with a Chinese Lantern Plant and a Portrait of Wally; that artist was mentored in this city by the painter of the rejected murals Philosophy, Medicine and Jurisprudence. The magazine Ver Sacrum was published in this home city of Egon Schiele [SHEE-luh]. An artist from this city used his signature material in a portrait of (*) Adele Bloch-Bauer, and showed a blanket with black and white squares covering a man as he performs the title action in a painting that uses abundant gold leaf, titled The Kiss. For 10 points, name this city, the home of Gustav Klimt and an eponymous Secession of Austrian artists.",Vienna [accept Vienna Secession]
2022 SHOW-ME,2,6,"One work by this poet describes “potent oblivion dwell[ing]” on his lover’s lips. Another work by this poet describes his lover “like the stab of a knife, enter[ing] my plainitive heart.” In one work by this poet of “Lethe” [LEE-thee] and “The Vampire,” the narrator asks the “wisest and fairest of the Angels” to “take pity on my long misery!” This poet of “The (*) Litanies of Satan” calls Ennui [on-WEE] the filthiest of all vices in one work. That work by this poet opens by describing “folly, error, sin, [and] avarice” before calling the title figure a “hypocrite” in his “To the Reader.” For 10 points, name this French poet of the collection Les Fleurs du Mal.",Charles Baudelaire [bohd-LAIR]
2022 SHOW-ME,2,7,"A chair depicting one of these creatures commemorates a visit to Zennor in Cornwall by a ceasg [keask]. Alexander the Great’s sister Thessalonike transformed into one of these creatures. A monkey’s head was attached to the mummified body of a child to create one of these creatures in a P. T. Barnum hoax. One of these creatures refuses to kill a Danish prince with a dagger from the Sea Witch in a fairy tale by (*) Hans Christian Andersen. Christopher Columbus likely saw a manatee and not one of these creatures, myths of which were inspired by the Sirens. For 10 points, name these creatures with the torso of a human and a fishtail.",merfolk [or merpeople; accept mermaids; accept mermen; prompt on water spirits; prompt on nixies]
2022 SHOW-ME,2,8,"People of this ethnicity recorded riddles in the Zuyua language in the Book of Chilam Balam. The activist Rigoberta Menchú supports people of this ethnicity through the Winaq party. Women like Lady Six Sky could hold the title of Ajaw amongst people of this ethnicity, who constructed a city that contains the El Caracol observatory and a temple whose shadow resembles a (*) serpent at equinoxes. Pakal the Great ruled a city-state of people of this ethnicity, whose society collapsed around 900 CE possibly because of droughts affecting cenotes [sih-NOH-tees]. Tikal and Chichen Itza were cities built by, for 10 points, what people located in the Yucatan Peninsula?",Mayan [accept K’iche Maya; accept Yucatec Maya; prompt on Guatemalans]
2022 SHOW-ME,2,9,"These animals were operant-conditioned to have “superstitious” behaviors in an experiment by B. F. Skinner, who had earlier led a U.S. Navy-sponsored project to use these animals to guide missiles. One of these animals named President Wilson survived with a chest wound and a missing leg after being shot at in World War I. Though they’re not chickens, these were the first (*) birds to be domesticated by humans. The magnetoreception of these birds allows “homing” breeds of them to navigate back from long distances. For 10 points, name these mail-carrying birds, today often called “rats with wings” due to their presence in cities.",pigeons [or Columba livia domestica; accept carrier pigeons or homing pigeons or Project Pigeon; prompt on birds or Aves before mention]
2022 SHOW-ME,2,10,"Albert Einstein deduced that experiencing a constant value of this quantity is locally indistinguishable from being in an inertial reference frame. The centripetal [sen-TRIH-pih-tul] form of this quantity equals radius times the square of angular frequency, or alternatively the square of tangential velocity over radius. This quantity’s second time derivative is called (*) snap, while its first time derivative is called jerk. This quantity’s SI unit is the meter per second squared. Force equals the product of mass and this quantity by Newton’s second law. For 10 points, what quantity is the rate of change of an object’s velocity?",acceleration [accept gravitational acceleration or centripetal acceleration]
2022 SHOW-ME,2,11,"Because of her many names, the main character of this novel is nicknamed “Alphabet” as a child. One character in this novel exclaims “so this is a marriage!” after watching a bee pollinate a blossom. In the frame story of this novel, Pheoby Watson listens to the townspeople gossip about the main character. That character compares her (*) blossoming sexuality to a pear tree in this novel. After failed marriages with Logan Killicks and Jody Sparks, the main character of this novel runs away from Eatonville with Tea Cake. For 10 points, name this novel about Janie Crawford by Zora Neale Hurston.",Their Eyes Were Watching God
2022 SHOW-ME,2,12,"This object is cleaned with perfume on the first day of Sha’baan. After proclaiming the arrival of the Mahdi, the Qarmatian sect stole this object. A “water spout of mercy” removes rainwater from this object, which currently sits next to a maqam covering its creator’s footprint. An enormous cloth called the kiswah covers this object and is changed on the Day of Arafah. Visitors (*) walk counterclockwise around this object seven times during tawaf. The mihrab in a qibla wall in mosques points towards this object, which Muslims face during prayers. For 10 points, name this black stone building in Mecca that is the holiest site in Islam.",Kaaba [or the Ka’bah al-Musharrafah]
2022 SHOW-ME,2,13,"The “gargouillades” [gar-goo-YAHD] featured in a solo in this ballet are sometimes replaced with the pas de chat [pah de schaht]. Men perform a fast-paced tarantella in the “trepak” dance in this ballet. A scene of children emerging from under their mother’s dress to dance appears in this ballet whose stage performance was standardized in 1954 by George (*) Balanchine. Dances by Chinese tea, Spanish chocolate, and other desserts appear near the end of this ballet in which the main character throws her slipper at the Rat King. The “Dance of the Sugar Plum Fairy” is an excerpt from, for 10 points, what ballet in which Clara falls in love with the title toy, by Tchaikovsky?",The Nutcracker [or Shchelkunchik]
2022 SHOW-ME,2,14,"In this region, weapons such as the Armalite may have been smuggled using money from NORAID. The escalation of the dirty protests led to a hunger striker in this region’s Maze prison winning an election before dying the next month. Militants from this region bombed buildings such as the Baltic Exchange, the Old Bailey, and the Grand (*) Brighton Hotel. 26 people were shot in this region’s city of Derry on Bloody Sunday. In this region, the Troubles were ended by the Good Friday Agreement. For 10 points, name this region of the U.K. with its capital at Belfast.",Northern Ireland [prompt on U.K. or United Kingdom before “U.K.” with “What constituent country?”; reject “(Great) Britain”; prompt on “Ireland”]
2022 SHOW-ME,2,15,"In archaea [ar-KEE-uh], this structure may consist of methano•chon•droitin or pseudo•murein. Formation of this structure is inhibited by cephalo•sporins and penicillins. In plants, plasmodesmata offer a path through this structure, which is held together by pectins. Whether this structure can hold onto a crystal violet stain is used to classify (*) bacteria as Gram-positive or Gram-negative. In bacteria, this structure lies below the starch capsule and consists of peptido•glycan, while in fungi, this structure is instead made of chitin [KAI-tin]. For 10 points, name this rigid outer layer of a cell, which in plants consists of cellulose.",cell wall
2022 SHOW-ME,2,16,"Juan Romero was pictured shaking the hand of the target of an assassination in one of these locations. A 1964 case regarding Congress's power under the Commerce Clause concerned discriminatory actions taken by one of these locations. Following the 1968 California Democratic primary, Sirhan Sirhan shot (*) Robert F. Kennedy in one of these locations. An activist was killed at one of these locations a day after supporting striking sanitation workers in the “I've Been to the Mountaintop” speech. James Earl Ray killed Martin Luther King Jr. in one of these locations in Memphis. For 10 points, name this type of building exemplified by the Washington Hilton.",hotels [accept motels; accept the Lorraine Motel; Ambassador Hotel; or Heart of Atlanta Motel]
2022 SHOW-ME,2,17,"An oft-criticized parliamentary building in this country designed by Enric Miralles [un-REEK mee-RALL-uss] is located at the foot of Calton Hill. An athletic competition most often held in this country features events like the caber toss. In this country’s largest city, the “Old Firm” rivalry is contested at Ibrox Stadium on the banks of the River (*) Clyde. This country’s town of St. Andrews may have been the home of the first golf course. The tartan fabric pattern is often associated with a traditional garment worn by clans in this country’s Highlands. For 10 points, name this constituent country of the United Kingdom where kilts are worn in Edinburgh.",Scotland [accept Scottish Highlands; prompt on U.K. or United Kingdom before “United Kingdom”; prompt on Britain; reject “England” or “Great Britain”]
2022 SHOW-ME,2,18,"The first “wild” one of these things contains a poem with the phrase “SEND IN THE CLONER!”. The United States may have used one of these things to sabotage nuclear centrifuges in Iran. A fake news report of a European storm helped create “zombies” for one of these programs. A website for one of these programs consists of three (*) black-and-white smiley faces and the text “You are an idiot!” and is considered a “trojan” one of these programs. Modern versions of these programs may ask for bitcoin after encrypting files. For 10 points, name these programs which include the ILOVEYOU computer worm and ransomware.",malware [or malicious software; or computer viruses; accept computer worms before “worm”; accept trojans before “trojan”]
2022 SHOW-ME,2,19,"At the beginning of this play, a cobbler jokes that he is a “mender of bad soles.” A character in this play pauses in the middle of a speech because “[his] heart is in the coffin there.” A character in this play declares that “cowards die many times before their death” and refuses a crown three times, each time with increasing reluctance. A speech in this play asks (*) “Friends, Romans, Countrymen, lend me your ears.” The title character of this play is told to “beware the Ides of March.” For 10 points, name this Shakespeare play whose title character exclaims “Et tu, Brute?” after being stabbed by members of the Senate.",The Tragedy of Julius Caesar
2022 SHOW-ME,2,20,"Ancel Keys limited 36 conscientious objectors from performing this action in a University of Minnesota experiment. Rats with lesions on their ventromedial hypothalamus were unable to stop performing this activity. The hormone ghrelin motivates people to engage in this activity. Higher SAT scores were exhibited by participants in a Walter (*) Mischel study who waited to perform this activity for 15 minutes in a test of delayed gratification. People can be prevented from performing this activity by body image disturbance. For 10 points, name this activity which titles a class of disorders that includes bulimia and anorexia.",eating food [or synonyms such as consuming food; accept eating disorders; accept specific answers such as eating marshmallows] (The first clue references the Minnesota Starvation Experiment.)
2022 SHOW-ME,3,1,"A location in [emphasize] this state simply called “The Lake” is near the Bethesda Fountain and the Ramble. Lake Tear of the Clouds is on the slopes of this state’s highest point, Mount Marcy. This is the larger of two states with sightings of a giant serpent named Champ in a lake drained by the Richelieu River. The “Miracle on Ice” at the 1980 Olympics was held near Lake (*) Placid in this state. The largest lake within this state, Oneida [OH-nye-duh] Lake, is nicknamed the “thumb” of its Finger Lakes region. This state, the only to border Lake Ontario, shares Lake Champlain with its eastern neighbor, Vermont. For 10 points, name this state where the Hudson River connects to the Erie Canal.",ANSWER: New York State (The first line refers to New York City’s Central Park)
2022 SHOW-ME,3,2,"This empire’s Periwig Era saw its strong currency deter trade, coining the name for an economic “disease.” The term rangaku referred to books sold by this empire’s traders on the island of Dejima near Nagasaki. This empire’s navy relied on the fluyt and included ships called Sea Beggars. This empire was home to the (*) VOC, the most valuable company of all time. The first stock markets emerged in this empire whose economy experienced a bubble from tulip trading. Land reclamation projects begun in this empire created polders and were drained by now-iconic windmills. For 10 points, name this empire that was centered in Holland.",ANSWER: Dutch Empire [or the Netherlands; or the Dutch Republic; or the United Provinces of the Netherlands; or the United Provinces; or the Republic of the Seven United Netherlands; or the Kingdom of the Netherlands; or Nederlands; accept the Dutch East India Company; accept Dutch Learning; accept Dutch disease; prompt on Holland before mention]
2022 SHOW-ME,3,3,"One character in this play states that his wife is a “sensitive-plant” after acknowledging she clings onto a coat he owns with twelve bullet holes in it. That character in this play also complains about the lack of nighttime and his missing toothbrush. Another character in this play is summoned by the sound of a (*) faulty bell, and lacks eyelids. While stroking a bronze ornament in a Second Empire-style room, one character in this play declares “Hell is - other people!” For 10 points, name this play about Estelle, Garcin [gar-SAN], and Inez [ee-NESS], written by Jean-Paul Sartre [SAR-truh].",ANSWER: No Exit [or Huis Clos] (The character who lacks eyelids is the valet.)
2022 SHOW-ME,3,4,"The duty cycle is equal to pulse width over one form of this quantity. Resistance times capacitance gives a constant named after this quantity. Crystal oscillators measure this quantity and frequently use piezoelectric materials such as quartz. Faraday’s law states that the electromotive force is equal to the derivative of electric flux with (*) respect to this quantity. Electric current is defined as the derivative of charge with respect to this quantity. The change in position over the change in this quantity is equal to velocity. For 10 points, name this quantity frequently measured in seconds.",ANSWER: time [accept period]
2022 SHOW-ME,3,5,"A TikTok clip features this actress in a blue dress saying “Smile!” before she takes a photo with a bedazzled camera. This actress played a character who picks up a bottle of medicine instead of morphine during a game of go. A hologram played by this actress asks “You look lonely, I can fix that” to Ryan Gosling’s synth in Blade Runner: 2049. A caretaker portrayed by this actress (*) vomits every time she lies and is stabbed with a retractable knife by Ransom. This actress played Marilyn Monroe in the controversial film Blonde and played Paloma in the Bond film No Time to Die. For 10 points, name this Cuban actress who starred in Knives Out.",ANSWER: Ana de Armas
2022 SHOW-ME,3,6,"An ascending theme in this work is first stated in B minor, where it ends with the notes [read slowly] “A G E C E long G.” A flute plays [read slowly] “B, G-sharp, F-sharp, E” and ascends to B in one piece of this work, while another featuring the triangle depicts “Anitra’s Dance.” An E major piece in 6/8 time from this work depicts the sun rising over a desert and is called (*) “Morning Mood.” Increasingly fast and loud cellos, bassoons, and double basses represent trolls chasing the protagonist of this work in its piece “In the Hall of the Mountain King.” For 10 points, name this collection of incidental music to a Henrik Ibsen play composed by Edvard Grieg.",ANSWER: Peer Gynt [accept the Peer Gynt Suites; accept the incidental music to Peer Gynt; prompt on “Morning Mood” or “In the Hall of the Mountain King” before mention]
2022 SHOW-ME,3,7,"A precursor to this city was founded by Ascanius after his father fought Turnus and married Lavinia, and was named Alba Longa. A layered shield depicting this city’s history was owned by a hero who was advised by his father Anchises in the underworld. This city’s location was decided in an augury contest over who could count more auspicious birds. A (*) she-wolf suckled the sons of Rhea Silvia who would found this city. After a hero leaves to begin this city’s legacy, queen Dido commits suicide in Virgil’s Aenied. Remus was killed by a twin who names, for 10 points, what city whose civilization worshiped gods like Mars and Jupiter?",ANSWER: Rome [accept the Romans; prompt on Romulus]
2022 SHOW-ME,3,8,"This tribe had a White Chief that ruled in peacetime and a Red Chief that ruled in wartime. After fighting the Red Sticks in the Battle of Horseshoe Bend, a disabled member of this tribe devised a syllabary with 86 symbols. The Phoenix newspaper catered to this tribe, whose language was made legible by (*) Sequoyah. This tribe’s chief John Ross did not approve of signing the Treaty of New Echota, which occurred after this tribe’s sovereignty was defended by Samuel Worcester in an 1832 Supreme Court case. For 10 points, name this largest of the “Five Civilized” tribes who were forced to abandon their lands in Georgia during the Trail of Tears.",ANSWER: Cherokee [or Tsalagi]
2022 SHOW-ME,3,9,"One poem describes how this figure “broods with warm breast and with ah! bright wings.” The narrator asks this figure to “divorce me, untie or break that knot again” in a poem addressed to this figure. Gerard Manley Hopkins wrote a poem about the grandeur of this figure. One sonnet begins by asking this figure to (*) “batter my heart.” In one work, this figure defeats a character who holds a meeting in Pandemonium. That work, which was written to “justify the ways of [this figure] to man,” is John Milton’s Paradise Lost. For 10 points, name this figure who banished Satan from Heaven.","ANSWER: God [accept “God’s Grandeur” or “Batter my heart, three-person'd God”; accept the Son or Jesus Christ; prompt on “the Holy Trinity”]"
2022 SHOW-ME,3,10,"Alexander Bacot discovered how one bacterium colonized the midgut of these organisms, thus encouraging transmission via regurgitation. Pulicosis is a condition that results from the bites of these organisms which also transmit murine typhus. These wingless organisms use their pleural arches and resilin hinges to (*) leap over 200 times their body length. An allergic dermatitis named for these ectoparasites is the leading cause of dog allergic reactions. A condition transmitted by these insects inflames lymph nodes, forming buboes. For 10 points, rats colonized by what blood-sucking insects transmit bubonic plague?",ANSWER: fleas [or Siphonaptera; accept dog fleas or Ctenocephalides canis; accept cat fleas or Ctenocephalides felis; accept rat flea or oriental rat flea or Xenopsylla cheopis; accept human flea or house flea or Pulex irritans]
2022 SHOW-ME,3,11,"The left side of a painting by this artist depicts eyes and a nose above the mouth of Hell, out of which several monsters are escaping. A work by this artist shows a giant woman carrying a skillet through a burning village. One of this man's paintings originally titled The Blue Cloak depicts peasants doing things like sitting on hot coals and tying a bell to a cat. This artist of Mad Meg painted a work that shows a (*) frozen water wheel and a man carrying a fox, as well as ice skaters on the right and the title people walking through the forest surrounded by dogs. For 10 points, name this Dutch artist of Netherlandish Proverbs and Hunters in the Snow.",ANSWER: Pieter Bruegel the Elder
2022 SHOW-ME,3,12,"Rangoli carpets made of these objects are popular during the Onam festival. Earth, humanity, and heaven are unified by these objects in ikebana. Victorian society developed a “language” of these objects to express unspoken feelings such as virtue and chastity. Crescent, cascading, and nosegay are three ways to arrange these objects, which are bound by doilies. These objects name wheel-like (*) windows that appear in Gothic churches. Boutonnieres and corsages containing these objects are worn at weddings, where brides traditionally carry a bouquet of them. For 10 points, name these objects that include daffodils and carnations.","ANSWER: flowers [accept specific types of flowers such as roses; accept daffodils and carnations before they are read; accept hana; accept pookolam; prompt on bouquet before mention with ""A bouquet of what?""]"
2022 SHOW-ME,3,13,"Apophis is the only one of these objects to attain a Torino rating above level 2. One of these objects experienced a 32-minute decrease in its orbital period in September 2022. Arrokoth is an example of the “contact binary” type of these objects. When these objects orbit a Lagrange point, they are called trojans. The (*) DART mission sent a probe to impact one of these objects. “Near-Earth” examples of these objects are monitored due to a possible need for deflection. A region between Mars and Jupiter is named after, for 10 points, what small, rocky objects that make up a namesake “belt”?",ANSWER: asteroids [accept the asteroid belt; prompt on minor planets; reject “dwarf planets”]
2022 SHOW-ME,3,14,"A “Hail Mary” formation was used against this leader in battles like 73 Easting. This leader ordered the Dujail Massacre after an attempted assassination in 1982. This leader’s Osirak nuclear reactor was destroyed in Operation Opera; that attack may have encouraged this leader to fire 42 Scud missiles toward Israel during another conflict. One of this leader’s top generals was nicknamed (*) “Chemical Ali,” whose Al-Anfal campaign massacred thousands of Kurds. During Operation Red Dawn, this leader was found in a “spider hole” near the town of Tikrit after being accused of possessing WMDs. For 10 points, name this Ba’athist dictator of Iraq.",ANSWER: Saddam Hussein al-Tikriti [accept either underlined portion]
2022 SHOW-ME,3,15,"In this novel, a father tries to sell his artificial leg so he can feed his kids. During a soccer game in this novel, a couple is stoned to death in chest-deep holes for committing adultery. In “a way to be good again,” a character in this novel adopts Sohrab before returning to San Francisco. A man shouts “For you a (*) thousand times over!” while performing this novel’s title activity with shards of glass and a spool. This novel’s protagonist witnesses Hassan, being raped by Assef while completing the title action after a tournament. For 10 points, name this novel about Amir’s return to Taliban-ruled Afghanistan, by Khaled Hosseini.",ANSWER: The Kite Runner
2022 SHOW-ME,3,16,"This philosopher imagined walking inside a thinking machine as if it were a mill to argue that physical mechanisms cannot explain human consciousness. This non-Democritus thinker proposed shapeless units of reality which each have different qualities, with the soul consisting of a dominant one of those units. In his Théodicée, this philosopher attempted to solve the problem of evil by stating that we live in the (*) “best of all possible worlds.” This author of Monadology devised the modern notation for mathematical derivatives. For 10 points, name this German polymath who invented calculus independently of Isaac Newton.",ANSWER: Gottfried Wilhelm Leibniz [LYBE-nits]
2022 SHOW-ME,3,17,"This leader denounced the Five Black Categories, which included “rich peasants” and “rightists.” This leader began political campaigns with photoshoots of himself crossing a river. This leader temporarily encouraged criticism in the Hundred Flowers Movement, and caused a famine attempting to eradicate (*) sparrows in the Four Pests campaign. This leader promoted steel-making communes in the Great Leap Forward. This leader oversaw the Cultural Revolution and published many of his writings in The Little Red Book. For 10 points, name this former Chairman of the People’s Republic of China.",ANSWER: Mao Zedong [or Mao Tse-Tung]
2022 SHOW-ME,3,18,"One of these people was spared to tell of an event recognized by all-night study of the Torah on Shvi’i Shel. Yochnan ben Zakai argued that God took away one of these people’s free will by “hardening [his] heart.” One of these people dreams of seven lean cows eating seven fat cows, which is interpreted as a sign to stock grain by (*) Joseph. A baby set adrift down a river to escape an order from one of these people to kill all newborn children. One of these people’s soldiers were drowned in the Red Sea after it was earlier parted by Moses. For 10 points, Exodus describes the Jews escaping the rule of what leaders of ancient Egypt?",ANSWER: pharaohs [prompt on Kings of Egypt; prompt on rulers of Egypt; prompt on Egyptians]
2022 SHOW-ME,3,19,"Calcium hydroxide and this element’s sulfate are combined in a Bordeaux [bor-doh] mixture to kill crop-threatening fungi. In Benedict’s test, this element’s sulfate is reduced to an oxide in the presence of aldehydes. This is the first transition metal heavier than chromium to violate the aufbau [owf-bao] principle, since it has only one 4s electron. In aqueous solutions, this element’s (*) two-plus cations [CAT-eye-ons] appear bright blue. A substance known as verdigris [ver-dih-gree] forms when this element is oxidized to a green color. This metal is alloyed with tin to make bronze. For 10 points, name this metal whose atomic symbol is Cu [C-U].",ANSWER: copper [accept Cu before “Cu”]
2022 SHOW-ME,3,20,"This character is compared to a “terrier who doesn’t want to bring a ball” as he hides an animal in his pocket. This character’s death is foreshadowed by Carlsen’s killing of a smelly “ancient dog.” This character crushes a man’s hand in his “huge paws” after he is attacked for supposedly laughing at a glove filled with vaseline. This character panics while feeling the hair of a woman who reminds him of his Aunt Clara after a (*) dead puppy is discovered in a barn. This character imagines living “off the fatta’ the lan” and tending rabbits after killing Curley’s wife. For 10 points, name this mentally disabled laborer who is shot by George at the end of John Steinbeck’s Of Mice and Men.",ANSWER: Lennie Small [accept either underlined portion]
2022 SHOW-ME,4,1,"Hypertrophy of this structure’s ligamenta flava can led to stenosis. Parts of this structure have pedicles that attach to transverse and superior articular processes. VCFS and burst fractures in this structure cause damage to tissue within it responsible for motor function. In Scheuermann’s (*) Kyphosis, parts of this structure become wedged together in its thoracic or lumbar region. This structure takes an S or C shape in scoliosis. Herniated discs lay between 33 vertically stacked bones that make up this structure that ends at the coccyx. For 10 points, name this long series of bones that runs down the back.",spine [or spinal column or vertebral column or backbone; reject “spinal cord”]
2022 SHOW-ME,4,2,"In an opera in this language, Mallika sings a “Flower Duet” with a Westernized depiction of Lakshmi. In addition to Lakmé, another opera in this language sees two people fall in love with a Ceylonese princess. That opera features the duet “Au fond du temple saint,” sung by (*) Zurga and Nadir. That opera centers around Brahman priests and is by a composer who wrote of a character foreseeing her death drawing tarot cards in another opera. Another opera in this language sees a “Habanera” sung by the title character, who is later stabbed by Don Jose. For 10 points, name this language used for operas such as Carmen by Georges Bizet.",French [or francais]
2022 SHOW-ME,4,3,"In a novel by this author, a woman returning from a carnival has a strong urge to pee after seeing a woman on a stump. One of this author’s characters mistakes a bag of bones hanging from a ceiling for a sack of gold, and is born at the same time Robert Smith jumps off a hospital roof. In a novel by this author, a character is told her love is “too thick” after she confesses to killing her daughter in a woodshed as a carriage approaches. (*) Milkman Dead is a character in a biblically-titled novel by this creator of 124 Bluestone Road, the residence of the escaped slave Sethe [SETH-uh]. For 10 points, name this author of Song of Solomon and Beloved.",Toni Morrison [or Chloe Anthony Wofford Morrison; or Chloe Ardelia Wofford]
2022 SHOW-ME,4,4,"A study by Carl Lipo argued that statues in this location were “walked” by being moved side-to-side with rope. Settlers of this location came from hiva and were first ruled by kings called araki. Residents of this location would compete in a swimming contest for eggs to be named the Birdman and lead worship to the god Makemake [Mah-kay-mah-kay]. Deforestation caused by the (*) Polynesian rat led to societal collapse amongst this island’s Rapa Nui people. Statues built on this island sit atop platforms called ahu and may represent elongated versions of a chieftain’s head. For 10 points, name this Pacific Island whose residents built massive stone heads called moai.",Easter Island [accept Isla de Pascua; accept Rapa Nui before mention]
2022 SHOW-ME,4,5,"A Nazi-era law banning certain people from providing information on this practice was repealed by the German Bundestag in June 2022. Since September 2021 many Mexican states have legalized this practice in accordance with a decision by the Supreme Court of Justice. Refugees from Ukraine, where this practice is legal, have encountered trouble with Poland’s near-total (*) ban on this practice. Justin Trudeau vowed that this practice would remain available for Americans crossing the border after Politico leaked a ruling in Dobbs v. Jackson. For 10 points, name this practice that was protected in the U.S. by Roe v. Wade.",abortion [accept answers indicating termination of a pregnancy]
2022 SHOW-ME,4,6,"Blue-white clouds made of ice crystals that appear in this region are known as noctilucent clouds. Unbound sodium atoms in this region cause airglow. This region is difficult to study as it is too high to access by weather balloon but also inaccessible by satellite. This region has relatively high concentrations of metals due to lingering material from vaporized meteors. The (*) stratopause marks the bottom of this region, which is the coldest in the atmosphere and exists between where airplanes and spaceships travel. For 10 points, name this atmospheric layer that lies above the stratosphere but below the thermosphere.",mesosphere [prompt on the atmosphere before mention]
2022 SHOW-ME,4,7,"A character in this story laughs when he notices a pin-up of a woman kicking off her shoe. While visiting a German landlady, a character in this story turns pale after seeing the figure of a man often compared to Bartleby the Scrivener. A character in this story is named from a calendar with a name similar to “poop.” An office party in this story celebrates a character’s decision to visit the tailor (*) Petrovich. A general only referred to as a “Very Important Personage” is haunted by a clerk in this story who dies from the cold after being robbed. For 10 points, name this story about Akaky Akakievich losing the title piece of clothing by Nikolai Gogol.",“The Overcoat” [or “The Cloak”; or Shinyél]
2022 SHOW-ME,4,8,"This man spoke against “socialized medicine” in a campaign dubbed “Operation Coffee Cup.” Before a debate, this man promised not to “exploit” the “youth and inexperience” of his fifty-six-year-old opponent. This man described a group of people as having “Slipped the surly bonds of Earth to touch the face of God” in one speech and endorsed Barry Goldwater in his “A (*) Time For Choosing” speech. In a reelection ad, this man claimed it was “Morning in America,” and called upon one world leader to “Open this gate” in Berlin. For 10 points, name this President during the Challenger disaster, who asked Mikhail Gorbachev to “Tear down this wall!”",Ronald Reagan [or Ronald Wilson Reagan]
2022 SHOW-ME,4,9,"An angel at the top of one of this artist's works was removed by Isamu Noguchi at the request of Clare Boothe Luce. A seashell full of bullet holes appears next to a yellow dress in a painting by this artist which depicts a skyscraper emerging out of a volcano. This artist, who depicted the death of American socialite Dorothy Hale, depicted their legs in a bathtub in their painting (*) What the Water Gave Me. This artist painted a self-portrait where a bus accident is symbolized in the title Broken Column, as well as another self-portrait with a thorn necklace and a hummingbird. For 10 points, name this unibrowed Mexican artist who was the wife of Diego Rivera.",Frida Kahlo (de Rivera) [or Magdalena Carmen Frida Kahlo y Calderón; do NOT accept or prompt on “Rivera”]
2022 SHOW-ME,4,10,"A creature named for this phenomenon fights the underwater panther in the underworld from Algonquin myth. The waters of the world were liberated after a god of this phenomenon destroyed the ninety-nine fortresses of Vritra. That creature named for this phenomenon typically appears at the top of totem poles of Pacific Northwest peoples. A god of this phenomenon failed to lift a (*) cat since it was a world serpent earlier caught while fishing with Hymir. A gadfly bite caused dwarves to shorten the handle for a god of this phenomenon’s hammer Mjolnir [mee-YOL-near]. For 10 points, name this phenomenon that accompanies Thor’s lightning.",thunder [accept thunderbolts; accept the Thunderbird; prompt on lightning or lightningbolts]
2022 SHOW-ME,4,11,"One of these things designed by Swedish inventor John Ericsson was derided as his “folly,” despite having its rotating turret widely copied. Another of these things was built at Norfolk using a stripped-down hull of a captured gunboat and pioneered a modern resurgence of the naval ram. The first-ever clash between these things was at the Battle of (*) Hampton Roads, which demonstrated their prowess in 1862. Early examples of these vessels include the CSS Virginia and the USS Monitor. For 10 points, name these steam-powered ships that were armored by a namesake metal, first used during the Civil War.",ironclads [or ironclad warships; prompt on general answers such as warships or gunboats; antiprompt on specific examples such as USS Monitor with “what kind of vehicle is it?”]
2022 SHOW-ME,4,12,"A theorem describing lengths in these shapes is remembered with the mnemonic “a man and his dad put a bomb in the sink.” Concurrent cevians in one of these shapes are related in Ceva’s [chay-vuhs] Theorem. The center of the nine-point circle lies on the (*) Euler [oiler] line of these shapes. It's not an ellipse, but these shapes are degenerate when their namesake inequality reaches equality. The altitudes of these shapes are concurrent at their orthocenters. The hypotenuse of right ones of these shapes can be computed with the Pythagorean Theorem. For 10 points, name these three-sided polygons.",triangles [accept right triangles]
2022 SHOW-ME,4,13,"A sarabande by this composer was used as the theme for the film Barry Lyndon. The notes [read slowly] “long D G A G” are sung in an Act II closing piece by this composer. An air and bourrée [boo-RAY] in F major and a D Major section called “Alla Hornpipe” appear in a composition by this composer played on a barge on the Thames. A libretto by Charles Jennens for a work by this composer features the line (*) “And he shall reign forever and ever” in a massive vocal work celebrating Jesus. Zadok the Priest is a coronation anthem created by this composer. For 10 points, name this composer of Water Music who included the “Hallelujah” chorus in his oratorio Messiah.",George Friedrich Handel
2022 SHOW-ME,4,14,"In a story by this author, a colonel, widow, merchant, and politician plan a trip to Florida after dropping a vase. In another story by this author, Georgiana dies after Aylmer removes the title feature from her face. A sermon on secret sin reveals why Mr. Hooper wears the title garment in a story by this author of “Dr. (*) Heidegger’s Experiment” and “The Birth-Mark.” An Election Day sermon in a novel by this author ends with a reverend dying in the hands of a mother who wears an “A” on her breast. For 10 points, name this author of “The Minister’s Black Veil” who wrote of Hester Prynne’s affair with Arthur Dimmesdale in The Scarlet Letter.",Nathaniel Hawthorne
2022 SHOW-ME,4,15,"Mike Huckabee created an “Appreciation Day” for a company selling this food in response to boycotts over its donation to the WinShape Foundation. A console’s design was inspired by the “Bargain Bucket” and has a “Chamber” for this food. An FDA warning was issued after a TikTok video showed a person cooking this food in (*) NyQuil went viral. Hattie B’s sells a “hot” version of this food in Nashville. A company selling this food’s Twitter follows members of the band “Spice Girls” and 6 people named “herb” to reference its eleven herbs and spices. Colonel Sanders is the mascot of a company selling, for 10 points, what meat fried at KFC?",chicken [accept fried chicken; accept Chick-fil-A; accept Kentucky Fried Chicken; accept Nashville hot chicken; prompt on poultry; prompt on KFC before mention; prompt on KFConsole before mention]
2022 SHOW-ME,4,16,"George Akerlof and Janet Yellen’s gift-exchange game models the effects of these values. The Shapiro-Stiglitz model calculates how unemployment and this value are affected by shirking. David Card and Alan Krueger studied the effect of policy changes in these values using natural experiments with fast-food restaurants. John Meynard Keynes disagreed with (*) Say’s Law which equated this value to the value of goods produced. Only in a monopsony does instituting a floor for these values not induce unemployment due to layoffs and reduced hours. For 10 points, name these payments for labor, the federal “minimum” for which is $7.25.",wages [accept minimum wage; accept efficiency wages; prompt on payment before mention; prompt on salaries]
2022 SHOW-ME,4,17,"In one poem by this author, the speaker proclaims that despite having “never believed in any promised heaven in the sky” he believes “in a heaven I'll never enter.” In another poem, this author of “A Dog Has Died” described a time when “there were thirst and hunger, and you were the fruit” and called one poem’s subject “deserted like the wharves at dawn.” A poem by this author repeats the refrain (*) “in you everything sank!” and begins by declaring that “the memory of you emerges from the night around me.” For 10 points, name this Chilean poet of Twenty Love Poems and a Song of Despair.",Pablo Neruda
2022 SHOW-ME,4,18,"Units of this compound are joined by ester [ESS-tur] linkages in a biodegradable plastic used in 3-D printing. Bacteria in the human mouth convert sugar into this enamel [ih-NAM-mul]-dissolving compound, causing tooth decay. In the liver, this compound is recycled back into glucose by the Cori [COR-ee] cycle. Buildup of this compound may cause a (*) burning sensation after strenuous exercise, but does not cause delayed-onset muscle soreness. Either this compound or ethanol is produced in fermentation, such as by the genus Lactobacillus [LACK-toh-buh-SILL-us]. For 10 points, name this acid found in sour dairy products like yogurt.",lactic acid [accept lactic after “acid”; accept lactate; accept CH₃CHCOOH or CH₃CHCOO– ] (The first clue refers to PLA or polylactic acid.)
2022 SHOW-ME,4,19,"False Bay is near this country’s southernmost point, Cape Agulhas. This country’s plateaus include the Great Escarpment, which is surrounded by the Drakensberg Mountains. In this country, the “Big Hole” is a 705-foot-deep former diamond mine. Outside of India, this country’s city of Durban has the highest Indian population of any city. The (*) Kalahari desert sits north of this country’s Orange River, which forms its border with Namibia. This country nearly surrounds Eswatini and completely surrounds Lesotho. Bloemfontein and Pretoria are among the three capitals of, for 10 points, what country that contains Cape Town and Johannesburg?",South Africa [or Republic of South Africa or RSA]
2022 SHOW-ME,4,20,"This cause defeated the black nobility that supported the independence of Pius IX. A supporter of this cause wrote an open letter to Charles Albert and was a member of the Carbonari. In the Plombières Agreement, Napoleon III agreed to support this cause at the behest of Count Cavour. At the battle of Calatafimi, supporters of this cause called Redshirts defeated the Kingdom of the Two (*) Sicilies. This cause was accomplished when Victor Emmanuel II ascended the throne of a new country with the support of Giuseppe Garibaldi. For 10 points, name this nationalist cause to create a new kingdom led from Rome.",Italian Unification [accept word forms such as the unification of Italy; or the Risorgimento]
2022 SHOW-ME,5,1,"A reaction that occurs without one of these substances is called a “neat reaction.” Proton NMR spectroscopy must use deuterated types of these substances. The dielectric constant correlates with these substances’ polarity. SN1 [S-N-one] reactions are accelerated by the use of a protic [PRO-tik] type of these substances, because its molecules form a (*) “shell” around the ion. Polar examples of these substances include acetone [ASS-uh-tone] and methanol, while nonpolar examples include hexane and benzene. Water is the so-called “universal” example of, for 10 points, what substances that dissolve solutes to form solutions?",ANSWER: solvents [accept subtypes such as protic solvents or polar solvents]
2022 SHOW-ME,5,2,"In a parody of a poem titled for one of these objects, Ogden Nash claimed “I’ll never see [one of these objects] at all”. That original poem titled for these objects ends “poems are made by fools like me / But only God can make [one of these objects]” and was written by Joyce Kilmer. Another poem describes a “stop without a farmhouse near” while surrounded by these objects and ends by repeating “and (*) miles to go before I sleep.” One poem ends by claiming “one could do worse than be a swinger of [these objects]”. For 10 points, “top branches” and a “snow-white trunk” describe what objects, the subject of Robert Frost’s “Birches”?",ANSWER: trees [accept “Birches” until read; accept woods or “Stopping by Woods on a Snowy Evening”]
2022 SHOW-ME,5,3,"A leader of this country is served by the Tiger Squad and may have forced Saad Hariri to resign as Lebanese Prime Minister in 2017. This country’s “Vision 2030” plan includes the construction of a carbon-neutral, 110-mile-long city called The Line. This country’s Operation Decisive Storm emerged from its role leading the anti-Houthi coalition in (*) Yemen. In 2018, women in this country gained the right to drive. The 2018 murder of vocal critic Jamal Khashoggi was ordered by this country’s Crown Prince Mohammad bin Salman. For 10 points, name this authoritarian Middle Eastern country whose capital is Riyadh.",ANSWER: Saudi Arabia [prompt on Arabia; prompt on Saudi Vision 2030]
2022 SHOW-ME,5,4,"A player of this instrument created the oratorio The Manger and formed a trio with Alfred Cortot and Jacques Thibaud. A player of this instrument founded the Silk Road Ensemble and played frequent solos for the film Crouching Tiger, Hidden Dragon. A player of this instrument married to Daniel Barenboim recorded Elger Concerto in E Minor before her career ended at age 28 due to (*) multiple sclerosis. Mstislav Rostropovich played the Davidov Stradivarius, one of these instruments that belonged to Jacquline du Pré and now belongs to a Chinese master who often plays Bach’s Suites in C Minor. For 10 points, Yo-Yo Ma plays what largest string instrument?",ANSWER: cello [or violoncello]
2022 SHOW-ME,5,5,"This island’s indigenous Gaoshan people are descended from Austronesian settlers. On this island, the Kingdom of Tungning was established by the pirate Koxinga. Descendents of Hakka hill people make up about 20 percent of this island’s population. Fort Zeelandia was an early trading post on this island, whose colonial name comes from the (*) Portuguese for “beautiful island.” This island was held under martial law during the White Terror. After the Chinese Civil War, Chiang Kai-Shek and the rest of the Kuomintang fled to this island. For 10 points, Formosa was the former name of what island off the coast of southern China?",ANSWER: Taiwan [prompt on Formosa before mention]
2022 SHOW-ME,5,6,"One of these animals attends a banquet in Skyland, but is dropped to earth, and is the trickster Mbeku in Igbo myth. The legs of one of these animals named Ao [“ow”] supports the sky in Chinese myth. Sky Woman convinces animals to place dirt on the back of one of these creatures. The bandit Sciron would (*) feed people to one of these animals. Akupara, or Vishnu’s avatar Kurm, is one of these animals that carries the world on its back. Apollo made the first lyre from bull intestines and the shell of one of these animals. For 10 points, an Aesop fable describes a hare losing a race against what slow animal?",ANSWER: turtles [accept tortoises; accept Turtle Island]
2022 SHOW-ME,5,7,"One form of these cells common in gut mucosa contains a gamma delta receptor instead of an alpha beta receptor. Overproduction of IL-10 and TNF-alpha by these cells can cause chronic inflammation. ICOS and OX40 receptors are expressed on these cells, whose “invariant” type fights obesity and can rapidly produce cytokines [SAI-toh-kines]. The (*) MHC complex is found in CD4 and CD8 types of these cells, which bind to antigen-presenting cells such as macrophages. These cells have “cytotoxic” and “helper” varieties. For 10 points, name these lymphocytes that mature in the thymus and control the immune response alongside B cells.",ANSWER: T cells [or T lymphocytes; or natural killer T cells; or invariant natural killer T cells; or gamma delta T cells; or CD4 T cells; or CD8 T cells; or helper T cells; or regulatory T cells; or cytotoxic T cells; prompt on white blood cells; prompt on lymphocytes until read]
2022 SHOW-ME,5,8,"In this novel, a disagreement about two black hens results in the death of Fresleven the Dane. In this novel, staves carried by one group of people leads the narrator to call them “pilgrims.” The narrator of this novel is assisted by a Russian named “Harlequin” at the Inner Station. This novel opens with a frame story set aboard the (*) Nellie. A pamphlet containing the line “Exterminate all the brutes” is given to the narrator by a character in this novel who yells, “The horror!”, Mister Kurtz. For 10 points, name this Joseph Conrad novel in which Marlow pilots a steamship on the Congo River.",Answer: Heart of Darkness
2022 SHOW-ME,5,9,"This player was the subject of ESPN analyst Max Kellerman’s “cliff theory.” Given the success of backup Matt Cassel in the 2008 season, this player is often labeled as a “system quarterback.” This player was the first to receive a unanimous MVP decision after the 2010 regular season. This quarterback led a comeback against the Atlanta (*) Falcons after being down by a score of 28-3. In 2022, this player’s wife Giselle Bündchen filed for divorce after he resigned to play on a team with Julio Jones. For 10 points, name this Tampa Bay Buccaneers quarterback who previously played for the New England Patriots for 20 years.",ANSWER: Tom Brady [or Thomas Edward Patrick Brady Jr.]
2022 SHOW-ME,5,10,"During a battle in this conflict, the strings of Genoese crossbows were weakened by rain and the blind king John of Bohemia died after tying his horse to a cavalry charge. A battle in this conflict began after a crown was stolen from a baggage train and saw its victors use wooden stakes in the muddy ground to defeat the cavalry of Charles d’Albret. That battle on St. (*) Crispin’s Day in this conflict was decided by Welsh longbowmen. A young maid lifted the siege of Orléans during this conflict, whose battles included Crécy and Agincourt. Joan of Arc helped end, for 10 points, what very lengthy war between medieval France and England?",ANSWER: Hundred Years’ War
2022 SHOW-ME,5,11,"Jaume Plensa [how-may plen-sah] designed this city’s Crown Fountain, which consists of two brick walls featuring LED screens that continuously display a series of faces. A bronze statue of The Republic was designed by Daniel Chester French for an event in this city that sparked the City Beautiful movement. This city contains Frank Lloyd Wright’s (*) Robie House. Daniel Burnham redesigned this city in advance of the 1893 World’s Columbian Exhibition. A Fazlur Khan-designed skyscraper in this city is a few blocks from a reflective Anish Kapoor sculpture titled Cloud Gate. For 10 points, name this city home to the Willis Tower and “the Bean.”",ANSWER: Chicago
2022 SHOW-ME,5,12,"Two pi times this value is the denominator of the prefactor of the Cauchy integration formula. This number and its negative are not second roots of unity, but are fourth roots of unity. Cosine theta [thay-tuh] plus this value times sine theta is equal to e to the power of theta times this number, according to (*) Euler's [oiler’s] formula. This number appears on the y-axis of the unit circle. This number appears in solutions to quadratic equations when the discriminant is negative, and is a solution to the equation x^2 + 1 = 0 [x squared plus one equals zero]. For 10 points, name this number defined as the square root of negative one.",ANSWER: i [or the imaginary unit; accept –i; accept the square root (of) negative one]
2022 SHOW-ME,5,13,"The author of this novel self-inserted himself as the head of a reformatory who encounters a youth that kills an engineer obsessed with Abraham Lincoln. A “queen of bootleggers” in this novel moves to Sophiatown, but later moves in with Mrs. Lithebe. The protagonist of this novel falls asleep on a mountaintop at the same time as his son’s execution. Characters in this novel include the prostitute (*) Gertrude and two Zulu priests. Theophilius Msimangu helps the protagonist of this novel discover that his son Absalom is on trial for the murder of Arthur Jarvis. For 10 points, name this novel about Steven Kumalo by Alan Paton.","ANSWER: Cry, the Beloved Country"
2022 SHOW-ME,5,14,"Christopher Hookway described this school’s epistemology as fallibilist in a book that compared a thinker from it to Josiah Royce. One philosopher from this school stated that our conception of an object consists of the effects that object has, which is known as this school’s maxim. A work that refers to this school as “a (*) new name for some old ways of thinking” illustrates its method using the example of a man who chases a squirrel around a tree. A thinker from this school defended religious faith in the lecture “The Will to Believe.” For 10 points, William James popularized what American philosophical school that emphasized practicality?",ANSWER: pragmatism [accept pragmatic maxim or pragmatic method]
2022 SHOW-ME,5,15,"The enslaved man Paul Jennings described how an attack on this city was stopped by a hurricane. This city’s location was decided as part of a “dinner table bargain.” The McMillan plan renovated this city’s downtown, which was designed on a grid with “grand avenues” by Pierre l’Enfant. Montgomery Meigs confiscated Robert E. Lee’s estate outside of this city for use as a (*) cemetery in 1864. People from this city picnicked and watched the Battle of Bull Run. Dolly Madison saved the Lansdowne Portrait as the British burned this city during the War of 1812. For 10 points, name this capital of the United States.","ANSWER: Washington, D.C. [or the District of Columbia; prompt on Washington; prompt on Arlington with “What larger city is it considered part of today?”]"
2022 SHOW-ME,5,16,"A rumor claims that this person was the model for an animatronic that was compared to “Jon Voight after a chemical spill.” This person’s cousin Madonna tweeted a video of them dancing together and saying “Go snatch!” a certain position. This person’s health was questioned after collapsing at a New York 9/11 memorial and earlier appearing amazed at (*) balloons in Philadelphia. This person filmed a bizarre video on Mays Island in Cedar Rapids. The book What Happened describes a campaign in which this politician told people to “Pokémon Go to the polls.” For 10 points, name this politician who lost the 2016 election to Donald Trump.",ANSWER: Hillary Clinton [or Hillary Rodham Clinton; reject “Bill Clinton]
2022 SHOW-ME,5,17,"The treatment of these people was the subject of the “black arm band” versus “white blindfold” debate in the “history wars.” The Mabo case overturned the “terra nullius” doctrine towards these people’s land. Dot painting called papunya tula is practiced among these people who created communities called outstations and performed (*) firestick farming. The report Bringing Them Home led to Kevin Rudd’s apology to these people for the forced schooling of their children as part of the Stolen Generation. In 1985, Ayer’s Rock was returned to the Anangu tribe of these people under the name Uluru. For 10 points, name these Indigenous people of Australia.",ANSWER: Aboriginal Australians [or Aborigines; prompt on Australians; prompt on Indigenous Australians]
2022 SHOW-ME,5,18,"In a book by this author, a man imagines a giant yellow bird freeing him from a prison cell. A novella by this author follows an “American geisha” who lives in a brownstone owned by Mr. Yunioshi. Perry Smith and Bill Hickock were interviewed for a “true-crime novel” by this author. This friend of Harper (*) Lee inspired the character of Dill in To Kill a Mockingbird. This author, who partly fictionalized the murder of the Clutter family in Holcomb, Kansas in one book, chronicled the socialite Holly Golightly in another whose film adaptation starred Audrey Hepburn. For 10 points, name this author of In Cold Blood and Breakfast at Tif any’s.",ANSWER: Truman Capote
2022 SHOW-ME,5,19,"This language is sorted using the PICS labels. Cascading Style Sheets were developed during the creation of this language, which uses the Document Object Model. This language’s “meta” element is contained within its “head” element and is filtered through the “lang” attribute. While working at CERN, Tim Burners-Lee developed this language. Anchors and (*) tags with angular brackets that enclose code in this language are read by browsers. The W3C supports this language’s fifth version, which added features to reduce dependency on CSS and Javascript. For 10 points, name this language used to create webpages which are then moved using HTTP.",ANSWER: HTML [or Hypertext Markup Language; reject “HTTP” or “Hypertext Transfer Protocol”]
2022 SHOW-ME,5,20,"An artist from this movement depicted a hand dabbing a foot with a cotton ball in a rendition of his own studio titled “Foot Medication.” An artist from this movement painted the splash from an unseen person jumping off a yellow diving board. An artist from this movement created “Oxidation Paintings” by urinating on the canvas. David Hockney is an artist from this movement. (*) Ben-Day dots were used by an artist in this movement in works such as Whaam! and Drowning Girl. Many silkscreens from this movement were made in The Factory. For 10 points, name this art movement pioneered by Roy Lichtenstein and Andy Warhol.",ANSWER: Pop Art
2022 SHOW-ME,6,1,"This thinker may have created the stereotype of overbearing Jewish mothers after visiting Eastern European shtetls. This thinker contrasted the peaceful Arapesh and warlike Mundugumor peoples in a book that examines the “primping” of Tchambuli men. Derek Freeman refuted this thinker’s “Fateful Hoaxing” that the taupou system only applied to nobles. Films of women holding kris daggers to their chests and dancing in Bali were recorded by Gregory Bateson and this student of Franz Boas, who observed relaxed sexual norms amongst adolescent girls on the island of Ta’u. For 10 points, name this anthropologist who wrote Coming of Age in Samoa.",Margaret Mead [accept The Fateful Hoaxing of the Margaret Mead]
2022 SHOW-ME,6,2,"This country thanked Rutherford B. Hayes for negotiating its borders by naming a state after him. Jesuit missionaries were based in this country’s capital, which was named for a feast day of Mary. The world’s largest water aquifer resides primarily beneath this country and is named for its Guarani people. This country’s rural western half is part of the Chaco. This country is on the western side of the Paraná River whose Itaipu Dam it shares with Brazil. Along with Bolivia, this country is the only landlocked nation in South America, and it lies north of Argentina. For 10 points, name this country whose capital is Asunción.",Paraguay
2022 SHOW-ME,6,3,"Prime ministers of an empire in this modern-day country were given the title “peshwa.” An empire that once presided in this country was conquered by the nomadic Hephthalites who were also known as the “White Huns.” A ruler in this country allegedly killed 99 of his siblings to secure the throne and place Lion Capitals on top of massive rock inscriptions. The founder of an empire in this country clashed with Seleucus I and was advised by the polymath Chanakya. A ruler from this country later converted to Buddhism after the bloody Kalinga War. For 10 points, name this modern-day country once ruled by Chandragupta Maurya and Ashoka the Great.",India [accept Bharat; the 2nd line “ancient text” is referring to the Rigveda]
2022 SHOW-ME,6,4,"While shooting mice, a character in this novel wakes Hungry Joe before diving into a trench. A character in this novel sits naked in a tree at the funeral of a man who repeated “I’m cold” after being shot. In this novel, a character censoring letters signs them “Washington Irving” while under Doc Daneeka’s care. Chocolate-covered cotton is sold by M&M Enterprises in this novel, in which an IBM machine promotes a man to Major Major Major Major. A character in this novel feigns insanity to get out of bombing raids but is unable due to the title paradox. For 10 points, name this WWII novel featuring Yossarian, by Joseph Heller?",Catch-22
2022 SHOW-ME,6,5,"Though it’s not damage, the “stress” of this process can be alleviated by ATM and ATR kinases. This process is initiated at “ori” sites. During this process, topo•isomerase helps relieve torsional strain. RNA primers serve as starting points for the formation of Okazaki fragments in this process that sees them later reannealed by a ligase. This semiconservative process occurs during the S-phase of mitosis and includes the formation of a namesake “fork.” Leading and lagging strands are present during this process. For 10 points, DNA polymerase is involved in what process in which new DNA strands are created?",DNA replication [accept DNA synthesis]
2022 SHOW-ME,6,6,"It’s not by Gainsborough, but this painting’s central subject wears Dutch wax cotton and appears decapitated in an installation titled for being “After” its artist, by Yinka Shonibare. This painting depicts a woman wearing a shepherdess hat and a statue inspired by Etienne Falconet topping a column on its left side. A barking white dog appears in front of a shadowy man originally drawn as a priest pulling ropes in this painting. A putto places a finger to his lips in this painting as a shoe flies over a bush containing a hidden lover. For 10 points, name this Rococo painting by Jean-Honoré Fragonard of a woman on a backyard toy.",The Swing [or L’Escarpolette; or The Happy Accidents of the Swing]
2022 SHOW-ME,6,7,"In his national team debut, this player received a red card just seconds after being substituted in a friendly match against Hungary. This player formed the highest scoring trio with Neymar and Luis Suárez, and in November 2020 was fined 780 euros after taking his shirt off after scoring to honor his recently deceased coach Diego Maradona. This player holds the record for most goals in a calendar year at 91. This seven-time FIFA Ballon d’Or winner has a notorious rivalry with Cristiano Ronaldo. For 10 points, name this Argentinian soccer player who transferred to Paris Saint-Germain after spending most of his career at F.C. Barcelona.",Lionel Messi
2022 SHOW-ME,6,8,"A rule this scientist names with Merle Randall relates the fugacity of a real gas to the mole fraction of each species in a mixture. This scientist’s jealousy of Irving Langmuir was proposed as a reason for suicide after he was founded dead in a hydrogen cyanide lab at Berkeley. This scientist named the photon. Boron trifluoride and other electron-pair acceptors are classified as acids in this scientist’s system. A diagram named for this scientist places valence electrons around the chemical symbol of an element. For 10 points, name this American chemist who visualized bonds between atoms with his namesake “dot structures.”",Gilbert Lewis [accept Lewis dot structure]
2022 SHOW-ME,6,9,"This poet “disappeared in the dead of winter” according to a poem memorializing him that states “Poetry makes nothing happen.” This poet compares “God’s holy fire” to “the gold mosaic of a wall” in one poem. The speaker of a poem by this poet dreams of “A drunken, vainglorious lout” and claims that “All has changed, changed utterly.” This poet, who repeatedly states “A terrible beauty is born” in that poem, wrote “an aged man is but a paltry thing” in another poem that begins “That is no country for old men.” For 10 points, name this Irish poet of “Easter, 1916” and “Sailing to Byzantium.”",William Butler Yeats [or W.B. Yeats]
2022 SHOW-ME,6,10,"This state’s all-Black settlement of Nicodemus was settled in 1877 by Exodusters. William Quantrill’s pro-slavery bushwhackers destroyed the Free State Hotel in this state. William Allen White denounced populism in an editorial titled “What’s the Matter with [this state]?” Skirmishes between Free-Staters and Border Ruffians in this state culminated in the Pottawatomie massacre led by John Brown. A bill named for this state and its northern neighbor repealed the Missouri Compromise in favor of “popular sovereignty,” leading to this state’s “Bleeding” period. For 10 points, name this state which appears in an 1854 act before Nebraska.",Kansas [accept Kansas-Nebraska Act]
2022 SHOW-ME,6,11,"A character in this play describes taking drugs like “a bank of fog in which she hides and loses herself…to forget we’re alive.” A character is told he has “the makings of a poet…that morbid craziness” in this play and is later diagnosed by Dr. Hardy. A character in this play awkwardly plays the piano and fetches her old wedding dress from the attic in a morphine binge. The failed James discusses playing Othello in this play, whose other characters include the morphine addict Mary and the tuberculosis stricken Edmund, all members of a dysfunctional family. For 10 points, name this play about the Tyrone family be Eugene O’Neill.",Long Day’s Journey Into Night
2022 SHOW-ME,6,12,"In a photo by this artist, two men walk past a billboard of a man in a recliner chair. Paul Taylor produced captions for this artist’s book An American Exodus, which includes a photo of a long New Mexico road. After Ansel Adams, this artist visited Manzanar to take gritty photos of children taking the Pledge of Allegiance. An old man leans against a wood fence in this photographer’s White Angel Breadline. While working for the Farm Security Administration, this artist photographed pea picker Florence Owens Thompson gazing into the distance as her children cling to her. For 10 points, name this photographer of Migrant Mother.",Dorothea Lange
2022 SHOW-ME,6,13,"A figure in this text advocates a “strong axe of non-clinging” to relinquish human action from a tree’s roots. Barbarik witnessed this text’s central action from a hill. Purity, passion, and ignorance are the three gunas that appear in this text. During the Trinity Nuclear Test, Robert Oppenheimer recited this text’s quote of “I Am Become Death, The Destroyer of Worlds.” This central text of the Hare Krishna movement depicts a charioteer teaching a prince about jnana and karma as they ride to fight for the Pandavas in the Kurukshetra War. For 10 points, name this dialogue between Arjuna and Krishna within the Mahabharata.",Bhagavad Gita [prompt on the Gita; prompt on the Mahabharata before mention with “What part?”]
2022 SHOW-ME,6,14,"An equation for the frequency of this phenomenon multiples the rate of star formation by a series of probabilities and time. This phenomenon may be purposefully spread through directed panspermia. This phenomenon is searched for by the Breakthrough Listen project and other projects operated by SETI. A hypothetical “great filter” may prevent the development of this phenomenon, whose frequency is estimated by the Drake equation. The Fermi paradox asks why this phenomenon appears to be rare. For 10 points, name this phenomenon that is only known to exist on Earth, but may also exist on other habitable planets.",life [or living organisms; accept civilization; accept aliens; accept extraterrestrials or extraterrestrial life or ETs]
2022 SHOW-ME,6,15,"A Timothy Winegard history of this animal describes how it annihilated Scottish settlers in the Darien Scheme. A region named for these animals was home to the Poyais Scheme and was a British-dominated area of Nicaragua. The Greeks nicknamed these animals “General Anopheles” for how well they killed Persians. Research by Ronald Ross led to nets and sleeping bags as a protectant against these animals. Sickle cell natural selection occurred among African ethnic groups because of a disease spread by these animals, which kill more people per year than any other. Malaria is carried by, for 10 points, what blood-sucking insects?",mosquitos [accept Mosquito Coast]
2022 SHOW-ME,6,16,"A 9,500-year-old grave for one of these non-human animals was found on Cyprus in 2004. One of these animals served as mayor of the Alaskan town Talkeetna from 1997 to 2017. X-chromosome inactivation gives some of these animals a distinctive tri-color coat. One of these animals named Freya briefly served in a U.K. government position after another of these animals named Larry was sacked for laziness. These animals are supposedly attracted by the noise “pspsps,” and have a righting reflex that allows them to almost always land on their feet. For 10 points, name these household animals, breeds of which include Persian and Siamese.",housecats [accept kittens; accept scientific words such as kitties]
2022 SHOW-ME,6,17,"In a novel from this country, the dead title character reminisces about Susana as a ghost in the town of Comala. Recipes begin each chapter of a book set in this country about Tita cooking to deal with her anxiety. Pedro Páramo and Like Water for Chocolate are novels set in this country, as is another in which a newspaper tycoon leaves his fortune to a housekeeper in a hidden will. In a novel from this country, Tomás Arroyo kills a mysterious author based on Ambrose Bierce’s disappearance. The Death of Artemio Cruz is a novel set in, for 10 points, what home country of Carlos Fuentes, who wrote about Pancho Villa in The Old Gringo?",Mexico [or United Mexican States or Eatados Unidos Mexicanos]
2022 SHOW-ME,6,18,"In a ballet by this composer, syncopated woodwinds play the phrase “B, C, A, B, C-A,” the last notes of which are picked up by tubas. A bassoon solo features in a berceuse before the finale of that piece by this composer, which switches from 3/2 to 7/4 time. An egg containing Koschei's soul is destroyed by Prince Ivan in a ballet by this composer with an “Infernal Dance.” Another ballet by this composer written for Sergei Diaghilev’s Ballets Russes company ends with the notes “D-E-A-D” in a section where a girl dances to death in a ballet. A riot occurred at the Paris premiere of a ballet by, for 10 points, what composer of The Firebird and The Rite of Spring?",Igor Stravinsky [or Igor Fyodorovich Stravinsky]
2022 SHOW-ME,6,19,"This phenomenon disappears with “which-path” information in the delayed-choice quantum eraser experiment. Concentric rings caused by this phenomenon are named after Issac Newton. A device named after this phenomenon used a beam splitter to disprove the existence of luminiferous aether. Along with diffraction, a pattern caused by this phenomenon is visible in Young's double-slit experiment. The constructive and destructive types of this phenomenon result from coherent and correlated waves. For 10 points, name this phenomenon in which two waves combine.",interference [prompt on “superposition”; accept Michelson-Morley interferometer]
2022 SHOW-ME,6,20,"During a massacre by this country’s army, Nazi party member John Rabe set up a “Safety Zone” to protect civilians. The U.S. refused to prosecute scientists from this country’s Unit 731 in exchange for its data from testing biological weapons on live prisoners. This country invaded its neighbor under the pretext of the Marco Polo Bridge Incident. This country’s army employed thousands of “comfort women” who were forced into sexual slavery; its army also killed around 200,000 civilians during the “Rape of Nanjing.” For 10 points, name this country that committed many war crimes under Emperor Hirohito.",Japan [or Nihon-koku; or Nippon-koku; or Empire of Japan; or Dai Nippon Teikoku; or Japanese Empire]
2022 SHOW-ME,7,1,"One of these bodies named Pan is considered a “shepherd” because it helps form the Encke Gap. The Herschel crater on one of these bodies gives it an appearance resembling the Death Star. One of these objects is the most reflective body in the solar system and has water vapor plumes emanating from its “tiger stripe” regions. The largest of these bodies contains (*) lakes of liquid hydrocarbons and was studied by the Huygens probe. There are 83 confirmed examples of these bodies including Mimas, Enceladus, and Titan. For 10 points, the Cassini probe photographed what celestial bodies while studying the rings of the planet they orbit?",moons of Saturn [or Saturn’s moons; or natural satellites of Saturn; or Saturnian moons; prompt on moons or natural satellites by asking “of what planet?”]
2022 SHOW-ME,7,2,"This composer took over when a conductor snorted snuff in the middle of the premiere of a piece by him that calls for four offstage brass ensembles. The Rákóczi [rah-KOH-see] March opens this composer’s “dramatic legend” of The Damnation of Faust. This composer profiled over 60 instruments in his Treatise on Instrumentation and Orchestration. An onstage English horn and offstage oboe depict a conversation between two (*) shepherds in a symphony by this composer in which the clarinet carries the idée fixe theme. The final second-to-last movement of that symphony by this composer is called the “March to the Scaffold” and precedes a witches’ sabbath. For 10 points, name this French composer of Symphonie Fantastique.",Hector Berlioz
2022 SHOW-ME,7,3,"The name of this place is thought to come from the Akkadian word for a plain or steppe. Mormons believe this location to be placed in Jackson County, Missouri. Two of the four rivers flowing from this location are the Pishon and Gihon. The Land of Nod is found to the east of this place, which is guarded by a (*) flaming sword and cherubim. The principle of “original sin” is derived from an event in this location that caused its residents to flee in shame due to their nakedness. A serpent tricks a resident of this place into eating the forbidden fruit. For 10 points, name this location in Genesis from which God banishes Adam and Eve.",Garden of Eden [prompt on Paradise; prompt on the Garden]
2022 SHOW-ME,7,4,"One ruler of this empire commissioned al-Sahili to construct an audience chamber for its capital. The territory acquired after conquering Kaniaga from the Sosso Empire was one of this empire’s “twelve doors.” Mud bricks were used to construct this empire’s Sankore University. This empire was founded after Sumanguru was defeated by an alliance led by (*) Sundiata at the Battle of Kirina. Griots maintained the oral stories of this empire, including one in which its ruler crashes the economy of Cairo through gold depreciation during a lavish hajj. For 10 points, name this empire ruled from Timbuktu whose rulers included Mansa Musa.",Mali Empire
2022 SHOW-ME,7,5,"In one work by this poet, a bird laments that “humankind cannot bear very much reality.” That work by this poet describes the rose garden of a decaying manor after discussing “time present and time past.” A poem by this author of “Burnt Norton” describes “those pearls that were his eyes” in reference to the “Phoenician Sailor” card drawn by (*) Madame Sosostris. This author ended a section of a poem titled “What the Thunder Said” with the phrase “Shantih [SHAHN-tee] shantih shantih” The first section of a work by this poet, “The Burial of the Dead,” opens by stating “April is the cruelest month.” For 10 points, name this poet of The Waste Land.",T. S. Eliot
2022 SHOW-ME,7,6,"A server in this video game displays journalism from oppressive countries in the Uncensored Library. Kristoffer Zetterstrand created most of the paintings in this game, including one of a pixelated fighter touching a giant hand; the only painting not by him shows three black skulls atop a brown-colored “T,” depicting how to summon an in-game boss. Absurd luck with (*) blaze rod drops in this game was used to accuse the streamer Dream of cheating a speedrun. A mix-up in the height and width coordinates of a pig gave rise to an iconic enemy from this game known as the Creeper. For 10 points, name this sandbox game with blocky, 3-D characters.",Minecraft [accept Minecraft: Java Edition]
2022 SHOW-ME,7,7,"This man hosted events in which immigrants would walk through a giant “melting pot” as part of his Sociological Department. Walter Reuther’s unionbusters beat protestors of this man’s River Rouge Plant at the Battle of the Overpass. This American was praised in Mein Kampf for publishing anti-semitic articles through his newspaper The (*) Dearborn Independent. A five-dollar work day and mass usage of the assembly line were pioneered by this man for the creation of a product he joked was available in any color “so long as it was black.” For 10 points, name this Detroit-based industrialist whose namesake car company created the Model T.",Henry Ford
2022 SHOW-ME,7,8,"This character is given a note reading “Marshall Aid. Thirty-Two Million Francs” and told to bankrupt a member of SMERSH. This character meets Gala Brand while investigating Hugo Drax’s construction of a weapon from a stolen space shuttle. John Gardner wrote novels about this character, who orders a Vesper (*) martini in his first appearance. In a novel, this character is tasked with bankrupting Le Chiffre at baccarat. Many novels featuring this character were written at the Goldeneye estate in Jamaica. For 10 points, name this protagonist of Moonraker and Casino Royale, an MI6 [“M-I six”] agent created by Ian Fleming whose codename is 007 [“double O seven”].",James Bond [accept 007 before “007”]
2022 SHOW-ME,7,9,"A deep-sea type of these animals has a pelican-like mouth, a hinged jaw, and a bioluminescent tail, and is called their “gulper” variety. The European species of these animals’ reproductive cycle was unknown for ages, leading Aristotle to conclude that they spontaneously generate; they actually breed in the Sargasso Sea. These fish of the order Anguilliformes [an-GWILL-ih-form-eez] have a (*) “conger” variety, as well as a large yellow freckled variety called the “moray.” This common name is shared by a South American fish that stuns its prey by discharging up to 600 volts of electricity. For 10 points, name these elongated, snake-like fish.",eels [accept specific types such as gulper eels or European eels; accept electric eels; accept Anguilliformes before “Anguilliformes”]
2022 SHOW-ME,7,10,"Baby Dodds pioneered “ride patterns” on this instrument of two eighth notes and a quarter note. The bebop trick of speeding up music by staying “on top of the beat” with this instrument was developed by “Big Sid” Catlett and perfected by Max Roach. The Jazz Messengers accompanied a performer of this instrument named Art Blakey. A solo on this instrument played by Gene (*) Krupa opens Benny Goodman’s Sing Sing Sing. Buddy Rich did not use matched grip while playing these instruments that can play sustained notes called rolls. For 10 points, name this percussion jazz instrument consisting of cymbals and tom-toms that are hit with pedals and sticks.",drums [or a drum kit; or a drum set; accept a drum roll]
2022 SHOW-ME,7,11,"This quantity is increased when a system has a lower zero-point energy due to having heavier isotopes. This quantity over R has a negative slope when the natural log of K and 1 over T are plotted against each other. The rate constant is given as e raised to negative this quantity over RT in the Arrhenius equation. On a reaction coordinate, this quantity is the (*) difference between the transition state and the reactants. This quantity is lowered by catalysts to increase the reaction rate. For 10 points, name this minimum amount of energy required for a reaction to occur, symbolized E-sub-a.",activation energy [or activation enthalpy; accept activation after “energy”; prompt on E-sub-a]
2022 SHOW-ME,7,12,"One god from this culture made the sun appear halved because he was missing a leg, causing his brother to club him out of the sky. While fighting a crocodilian monster to create the earth, one god from this culture lost his foot. This culture’s war god flayed himself to bring food to humanity. A god from this culture was born from an impregnated (*) ball of feathers and was represented by the hummingbird. This culture’s first humans were created when a “feathered serpent’s” blood mixed with the bones of its underworld, Mictlan [MEEK-tlan]. For 10 points, name this Mesoamerican culture that venerated gods like Quetzalcoatl [keet-zal-co-ATT-ll] and Huitzilopochtli [hwee-zil-oh-POKE-tlee].",Aztecs [accept Mexicatl; accept Nahuatl; reject “Mexicans”]
2022 SHOW-ME,7,13,"This ruler was forced to return the Maastricht to the Netherlands in the Treaties of Nijmegen [nigh-MAY-guhn]. This ruler’s so-called “daughters” were women recruited to populate a New World colony. Jean-Baptiste Colbert was a minister of this ruler. In addition to starting the War of Devolution, this ruler faced a rebellion of noblemen and Parliament, called the Fronde, who opposed Cardinal (*) Mazarin. Many Huguenots were displaced after this ruler issued the 1685 Edict of Fontainebleau, which revoked the Edict of Nantes. The Palace of Versailles [vair-SIGH] was ordered to be constructed by, for 10 points, what longest-ruling “Sun King” of France?",Louis XIV [the 14th] [or Louis the Great; or Louis le Grand; prompt on the Sun King before mention; prompt on Louis]
2022 SHOW-ME,7,14,"A character created by this author mistakes a pile of receipts for a secret manuscript of General Tilney due to her imagination from reading novels with Isabella Thorpe like The Mysteries of Udolpho. In another novel by this author, a cleverness competition during a Box Hill picnic upsets Ms. Bates and a man who deters a protagonist’s romance with Frank Churchill. The estate of (*) Pemberly names a massive fanfiction collection for this author’s six “novels of manner.” This author of Northanger Abbey wrote a novel in which Mr. Knightley marries the aspiring matchmaker Emma. For 10 points, name this author who depicted Mr. Darcy and Elizabeth Bennett in Pride and Prejudice.",Jane Austen
2022 SHOW-ME,7,15,"This modern-day leader is protected online by the 50 Cent Army who spam critical posts. This leader’s administration outlined “Eight Musts” promoting his country’s “peaceful development” and “social harmony.” Terry Branstad was tapped as ambassador to this leader’s country due to his time spent in Muscatine, Iowa as an agricultural delegate. In 2021 textbooks on this leader’s namesake (*) “Thought” were added to his country’s school curriculum. The Belt and Road Initiative began under this leader, who banned satirical depictions of him as Winnie the Pooh. For 10 points, name this current president of China.",Xi Jinping [shee jeen-peeng] [accept Xi Jinping Thought or Xiism]
2022 SHOW-ME,7,16,"A painting by this earlier artist inspired a later painter’s series depicting its central subject blurring into curtain folds and screaming. A historical work by this artist shows Ambrosio de Spinola receiving the keys to the title city from Justin of Nassau. Francis Bacon was inspired by this artist’s Portrait of Pope Innocent X [“the tenth”]. This artist of The (*) Surrender of Breda appears in a painting wearing the red cross of the Order of St. James on his chest. The daughter of King Philip IV is accompanied by the title “maids of honor” in a painting by, for 10 points, what Spanish artist who depicted the Infanta Margarita in his painting Las Meninas?",Diego Velazquez
2022 SHOW-ME,7,17,"These particles are emitted in namesake “generators” by the limited fusion of deuterium [doo-TEER-ee-um] and tritium. Roughly 80 percent of ITER’s [EYE-tur’s] energy will be transferred to these particles. In fission reactors, graphite and water have high cross-sections for these particles and are called their namesake (*) “moderators.” These particles are composed of two down quarks and one up quark. In beta-minus decay, one of these particles turns into a neutrino, an electron, and a proton. Different numbers of these particles are found in each isotope of an element. For 10 points, what particles with zero net charge are found in atomic nuclei?",neutrons [accept neutron generators or neutron moderators; reject “neutrinos”]
2022 SHOW-ME,7,18,"A character in this play is told that her brother died after his appendix burst during a camping trip. A character in this play forecasts the weather with his knee. This play is intended to be performed with no set or props. After a character in this play asks if “human beings ever realize life while they live it,” another character replies (*) “saints and poets, maybe.” In this play, “Blessed Be the Tie That Binds” is sung by a choir led by Simon, who eventually hangs himself. George Gibbs and Emily Webb are characters in this play. For 10 points, the Stage Manager narrates what play about the residents of Grover's Corners by Thornton Wilder?",Our Town
2022 SHOW-ME,7,19,"Roger Verbeek investigated one of these events that triggered the nativist Banten Peasants Revolt. David Keys argued that the Medieval era began when one of these events in 536 precipitated the collapse of societies like pre-Islamic Arabia. One of these events at Huaynaputina caused famines that precipitated Russia’s Time of Troubles. Edvard Munch’s The Scream documents how Norwegian (*) skies turned red from the jet stream after one of these events in 1883. 1815 was the “Year Without a Summer” because one of these events in Indonesia coated the world in ash. For 10 points, name these disasters caused by Mount Tambora and Krakatoa.",volcanic eruptions [accept word forms such as a volcano erupting; accept volcanic events; accept volcanic winter; prompt on ice ages with “What caused it?” ]
2022 SHOW-ME,7,20,"Geoffrey Brennan and Loren Lomasky proposed that this activity has contrasting “expressive” and “instrumental” motivations as a solution to Downs’ paradox. A Condorcet method for this activity avoids situations similar to rock, paper, scissors. Clear preferences cannot be illustrated through this activity by Arrow’s impossibility theorem. A “wasteful” form of this activity is common in (*) “first-past-the-post” systems for it, which are contrasted with a “ranked choice” method. In the U.S., this activity takes place on the first or second Tuesday in November. For 10 points, name this activity that decides officials in a democracy.",voting [accept word forms like casting a vote; accept electing people or word forms such as elections]
2022 SHOW-ME,8,1,"In a work set in one of these locations, a lady personifying Philosophy discusses free will with Boethius [bo-EE-thee-us]. A character informs Crito that he owes a rooster to Asclepius in the Phaedo, which is set in one of these locations. Before leaving for one of these locations, a gadfly claims that “the (*) unexamined life is not worth living.” A character responds to Meletus in his namesake Apology before being sent to one of these places. After being convicted of corrupting the youth, a philosopher drinks hemlock in one of these locations. For 10 points, Socrates died as an inmate in what type of location?",prisons [or jails; accept other obvious equivalents like jailhouses]
2022 SHOW-ME,8,2,"One of these people wonders “when the Allemands would get busy” before the title action of one poem fails. A poem that describes these people's eyes “[shining] the holy glimmers of good-byes” claims that they are given “No mockeries... no prayers nor bells.” One of these people flounders “like a man in fire or lime” before drowning before the narrator’s “helpless sight” in one poem. An (*) “ecstasy of fumbling” is followed by a member of this profession “guttering, choking, drowning” in a poem that denounces the title “old Lie.” For 10 points, name this profession described in “Dulce et Decorum Est” by Wilfred Owen, who died in World War I.",World War I soldiers [accept equivalent answers like army men or infantrymen; accept “Anthem for Doomed Youth”; reject answers mentioning wars other than World War I or The Great War]
2022 SHOW-ME,8,3,"John von Neumann pioneered an early design for these components in his paper First Draft of a Report on the EDVAC. Almost all of these components follow the cycle of first fetching memory, then decoding instructions, then executing actions. When applying these components to a motherboard, a thin layer of thermal paste is added to prevent them from (*) overheating and bottlenecking. A computer’s ability to multi-thread comes from the development of multiple cores in these hardware components. For 10 points, Apple’s M2 and Intel’s i9 are examples of what central components that execute a program’s instructions?",CPUs [or central processing units or central processors or microprocessors; prompt on processors]
2022 SHOW-ME,8,4,"Uncooked rice, coconut shells, and dry almonds are part of the eight articles followers of this religion focus prayer through. Followers of this religion consecrate idols to represent the “five auspicious events” like birth and omniscience. This religion emphasizes right faith, right knowledge, and right conduct, called ratnatraya. Followers of this religion’s (*) Svetambara sect often wear muhapatti mouth covers, while its Digambara sect is called “sky-clad” for its followers’ lack of clothing. Mahavira was the last of this religion’s 24 Tirthankaras. For 10 points, name this Indian religion that stresses ahimsa, or nonviolence.",Jainism [or Jain Dharma]
2022 SHOW-ME,8,5,"Holders of this title owned the summer residence of Norbulingka. Holders of this position presided over the Ganden Phodrang and were subject to kidnapping attempts by the Dzungars. The name for this position originated from Altan Khan describing their “ocean of wisdom.” Because of government control over the Golden Urn selection process, this current head of the Yellow (*) Hat School has declined to create a tulku, or rebirth. The current holder of this position has been unable to occupy the Potala Palace after the People’s Liberation Army invaded Lhasa in 1959. Tenzin Gyatso is the 14th incarnation of, for 10 points, what spiritual leader of Tibet?",Dalai Lama
2022 SHOW-ME,8,6,"After this event, one character calls another names that Miss Stephanie says “wild horses could not bring her to repeat” and spits in his face. During this event, Dolphus Raymond drinks Coca-Cola out of a sack to make people think he is an alcoholic. A central figure in this event is asked if he is “good at busting up (*) chiffarobes with one hand” due to his left arm, which was mauled in a cotton gin. This event occurs after Mayella Ewell falsely accuses Tom Robinson of rape. For 10 points, Atticus Finch serves as the defense attorney in what central event of a book by Harper Lee?",the trial from To Kill a Mockingbird [accept the trial of Tom Robinson before mention; prompt on incomplete answers like “the trial”]
2022 SHOW-ME,8,7,"The motion of a rotating torque-free rigid body is constrained by kinetic energy and the three components of this quantity by Poinsot’s construction. Values of this quantity for an orbital are determined by the azimuthal quantum number. A line joining a planet and the Sun sweeps out equal areas during equal intervals of time due to the (*) conservation of this quantity by Kepler’s 2nd Law. This quantity, whose time derivative is torque, is equal to the moment of inertia multiplied by the angular velocity. For 10 points, name this quantity symbolized L, which is the rotational analogue of linear momentum.",angular momentum [accept rotational momentum until “rotational”; prompt on L; reject “momentum” or “spin”]
2022 SHOW-ME,8,8,"Robert Murray’s offer to pay for the damages of this event was rejected. This event inspired a future incident in which the Peggy Stewart was burned in Annapolis. This event was apocryphally incited by the cry, “this meeting can do nothing to save the country.” Thomas Hutchinson refused to grant a permit to return (*) East India Company products before this event, whose aftermath prompted the Intolerable Acts. During this event, the Dartmouth and Eleanor were boarded by Sons of Liberty dressed as members of the Mohawk tribe. For 10 points, name this event in which colonists protested taxes on a “wretched weed” by throwing it into a Massachusetts harbor.",Boston Tea Party
2022 SHOW-ME,8,9,"A World Hockey Association team in this state was where Wayne Gretzky began his career. In 1984, Robert Irsay secretly moved an NFL franchise to this state overnight, where they began playing at the RCA Dome. A shooting guard for an NBA team in this state is nicknamed the “Knick Killer” for his clutch three-pointers. Victors like Hélio Castroneves usually drink (*) milk after winning a Memorial Day weekend sporting event in this state’s city of Speedway. Players for this state’s NFL team, which is coached by Frank Reich, include Darius Leonard and Jonathan Taylor. For 10 points, name this state home to the NBA’s Pacers and the NFL’s Colts.","Indiana [accept Indiana Pacers; do not accept or prompt on franchise names alone, or answers that include “Indianapolis” or “Indy”]"
2022 SHOW-ME,8,10,"Chris Burden was nailed shirtless to one of these objects in his performance art piece Trans-Fixed. Works made from these objects are found at an Art Reserve in Nebraska, where Jim Reinders created a replica of Stonehenge using them. The Aztec gods are invoked in a 27-panel mural series depicting laborers creating these objects by Diego Rivera. One of these objects is declared to be “more beautiful than the Victory of Samothrace” in the (*) Futurist Manifesto. 1960s hippies often had brightly-painted examples of these objects with their logos replaced by a peace sign. For 10 points, name these objects manufactured by companies like Volkswagen.",automobiles [or cars; or minibuses; accept Carhenge; accept specific brands of cars]
2022 SHOW-ME,8,11,"In a work by this author, two characters “lose their shanks” in a cycling accident in the Ardennes. One of this playwright’s characters speaks about the “works of Puncher and Wattman” after being instructed to “Think!” In a play by this author, Nagg and Nell are unable to kiss because they live in dustbins, while in another of his plays two characters swap (*) hats with each other while standing next to a withered tree. This author of Endgame wrote a play in which Lucky is led on a rope by Pozzo [POT-so] while expecting the arrival of a figure who never appears. For 10 points, name this absurdist Irish playwright who wrote Waiting for Godot [GOD-oh].",Samuel Beckett
2022 SHOW-ME,8,12,"All possible versions of these objects form a non-Abelian subgroup of the symmetric group S48. Official events using these objects include FMC and 3BLD. Jessica Fridrich developed the CFOP method for use on these objects. Ways of manipulating these objects are denoted with the uppercase and lowercase letters (*) F, B, U, D, L, and R. Variations of these objects include the Pyraminx. Beginners usually approach these objects layer-by-layer, and may first learn to solve a single face. A Hungarian architecture professor created, for 10 points, what colorful physical puzzles that are the subject of speedcubing competitions?",Rubik’s cubes [prompt on cubes and speedcubing]
2022 SHOW-ME,8,13,"A postage stamp with the words “In the beginning, God…” Frank Borman took a black-and-white photograph named for this object, which was reproduced by William Anders with color film. Reflecting sunlight caused the appearance of faint bands that cut across a photo of this object in which it takes up less than a pixel in one of those bands. A photo of this object titles the sequel to (*) Cosmos, a book by Carl Sagan. The surface of the moon fills the bottom of a photo titled the “rise” of this object. For 10 points, the photographs The Blue Marble and Pale Blue Dot depict what planet?",Earth [accept Earthrise]
2022 SHOW-ME,8,14,"All-girl choruses in this city inspired Alcman to codify the lyric genre of “maiden songs.” This city did not participate in one battle due to the Carneia Festival. Compulsory women’s education was established by this city’s ruler Cleomenes. Women were banned from wearing gold in this city where the agoge program trained men. The Kaidas was a cliff that this city’s residents allegedly (*) threw unhealthy babies off of. This city’s queen Gorgo was married to a king who died fighting Xerxes the Great’s Immortals at Thermopylae named Leonidas. For 10 points, name this Pelopenessian, militaristic city-state that rivaled Athens.",Sparta
2022 SHOW-ME,8,15,"A process synthesizing this compound uses PEP carboxykinase [pehp car-BOX-ee-KAI-nayss] in its rate-controlling step. Two subunits of this compound comprise a molecule named after germinating seeds, or malt. This compound is first acted upon by hexokinase [HEX-oh-KAI-nayss] during its breakdown within the (*) cytosol [SIGH-tuh-sawl]. The human body polymerizes this compound into glycogen [GLY-kuh-jen], while plants polymerize this compound into cellulose and starch. High blood levels of this compound are caused by impaired insulin signaling in diabetes. For 10 points, name this six-carbon sugar produced by photosynthesis.",glucose [accept D-glucose or dextrose or D-glucopyranose; prompt on C6H12O6]
2022 SHOW-ME,8,16,"Igorot people hang coffins off cliffs in this country, where tourists may kayak into an underground river in Puerto Princesa National Park. A fast food chain from here serves hot dogs with spaghetti as well as yumburgers and chickenjoy. Vans called jeepneys are common in this country, which produces Abacá hemp. The Celebes and (*) Sulu seas separate some of this country’s islands. Banana ketchup is from this country and is served at the fast food chain Jollibee. Along with Visayas and Mindanao, this country’s main three islands include Luzon, home to Quezon City. Tagalog is spoken in, for 10 points, what country with capital at Manilla?",Philippines [or Republic of the Philippines; or Republika ng Pilipinas]
2022 SHOW-ME,8,17,"One of these works features an A-flat theme in its Adagio Cantabile second movement and was dedicated to Karl von Lichnowsky. The left hand plays alternating fifths while the right plays a C-sharp minor arpeggio in one of these works’ third movements. Another one of these works includes a three-voice fugue in a non-standard 4th movement and is nicknamed (*) Hammerklavier. One of these works is marked as “quasi una fantasia” and begins with an adagio sostenuto first movement inspired by the reflections on Lake Lucerne. For 10 points, name these works written for a keyboard instrument that includes “Pathetique” and “Moonlight.”",piano sonatas by Ludwig van Beethoven [prompt on partial answers]
2022 SHOW-ME,8,18,"One of these people has to be spoon-fed fish after refusing to cut green ribbons that he had tied too tightly. A character convinces a group of these people not to execute him by claiming to have caused an eclipse on June 21. Hank Morgan is captured by these people after traveling back in time in a book by (*) Mark Twain. A character becomes one of these people at an inn that he mistakes for a castle before fighting windmills that he mistakes for giants. For 10 points, Don Quixote and A Connecticut Yankee in King Arthur’s Court are parodies of tales about what kind of people who are the subjects of chivalric romances?",knights [or knights-errant; prompt on King Arthur’s court or King Arthur’s men or Englishmen with “what occupation did those people have?”]
2022 SHOW-ME,8,19,"The heaviest natural element in this group has a half-life of only 8.1 hours, making it the rarest element on Earth. This group contains the most recently discovered element, named for Tennessee. An element in this group named after the Greek word for “stench” must be stored in sealed vials due to its volatility. All but the lightest element in this group form (*) strong binary acids with hydrogen. This group contains the only solid nonmetal at standard conditions. This group’s elements have very high electron affinities due to their seven valence electrons. For 10 points, name this highly reactive group that includes fluorine and chlorine.",halogens [or group 17; reject “group VII”]
2022 SHOW-ME,8,20,"Abdul the Munshi taught this ruler Hindi. The phrase “We are not Amused” was popularized under this ruler, who gifted the Resolute Desk to the White House. Flora Hastings took over from John Conroy the Kensington System of control over this ruler. To spite Alexander II, the Royal Titles Act granted this ruler a position and a crown made from the (*) Koh-i-Noor Diamond. The death of this ruler’s son Leopold was due to her “curse” of hemophilia. This ruler popularized chloroform during childbirth while having kids like Edward VII with her husband Prince Albert. For 10 points, name this British queen who ruled over the majority of the 1800s.",Queen Victoria [accept Victorian Era]
2022 SHOW-ME,9,1,"This molecule lowers the melting point of rocks in a process known as flux melting. Though this molecule is a greenhouse gas, its global warming potential is zero because its concentration depends on temperature. This molecule can assemble into cage-like structures, forming clathrates [KLATH-rates], most commonly around (*) methane. Two of this molecule occurs in each formula unit of gypsum [JIP-sum]. Unusually, the solid phase of this molecule is less dense than its liquid phase due to hydrogen bonding. In total, this molecule covers the majority of Earth’s surface. For 10 points, name this molecule with the formula H2O.",water [accept H2O before “H2O”; accept water vapor or water ice; prompt on ice by itself]
2022 SHOW-ME,9,2,"This character, who owns a music box with a monkey figurine, appears at a masquerade ball dressed as the Red Death to steal an engagement ring. In one song, a woman calls this character “the unseen genius” before her friend Meg says “you’re talking in riddles, and it’s not like you.” In another song, this character is called “that voice that (*) calls to me and speaks my name.” This so-called “Angel of Music” titles a song in which Christine Daaé sings that he “is there, inside my mind.” For 10 points, name this mask-wearing title character of an Andrew Lloyd Webber musical who haunts a Parisian opera house.",the Phantom of the Opera [or Erik; accept the Angel of Music before mention]
2022 SHOW-ME,9,3,"A character created by this author blows himself up in a metro station after forging the Protocols of the Elders of Zion. In a novel by this author, Ardenti uses a computer to connect the Knights Templar to “telluric currents.” This author, who wrote about Simone Simonini in The Prague Cemetery, ended a novel with formulators of “The Plan” being hanged from the title object in a (*) Parisian museum. In a novel by this author, pages of Aristotle’s Poetics are poisoned by Jorge of Burgos, leading William of Baskerville to investigate murders at a monastery. For 10 points, name this Italian author of Foucault’s Pendulum and The Name of the Rose.",Umberto Eco
2022 SHOW-ME,9,4,"During this century, Moll King ran an underground coffeehouse in London. A queen in this century sent Gerard van Swieten to deal with a supposed vampire outbreak. A queen in this century inherited Joseph I’s land by the Pragmatic Sanction. Fake Crimean villages were built by Grigory (*) Potemkin in this century to appease an empress who defeated Pugachev’s Rebellion. “Republics of Letters” in this century were supported by Madame Geoffrin’s Salon, which hosted Encyclopedists like Denis Diderot. For 10 points, name this century in which Maria Theresa of Austria and Catherine the Great of Russia were examples of “enlightened despots.”",1700s [or the 18th Century]
2022 SHOW-ME,9,5,"This composer’s fourth symphony quotes “In the Field a Birch Tree Stood” while the strings play rapid sixteenth notes, and opens with the brasses playing an A-flat Beethoven-inspired “fate” motif. This composer’s sixth symphony contains a bassoon solo with a dynamic marking of 6 p’s. This composer of the “Winter Dreams” and (*) “Manfred” symphonies wrote a work that included quotations of “God Save the Tsar” and “La Marseillaise” [mar-say-ez] to commemorate the defense of Russia from Napoleon. That piece included a part for the cannon. For 10 points, name this Russian composer of the “Pathetique” symphony and the 1812 Overture.",Pyotr Ilyich Tchaikovsky
2022 SHOW-ME,9,6,"In a work by this poet, the narrator wishes they had “loved a thunderbird instead” and dreams that their lover “sung me moon-struck.” One work by this poet begins “I have done it again. One year in every ten,” while another describes how “the stars go waltzing out in blue and red” and repeats the line “(I think I made you up inside my head.)” This poet described how the title being (*) “rise[s] with [her] red hair and eat[s] men like air” at the end of one poem, and chronicled living while “barely daring to breathe or Achoo” in a poem about a “man in black with a meinkampf look.” For 10 points, name this Confessional poet of “Lady Lazarus” and “Daddy.”",Sylvia Plath (The unnamed poem in the first and third lines is “Mad Girl’s Love Song.”)
2022 SHOW-ME,9,7,"In English, the pronunciation of this letter is usually a postalveolar approximant, but it is a labiodental approximant in the Cockney accent. William Labov studied whether people pronounced this letter in New York department stores. Unless it is linking to a second word, New England dialects (*) drop this letter. After the letter L, teaching this letter’s retroflex and bunched pronunciations is the most common treatment in English speech therapy, which remedies the pronunciation of this letter as W. In Spanish, this letter can be tapped or rolled by trilling the tongue. For 10 points, give this letter that begins the word “Ratatouille.”",R [accept alternate pronunciations like “ur” or “oor”; accept linking R; accept retroflex R; accept bunched R; accept rho; accept rhotacism]
2022 SHOW-ME,9,8,"These things are measured with five fractions consisting of R’s and L’s in the Henry Classification System. The Bertillon system was replaced by a method to classify these things created by Henry Faulds and Francis Galton. The FBI turned a warehouse into a “Factory” for analyzing these things, including ones half-burned from acid belonging to John (*) Dillinger. Ninhydrin is used to detect these things alongside fine powders to find grease residing from friction ridges. Loops, whorls, and arches in these things create unique inputs for Apple’s TouchID. For 10 points, name these unique markings left when people touch things.",fingerprints [accept handprints; accept deramtylographs; prompt on prints; prompt on dactyloscopy with “What does that analyze?”]
2022 SHOW-ME,9,9,"In complex analysis, the viability of performing this operation determines the property of holomorphism. Performing this operation on each component of a square matrix gives a Jacobian matrix. For functions satisfying the conditions of Rolle’s theorem, this operation results in zero somewhere in an open interval. This operation cannot be performed at a (*) cusp, and results in zero at a critical point. Performing this operation on a single-variable function gives the slope of the tangent to the function. For 10 points, name this operation that gives the rate of change of a function, the opposite of integration.",differentiation [or taking the derivative; accept word forms such as derivative or first-derivative; reject “antiderivative” and “second-derivative”]
2022 SHOW-ME,9,10,"People living on this body of water originated the game of chunkey at a site that contains a Woodhenge near a feature named for monks. The Sieur de la Salle claimed this body of water. The Woodland Period and Hopewell culture preceded a culture named for this body of water, of which Natchez People are the oldest surviving tribe, that relied on the “Three Sisters”' crops and built (*) mounds of earth at Cahokia. Hernando de Soto was the first European to cross this body of water that made up the eastern border of the Louisiana Purchase. The Steamboat Era centered on, for 10 points, what river that borders Louisiana?",Mississippi River [accept Mississippian Culture]
2022 SHOW-ME,9,11,"In a story by this author, Joe Hynes is accused of being a spy for Colgan while others discuss mayoral candidate Richard Tierney. In another story, this author of ""Ivy Day in the Committee Room"" described snow “faintly falling” over the grave of one character’s dead lover. In that work, Bartell D'Arcy sings ""The Lass of Aughrim"" at a party, much to the chagrin of (*) Gabriel Conroy. A stream-of-consciousness novel by this author of “The Dead” follows a day in the life of Molly and Leopold Bloom. For 10 points, what author of the short story collection Dubliners also wrote Ulysses?",James Joyce [or James Augustus Aloysius Joyce]
2022 SHOW-ME,9,12,"After this event, the CIA helped smuggle out hundreds of dissidents in Operation Yellowbird. The April 26th Editorial galvanized this event’s participants into opposing the government. Before this event, students presented the “7 Demands'' at the funeral of Hu Yaobang [who yow-BAHNG]. A person photographed blocking a road during this event became known as the (*) “Tank Man.” Up to 300,000 troops were ordered by Deng Xiaoping [deng syao-ping] to violently suppress this event, drawing widespread international condemnation. For 10 points, hundreds to thousands of protesters were killed in what 1989 event in a namesake Beijing plaza?",Tiananmen Square protests and massacre [or June Fourth incident; or 6/4; or Liu Si Shi Jian]
2022 SHOW-ME,9,13,"At the end of this holiday, the fifth Amidah is recited during the Closing of the Gates service. During this holiday, a goat has the sins of the community placed upon it and is released into the wild. Numbers 15:26 is recited three times after the Kol Nidre, a prayer that begins the evening service before this holiday. This holiday is referred to as the (*) “Sabbath of Sabbaths” because observers set aside all physical comforts. This holiday marks the end of the High Holy Days. This holiday falls on the tenth of Tishrei, ten days after Rosh Hashanah. For 10 points, fasting and confessions are performed on what Jewish day of atonement?",Yom Kippur [prompt on Day of Atonement before mention]
2022 SHOW-ME,9,14,"Apoplastic transport in these organs is blocked by the Casparian strip, forcing solutes to move through endodermal cells. The “cap” of these organs contains columella cells which sense gravity using auxins. Epiphytes often have “aerial” examples of these organs, and certain mangroves have (*) upward-growing examples called pneumatophores [noo-MAT-uh-forz]. These organs often form associations with fungi known as mycorrhizas [my-kuh-RAI-zuhs]. The “tap-” variety of these organs is sometimes modified to store nutrients. Tiny “hairs” on these organs provide surface area to absorb water. For 10 points, name these branched organs that anchor plants into the ground.",roots [accept subtypes like aerial roots or taproots; accept root caps or root hairs]
2022 SHOW-ME,9,15,"A version of this painting features several rhino horns next to a fish and land flooded with water. The Cap de Creus peninsula may have inspired the cliffs in this painting. Many brick-like blocks represent atomic weapons in a “Disintegration” of this painting. In this work, long eyelashes and an oozing tongue appear on a mysterious (*) face that may have been a self-portrait of the artist. An object at the bottom left of this painting is covered in ants. This painting’s artist claimed he was inspired by watching Camembert cheese left in the sun. For 10 points, name this Surrealist painting by Salvador Dalí that depicts melting clocks.",The Persistence of Memory [accept The Disintegration of the Persistence of Memory]
2022 SHOW-ME,9,16,"In a story by this author, Alcee has sex with an old flame while her husband buys shrimp at the store. One of this author’s characters repeats the word “free” after Brently supposedly dies in a train crash. A book by this author opens with a parrot repeating a phrase that translates to “go away.” One of this author’s characters weeps during a (*) piano performance by Mademoiselle Reisz [rice]. In a book by this author of “The Story of an Hour,” a character drowns herself in the Gulf of Mexico after Robert Lebrun leaves New Orleans. For 10 points, Edna Pontellier [pone-till-YAY] is the main character of what author’s novel The Awakening?",Kate Chopin [accept Katherine O’Flaherty] (The first line refers to “The Storm.”)
2022 SHOW-ME,9,17,"According to legends about this event, an angel turned an emperor to marble and buried him under the Golden Gate. The Hungarian engineer Orban created the massive Basilic cannon to aid in this event. Greek-speaking scholars like Georges Sphrantes settled in Florence and Venice after this event. The idea that Moscow was a (*) “Third Rome” became popular after this event. The Theodosian Walls fell during this event. The victors of this event converted the Hagia Sophia into a mosque. For 10 points, named this 1453 event in which Mehmed the Conqueror and his Turkish army successfully besieged the capital of the Byzantine Empire.",Fall of Constantinople [accept Conquest of Constantinople; accept Siege of Constantinople; accept answers or synonyms indicating Constantinople being captured by the Ottomans; accept the end of the Byzantine Empire before “Byzantine”; reject “Sack of Constantinople”]
2022 SHOW-ME,9,18,"Some of these structures are non-degenerate by the presence of ligands in crystal field theory, which models their “splitting.” When these structures combine in molecules, the gap between two of them known as the HOMO and LUMO indicate the molecule’s stability. To explain the Lewis structure of methane, Linus Pauling proposed that these structures can undergo (*) hybridization. At most two particles with opposite spins can occupy these structures according to the Pauli exclusion principle. The letters s, p, d, and f each label a differently shaped type of, for 10 points, what regions in which electrons are most likely to be found?",(atomic) orbitals [accept subtypes such as d orbitals; accept molecular orbitals]
2022 SHOW-ME,9,19,"This deity’s soul was maintained in the form of a living ram at Mendes [men-dess]. Gardens in the shape of this deity were annually constructed at his holy site of Abydos [uh-BYE-dohs]. Under Ptolemaic pharaohs, this deity was syncretized with the Apis as the god Serapis. This deity became trapped in a wooden column because he was earlier tricked into (*) entering a box that floated down the Nile. This deity appears wearing the atef crown and holding a crook and staff with green-skinned hands. This deity’s wife Isis collected his body parts after he was hacked to death by his brother Set. For 10 points, name this Egyptian god of the underworld.",Osiris [prompt on Serapis before mention]
2022 SHOW-ME,9,20,"Ongoing land disputes in this country’s Middle Belt between herders and farmers are estimated to have killed hundreds since the late 90s. This country’s army opened fire on #EndSARS [hashtag end SARS] protesters at its Lekki Toll gate in October 2020. Starting in 2020, Fulani bandits in this country have been linked to a string of massacres and mass-kidnappings. Boko (*) Haram is centered in this country’s northeastern provinces. The leader of this country’s separatist Indigenous People of Biafra has a trial date set for October 2022. For 10 points, Muhammadu Buhari leads what most populous African country from Abuja?",Nigeria [or Federal Republic of Nigeria]
2022 SHOW-ME,10,1,"This material is responsible for so-called “zodiacal light” around the Sun’s ecliptic. In space, this material forms through condensation due to stellar winds and supernovas. Absorption of light by this material causes interstellar reddening. In 2004, a namesake probe sampled this material from the comet Wild 2 [vilt two]; comets are made of (*) ice mixed with this material. The interstellar medium is a mixture of gas and this material. On the surface of Mars, this material is dispersed by vortices called its namesake “devils.” For 10 points, name this fine, dry material that is often blown by wind.",dust [accept cosmic dust or interstellar dust; accept Stardust probe/mission; accept dust devils]
2022 SHOW-ME,10,2,"Bruce Reinhart, who approved an action at this place, was criticized by Marco Rubio for donating to Barack Obama. An action at this place prompted a response that the government could have “asked us to put an additional lock on a certain area - DONE!” Judge Aileen Cannon controversially approved a motion for a special master after an action at this place. In (*) August 2022, the Justice Department unsealed a search warrant used in an action at this place. Violations of the Espionage Act are among 11 sets of classified documents retrieved from a raid on this property. For 10 points, name this Palm Beach, Florida residence of a former president.",Mar-a-Lago [or Mar-a-Lago Club; accept uniquely specifying descriptions like Trump’s Palm Beach mansion but prompt on ambiguous descriptions of Trump’s house or synonyms]
2022 SHOW-ME,10,3,"This leader’s slogan “eradicate poverty” was mocked as “eradicate the poor” amidst this leader’s “urban renewal” which saw the destruction of the Turkmen Gate. This leader conducted the Smiling Buddha nuclear bomb tests at Pokhran. During this leader’s tenure, the Anandpur Resolution evolved into the demands of the (*) Khalistan movement. This leader’s son oversaw mandatory vasectomies after a third child during a period called the Emergency. After ordering the destruction of the Golden Temple at Amritsar, this daughter of Jawaharlal Nehru was assassinated by her Sikh bodyguards. For 10 points, name this only female prime minister of India.",Indira Gandhi [prompt on Gandhi; reject “Rajiv Gandhi”; reject “Mohandas Gandhi” or “Mahatma Gandhi”]
2022 SHOW-ME,10,4,"The first of these pieces has an Allegro ending mimicking a bagpipe dance and was arranged for flute by Jean-Jacques Rousseau. One of these pieces in F Major is made of ritornellos representing the death of a stag and hunters “fired up by Bacchus’s liquor.” Rapid sixteenth notes in the second of these pieces’ Presto movement evoke a (*) thunderstorm. Pizzicato strings represent rain on a window in one of these pieces, derived from a series of sonnets written by its composer. The Contest Between Harmony and Invention contains, for 10 points, what violin concertos by Antonio Vivaldi that include “Autumn” and “Winter?”",The Four Seasons [accept Le quattro stagioni; prompt on violin concertos; prompt on Vivaldi violin concertos; prompt on The Contest Between Harmony and Invention until mention]
2022 SHOW-ME,10,5,"At the end of a work by this author, a grave is found underneath a tearoom occupied by dock workers. In a different story by this author, a man calls a gatekeeper “insatiable” after the gatekeeper says he can pass but “Not now.” In a short story by this author, the explorer and the Commandant watch the execution of a condemned man. In that work, the words (*) “BE JUST” are inscribed on the Officer’s back. This author of “In the Penal Colony” wrote about the accused man Josef K as well as a character who wakes up and finds he has transformed into an insect. For 10 points, name this author of The Trial and The Metamorphosis.",Franz Kafka
2022 SHOW-ME,10,6,"Rogyapa destroy these objects and mix them with tsampa flowers after the Tibetan ritual of jhator. A plate of koliva with a candle is placed near these objects and the Trisagion is sung in Eastern Orthodox rituals. Tears [tares] called keriah are made by Jews in a white cloth covering these objects during the week-long period of (*) shiva. The demon Nasu inhabits these things when they are placed inside Towers of Silence by Zoroastrians. The Rite of Committal is administered at Christian events centered on these objects, which may be followed by a wake. For 10 points, name these objects central to religious cremations or burials.",corpses [or dead bodies; accept synonyms such as dead people; accept skeletons; accept bones]
2022 SHOW-ME,10,7,"Thomas Clarkson published a list of people who supported this goal, including its “godfather,” Granville Sharp. Isabel the Redemptress accomplished this goal with a law that succeeded the Rio Branco Law. Supporters of this goal grew after the case Somerset v. Stewart, and wore medallions of a kneeling man created by Josiah Wedgwood. The Saints organized Royal Navy blockades in support of this goal while led by William (*) Wilberforce. While Pedro II [“the second”] was in Europe, this goal was accomplished by Brazil’s Golden Law. For 10 points, name this goal accomplished in the U.S. with the Thirteenth Amendment and the Emancipation Proclamation.",abolition of slavery [accept word forms indicating ending slavery; prompt on abolition with “Of what?”]
2022 SHOW-ME,10,8,"Note to Moderators: Read the answerline carefully. Note to Players: Specific Term Required. Before Vatican II [two], bishops would perform this action at the end of the Rites of Confirmation. In the film In the Heat of the Night, Sidney Poitier [pwah-tee-AY] performs this action on a racist man in a greenhouse. This non-popping action names the technique of using the knuckles to hit guitar strings. At the Council of Nicaea, St. Nicholas performed this action on the heretic Arius. During the Sicily Campaign, (*) George Patton performed this action multiple times on shell-shocked soldiers. A man proclaimed “Keep my wife’s name out of your mouth!” at the 2022 Oscars after performing, for 10 points, what open-hand hit that Will Smith used on Chris Rock?",slapping [accept word forms such as a slap; accept a percussive slap; prompt on smacking; prompt on hitting before “hit”; prompt on punching before “Sicily Campaign” with “What similar action with an open hand was performed instead?”]
2022 SHOW-ME,10,9,"This character attempts to defend herself with a broken wine bottle from a man who calls her “the Queen of the Nile.” This character exclaims “I don’t want realism! I want magic!” after another character tears away paper that was obstructing a light bulb. This character’s husband commits suicide while she dances the Varsouviana polka. This character turns on a radio, interrupting her brother-in-law’s (*) poker game. This character states “I have always depended on the kindness of strangers” after being raped by Stanley. For 10 points, name this sister of Stella Kowalski, the protagonist of A Streetcar Named Desire.",Blanche DuBois [accept either underlined portion]
2022 SHOW-ME,10,10,"These structures make up the iridescent “combs” of comb jellies. Vorticella [vor-tih-SELL-uh] and Stentor belong to a phylum named for these structures in which cells have two differently sized nuclei. The “primary” type of these structures is involved in cell signaling rather than movement and contains a “nine plus zero” arrangement of (*) microtubules [micro-TUBE-yoolz]. Other examples of these structures push dirt and mucus out of the human respiratory tract through a continuous beating motion, which is contrasted with the whip- or corkscrew-like motion of flagella [fluh-JEL-uh]. For 10 points, name these cellular structures that resemble hairs.",cilia [SIL-ee-uh] or cilium [accept primary cilia or motile cilia; accept ciliates or Ciliophora]
2022 SHOW-ME,10,11,"The height of buildings in this city is restricted to its Mount Royal. A 103-foot LED cross sits on top of a mountain that gives this city its name. A museum called the “Biosphere” was designed for an event in this city. During winter people here traverse the “Underground City,” a tunnel network formally called RÉSO. An apartment building made of concrete cubes called (*) Habitat 67 was designed by Moshe Safdie for Expo 67 in this city. This city, which hosted the 1976 Summer Olympics, is home to McGill University. This city sits at the confluence of the St. Lawrence and Ottawa Rivers. For 10 points, name this most populous city in Quebec.",Montréal
2022 SHOW-ME,10,12,"This artist depicted a banner reading “beauty adorns virtue” on the back of a portrait. Giovanni Ambrogio partially painted an artwork by this artist which hangs in London’s National Gallery and depicts a grotto. One of this artist’s paintings depicts Cecilia Gallerani holding an animal that alludes to her pregnancy. A painting of Ginevra de’ Benci is the only one in the Americas by this artist of (*) Lady with an Ermine. A winding road appears behind Francesco del Giocondo’s wife in a portrait by this artist whose body language appears to always face the viewer. For 10 points, name this artist of the Madonna of the Rocks and the Mona Lisa.",Leonardo da Vinci [accept either underlined; begrudgingly accept Da Vinky?]
2022 SHOW-ME,10,13,"The viability of a connection between collected data and one of these things is tested by the Andersen-Darling test. If two of these things are similar, a Q-Q plot will resemble the line y = x. Bernoulli names one of these things that represents a single trial of another one. The (*) z-score of a value is expressed in terms of the standard deviation of one of these things. About 68 percent of the sample population is one standard deviation from the mean in one of these things shaped like a bell. For 10 points, name these things used to evaluate data, a “normal” one of which is sometimes named after Gauss.","probability distributions [or probability density functions; or pdfs; accept Bernoulli, binomial, Gaussian, normal, or any other type of distribution; accept bell curves before “bell”; prompt on random variables with “what property of the variable is being examined?”; prompt on quantiles]"
2022 SHOW-ME,10,14,"Dozens of these locations were designed to resemble a bat by Thomas Kirkbride. John Cockerill sponsored a book about one of these locations on Blackwell’s Island. Walter Freeman and James Watts developed a variation of an Egas Moniz invention at these locations that were used on Rosemary Kennedy. The first public one of these locations separated from prisons was established in Harrisburg by (*) Dorothea Dix. An exposé about “10 Days” in one of these locations on New York’s Roosevelt Island was written undercover by Nellie Bly. For 10 points, what facilities commonly performed lobotomies and electroshock therapy?",asylums [or mental asylums; or insane asylums; or lunatic asylums; accept mental hospitals; accept psychiatric hospitals; accept lunatic hospitals; accept psychiatric wards; accept Ten Days in a Mad-House or madhouses; prompt on hospitals]
2022 SHOW-ME,10,15,"A character in this novel who sees the “red, eye-like glow” of a campfire across the river discovers ants covering a corpse in a chapel-like forest. That character in this novel justifies his decisions by throwing a pine cone at a squirrel. The protagonist of this novel, who later bears the flag of a bunch of “mule drivers” and “mud diggers,” is hit in the head with the butt of a (*) rifle. The “tattered man” is abandoned by a character who also deserts the 304th Regiment at the Battle of Chancellorsville in this novel. For 10 points, Jim Conklin dies in what novel about Henry Fleming during the Civil War, by Stephen Crane?",The Red Badge of Courage
2022 SHOW-ME,10,16,"One commander revived the use of decimation during a rebellion of these people. Under Decimus, a group of these people hid in the Theater of Emperor Commodus. Secutors and Murmillos were two types of these people, which contrasted with the trident and net-wielding retiarii. The pollice verso was a (*) thumbs-down signal given to these people. The Third Servile War began under an escaped one of these people named Spartacus. Titus sponsored the mass killing of lions and rhinos by these people in the Flavian Amphitheater. For 10 points, name these slave warriors who fought in the Colosseum.",gladiators [prompt on slaves with “What specifically was their job?”]
2022 SHOW-ME,10,17,"This film’s animated opening uses spirographs made from the movement of a pendulum. This film’s protagonist is asked at a shipyard to follow a woman who is obsessed with Carlotta Valdez. A conversation in a green-lit hotel room occurs in this film after a woman is saved from a suicide attempt at the Golden Gate Bridge. The dolly (*) zoom was invented for a shot in this film of a man looking down a mission’s bell tower before seeing a woman fall from a window. Jimmy Stewart plays an obsessive man who coaxes a waitress to replay her role in a murder in, for 10 points, what Alfred Hitchcock film named for a detective’s fear of heights?",Vertigo
2022 SHOW-ME,10,18,"The magnitude of this force is decreased by external pressure in a device called the Cartesian devil. The ratio of this force to viscous force during convection is known as the Grashof number. This force can be controlled by changing an object’s density, such as by adding or removing water from a (*) ballast [BAL-lust] tank. This force, which results from the increase in pressure experienced by objects at greater depths, has a magnitude equal to the weight of the displaced fluid according to Archimedes’ principle. For 10 points, name this upward-pointing force that opposes gravity in a fluid, allowing objects to float.",buoyancy [or buoyant force]
2022 SHOW-ME,10,19,"A Jacques Derrida book titled in reference to this work’s first sentence coined the term “hauntology” to refer to the recurrence of historical themes in the present. This work’s author pleads guilty to “wanting to stop the exploitation of children by their parents” in a section that calls for an end to both family and religion. This work summarizes its thesis as “abolition of (*) private property.” According to this text, a revolution led by the proletariat should overthrow capitalism and replace it with the title ideology. For 10 points, class struggle is described in what radical left-wing pamphlet by Friedrich Engels and Karl Marx?",The Communist Manifesto [or Manifesto of the Communist Party; or Manifest der Kommunistischen Partei] (The Derrida book is titled Specters of Marx.)
2022 SHOW-ME,10,20,"This character is told by his wife to buy overshoes while he waits for her to finish getting her hair done. This character, the author of a well-received book on strepto•thricosis, repeatedly hears the onomatopoeic [ah-nuh-mah-duh-PEE-ick] phrase “pocketa-pocketa-pocketa” while he pilots a hydroplane and fixes a surgical device with a fountain pen. While (*) smoking outside a drugstore, this character envisions a series of adventures that culminate in his imaginary assassination by a firing squad. For 10 points, name this character, the subject of a New Yorker story about his “Secret Life.”",Walter Mitty [accept either underlined portion; accept “The Secret Life of Walter Mitty”]
2022 SHOW-ME,11,1,"For a non-crystalline substance, the amount of this quantity when molecular motion is absent is called its “residual” form. In a phase transition, the change in this quantity equals the latent heat divided by temperature. Values of zero for this quantity are defined by the third law of thermodynamics. Ludwig (*) Boltzmann [BOLTS-mahn] equated this quantity to k-sub-B times the natural log of the number of microstates. Enthalpy [EN-thul-pee] minus the product of temperature and this quantity is equal to Gibbs free energy. The second law of thermodynamics predicts a universal increase in, for 10 points, what measure of a system’s disorder?",entropy
2022 SHOW-ME,11,2,"Slanted cylinders of this color make up the Olympic Iliad sculpture in Seattle Center. A work made of three curved metal sheets of this color was destroyed in the aftermath of 9/11 and was titled Bent Propeller. An arching statue of this color stands in the Federal Plaza in Chicago. Robert Indiana is best known for works featuring letters of this color. It’s not pink, but works such as (*) Flamingo were created in a bright shade of this color by Alexander Calder. A distinctly slanted O appears in sculptures of this color that spell out the word LOVE. For 10 points, shades of what primary color include vermillion and scarlet?",red [accept Calder red; reject “pink”]
2022 SHOW-ME,11,3,"One of these objects designed in 1915 by Louis Adrian [loo-ee ay-dree-un] had a distinct ridge at the top and was adopted by the French Army. Another of them designed by John Leopold Brodie was nicknamed the “doughboy” by American soldiers. Frederick William IV designed one of these objects made of boiled leather, called the Pickelhaube [pickle-how-buh], which had a (*) distinctive upward spike. In 1916 Germany introduced a steel type of these objects whose “coal scuttle” shape was widely used in propaganda. This worn piece of equipment protected soldiers from falling shrapnel during World War I. For 10 points, name this piece of armor worn on the head.",World War I helmets [accept Adrian helmets or Brodie helmets or Stahlhelme]
2022 SHOW-ME,11,4,"A poem in this language asks “how can a soldier dare to complain?” and opens by describing the rumble of wagon wheels. Another poem in this language describes traveling on the title roads as “harder than scaling the blue sky.” In a poem in this language, the narrator “must make merry before [his] spring is spent,” and asks his shadow and the (*) moon to “meet [him] on the Cloudy River of the sky.” That poem in this language describes a “cup of wine under the flowering trees,” and is titled “Drinking Alone by Moonlight.” For 10 points, name this language used by the Tang dynasty poets Du Fu and Li Bai.",Classical Chinese [or Zhōngwén; reject “Mandarin”]
2022 SHOW-ME,11,5,"This composer created an aria in which the singer hits high C twice while accompanied by two flutes; that aria is the “Caro Nome” performed by Gilda. During a party in an opera by this composer, the aria “Questa donna conoscete” [quest-AH don-AH con-oh-schet-AH] precedes a gambler throwing his winnings at the feet of a woman. The aria “La Donna è Mobile” [la don-AY moe-bee-LAY] is performed by the Duke of (*) Mantua in an opera by this composer about a hunchbacked jester. The drinking song “Libiamo ne’ lieti calici” [leeb-ee-AH-mo nay lee-eh-ti cah-lee-chee] appears in an opera by this composer that ends when Violetta Valéry dies of tuberculosis. For 10 points, name this Italian composer of Rigoletto and La Traviata.",Giuseppe Verdi [or Giuseppe Fortunino Francesco Verdi]
2022 SHOW-ME,11,6,"This future president negotiated the release of Thomas Paine from French prison and traveled with Robert Livingston to negotiate the Louisiana Purchase. This president’s defeat of Rufus King led to the end of the First Party System due to the collapse of a rival party. During this president’s tenure, the Adams-Onís treaty acquired Florida and the (*) Missouri Compromise was signed. The Roosevelt Corollary expanded a policy named for this president. The Era of Good Feelings occurred during the tenure of, for 10 points, what fifth president who opposed European intervention in the Americas via a namesake “Doctrine?”",James Monroe [accept Monroe Doctrine]
2022 SHOW-ME,11,7,"Removing these entities from certain objects can leave behind a phenomenon called “remanence.” In the Zeeman [ZAY-mun] effect, these entities split apart spectral lines. Applying these entities perpendicular to a conductor results in the Hall effect. These entities are constant within an ideal (*) solenoid [SAHL-uh-noyd] far from the edges. The Biot-Savart [bee-oh suh-var] law describes the strength of these entities when they are induced by an electric current. The magnitudes of these entities can be calculated using Ampère’s [am-peer’s] law. For 10 points, name these vector fields symbolized B, which are measured in teslas.",magnetic fields [accept magnetic after “fields”; accept B-fields before “B”; accept H-fields before “(These entities are) constant”; prompt on vector fields before “fields”]
2022 SHOW-ME,11,8,"This city’s Bardstown Road is located in the heart of its Highlands district. In February 2022, a candidate for this city’s mayorship, Craig Greenberg, survived an assassination attempt. The UPS Worldport is located in this city, whose Baxter Avenue titles a song by its native son, Jack Harlow. This city’s “Museum Row” is home to the Muhammad Ali Center and a factory tour dedicated to its namesake type of (*) baseball bat. The Ohio River separates this seat of Jefferson County from southern Indiana. Churchill Downs is home to the Kentucky Derby in, for 10 points, what most populous Kentucky city, named after a French monarch?","Louisville, Kentucky"
2022 SHOW-ME,11,9,"Church bells in this country broke a 900-year curse that turned children into swans. A hero disguised as a giant baby scared off the giant Benandonner from this country. Shapeshifters called púca [pooka] appear in this country’s myth, as does a triple-death goddess who tricks a hero into eating dog meat. Funerary wailing called keening evolved into this country’s legend of (*) banshees. A hero from this country wielded a spear called Gae Bulg [guy bul-GAH]. Snakes were banished from this country by a prophet who explained the trinity with a shamrock. Cúchulainn [coo-cah-LANE] is a hero from, for 10 points, what island Christianized by St. Patrick and home to leprechauns?",Ireland [or Éire; or Airlann]
2022 SHOW-ME,11,10,"It’s not China, but a character from this country who drives a Honda City writes letters to Wen Jiabao in The White Tiger. A collection from this country describes a place “Where the mind is without fear” and mentions “this frail vessel thou emptiest again and again.” In a story set in this country, Bobby is attacked by monkeys as the title translator lusts after Mrs. Das. A collection focusing on immigrants from this country includes the stories (*) “Sexy” and “A Temporary Matter.” For 10 points, Interpreter of Maladies is a Jhumpa Lahiri book about immigrants from what country, whose national anthem was written by Rabindranath Tagore?",India [or Republic of India or Bharatiya Ganarajya] (The White Tiger is by Aravind Adiga.)
2022 SHOW-ME,11,11,"A mathematician from this country wrote a 20,000-word set of “Notes” containing an algorithm to calculate Bernoulli numbers that is considered the first computer program. A scientist from this country partially built a mechanical device to solve polynomials known as the Difference Engine. A theoretical machine that uses (*) algorithms to manipulate symbols on an infinite tape is named for a scientist from this country who proposed a “test” to distinguish computers from humans. Computer pioneers Ada Lovelace and Charles Babbage were from, for 10 points, what country where Alan Turing cracked the Enigma code?",United Kingdom of Great Britain and Ireland [or U.K.; accept England; accept any underlined part]
2022 SHOW-ME,11,12,"It’s not Rimsky-Korsakov, but this composer wrote his Scheherazade Overture during his time at the Paris Conservatoire. A six-movement suite by this composer uses an antique Baroque structure and has sections named for dances like the Forlane and Rigaudon. This composer wanted to exceed the difficulty of Balakirev’s Islamey with the final movement, (*) Scarbo, of a three-part solo piano suite. This composer commemorated seven friends who died in World War I with his Le Tombeau de Couperin. Another orchestral composition by this composer includes 169 repetitions of a snare drum ostinato. For 10 points, name this French Impressionist composer of Boléro.",(Joseph) Maurice Ravel
2022 SHOW-ME,11,13,"Sean Hannity was blamed for Kathy Barnette’s loss in this state, in which David McCormick lost a primary by 951 votes. A candidate in this state mispronounced a store as “Wegners” in a video of him shopping for crudité [KROO-duh-tay]. A press conference at Four Seasons Total Landscaping in this state was held while challenging its (*) 2020 election results. In this state, Tom Wolf’s lieutenant governor, John Fetterman, mocked his Senate opponent for owning houses in New Jersey. For 10 points, name this state where Pat Toomey’s retirement led to Dr. Mehmet Oz’s failed Senate campaign in cities like Philadelphia.",Pennsylvania [or PA]
2022 SHOW-ME,11,14,"In this novel, a character who constantly says “certainly” is accused of being a “flit” while at the Wicker Bar. While at Radio City, the protagonist of this novel suggests running away into the wilderness, ruining his date with Sally Hayes. The brother of this novel’s protagonist wrote “The Secret Goldfish” before becoming a Hollywood (*) screenwriter, and is named D.B. The protagonist of this novel asks a taxi driver if he knows where the ducks at Central Park go during the winter. The main character of this novel leaves for New York after getting expelled from Pencey Prep. For 10 points, name this J.D. Salinger novel about Holden Caulfield.",Catcher in the Rye (The character referenced in the first line is Carl Luce.)
2022 SHOW-ME,11,15,"A species of this animal derives its name from Roman soldiers stationed by Trajan in Palmyra. Khabirs were responsible for the well-being of these animals on the “Forty Days Road.” During Timur’s sack of Delhi, these animals were covered in straw and lit on fire to spook Mahmud Khan’s elephants. The dogs of Haw’ab barking at one of these animals may have preceded a battle near Basra in which Ali’s troops circled (*) Aisha. Domesticated examples of these animals like the Dromedary and Bactrian species were valued on the Silk Road as “ships of the desert.” Caravans across the Sahara traveled on, for 10 points, what humped animals?",camels [accept Bactrian camels; accept Dromedary camels; accept the Battle of the Camel]
2022 SHOW-ME,11,16,"A sign in this short story describes one character as “THE FAT BOY WITH THE HAPPY LAUGH.” Two characters discuss Jesus’ power to resurrect in this story, which ends with a man saying there is “no real pleasure in life.” Mr. Edgar Atkins Teagarden buys a character in this story a watermelon carved with his initials, E.A.T. In this short story, (*) Red Sammy runs a barbecue restaurant called “The Tower.” The cat Pitty Sing causes a car accident in this story that leads a family driving to Florida to be shot by an escaped criminal, the Misfit. For 10 points, the grandmother dies at the end of what short story by Flannery O’Connor?",“A Good Man is Hard to Find”
2022 SHOW-ME,11,17,"The effects of this phenomenon caused some people to come down with “zero stroke.” The Mundell-Tobin effect states that the relationship between this phenomenon and interest rates is less than one-to-one. Meat-free sausages were recently added to a basket of products used to calculate an (*) index that measures this quantity. Demand-pull and cost-push are types of this quantity that are caused by consumer demand and supply costs, respectively. The Phillips curve represents an inverse relationship between this phenomenon and unemployment. For 10 points, name this quantity, the rate of increase of the prices of goods in an economy.",inflation rate [accept hyperinflation; prompt on answers mentioning price before “prices”]
2022 SHOW-ME,11,18,"This substance contains Christmas factor and von Willebrand factor to support adhesion between cell fragments. A “pernicious” disorder affecting this substance is caused by an inability to absorb vitamin B12. The vaccine RhoGAM [ROH-gam] was developed for a chemical in this substance that was first isolated from rhesus monkeys. A (*) sphygmomanometer [SFIG-moh-muh-NOM-it-ur] measures a quantity in this substance that has systolic [siss-TALL-ick] and diastolic forms. In this substance, thrombin signals the aggregation of platelets [PLATE-lets] during coagulation. For 10 points, name this fluid that carries oxygen throughout the body.",blood [accept blood pressure; or blood coagulation or clotting; or blood types]
2022 SHOW-ME,11,19,"In 13 Reasons Why, Justin sees Jessica with Diego after he shows up late to one of these events. Pedro’s cousins drive Napoleon Dynamite to one of these events. Devi gets hit by a Jeep while driving to one of these events at the end of season two of Never Have I Ever. Mike kisses Eleven during one of these events in Stranger Things. Marty (*) McFly performs “Johnny B. Goode” for his parents at one of these events set “Under the Sea” in Back to the Future. The Steven King character Carrie murders the attendees of one of these events in a gymnasium after being soaked in pig’s blood and being crowned “queen.” For 10 points, name these school events exemplified by homecoming and prom.",school dances [accept proms or homecoming before “homecoming”]
2022 SHOW-ME,11,20,"In what is now this country, Nestor Makhno’s anarchist Black Army often used horse-drawn machine guns known as tachanka. Hetmanate states were centered in this modern-day country where a famine was triggered by kolkhoz farms during the First Five-Year Plan. Stepan Bandera collaborated with the Nazis while fighting for the independence of this country, where Joseph Stalin starved millions to death in a man-made famine called the (*) Holodomor. A 30-kilometer Exclusion Zone was created after a 1986 disaster in this modern-day country spread radioactive waste. For 10 points, Chernobyl occurred in what country now led by Volodymyr Zelenskyy?",Ukraine
2022 SHOW-ME,12,1,"This composer wrote a set of four works whose first entry in G minor begins with a Neapolitan sixth chord and ends with an intense presto con fuoco coda. Leopold Godowsky created 53 arrangements of three collections by this composer, who composed an A Minor piece in which the right hand plays descending sextuplets. This composer used dissonant minor seconds to evoke the title (*) ""Wrong Notes” in one piece. This composer used a 3:4 [“three-to-four”] polyrhythm in his Fantasie-Impromptu and was inspired by the mazurkas of his home country. For 10 points, name this Polish composer of the ""Winter Wind"" and ""Revolutionary"" Études.",Frédéric (François) Chopin [accept Fryderyk Franciszek Chopin]
2022 SHOW-ME,12,2,"Henry Kamen argued that this organization’s role behind revolts like the Alpujarras War was exaggerated as part of the “Black Legend.” The murder of Peter of Arbués led this organization to adopt new tactics against the alumbrados. This organization forced people to wear yellow sackcloths called sanbenito at public auto-da-fé’s put on by its first leader Tomás de (*) Torquemada. Following the Alhambra Decree, this organization oversaw the conversion of conversos and moriscos and the expulsion of Sephardic Jews. Ferdinand and Isabella created, for 10 points, what authoritarian religious organization that converted Spanish heretics?",Spanish Inquisition [or Tribunal of the Holy Office of the Inquisition]
2022 SHOW-ME,12,3,"In this country, a philosophy journal was named after the Charlie Chaplin movie The Modern Times. A thinker from this country described how people react to the responsibilities of freedom in The Ethics of Ambiguity. A philosopher from this country argued that people should behave authentically using the example of a (*) waiter acting in “bad faith.” That philosopher from this country coined the phrase “existence precedes essence” in Being and Nothingness. An existentialist from this country discussed the Othering of women in her work The Second Sex. For 10 points, name this home country of Jean-Paul Sartre [sart] and Simone de Beauvoir [bo-VWAHR].",France [or French Republic or Republique francaise]
2022 SHOW-ME,12,4,"A lack of nutrients in these ecosystems may explain why female insects of the genus Neotrogla use a penis-like organ to extract sperm from males here. Members of the order Chiroptera [kai-ROP-ter-uh] are made to leave these places by a fungal disease known as white-nose syndrome. Animals that spend some time in these ecosystems are called (*) troglophiles, while permanent residents are called troglobites. Animals in these ecosystems typically lack pigmentation and have degenerate or missing eyes. For 10 points, mammals such as bears and bats often hibernate in what underground places?",caves [or caverns]
2022 SHOW-ME,12,5,"In one poem, this author described how “under the surge of the blue mottled clouds” plants “grip down and begin to awaken.” This author describes a flower as “like a buttercup, upon its branching stem,” in a poem written in indented tercets. This author of “Spring and All” coined the phrase “no ideas but in things” in a five-volume epic about Paterson. He asks the reader (*) “forgive me / they were delicious / so sweet / and so cold” in a poem about eating plums from an icebox. This author claims that “so much depends on” the title object of one poem. For 10 points, name this American poet of “This is Just to Say” and “The Red Wheelbarrow.”",William Carlos Williams
2022 SHOW-ME,12,6,"This court case overturned Austin v. Michigan Chamber of Commerce, which governed the use of treasury money. The plaintiff in this case argued that a law prohibiting the airing of Hillary: The Movie was unconstitutional. This case struck down a limit on independent expenditures established by the McCain-Feingold Act, causing the rise of (*) political groups with unlimited contributions known as Super PACs [“packs”]. Protesters against this decision often claimed that “corporations aren’t people.” For 10 points, name this 2010 Supreme Court case that held corporate spending on political campaigns was protected speech.",Citizens United v. FEC [or Citizens United v. Federal Elections Commission]
2022 SHOW-ME,12,7,"A song titled for this adjective by Japanese Breakfast repeats the line “make it up to me, you know it’s better” before asking, “be [this word] to me, baby.” Several songs by jazz musicians are referenced in a Hozier song titled for music described by this adjective. This is the first word in the title of a song that states “I travel the world and the seven seas.” That song by Eurythmics asks “who am I to disagree” before describing (*) “Dreams” with this adjective. Crowds cheer “bah bah bah” during a song titled for this adjective that states “good times never seemed so good.” For 10 points, Neil Diamond used what adjective to describe Caroline?",sweet [accept “Be Sweet”; accept “Almost (Sweet Music)”; accept “Sweet Dreams (Are Made of This)”; accept “Sweet Caroline”]
2022 SHOW-ME,12,8,"This scientist names a model for crystalline solids that differs from the Debye [duh-BYE] model in its interpretation of vibrating phonons. With Smoluchowski, this scientist names an equation modeling the diffusion of charged particles in accordance with his work on Brownian motion. This scientist names the trace-reversed version of the Ricci tensor, which describes (*) spacetime curvature while conserving energy and momentum. This scientist’s namesake field equations form the basis for his theory of general relativity. For 10 points, name this German-American physicist who proposed that E = mc 2 .",Albert Einstein
2022 SHOW-ME,12,9,"This character is confronted by a self-described “fallen angel” as he hikes to forget the death of Justine. While in the Orkney Islands, this character is threatened “I will be with you on your wedding night” after refusing a request. Letters from Robert Walton detail how he discovered this character escaping from a dog sled at the (*) North Pole. This student at Ingolstadt University is inspired by a memory of lightning hitting a tree and the work of Paracelsus. Henry Clerval nurses this Swiss man back to health after he “infuses life into an inanimate body.” For 10 points, name this scientist who creates a monster in a Mary Shelley novel.",Dr. Victor Frankenstein [accept either underlined portion; reject “Frankenstein’s monster”]
2022 SHOW-ME,12,10,"In this country, a roof arched like the back of a dragon and a turret representing St. George’s lance appear on top of the “House of Bones.” Josep Jujol [zhu-SHEP zhu-ZHOL] collaborated with an architect from this country to design a house nicknamed “The Stone Quarry.” The entrance to a park in this country contains a mosaic (*) salamander. Columns rest on the backs of turtles as a part of the Nativity Façade at a church in this country that is scheduled to finish on the hundredth anniversary of its architect’s death in 2026. For 10 points, the Park Güell and the La Sagrada Familia were designed by Antonio Gaudí in what country's city of Barcelona?",Spain [or Kingdom of Spain or España or Reino de España]
2022 SHOW-ME,12,11,"The main character of a work by this author locks herself in a car after Dolores stabs her with a pair of scissors. Rita is rejected by the army on suspicions of being a communist in this author’s book Gather Together in My Name. The protagonist of a work by this author moves to San Francisco and becomes the first Black streetcar conductor. (*) Mr. Freeman is beaten to death after assaulting the main character of one of this author’s works. This author’s first book chronicles her childhood in Stamps, Arkansas. For 10 points, name this African-American poet who began a series of seven autobiographies with I Know Why the Caged Bird Sings.",Maya Angelou [or Marguerite Annie Johnson]
2022 SHOW-ME,12,12,"Two artists from this country built a robotic arm that repeatedly sweeps a thick blood-like liquid into a circular space below itself. Hundreds of scroll pages covered in meaningless text make up a piece from this country titled Book from the Sky. Over 1,200 bicycle frames were fused together into a sculpture by an artist from this country who photographed himself dropping an urn and filled a room with 100 million (*) sunflower seeds made of porcelain. Herzog and de Meuron designed a stadium in this country nicknamed the “Bird's Nest” for the 2008 Olympics. For 10 points, name this country home to contemporary artist Ai Weiwei.",China [or People’s Republic of China or Zhongguo or Zhonghua Renmin Gongheguo; reject “Republic of China”]
2022 SHOW-ME,12,13,"As a medical student, this leader traveled with Alberto Granado on a trip to a leper colony as documented in his memoir The Motorcycle Diaries. This leader proclaimed “Shoot, coward! You are only going to kill a man!” before his execution by Klaus Barbie’s forces in Bolivia. This leader appears in a beret with a star pin in an iconic Alberto Korda photo titled (*) Guerrillero Heroico [garr-ee-yer-oh err-oh-ee-co]. While commander of the La Cabaña prison, this leader persecuted loyalists to Fulgencio Batista while working under a dictator who repelled the Bay of Pigs invasion. For 10 points, name this Argentinian Communist revolutionary who was second-in-command to Fidel Castro.",Che Guevara [accept either underlined; or Ernesto Guevara]
2022 SHOW-ME,12,14,"The “dropping” form of this device contains a tube connecting the bottom to the top, equalizing pressure. Partitioning immiscible [ih-MISS-uh-bul] liquids can be done using the separatory types of this device. Another form of this device contains a flat porous surface connecting the input to the output, is used in conjunction with a (*) vacuum pump, is named for Ernst Büchner [BYOOK-nur], and is outfitted with filter paper. A rubber adapter often enhances the seal between this device and a flask. For 10 points, name this cone-shaped piece of lab equipment that guides a liquid through a narrow opening.",funnel [accept subtypes such as dropping funnels or Büchner funnels]
2022 SHOW-ME,12,15,"Before these events, houses are decorated with banana leaves and coconuts; later, milk is poured over a coconut during them. A participant who enters these events carrying a lamp from a parade traditionally has his shoes stolen after entering a canopy called a mandap. Red sindoor powder is placed in the hair of a participant in these events who has a prior (*) mehndi ceremony and wears a red sari. Jai mala garland exchanges and a shower of rice called a talambralu occur during these events whose central participants walk around a fire seven times. For 10 points, name these events in which Agni witnesses the vows of a Hindu bride and groom.",Hindu weddings [accept marriages; or vivaha; or lagna; or kalyanam]
2022 SHOW-ME,12,16,"Alberto Fernandez declared September 2nd a national holiday following a failed one of these events in Argentina. Perceived ties to the Unification Church were used as justification for one of these events. DEA agents were impersonated during one of these events in 2021 which led to the arrests of at least 21 (*) Colombian ex-militants. One of these events was an attempt to carry out a fatwa on Salman Rushdie. In July 2022, a jury-rigged shotgun was used to perform one of these events during a speech in Nara Prefecture. For 10 points, name these events that killed Jovenel Moise and Shinzo Abe.",assassinations [or attempted assassinations; accept murders; accept assassination attempts; prompt on shootings or stabbings]
2022 SHOW-ME,12,17,"These phenomena are divided into harmonic constituents that may be diurnal or semidiurnal. These phenomena can produce namesake “bores” that travel up narrow inlets. These phenomena are strongest during syzygy [SIH-zih-jee], a condition in which three bodies are lined up, producing the (*) “spring” variety of these phenomena in contrast to their “neap” variety. The Sun is about one-third responsible for these phenomena, which primarily are caused by the Moon due to its proximity to Earth. These phenomena result from the pull of gravity on Earth’s oceans. For 10 points, name these daily changes in sea level.",tides [accept tidal forces; accept subtypes such as spring tides]
2022 SHOW-ME,12,18,"This author wrote, “A Troubadour-youth I rambled / With Life for lyre, / The beats of being raging / In me like fire” in his poem “The Dead Man Walking.” One of this author’s characters kills her rapist at the resort Sandbourne after the death of their child Sorrow. This author described seeing a bird that “fling[ed] his soul / upon the growing gloom” in “The (*) Darkling Thrush.” In a novel by this author, the title character works as a milkmaid at Talbothays Dairy and marries Angel Clare, who meets her at Stonehenge the night before her execution. For 10 points, name this author of The Return of the Native and Tess of the D’Urbervilles.",Thomas Hardy
2022 SHOW-ME,12,19,"In this city, the Mattachine Society and the Daughters of Bilitis were founded. In this city, the Vanguard led protests at Compton’s Cafeteria. The White Night Riots began in this city following a case decided using the “Twinkie Defense.” In this city, Del Martin and Phyllis Lyon were the first gay couple to be (*) legally married in the U.S. In 1978, Dan White murdered this city’s mayor George Moscone and its openly gay supervisor, Harvey Milk. Hippies flocked to this city’s Haight-Ashbury District during the “Summer of Love.” For 10 points, name this city where the first Pride parade occurred near the Golden Gate Bridge.","San Francisco, California [prompt on SF]"
2022 SHOW-ME,12,20,"A city on this body of water contains a “Little Venice” neighborhood on its Pearl Islands. Two countries on this body of water dispute the Hawar Islands. The King Fahd Causeway leads to an island nation in this body of water, which contains the World and Palm Jumeirah artificial islands. High casualties amongst Indian migrant workers have occurred while constructing (*) 2022 FIFA World Cup stadiums along this body of water. Qeshm is a large island near the Strait of Hormuz, which separates this body of water from the Gulf of Oman and the Indian Ocean. For 10 points, name this gulf located between the Arabian Peninsula and Iran.",Persian Gulf [accept Arabian Gulf before “Arabian”; accept just Persian after “(name this) gulf”; accept just Arabian after “(name this) gulf” and before “Arabian”]
2022 SHOW-ME,13,1,"Starting in this decade, Mary McLeod Bethune headed the “Black Cabinet.” Josephine Roche and Molly Dewson worked closely with a first lady in this decade who founded Andersonville, West Virginia. She-She-She Camps were established in this decade by the first woman in a presidential cabinet, Frances Perkins. Women filled positions in the newly founded (*) Civil Works Administration and Works Progress Administration in this decade. The Farm Security Administration hired Dorothea Lange to photograph the Dust Bowl in this decade. For 10 points, in what decade were New Deal programs created to address the Great Depression?",1930s [prompt on the 30s]
2022 SHOW-ME,13,2,"A brand of these products is named “Florence” after the great-grandmother of the creator, who is nicknamed “Mills.” A type of this product named “Kind Words” comes in varieties like Creative and Humble. Etude House, Kaja, and 3CE are Korean brands of these products. Types of these products like (*) bronzer can come in cream and liquid types. One might use a primer before using these products. “Pro Filt’R” is one of these products known for coming in over 50 different shades, and is created by Fenty. For 10 points, name these products exemplified by Rihanna’s iconic red “Stunna Lip Paint.”",makeup products [or beauty products; accept lipstick or foundation; prompt on skincare for the first and third lines only by asking “what other products does the brand create?”]
2022 SHOW-ME,13,3,"This book’s “Songs of Ascent” were recited when pilgrims celebrated Shalosh Regalim. The first chapter of this book compares the wicked to “chaff / that the wind blows away.” Seven sections of this book are 22-line acrostics with each stanza beginning with a letter of the Hebrew alphabet. This book, also called the Tehillim, contains the longest (*) chapter of the Bible. A rod and staff comfort the speaker of one of its chapters as he “walks through the valley of the shadow of death.” For 10 points, name this Old Testament collection of poems attributed to King David whose 23rd chapter reads “the Lord is my Shepherd, I shall not want.”",Book of Psalms [accept Tehillim before “Tehillim”; prompt on the Bible before “Bible”]
2022 SHOW-ME,13,4,"A character in this novel chooses to receive 72,000 beatings rather than have his brains blown out with a musket. This novel’s protagonist meets an art collector who hates everything he owns named Count Pococurante. A man in this novel claims a bay was created so Jacques the Anabaptist could drown in it. This novel’s protagonist departs from (*) El Dorado with 100 magical red sheep along with his valet Cacambo. After being kicked out of Baron Thunder-ten-Tronckh's castle, this novel’s title character searches for his lover Cunegonde. For 10 points, Dr. Pangloss preaches Leibnizian [LAIB-nits-ian] optimism in what satirical novel by Voltaire?",Candide
2022 SHOW-ME,13,5,"This quantity can be calculated from a system’s HOMO using Koopman’s theorem. The tendency of silver to violate the Aufbau principle leads to relatively low values of this quantity. Repulsion between two p-orbital electrons causes this quantity to be lower in oxygen than nitrogen. In the Bohr model, this quantity equals nuclear (*) charge squared times 13.6 electron volts. Mulliken electronegativity can be found by taking the average of this quantity and electron affinity. For 10 points, name this quantity which is the energy required to remove a loosely-bound electron from an atom.",(first) ionization energy [accept (first) ionization after “energy”]
2022 SHOW-ME,13,6,"A figure from this country's folklore ventures to an island of ogres with a dog, monkey, and pheasant, and was born from a peach floating down a river. This country’s food god is served by foxes whose tails grow longer with wisdom. A deity from this country defeats a drunk serpent who had eaten seven of an elderly couple’s eight daughters, after which he receives a (*) grass-cutting sword. This country’s storm deity threw a flayed horse at a loom, causing his sister to hide in a cave until she was lured out by her own reflection. For 10 points, kami like Susano’o and Amaterasu are venerated in what country’s Shinto faith?",Japan [or Nihon-koku; or Nippon-koku]
2022 SHOW-ME,13,7,"Music in this genre was first created by davuls and zurnas in groups called Mehters. Pieces in this genre typically end with a repeating last note on a downbeat and call the main melody the “first strain.” A “dogfight” section follows the trio in pieces in this genre, one of which features trombones playing a countermelody to a (*) piccolo obligato. “The Washington Post” and “Semper Fidelis” are two pieces in this genre. The tune “Land of Hope and Glory” appears in a set of pieces in this genre by Edward Elgar. John Phillip Sousa was the “King of,” for 10 points, what musical genre played by walking military bands?",marches [accept military marches; accept The March King; accept Pomp and Circumstance Marches]
2022 SHOW-ME,13,8,"Some members of this phylum attach to surfaces using byssal [BISS-ul] threads, which have inspired waterproof surgical glues. The longest-lived animal recorded was in this phylum and belonged to a burrowing “quahog” [KOH-hog] species. A member of this phylum with up to 200 simple eyes uses its powerful adductor muscle to expel (*) jets of water. Another member of this phylum that uses jet propulsion is the chambered nautilus, whose skeleton is shaped like a logarithmic spiral. Two classes in this phylum are bivalves [BY-valves] and cephalopods. For 10 points, name this animal phylum that includes scallops, clams, and octopuses.",mollusks or Mollusca (A clam named Ming or Hafrún was found to be 507 years old.)
2022 SHOW-ME,13,9,"This country was organized into communes called opštine under a system called “workers’ self￾management.” This country’s Informbiro period followed World War II, during which the royalist Chetnik movement and the fascist Ustaše [oo-stah-sha] operated. A leader of this country who threatened “If you don’t stop sending killers, I’ll send one to Moscow” was the only European signee at the Bandung Conference for the (*) Non-Aligned Movement. This country fell apart when Slobodan Milošević [mil-OH-suh-VICH] rejected self-determination for Slovenes and Croats in the 1990s. Josip Broz Tito was the Cold War leader of, for 10 points, what former Balkan country?",Yugoslavia [accept Kingdom of Yugoslavia; or Socialist Federal Republic of Yugoslavia; or Federal People’s Republic of Yugoslavia; accept Yugoslav Wars]
2022 SHOW-ME,13,10,"In one story, this author wrote of a man who finds Deacon Peabody’s name written on a tree near a late captain’s treasure, and makes a deal to become a usurer. In another story by this author, a man passes by a lightning-struck tulip tree on a horse named Gunpowder. The main character of a story by this author claims to be a loyal servant of George III after an election. (*) Katrina Van Tassel rejects this author’s character Ichabod Crane. One of this author’s characters meets the ghosts of Henry Hudson’s crew before falling asleep for twenty years. For 10 points, name this early American author of “The Legend of Sleepy Hollow” and “Rip Van Winkle.”",Washington Irving (The first line is from “The Devil and Tom Walker.”)
2022 SHOW-ME,13,11,"A theorem stating that non-triangle polygons must have at least this number of ears is equivalent to the existence of polygon triangulations. Any object that is homeomorphic to a sphere has an Euler characteristic of this number. In other words, for any convex polyhedron, the number of vertices minus the number of edges plus the number of faces is this number. The square root of this number is the (*) hypotenuse of a right triangle whose legs are both 1. Pi times the radius times this number gives the circumference of a circle. For 10 points, how many points are needed to define a line?",two
2022 SHOW-ME,13,12,"This country’s planned administrative capital will contain a military complex called the Octagon. Jumel’s Cotton was historically grown in this country, which contains the oldest known Christ Pantocrator icon at its St. Catherine’s Monastery. This country disputes its southern neighbor’s Hala’ib Triangle, claiming the other country owns Bir Tawil instead. Nuclear bombs have been proposed as a way of turning its (*) Qattara Depression into a lake. A statue at Abu Simbel was nearly submerged by this country’s Aswan High Dam, which created Lake Nasser. For 10 points, name this African country that controls the Suez Canal and the Sinai Peninsula.",Egypt [or Arab Republic of Egypt or Jumhuriyat Misr al-Arabiyah]
2022 SHOW-ME,13,13,"This empire’s capital was built in the shape of a puma with mortarless stone so that the interlocked bricks could shake in place during earthquakes. The modern-day Minka system evolved from an annual tribute of labor in this empire called the mit’a. This empire’s “Sacred Valley” was home to terrace farms called andén. Runners called chasqui carried collections of corded knots called (*) quipu as messages throughout this empire. Pachacuti constructed a mountain city in this empire that was abandoned after its last ruler, Atahualpa, was murdered by Francisco Pizarro. For 10 points, name this South American empire that constructed Machu Picchu.",Incan Empire [accept Tawantinsuyu]
2022 SHOW-ME,13,14,"David Jaffe may have exacerbated chaos in this event by telling a person to be “tough” and “participate.” Fire extinguishers were sprayed at people during this event by a participant acting like Cool Hand Luke. After six days, Christina Maslach helped stop this event. The (*) Lucifer Ef ect chronicled findings from this event and compared them to a similar one in Abu Ghraib. Wooden clubs and shaded glass were given to half of the participants in this experiment, while the others wore numbered smocks. For 10 points, name this experiment led by Philip Zimbardo in which unethical “guards” punished “criminals” at a namesake California university.",Stanford Prison experiment
2022 SHOW-ME,13,15,"A sketch by this artist features on the album cover for Drake’s mixtape “If You're Reading This It's Too Late” and depicts praying hands. This painter of a photorealistic Young Hare depicted a dog sleeping below a polyhedron in an artwork of a pensive angel surrounded by carpentry tools. A lion sleeps below St. (*) Jerome writing in his workshop in a work by this artist of Melencolia I [“one”]. A goat-headed man holding a halberd and a rotting corpse with an hourglass harass a horseman in one of this artist’s “master prints.” For 10 points, name this German artist whose woodblock prints include Knight, Death, and the Devil.",Albrecht Dürer
2022 SHOW-ME,13,16,"A poem by this author begins by stating that he is a “lonesome man in Kansas.” In addition to the “Wichita Vortex Sutra,” this author asked “Who killed the pork chops?” while describing a poet who is “poking among the meats” as a “childless, lonely old grubber.” A poem by this author mentions “angel-headed hipsters” and Carl Solomon, who lives in a hospital called (*) Rockland. This poet imagines encountering Walt Whitman shopping in his poem “A Supermarket in California.” A poem by this author begins “I saw the best minds of my generation destroyed by madness.” For 10 points, name this Beat poet of “Howl.”",Allen Ginsberg
2022 SHOW-ME,13,17,"A woman with this surname was protected by khaki-wearing bodyguards called her “United Football Club” and burned gasoline-filled tires around police informants’ necks. A man with this surname posed as David Motsamayi at Liliesleaf Farm while covertly operating the Spear of the Nation. Winnie Madikizela married a man with this surname who delivered the (*) “I am prepared to die” speech at the Rivonia Trial before spending 27 years on Robben Island. A leader with this surname compromised with F. W. de Klerk to bring the African National Congress to power. For 10 points, give this surname of South Africa's first Black president, Nelson.",Mandela [accept Nelson Mandela; accept Winnie Madikizela-Mandela; prompt on Madikizela with “What is her married surname?”]
2022 SHOW-ME,13,18,"This novel’s protagonist meets a character “In a place where there is no darkness” who helps finish a rhyme beginning “Oranges and lemons, say the bells of St Clement's.” In this novel, the protagonist hears the phrase “I sold you and you sold me” while at the Chestnut Tree Cafe. Two characters in this novel have an affair in the room above (*) Mr. Charrington’s shop. A Chess Committee roster in this novel implies that Syme became an “unperson” while writing a Newspeak Dictionary. This novel’s protagonist betrays Julia while being tortured in Room 101. For 10 points, Winston questions Big Brother in what dystopian George Orwell novel?",Nineteen Eighty-Four
2022 SHOW-ME,13,19,"This musician’s track “India” features a tanpura playing beneath Eric Dolphy’s clarinet solo. Paul Chambers plays an E-flat pedal tone on a slow ballad by this musician. A bassline by Jimmy Garrison leads into chants of one of this artist's album names at the end of the track “Acknowledgement.” This artist’s “Countdown” appears on an album alongside a track named for his first wife, (*) “Naima.” On an album’s first track, Tommy Flanagan struggled to keep up with rapid chord progressions known as this musician’s namesake “changes.” For 10 points, name this jazz saxophonist whose “sheets of sound” style appears in A Love Supreme and Giant Steps.",John Coltrane [accept Coltrane changes]
2022 SHOW-ME,13,20,"In 2017 a laser was used to mimic the compression of methane into diamond on these two bodies. Alexis Bouvard [boo-var] discovered that one of these two bodies had orbital perturbations caused by the other, whose position was then calculated by Urbain Le Verrier [ur-bain luh vair-yay]. Absorption of long-wavelength light by methane gas in these two bodies’ (*) atmospheres gives them their distinct color. These two planets were visited by Voyager 2, but not Voyager 1. The largest moons of these two planets are Titania and Triton. These are the seventh and eighth-farthest planets from the Sun. For 10 points, name these two “ice giants.”",Uranus and Neptune [accept in either order] (Diamonds are thought to fall as “rain” on these planets.)
2022 SHOW-ME,14,1,"In Philadelphia, a business that sells these products gained notoriety for posting billboards that say “I Hate Steven Singer!” Black, Starr & Frost is the oldest continuously operating seller of these products in the United States. These products’ authenticity is tested with pens that measure their thermal conductivity. The Kimberley Process (*) Certification Scheme affects the sale of these products, fake versions of which often turn skin green due to the use of copper alloys. Slogans for businesses selling these products include “He Went To Jared” and “Every Kiss Begins With Kay.” For 10 points, name these products, which include necklaces and bracelets.",jewelry [accept necklaces or bracelets before mention; accept rings; accept diamonds or any other jewels]
2022 SHOW-ME,14,2,"In a story by this author, a man uses a teapot filled with gunpowder to explode a terracotta Venus. A character created by this author spends money saved for a new gun on a dress for his wife. The prostitute Rachel kills a lieutenant with a cheese knife in a story by this author. Cornudet [kor-noo-DAY] whistles “La Marseillaise” [la mar-say-YEZ] in another story by this author, where Elizabeth Rousset (*) sleeps with a Prussian officer. In a short story by this author of “Mademoiselle Fifi” and “Ball of Fat,” Mathilde Loisel [mah-TEELD lwah-ZELL] attends a Ministry of Education ball. For 10 points, the title piece of lost jewelry is determined to be fake in what author’s story “The Necklace”?",Guy de Maupassant [or Henri René Albert Guy de Maupassant]
2022 SHOW-ME,14,3,"This technique was developed to study a sickle-cell mutation by Cetus Corporation scientist Kary Mullis. A form of this technique uses an Manganese two-plus cofactor, instead of Magnesium two-plus, to purposely induce mutagenesis. Prior to the “extension” step in this technique, a temperature of 40 to 70 degrees Celsius is maintained so that (*) annealing [uh-NEEL-ing] can occur. Before performing gel electrophoresis, this technique is used to amplify sequences. This technique employs a heat-stable protein from Thermus aquaticus to continuously perform replication. For 10 points, name this technique that makes many copies of DNA using a namesake enzyme.",PCR [or polymerase chain reaction [puh-LIM-ur-ayss “chain reaction”] ]
2022 SHOW-ME,14,4,"Parakramabahu VI rose to power after this dynasty defeated the Kotte kingdom. This dynasty’s last emperor was found hanging from a tree in Jingshan Park. A giraffe from Malindi was considered a Mandate of Heaven during this dynasty, whose Emperor Yingzong was captured by Esan Taishi in the Tumu Crisis. This dynasty’s first leader won the Battle of Lake Poyang as a commander of the (*) Red Turbans. Seven treasure voyages led by Zheng He [jung HUH] were conducted during this dynasty. In this dynasty, Nanjing was replaced as the capital by the Forbidden City in Beijing. For 10 points, name this dynasty that was succeeded by the Qing.",Ming dynasty [or Ming chao]
2022 SHOW-ME,14,5,"This deity cursed Lamia with insomnia, causing the woman to turn into a child-eating monster. After hitting two mating snakes with a stick, Tiresias was turned into a woman by this deity. The Milky Way was created when this deity pulled a baby from her breast. This deity was suspended in the sky by golden chains and anvils as punishment for rebellion. This deity sent the hundred-eyed (*) Argus to watch over Io. This “cow-eyed” deity’s chariot was pulled by peacocks. The Nemean Lion and Hydra were sent by this deity to fight Hercules, the bastard son of her husband. For 10 points, name this Greek goddess of childbirth and wife of Zeus.",Hera [prompt on Juno]
2022 SHOW-ME,14,6,"This composer created a piece inspired by star charts called Atlas Eclipticalis. This composer collaborated with Merce Cunningham on several works based on the I Ching. Performers change the amplitude and station on radios in this composer’s Imaginary Landscapes. This composer wrote a number of piano pieces for David (*) Tudor, including one inspired by the sound of his nervous system. Objects like bolts and screws are placed between the strings in a number of this composer’s works for prepared piano, such as Sonatas and Interludes. In one of this composer’s works, the performer sits in silence for the title amount of time. For 10 points, name this American composer of 4’33” [four minutes, thirty-three seconds].",John Cage
2022 SHOW-ME,14,7,"In this novel, one character dreams of a nude woman trying to ""keep [him] out of the clock"" before he has sex with his daughter Matty Lou. The protagonist of this novel steals electricity from Monopolated Light and Power using 1,369 light bulbs. The protagonist of this novel, who works at (*) Liberty Paints, accidentally mentions ""equality"" instead of ""responsibility"" in a speech given after a battle royale with nine of his schoolmates. The protagonist of this novel claims he has the title trait because ""people simply refuse to see"" him. For 10 points, name this novel by Ralph Ellison about an unnamed black man.","Invisible Man [reject ""The Invisible Man"" which is a different novel by H.G. Wells.]"
2022 SHOW-ME,14,8,"James Jones’ book “Bad Blood” describes an experiment at this location that led to the Belmont Report. The Jesup Wagon taught farming techniques to sharecroppers near this location. Robert Robinson Taylor designed labs at this location where a scientist developed over 300 (*) peanut-based products. The “Red Tails” was the nickname for an all-Black group of airmen trained at this university where George Washington Carver taught. Black men near this location were injected with syphilis in an unethical experiment. For 10 points, name this historically Black university in Alabama founded by Booker T. Washington.",Tuskegee University [or Tuskegee Institute; accept the Tuskegee Airmen]
2022 SHOW-ME,14,9,"A USGS flume used to simulate these events is located in Blue River, Oregon. The largest of these events to occur on land affected Heart Mountain in modern-day Wyoming. Changes in pore water pressure are the main cause of these events. Liquefaction can lead to these events during an earthquake, while (*) lahars are examples of these events caused by a volcanic eruption. Man-made slopes such as the Panama Canal often suffer from these events during filling. For 10 points, what compound word is generally used to describe downslope mass movements like rockfalls and debris flows?",landslides [or slope movements; accept mudslides; accept debris flows before “Heart Mountain”; prompt on mass wasting or slope failure; prompt on mass movements before “mass movements”; reject “sinkholes”]
2022 SHOW-ME,14,10,"A controversial sculpture of this man showing him semi-nude and enthroned while pointing to the sky and cradling a sheathed sword was by Horatio Greenough and depicts this man as Zeus. Another sculpture of this man depicts him in front of a plow, gripping the fasces [FASS-eez] with his left hand, and was by Jean-Antoine Houdon [oo-don]. This man features in a painting where someone in front of him kicks a piece of (*) ice away. That painting by Emanuel Leutze [LOY-tzuh] depicts him triumphantly standing in a boat in front of a partially unfurled American flag. For 10 points, name this man depicted “crossing the Delaware,” the first president of the United States.",George Washington
2022 SHOW-ME,14,11,"One of these things was advocated in response to Jerome-Napoleon Bonaparte’s marriage to Betsy Patterson. Gregory Watson advocated for one of these things after getting a “C” on a college paper over a 200-year-old one of these things. One of these things was created to supersede the Supreme Court’s ruling in Chisholm v. Georgia. One of these things was successfully opposed by Phillis (*) Schafly and another one was repealed in 1933. The last of these things was passed in 1992, while a failed addition to them was named the “Equal Rights” one of these things. For 10 points, name these things, ten of which are included in the Bill of Rights.",Constitutional Amendments [or Amendments to the US Constitution; prompt on Bill of Rights before mention; prompt on amendments or specific amendments like the First Amendment with “Amendments to what?”; prompt on the Equal Rights Amendment with “Amendment to what?”]
2022 SHOW-ME,14,12,"A woman in this play who rings a doorbell in a “Wagnerian manner” is pleased to learn that another character smokes and knows nothing. A character in this play attributes an inscription in his cigarette case to his aunt, who lives in Tunbridge Wells. In this play, a character who was found in a (*) hand-bag in Victoria Station as a baby has his marriage proposal rejected by Lady Bracknell. A character in this play creates a fictional invalid [IN-vuh-lid] friend, Bunbury, to escape social obligations and wishes to marry Cecily Cardew. For 10 points, name this play in which Algernon [AL-jur-non] and Jack both claim to have the title first name, written by Oscar Wilde.",The Importance of Being Earnest
2022 SHOW-ME,14,13,"In certain materials, this quantity has an imaginary part describing a process in which flux intensity gradually decreases through a medium, known as attenuation. A change in this quantity may be induced through the presence of an electric field in the Kerr effect. A higher value of this quantity leads to a decreased critical angle required for (*) total internal reflection. The ratio of this quantity in two different materials equals the ratio of the sine of their angles of incidence, per Snell’s law. For 10 points, name this dimensionless quantity equal to the ratio of the speed of light in a vacuum to that in a given medium.",index of refraction [or refractive index; prompt on n; prompt on IOR]
2022 SHOW-ME,14,14,"This director used footage from an erupting Mount Etna in a setting that represents a character’s descent to Hell. The climax of this director’s breakout film pays homage to a battle scene from The Dam Busters, while the film’s opening draws from Kurosawa’s The Hidden Fortress by following two unassuming characters. This director applied the monomyth from (*) The Hero with a Thousand Faces to the genre of action films. This director of American Graf iti chose James Earl Jones to voice an iconic villain and hired John Williams to compose scores that include the “Imperial March.” For 10 points, name this director of Star Wars.",George Lucas [or George Walton Lucas Jr.]
2022 SHOW-ME,14,15,"This philosopher’s views were interpreted by Christine Korsgaard using the practical contradiction method. This philosopher argued that each person has self-governing rationality, which makes them equally deserving of respect. Existing in this philosopher’s “kingdom of ends” requires acting by specific principles. One “perfect (*) duty” defined by this philosopher may entail not lying to a murderer. In his Groundwork of the Metaphysics of Morals, this philosopher argued that one must act following maxims that could become a universal law, his categorical imperative. For 10 points, name this German philosopher who wrote Critique of Pure Reason.",Immanuel Kant
2022 SHOW-ME,14,16,"This country’s “Road of Bones” highway leads to its city of Magadan. The Permian Extinction may have been caused by a region of “traps” in this country found near the longest estuary in the world. A lake in this country is home to the Nerpa, the only known species of freshwater seal. This country and Japan dispute the Southern (*) Kuril Islands, and its island of Sakhalin is home to its largest pacific port. The city of Yakutsk in this country is considered the coldest on average in the world. For 10 points, name this country that contains Lake Baikal, whose city of Vladivostok is the final stop of the Trans-Siberian railway.",Russia [or Russian Federation or Rossiyskaya Federatsiya or Rossiya]
2022 SHOW-ME,14,17,"This author wrote, ""I will not look at the gold of evening which falls"" in ""Tomorrow, At Dawn,"" which was written to eulogize his daughter Léopoldine. In a novel by this author, a character writes ""The cops are here"" to prove her literacy before her parents enlist the gang Patron-Minette to kill the protagonist. This author created Éponine and the (*) Thénardiers [the-nahr-dee-YAYS], who abuse Fantine's daughter before she marries a man who goes by Father Madeleine. In a novel by this author, Inspector Javert drowns in the Seine after pursuing the criminal Jean Valjean. For 10 points, name this author of Les Misérables [lay miz-ur-ah-BLUH].",Victor (-Marie) Hugo
2022 SHOW-ME,14,18,"A theorem named for Dirichlet [deer-rush-lay] states that one of these things will contain infinitely many prime numbers. In an extension to Szemeredi’s [seh-meh-ray-dee’s] theorem, the existence of arbitrarily long ones of these things in the prime numbers was proved by Ben Green and Terence Tao in 2004. The sum of the members of one of these things is given by average of the smallest and largest terms multiplied by the (*) number of terms. These sequences have a common difference between consecutive terms. For 10 points, name these sequences that include ""1, 3, 5, 7, 9,"" typically contrasted with geometric sequences.",arithmetic sequences [or arithmetic progressions; accept arithmetic alone after “sequences”; prompt on sequences or progressions]
2022 SHOW-ME,14,19,"According to Cassius Dio, because citizens cheered “Eight!” as this ruler returned to Rome, he gifted eight hundred sesterces to everyone. Avidius Cassius attempted to overthrow this husband of Faustina the Younger. The Plague of Galen killed this ruler’s co-emperor Lucius Verus. While fighting the Marcomannic Wars against tribes along the Danube, this emperor paused at Carnuntum. This heir of (*) Antonius Pius, whose death marked the end of the Pax Romana, advised readers of his treatise to reject emotions. For 10 points, name this last of the Five Good Emperors who detailed Stoicism in his Meditations.",Marcus Aurelius Antoninus Augustus
2022 SHOW-ME,14,20,"Commentaries in the Great Treatise on how to perform this activity recommend the “six aspects” in one part of it to better achieve the “four frames of reference.” Shikantaza is a sedentary form of this practice known as zazen amongst Japanese practitioners. Samatha and Vipassana are two forms of this activity. Achieving samadhi through performing a type of this activity called (*) dhyana is the final step in the Eightfold Path. Classical texts recommended the lotus position and practicing mindful breathing during this activity. The mantra “Om” is often chanted by Buddhist monks performing, for 10 points, what type of intense internal thought?",meditation [accept word forms like meditating; accept introspection; accept reflection; accept contemplation; accept samatha or vipassana or dhyana until read; prompt on concentration or thinking; prompt on breathing before mention with “During what activity are you breathing?”]