Source,Round,Number,Question,Answer
2020 ERIS,1,1,"Eris is the most massive of the five recognized ones of these objects, of which Ceres is the only one closer to the sun than Uranus. Unlike a class of larger related objects, these things have not cleared their orbits. In 2006, the IAU officially reclassified (*) Pluto as one of these objects. For 10 points, identify these solar system objects named for the fact that they are smaller than planets.",dwarf planets [prompt on planets until mentioned; prompt on Kuiper belt objects]
2020 ERIS,1,2,"This man was killed when his rotting ship fell on him after he broke his vow to love his wife forever. Orpheus's lyre-playing saved this man's ship from the Sirens, and he sowed dragon's teeth which sprouted into warriors and plowed a field with fire-breathing (*) bulls with the help of his wife Medea. For 10 points, name this Greek hero who led the Argonauts in the quest for the Golden Fleece.",Jason [or Iásōn]
2020 ERIS,1,3,"Betty Parris and Abigail Williams both claimed to be afflicted by these people, setting off a panic which hunted these people. The West Indian slave Tituba, after herself being accused of being one of them, accused (*) Sarah Good and Sarah Osborne during that 1692 panic. For 10 points, a series of ""trials"" were held in Salem, Massachusetts targeting what purported evil magic users?",witches [accept anything indicating people who perform magic or sorcery or witchcraft or demonic possession or similarly bad supernatural stuff]
2020 ERIS,1,4,"This religion believes in a figure called the Saoshyant, or ""one who brings benefit"". Members of this faith traditionally dispose of their dead on towers of silence and worship at fire temples. The Gathas are a set of hymns comprising part of this religion's sacred text, the (*) Avesta. Ahriman is opposed to Ahura Mazda, the chief god of, for 10 points, what Iranian religion founded by Zarathustra?",Zoroastrianism [or Behdin; accept Mazdaism or Mazdayasna until “Mazda” is read and prompt afterwards; accept Zarathustrism or Zarathustrianism until “Zarathustra” is read and prompt afterwards]
2020 ERIS,1,5,"The protagonist of this novel beats one of his wives during the Week of Peace, resulting in a fine. After accidentally killing Ikemefuna, the protagonist of this novel is banished from (*) Umuofia for seven years. This novel's protagonist, Okonkwo, commits suicide by hanging to avoid being tried by the British colonists. For 10 points, name this Chinua Achebe novel about pre-colonial Nigerian life.",Things Fall Apart
2020 ERIS,1,6,"The Buffon's needle experiment is one way to empirically estimate the value of this number. This is the number of radians in 180 degrees. The ratio between the (*) circumference and diameter of a circle is equal to this number. For 10 points, what number is multiplied by the radius squared to give a circle’s area and is approximately equal to 3.14?",pi
2020 ERIS,1,7,"One version of this food native to the island of Sardinia is called Casu Marzu and contains live maggots. Most varieties of this food are produced with the enzyme rennet, although a type common in Indian cuisine, (*) paneer, is not. French types of this food include Camembert and Brie. Wisconsin is known for producing, for 10 points, what dairy product whose types include Swiss and cheddar?",cheese
2020 ERIS,1,8,"During this war, the Lend-Lease Act allowed the United States to provide military supplies to one side. General Anthony MacAuliffe famously declared ""Nuts!"" after being demanded to surrender at the Battle of the (*) Bulge in this war. Dwight D. Eisenhower oversaw a US offensive in this war that included the D-Day landings. For 10 points, in what war did the US fight against Nazi Germany?",World War II [or the Second World War or other obvious equivalents]
2020 ERIS,1,9,"This state's Cadillac Mountain is the highest point on an ocean island in the continental US. This is the closest U.S. state to Africa, and its Aroostook County was the subject of a bloodless ""war"" with Canada. This state's Mount Desert Island contains (*) Acadia National Park, the only national park in New England. The ""Pine Tree State"" is, for 10 points, what easternmost state of the lower 48?",Maine
2020 ERIS,1,10,"In 1919, one of this city's baseball teams was accused of throwing the World Series. In 2017, this city's NFL team surprised pundits when it used the 2nd overall draft pick on Mitch Trubisky. This city's NBA team won (*) 6 championships in the 1990s with players like Michael Jordan. A 108-year World Series drought was broken in 2017 by the Cubs, a baseball team in, for 10 points, what Illinois city?","Chicago, Illinois"
2020 ERIS,1,11,"This group’s membership was significantly expanded by the addition of a group known as the ""A8"". This group, which was preceded by the EEC and ECSC, was established via the 1992 Maastricht Treaty. In a move nicknamed (*) ""Brexit"", the United Kingdom voted to leave this organization in a referendum. The Euro is the official currency of, for 10 points, what organization of European states?",the European Union [or the EU; accept answers in any of the other 23 official EU languages]
2020 ERIS,1,12,"The main characters of one of this author's books live in the government-run camp of Weedpatch. In another of this man's books, Curley’s wife is killed by a character who wants to ""live off the fatta the lan"". One book by this author sees the (*) Joad family move to California. George and Lennie were created by, for 10 points, what American author who wrote Of Mice and Men and The Grapes of Wrath?",John Steinbeck
2020 ERIS,1,13,"This thinker proposed that humans were formed from double-people to explain the origins of love. This author of Symposium analogized philosophy to realizing that shadows on a wall are not reality. This man described an ideal city-state where philosopher (*) kings rule and the “Allegory of the Cave” in The Republic. For 10 points, name this Ancient Greek philosopher, a student of Socrates.",Plato [or Plátōn]
2020 ERIS,1,14,"A popular myth says that this composer was killed out of jealousy by Antonio Salieri. Franz Süssmayr completed this man's unfinished Requiem, and his 41st symphony is nicknamed ""Jupiter"". The Queen of the Night appears in this man's opera The (*) Magic Flute. Eine Kleine Nachtmusik (EYE-nuh KLY-nuh NAHKT-music), or ""A Little Night Music"", was written by, for 10 points, what Austrian child prodigy composer?",Wolfgang Amadeus Mozart
2020 ERIS,1,15,"One of these chemicals which includes antimony pentafluoride is called the ""magic"" one. According to the Arrhenius (ah-REE-nee-us) definition, these substances dissociate into H+ ions, and another definition says that they're electron pair (*) acceptors. Commonly-used examples of these compounds include the nitric and sulfuric types. For 10 points, name these compounds with pH less than 7, contrasted with bases.",acids
2020 ERIS,1,16,"The tweet announcing this event quickly became the most-liked tweet in history. The retrospective A Tribute for a King was produced shortly after this event, which occurred before any public acknowledgement that the person involved had (*) colon cancer. ABC aired the film Black Panther without commercials following, for 10 points, what event in which the lead actor of that film passed away?",Chadwick Boseman's death [accept any equivalents]
2020 ERIS,1,17,"Okazaki fragments help reconstruct the lagging strands of this substance after it's ""unzipped"" by helicase during its replication. Adenine and thymine are one of the pairs of complementary (*) nucleotides that make up this molecule. Chromosomes contain, for 10 points, what biomolecule shaped like a double helix, which contains genetic information?",DNA [or deoxyribonucleic acid]
2020 ERIS,1,18,"This kingdom's namesake ""hegemony"" ended after it was defeated by Thebes at Leuctra. Admiral Lysander helped this kingdom win the Battle of Aegospotami, securing their victory in the (*) Peloponnesian War. At the Battle of Thermopylae, King Leonidas led 300 soldiers from this place against a huge Persian army. For 10 points, name this militaristic Ancient Greek city-state often at odds with Athens.",Sparta [or Lacedaemon]
2020 ERIS,1,19,"When these machines exceed the critical value of attack, it causes a dangerous situation called a ""stall"". A common and sometimes incorrect explanation for how these machines work invokes the Bernoulli principle to explain that the air above one part of them is less (*) dense than below, generating lift. For 10 points, what machines might be powered by jet engines and take off from runways?",airplanes [or aircraft; accept specific types of airplanes; accept airfoils or airplane wings or airplane propellors]
2020 ERIS,1,20,"Time-traveling bandits who steal these objects are the subject of a fictional book in the Diary of a Wimpy Kid series that was banned in Greg's school. A superhero named for these objects was created by using a 3-D Hypno Ring on the school principal Mr. (*) Krupp and goes on adventures with George and Harold. For 10 points, Dav Pilkey created a superhero named the ""Captain"" of what clothing?","underpants [accept synonyms such as underwear, drawers, undergarments, or boxer shorts; accept Underpants Bandits or Captain Underpants]"
2020 ERIS,2,1,"In one story by this author, the homeless Soapy unsuccessfully tries to get himself arrested to avoid the cold. This author of ""The Cop and the Anthem"" also wrote about two men's kidnapping of Ebenezer Dorset, which fails when they have to pay his (*) father to take his son back. ""The Ransom of Red Chief"" is by, for 10 points, what American author of short stories such as ""The Gift of the Magi""?",O. Henry [or William Sydney Porter]
2020 ERIS,2,2,"One ruler with this name issued the Edict of Fontainebleau, revoking the earlier Edict of Nantes and removing the rights of Protestants. That king ruled from 1643 to 1715, was known as the Sun King, and was the (*) 14th king of France with this name. The 16th French king of this name was guillotined during the French Revolution. For 10 points, what name was held by eighteen kings of France?",Louis [accept Louis XIV (read as “the fourteenth”) or Louis XVI (read as “the sixteenth”)]
2020 ERIS,2,3,"Chaturanga is an early form of this activity, where the en passant move can be performed. Opening moves in this game include the Sicilian Defence and the Ruy Lopez. The computer Deep Blue beat (*) Garry Kasparov at this game, whose pieces include bishops which move diagonally and are restricted to one color of square. For 10 points, name this board game in which you win through checkmate.",chess
2020 ERIS,2,4,"This modern-day country was home to the Norte Chico civilization, the oldest known in the Americas. This non-Bolivia country's huacas are traditional places of worship for Quechua-speaking peoples, some of whom also built its mysterious (*) Nazca Lines. This country's city of Cuzco was the former capital of the Inca Empire. For 10 points, name this country home to the citadel Machu Picchu (MAH-choo PICK-choo).",Republic of Peru [or Piruw Republika or Piruw Suyu]
2020 ERIS,2,5,"Pauline Bonaparte insisted on posing nude for a sculpture of this deity, whom Titian depicted lying nude on a red couch in a painting of her ""of Urbino"". This goddess stands on a seashell in (*) Botticelli's depiction of her ""Birth"". A famous ancient Greek statue of this non-Nike goddess is missing its arms. A statue from the island of Milos depicts, for 10 points, what Roman goddess of beauty?","Venus [prompt on Aphrodite after ""Greek"" is read]"
2020 ERIS,2,6,"This quantity times one-half the apothem gives the area of any regular polygon. A value equal to one-half of this quantity appears in Heron's formula, which is used to find the areas of (*) triangles. For a rectangle, this quantity equals twice the width plus twice the height. Circumference is the value for a circle of, for 10 points, what quantity equal to the sum of the side lengths of a polygon?","perimeter [do NOT accept or prompt on ""semiperimeter""]"
2020 ERIS,2,7,"These ecosystems are threatened by acidification of their surroundings, which can cause them to undergo bleaching. Ring-shaped examples of these ecosystems which enclose a lagoon are called (*) atolls. These ecosystems' namesake animals consist of colonies of thousands of polyps. For 10 points, name these marine biodiversity hotspots which include a ""Great Barrier"" one off the coast of Australia.",coral reefs [accept barrier reefs]
2020 ERIS,2,8,"In an 1801 experiment, Thomas Young proved that these particles exhibit wave-particle duality by firing them through two slits. Planck's constant relates the speed of these particles to their frequency. Like gluons, these particles have no (*) mass. These particles can carry electromagnetic radiation such as UV and infrared. For 10 points, name these particles, the quanta of light.","photons [do not accept or prompt on ""protons""]"
2020 ERIS,2,9,"Barnard 68 is a particularly visible ""dark"" version of this type of object. The Hubble Space Telescope photographed one of these objects in the photo ""Pillars of Creation"". ""Planetary"" examples of these objects are formed when stars eject their outer layers into space. The (*) ""Horsehead"" and ""Crab"" ones are famous examples of, for 10 points, what interstellar clouds of gas and dust?",nebulae
2020 ERIS,2,10,"In this novel, one character is allowed to join an Owsla after being given a Mark. General Woundwort is defeated at the title location of this novel after its protagonists unleash a watchdog. This novel begins with (*) Fiver receiving a vision of his home being destroyed, causing him and his friends to search for a new warren. For 10 points, name this Richard Adams adventure novel about rabbits.",Watership Down
2020 ERIS,2,11,"A colonial governor of this modern-day state, William Berkeley, was recalled to England following a 1676 uprising here led by Nathaniel Bacon. This state's House of Burgesses was the first representative legislature in America. One colony in this state was afflicted by the (*) ""Starving Time"" and came into conflict with the Powhatan. For 10 points, in what state was Jamestown established in 1607?",Virginia
2020 ERIS,2,12,"Before becoming an author, Zora Neale Hurston primarily practiced this discipline. A practitioner of this discipline traveled to Melanesia to write his work Argonauts of the Western Pacific. Bronisław (*) Malinowski (bro-NEE-swaaf mah-lee-NOHF-skee) was a practitioner of this academic discipline, which is often studied alongside archaeology. For 10 points, what academic field studies human culture and society?",anthropology [accept word forms; prompt on social science]
2020 ERIS,2,13,"Shortly after this man came out as gay, he tweeted an image of a rainbow background in his album art with the caption ""thought I made it obvious"". This man collaborated with Cardi B on his song Rodeo and with (*) Billy Ray Cyrus on a remix of a song where he sings his ""hat is matte black"" and he's ""got the horses in the back"". For 10 points, name this rapper behind ""Panini"" and ""Old Town Road"".",Lil Nas X [or Montero Lamar Hill; do NOT accept or prompt on Nas alone]
2020 ERIS,2,14,"One poem about this war opens by asking ""what passing-bells for those who die as cattle?"". In another poem about this war, a man ""plunges at me, guttering, choking, drowning"" as he dies during a (*) gas attack. ""Anthem for Doomed Youth"" and ""Dulce et Decorum Est"" were written by Wilfred Owen during, for 10 points, what 1910s ""Great War""?",World War I [or the First World War; accept the Great War until mention]
2020 ERIS,2,15,"Grandmother Spider successfully stole this object in a clay bowl according to one myth. The Incas worshipped Inti as the god of this object. The Aztecs believed that the current instance of this (*) celestial body was actually the fifth one created. For 10 points, name this object that, according to Greek mythology, was carried across the sky every day by the chariot of Helios.",the sun
2020 ERIS,2,16,"One of this composer's operas includes the character Prince Calaf and the aria ""Nessun dorma"", and another of his operas features Rodolfo and Mimi and inspired the musical Rent. The aria ""Un bel dì"" is sung by Cio-Cio-San as she waits for (*) Pinkerton in another of this man's operas. For 10 points, name this Italian who composed Turandot, La Bohème, and Madame Butterfly.",Giacomo Puccini
2020 ERIS,2,17,"The most efficient types of these proteins are known as ""kinetically perfect"" or ""diffusion limited"". The induced fit model describes how these proteins bind to substrates to lower the activation energy of a (*) reaction. Examples of these proteins include ligase and polymerase. For 10 points, identify these biological catalysts that increase the speed of biochemical processes.",enzymes [prompt on catalysts until mentioned]
2020 ERIS,2,18,"This book names an anonymous ""disciple whom Jesus loved"" as one of its sources. This book is classified as the only non-synoptic Gospel, and it contains seven ""I am"" statements and seven ""signs"", ending with the raising of (*) Lazarus from the dead. The last of the four Gospels is, for 10 points, what New Testament book which follows Matthew, Mark, and Luke?","Gospel of John [or the Book of John, or the Gospel According to John; prompt on the Fourth Gospel until ""last"" is read; accept Euangélion katà Iōánnēn; do NOT accept or prompt on First John, Second John, or Third John, or any answers about the first, second, or third Epistles of John]"
2020 ERIS,2,19,"As part of the attempt to cover up this event, a series of government officials were fired in the ""Saturday Night Massacre"". This event was reported on by Bob Woodward and Carl Bernstein. Gerald Ford assumed the (*) presidency after the orchestrator of this event resigned rather than face impeachment. For 10 points, what scandal caused Richard Nixon to step down as president?",Watergate scandal
2020 ERIS,2,20,"In the 1850s, James Strang attempted to found a Mormon kingdom on this lake's Beaver Island. The Door Peninsula separates Green Bay from the rest of this lake. This lake is crossed by ferries between Ludington and Manitowoc and between Muskegon and (*) Milwaukee. Northern Indiana and Chicago lie on the shores of, for 10 points, what Great Lake which shares its name with a peninsular state?",Lake Michigan
2020 ERIS,3,1,"This ruler was imprisoned by Leopold of Austria on charges of murdering Conrad of Montferrat. This monarch conquered Cyprus from the Byzantines and sold it to the Templars. This monarch took over leadership of the Third (*) Crusade from Philip II and fought against Saladin. The son of Henry II and Eleanor of Aquitaine was, for 10 points, what 12th-century English king named ""the Lionheart""?","Richard I [accept Richard the Lionheart or Richard Cœur de Lion; prompt on Richard until ""Lionheart"" is read and accept afterwards]"
2020 ERIS,3,2,"One poet from this country wrote that ""each man kills the thing he loves"" after being jailed for homosexuality. Another poet from this non-African country wrote ""things fall apart; the centre cannot hold"" in ""The Second Coming"". Jonathan Swift suggested this country's residents sell babies for (*) food in the satire A Modest Proposal. For 10 points, what country produced W. B. Yeats and Seán O’Casey?",Ireland [or Éire]
2020 ERIS,3,3,"This character owns a sword named Anaklusmos, which transforms from a pen when uncapped. This character, whose mother always makes him blue-colored food, is taken by his best friend (*) Grover Underwood to Camp Half-Blood. The Lightning Thief is the first book about, for 10 points, what son of Poseidon created by Rick Riordan?",Percy Jackson [accept either underlined portion; accept Perseus Jackson]
2020 ERIS,3,4,"The triple alpha process is the formation of this element in stars, and this element combines with nitrogen in cyanide ions. Buckyballs are molecules formed from sixty atoms of this element. The 14 isotope of this element is used in radiometric (*) dating techniques. This element's allotropes include graphite and diamond. The basis for organic life is, for 10 points, what element with symbol C?",carbon [prompt on C before mention]
2020 ERIS,3,5,"This country's capital contains the widest street in the world, the Ninth of July Avenue. Gauchos herd cattle on this country's pampas plains. This country shares the Iguazu Falls with Brazil and Paraguay, and it fought the UK in the (*) Falklands War. This country shares Patagonia with its western neighbor, Chile. For 10 points, what country is led from Buenos Aires?",Argentina
2020 ERIS,3,6,"For two vectors, this operation can be performed on them by using the tip-to-tail or parallelogram method. Repeated applications of this operation can be denoted using a capital (*) sigma. Performing this operation on two adjacent numbers in Pascal's triangle gives the number below them. Multiplication is equivalent to repetition of, for 10 points, what operation which gives the sum of two numbers?","addition [accept summation until ""sum"" is read; accept plus or adding]"
2020 ERIS,3,7,"In one novel set in this country, the geisha Komako falls in love with a ballet expert in a remote hot spring town. Snow Country is set in this country, in which the poet Matsuo Basho mastered a poetic form consisting of three lines of (*) 5, 7, and 5 syllables. Haiku originate from, for 10 points, what homeland of Yasunari Kawabata and Yukio Mishima, whose cities include Osaka and Tokyo?","Japan [or Nippon-koku, or Nihon-koku]"
2020 ERIS,3,8,"This thinker wrote that philosophy was meant to change the world in his Theses on Feuerbach (FOY-uhr-bock) and called religion the ""opium of the people"" in a critique of Hegel. In another work, this thinker claimed all history was a ""history of (*) class struggles"" and commanded the proletarians of the world to ""unite!"". For 10 points, name this collaborator of Friedrich Engels who wrote The Communist Manifesto.",Karl [Heinrich] Marx
2020 ERIS,3,9,"The narrator tries to obtain Captain Kidd's treasure in an Edgar Allan Poe short story whose name contains this color. In the 1890s, many people travelled to places like Dawson City, Yukon after this material was discovered in the (*) Klondike. Prospectors used a technique called ""panning"" to obtain, for 10 points, what precious metal, which first-place medals at the Olympics are made out of?",gold
2020 ERIS,3,10,"In one episode of this show, ""The Boy Who Cried Comet"", the characters believe that a comet is going to hit Earth after it is seen through a telescope. A schoolteacher in this show married his husband Patrick in the episode ""Mr. (*) Ratburn and the Special Someone"". D. W. and Buster appear in, for 10 points, what PBS Kids show set in Elwood City about an aardvark?",Arthur
2020 ERIS,3,11,"This man coined the term ""satyagraha"" to describe his philosophy of political resistance, as exemplified by the 240-mile-long Salt March he undertook to protest British salt monopolies. This man launched the ""Quit (*) India Movement"" to demand independence from Britain. In 1948, a Hindu nationalist assassinated, for 10 points, what Indian nonviolent activist and independence leader?",Mohandas [Karamchand] Gandhi [or Mahatma Gandhi; accept Gandhiji]
2020 ERIS,3,12,"In one fresco by this man, St. Thomas raises his index figure in doubt as the central figure stretches his hands over a table. Another work by this artist shows a man with four arms inscribed in (*) geometric shapes. This man depicted the wife of Francesco del Giocondo smiling mysteriously in another painting. For 10 points, name this Renaissance artist of Vitruvian Man and the Mona Lisa.",Leonardo da Vinci [accept either underlined portion]
2020 ERIS,3,13,"Extremely strong types of these objects can be made out of rare earth metals such as neodymium. These objects generate a field which is measured in Teslas, and iron filings will (*) align themselves in arcs around these objects. Holding one of these objects near a compass needle will deflect it. For 10 points, what objects have North and South poles which attract each other?",magnets
2020 ERIS,3,14,"An instrument of this type plays a continuous ostinato for the entirety of Maurice Ravel's Boléro. The tabla is an Indian instrument of this type. A metal kind of this instrument popular in Caribbean music can play several different notes and is called its (*) ""steel"" type. Timpanis are large, tunable examples of, for 10 points, what percussion instruments with ""bass"" and ""snare"" types?",drums [accept specific types of drums; prompt on percussion until mention]
2020 ERIS,3,15,"These rocks are classified by their silicon content as mafic, such as scoria, and felsic, such as rhyolite. These rocks are further classified as extrusive or intrusive, and most of the (*) youngest rock on earth is this kind of rock. Volcanic activity produces, for 10 points, what type of rock which includes pumice and basalt and is contrasted with metamorphic and sedimentary?",igneous rocks
2020 ERIS,3,16,"The ampulla of Vater is formed by the common bile duct and a duct named for this organ, which is also known as the duct of Wirsung. This organ's islets of Langerhans contain its endocrine cells, which secrete hormones such as glucagon. (*) Diabetes results in reduced function of, for 10 points, what organ which regulates blood sugar levels through the production of insulin?",pancreas
2020 ERIS,3,17,"This state's Executive Order 44, issued by Governor Lilburn Boggs, empowered its citizens to shoot and kill Mormons on sight as part of an 1838 ""War"". One of the starting points of the Oregon Trail was this state's city of Independence. This state was admitted to the Union along with Maine in (*) 1820 as part of its namesake ""Compromise"". For 10 points, name this state led from Jefferson City.",Missouri
2020 ERIS,3,18,"Many gods in this myth system were depicted holding an ankh. In this myth system, dead souls are judged by being weighed against Ma'at's feather of justice. The green-skinned god of the underworld in this myth system was called (*) Osiris, and believers in this myth system mummified their dead. For 10 points, what ancient myth system featured animal-headed deities like Anubis and Isis?",Ancient Egyptian mythology
2020 ERIS,3,19,"This president's administration created the Department of Justice and used it to prosecute members of the KKK. As a general, this man led the Vicksburg campaign during the Civil War, and he accepted Robert E. Lee's (*) surrender at Appomattox. This man and his running mate Schuyler (SKY-ler) Colfax won the 1868 election. For 10 points, name this highest-ranking Union general, a Republican president.",Ulysses S[impson] Grant [or Hiram Ulysses Grant]
2020 ERIS,3,20,"The Ganges River is said to flow from this god's hair. This god's throat turned blue after he swallowed the Halahala poison during the churning of the ocean. This god's wife (*) Parvati forced him to implant an elephant's head to his son, Ganesha, whom he had previously killed. For 10 points, what Hindu ""destroyer"" god makes up the Trimurti with Brahma and Vishnu?",Shiva [or Mahadeva]
2020 ERIS,4,1,"The Battle of Red Cliffs is fought in a novel from this country. In another novel from this country, Sandy, Pigsy, and the Monkey King accompany a Buddhist monk to Vulture Peak. Romance of the Three Kingdoms and (*) Journey to the West are two of the Four Great Classics written in, for 10 points, what country home to the poet Li Bai that was formerly ruled by the Ming Dynasty?",China [or Zhongguo]
2020 ERIS,4,2,"Part of the Western border of this state is formed by the Red River of the North. This state's ""Northwest Angle"" is formed by an unusual border along the Lake of the Woods, which this state shares with (*) Canada. This state is home to the source of the Mississippi River, which forms part of its border with Wisconsin. For 10 points, name this ""land of ten thousand lakes"" whose capital is St. Paul.",Minnesota
2020 ERIS,4,3,"The coat of arms of Moscow depicts a saint killing one of these animals. Drogon, Rhaegal, and Viserion are three of these animals in Game of Thrones owned by Daenerys Targaryen. Thorin Oakenshield leads an expedition to evict one of these animals, (*) Smaug, from the Lonely Mountain. The flags of Bhutan and Wales depict, for 10 points, what mythical fire-breathing flying lizards?",dragons
2020 ERIS,4,4,"Fractures in the crust of these objects result in ""starquakes"". One type of these objects rotates rapidly, emits beams of radiation, and are called pulsars. These objects are supported by a namesake (*) degeneracy pressure, preventing them from collapsing into black holes. For 10 points, name these astronomical objects denser than white dwarfs, entirely composed of their namesake uncharged particle.",neutron stars [antiprompt on pulsars before mentioned; antiprompt on magnetars]
2020 ERIS,4,5,"This figure's mother dreamed of an elephant entering her womb before he was born. This cousin of Devadatta married Yasodhara before escaping his father's palace. After seeing a diseased man, a corpse, and a monk, this man meditated under a (*) bodhi tree. The Eightfold Path and the Four Noble Truths were preached by, for 10 points, what man born Siddhartha Gautama who founded an Asian religion?",Gautama Buddha [accept Siddhartha Gautama before mentioned]
2020 ERIS,4,6,"This politician said that she had broken the ""marble ceiling"" after being elected to her highest position, in which she succeeded Dennis Hastert. This politician memorably ripped up her copy of the 2020 (*) State of the Union speech. This woman represents California's 12th congressional district, which comprises most of San Francisco. For 10 points, name this current Speaker of the House.",Nancy Pelosi [or Nancy Patricia D’Alesandro]
2020 ERIS,4,7,"This country is home to the world's oldest lighthouse still in use, the Tower of Hercules, in its city of A Coruña. This country's Basque-speaking minority lives in cities like Bilbao, while its eastern portion is known as (*) Catalonia. The slogan ""more than a club"" is used by a world-famous soccer team from this country's city of Barcelona. For 10 points, what European country is led from Madrid?","Kingdom of Spain [or Reino de España, or Espainiako Erresuma, or Regne d’Espanya]"
2020 ERIS,4,8,"A young girl dances herself to death as part of a pagan ritual celebrating the start of this season in one ballet. This season appears in the title of a ballet whose premiere in Paris caused (*) riots to break out. Aaron Copland wrote a ballet named for the ""Appalachian"" variety of this season. For 10 points, Igor Stravinsky wrote ""The Rite of"" what season that comes after winter?",spring [accept The Rite of Spring or Appalachian Spring]
2020 ERIS,4,9,"The ""nearly free electron"" theory describes one form of this phase of matter, which is to the immediate left of the triple point. In sublimation, this phase of matter turns into a gas, and (*) precipitates formed during reactions are this phase of matter. For 10 points, identify this phase of matter which does not expand or flow, and is typically denser than liquids or gases.",solids
2020 ERIS,4,10,"Many 16th and 17th century maps incorrectly depicted this modern-day U.S. state as an island. Francis Drake claimed the colony of New Albion in this state. Junípero Serra founded many missions along this state's Camino Real. The (*) Donner Party died trying to reach this state, where an 1849 gold rush attracted thousands of migrants. For 10 points, name this “Golden State”.",California
2020 ERIS,4,11,"The speaker of this poem asks its subject ""is there - is there balm in Gilead?"" before ordering it ""back into the tempest and the Night's Plutonian shore"". The title animal of this poem is perched on a ""pallid bust of (*) Pallas just above my chamber door"". ""Once upon a midnight dreary"" is the opening of, for 10 points, what poem by Edgar Allan Poe in which the title bird declares ""nevermore""?",“The Raven”
2020 ERIS,4,12,"This organ is attached to the body wall by the falciform ligament, which separates it into two lobes. Excessive alcohol consumption can cause this organ to become scarred and lose function, a condition called (*) cirrhosis. This organ can become inflamed in hepatitis, and the gallbladder stores bile produced by it. For 10 points, name this largest internal organ.",liver
2020 ERIS,4,13,"One man with this surname ran a campaign ad about the prisoner Willie Horton. A recount of ""hanging chad"" ballots in Florida enabled another man with this surname to narrowly defeat Al Gore in one election. A man with this surname who promised, ""Read my (*) lips: no new taxes"" later lost re-election in 1992 to Bill Clinton. For 10 points, give this surname of two U.S. Presidents named George.","Bush [accept George H. W. Bush, George W. Bush, or just George Bush]"
2020 ERIS,4,14,"This leader led a Grand Embassy through Western Europe, which inspired him to Westernize his country by means such as introducing a formalized Table of Ranks for the military. This man's country fought the Great Northern War against Sweden from (*) 1700 to 1721. For 10 points, what Russian tsar built a capital on the Neva River named for a saint with the same name?",Peter I [or Peter the Great; prompt on Peter]
2020 ERIS,4,15,"At the end of this novel, the main character is devastated when 511 children ""balloon"" from his residence. In this novel, a rodent named Templeton refuses to help other characters unless he is offered food. One character in this novel (*) weaves words such as ""SOME PIG!"" and ""TERRIFIC"" into the title object. For 10 points, name this novel by E. B. White about a certain spider and the pig Wilbur.",Charlotte's Web
2020 ERIS,4,16,"Achilles owned two of these animals that were immortal and named Balius and Xanthos. Hercules fed Diomedes to some of these animals that he had raised to eat flesh. These animals were crossed with fish in the mythical hippocampus. (*) Bellerophon captured a winged example of one of these animals and used it to try to get to Mt. Olympus. For 10 points, what kind of animal was Pegasus?",horses [accept winged horses; prompt on Pegasus by asking “what kind of animal was he?”]
2020 ERIS,4,17,"The van 't Hoff factor is denoted by the lowercase version of this letter. The element denoted by this letter is used in a test to detect starch and to treat goiters, or swelling of the thyroid. This letter is used to represent electric (*) current. The square root of -1 is denoted by, for 10 points, what letter that represents both the imaginary number and the element Iodine?",i
2020 ERIS,4,18,"If a matrix has determinant zero, then it cannot have one of these things. Functions that fail the horizontal line test do not have one of these things, and reflecting the graph of a function across the line y=x gives the graph of this thing for it. For the function f(x)=x 2 (""f of x equals x squared""), the square (*) root function serves as this thing. For 10 points, identify these functions which ""undo"" another function.",inverses
2020 ERIS,4,19,"This dynasty's Emperor Wu defeated the Xiongnu (shong-noo), turning them into a Chinese tributary, and established Confucianism. This dynasty was succeeded by the Three Kingdoms Period. Liu Bang founded this (*) longest-reigning Chinese dynasty, succeeding the Qin (chin). For 10 points, name this Chinese dynasty which reigned from 202 BC to 220 AD and shares its name with the largest Chinese ethnicity.",Han Dynasty
2020 ERIS,4,20,"English-Portuguese trade in cloth and this man-made good were analyzed by economist David Ricardo. Regions like Bordeaux in France and California's Napa Valley contain many (*) vineyards, which grow this drink's main ingredient and then produce it. For 10 points, what alcoholic beverage comes in ""red"" and ""white"" varieties, depending on the color of the grapes used to make it?",wine [prompt on alcohol]
2020 ERIS,5,1,"A painting by J. M. W. Turner depicts one of these objects on a bridge and is titled Rain, Steam, and Speed. The American businessman Ratchett is murdered on one of these vehicles in the Agatha Christie novel Murder on the Orient (*) Express. The island of Sodor is home to Thomas, a sentient blue one of, for 10 points, what vehicles which run on rails and carry passengers?",railroad trains [or locomotives or steam engines or tank engines or sleepers or any other obvious equivalents]
2020 ERIS,5,2,"Downdrafts near the rear flank of one of these phenomena create a distinctive ""hook echo"" on Doppler radar. These phenomena regularly develop from mesocyclones of supercells, and the (*) Fujita scale quantifies their strength on a numerical scale from F0 to F5. For 10 points, name these funnel-shaped columns of air that can cause substantial property destruction when they touch down.","tornadoes [prompt on twisters or cyclones; prompt on supercells before mentioned by asking, ""What phenomena accompany such storms?""]"
2020 ERIS,5,3,"Ironically, violence escalated in this country after a president gave a speech about it under a ""Mission Accomplished"" banner. Because of tensions over oil, this country invaded its neighbor to begin the First Gulf War. In 1980 this country invaded (*) Iran under the leadership of Saddam Hussein. The terrorist group ISIS is named for Syria and, for 10 points, what country led from Baghdad?",Republic of Iraq
2020 ERIS,5,4,"This author wrote a legendarily unreadable stream-of-consciousness novel which begins with the final word of the final sentence, ""riverrun"". A novel by this author ends with a lengthy soliloquy which ends when Molly declares ""yes I said yes I will yes"". This author of Finnegans Wake depicted Stephen Daedalus and Leopold (*) Bloom in another book. For 10 points, what Irish author wrote Ulysses?",James [Augustine Aloysius] Joyce
2020 ERIS,5,5,"Scrolls containing this text are produced by scribes called soferim and are read from every week using a pointer called a yad to avoid touching them. This text is usually stored in an ark and removed for (*) synagogue services. The Five Books of Moses comprise, for 10 points, what Jewish scripture analogous to the first five books of the Old Testament?",the Torah [prompt on the Pentateuch; prompt on the Hebrew Bible but do NOT accept or prompt on just the Bible]
2020 ERIS,5,6,"Players defend Odin City in a tower defense game whose title begins with this word. A creature with this name in another video game was created when its developer incorrectly set the dimensions of a pig. In one song parody, the singer declares (*) ""aw man"" after saying the name of, for 10 points, what green monsters from Minecraft which explode on proximity to the player?",creepers
2020 ERIS,5,7,"This quantity does not change for adiabatic processes. If a system reaches maximum entropy, that system experiences a ""death"" named for this kind of energy. Exothermic reactions generate this type of energy, which can be transferred by (*) radiation, convection, and conduction. For 10 points, name this type of energy, more of which is possessed by objects with a higher temperature.","heat [accept thermal energy; prompt on energy, prompt on temperature until mentioned]"
2020 ERIS,5,8,"This artist excluded shadows from his painting Bedroom in Arles. This artist painted numerous self-portraits, including one ""With Bandaged Ear"", depicting the aftermath of his (*) cutting his ear off. A cypress tree juts into the left side of one famous painting by this artist, which also features a swirling sky above the village of Saint-Remy. For 10 points, name this Dutch artist of Starry Night.",Vincent van Gogh
2020 ERIS,5,9,"According to one myth from this country, there were originally ten suns, but nine of them were shot out of the sky by the archer Houyi. This country's traditional folklore features legendary figures called the Eight Immortals and a deity known as the (*) Jade Emperor. Chang'e is the moon goddess of, for 10 points, what country whose mythology was influenced by Confucianism and Taoism?",China [or Zhongguo]
2020 ERIS,5,10,"These structures primarily consist of mineralized collagen, and the ears contain three of these objects to conduct sound. New blood cells are produced inside these structures. These structures are weakened in (*) osteoporosis, and their interior contains marrow. The femur is the largest of, for 10 points, what hard objects which make up the skeleton?",bones
2020 ERIS,5,11,"The Kahama chimpanzee community was disbanded after chimpanzees in Gombe National Park engaged in this activity, which was documented by Jane Goodall. The Chinese strategist Sun Tzu wrote a book about the (*) ""Art"" of this activity. The Geneva Convention established laws governing, for 10 points, what activity in which large groups or nations engage in armed conflict?","war [or warfare; accept synonyms such as fighting, combat, violence, etc. until “Art” is read and prompt afterwards; accept The Art of War; accept the Gombe Chimpanzee War]"
2020 ERIS,5,12,"One symbol of a 1956 revolution in this country was its flag with a hole cut out of the middle; after that revolution failed it was led by János Kadar (YAH-nosh KAH-dar), a proponent of ""goulash communism"", named for a popular national dish. This country once formed a dual monarchy with (*) Austria, its western neighbor. For 10 points, name this country now led by Viktor Orbán from Budapest.",Hungary [or Magyarország]
2020 ERIS,5,13,"Only numbers congruent to 1 or 5 mod 6 can have this property. Numbers of this type which are one less than a power of two are named for Mersenne. According to the fundamental theorem of arithmetic, every positive integer can be expressed uniquely as a (*) product of these numbers. The Sieve of Eratosthenes can be used to find, for 10 points, what numbers only divisible by one and themselves?",prime numbers
2020 ERIS,5,14,"Poems from this country include the Acmeist ""Requiem"" and one in which the title character duels Lensky for the love of Tatyana. In addition to Eugene Onegin, another work from this country stars Ivan, Alyosha, and Dmitri, the title Brothers (*) Karamazov. Raskolnikov commits murder in Crime and Punishment, a work from, for 10 points, what country, where it is set in St. Petersburg?","Russia [or Rossiya; accept the Soviet Union, or the USSR, or the Union of Soviet Socialist Republics, or the Sovetsky Soyuz, or the Soyuz Sovetskikh Sotsialisticheskikh Respublik, or the SSSR or CCCP]"
2020 ERIS,5,15,"This country's Dodecanese island group actually consists of fifteen islands. In ancient times, ships were dragged over an isthmus in this country using a road called the Diolkos. Many migrants to Europe try to reach this country's islands of Kos and Lesbos. (*) Rhodes and Crete are islands in this country, whose capital contains the Parthenon. For 10 points, what country is led from Athens?",Greece [or the Hellenic Republic or Hellas or Ellada or Ellinikí Dimokratía]
2020 ERIS,5,16,"Horace Hunley developed one of these vehicles for the Confederacy, but it went down three times, the second of which killed Hunley himself. A Soviet one of these vehicles, K-129, was salvaged by the CIA after it sank. In 1915, the RMS (*) Lusitania was sunk by one of these vehicles, which the Germans called U-boats. Periscopes are used by, for 10 points, what naval vessels which can travel underwater?","submarines [accept U-boats until mentioned; prompt on subs; prompt on boats or watercraft; do NOT accept or prompt on ""submersibles"", ""ships"", or ""warships""]"
2020 ERIS,5,17,"Dust clouds in this object create a ""Zone of Avoidance"" which impedes astronomers' observations of the sky beyond it. The center of this object contains the supermassive black hole Sagittarius A* (""A star""), and this (*) galaxy is orbited by the two Magellanic clouds. This galaxy is predicted to collide with Andromeda in three billion years. For 10 points, name this galaxy in which we live.",Milky Way Galaxy
2020 ERIS,5,18,"People in one of these places wore black armbands to protest the Vietnam War, causing the Supreme Court case Tinker v. Des Moines. The National Guard protected the Little Rock Nine as they attended one of these places. The Supreme Court reversed the (*) ""separate but equal"" doctrine in a case about these places. Brown v. Board desegregated, for 10 points, what places where students go to learn?",schools [accept high schools or any other type of school; accept other descriptions of places of education; do not accept or prompt on “colleges” or “universities”]
2020 ERIS,5,19,"One poem by this author calls its title entity ""fierce as a dog with tongue lapping for action"". In his most famous poem, this man calls his home city ""Tool maker, stacker of wheat, player with railroads, and City of the Big Shoulders"". The line ""The (*) fog comes in on little cat feet"" was written by, for 10 points, what American poet of “Grass” and “Chicago”?",Carl [August] Sandburg
2020 ERIS,5,20,"This state's northwest is home to Shiprock, an eroded volcanic plug held sacred by the region's native population. The White Sands National Monument lies in the southern part of this state, between the cities of Alamogordo and Las Cruces. It's not Nevada, but this state's city of (*) Roswell is associated with an alleged UFO. For 10 points, name this Southwestern state whose capital is Santa Fe.",New Mexico
2020 ERIS,6,1,"A symbol of this religion includes a double-edged sword and a chakram and is called the khanda. If members of this religion are initiated into the Khalsa, they must carry a dagger and comb to follow the 5 Ks. This religion's holy book, the (*) Adi Granth, is considered its last guru. Guru Nanak founded, for 10 points, what Indian religion common in Punjab, whose members are known for wearing turbans?",Sikhism [or Sikhi]
2020 ERIS,6,2,"This structure contains flippases, scramblases, and aquaporins, which allow for transport across it. The fluid mosaic model was developed to describe this cellular structure, which comprises a phospholipid (*) bilayer and separates the cytoplasm from the extracellular fluid. For 10 points, name this semipermeable structure that surrounds the cell.","cell membrane [do NOT accept or prompt on ""cell wall""]"
2020 ERIS,6,3,"In one novel by this author, Humpty Dumpty celebrates his ""unbirthday"" before his untimely fall. The line ""Twas brillig, and the slithy toves / did gyre and gimble in the wabe"" opens this author's nonsense poem (*) ""Jabberwocky."" Through the Looking-Glass is the sequel to this man's most well-known work. For 10 points, identify this author of Alice's Adventures in Wonderland.",Lewis Carroll [or Charles Lutwidge Dodgson]
2020 ERIS,6,4,"While docked in this modern-day country, the USS Maine exploded, prompting the US to enter the Spanish-American War. Many refugees from this country traveled north to Florida by boat. This country's leader Fulgencio (*) Batista was deposed in 1959 in favor of Fidel Castro. Guantanamo Bay is leased by the United States from, for 10 points, what Caribbean island nation led from Havana?",Cuba
2020 ERIS,6,5,"Note to players: description acceptable. Juliek (YOO-lee-eck) and Moshe the Beadle appear in a novel that takes place in these locations. An author who died in one of these locations wrote the line ""In spite of everything I still believe that people are really good at heart"" in the (*) diary she kept in Amsterdam. Elie Wiesel's Night is set in and Anne Frank died in one of, for 10 points, what places which included Auschwitz (ow-shvitz)?",concentration camps [accept anything indicating [Nazi] death camps or other obvious equivalents]
2020 ERIS,6,6,"Following this event, thousands of people were stranded in Canadian cities like Gander, Newfoundland by Operation Yellow Ribbon. The passengers of United Airlines Flight 93 forced it to (*) crash-land in Shanksville, Pennsylvania during this event. Al-Qaeda perpetrated, for 10 points, what deadliest terrorist attack in US history, which destroyed the Twin Towers?","September 11th terrorist attacks [or 9/11; accept any answer indicating that terrorists hijacked airplanes and flew them into either the World Trade Center or the Pentagon; do not accept or prompt on ""World Trade Center bombing"", as that usually refers to a separate attack that occurred in 1993]"
2020 ERIS,6,7,"These objects may be ""seeded"" using a small pellet of silver iodide. Their unusual mammatus type is caused by strong updrafts, and these objects are formed when air temperature moves below the dew point in the (*) stratosphere. Rain, snow, and other precipitation are formed by the condensation of water vapor in, for 10 points, what large masses of air which may block out the sun?","clouds [prompt on storms before ""mammatus"" by asking ""what physical objects comprise the storm?""; prompt on answers indicating rain or precipitation or similar before ""mammatus"" by asking ""from what objects does the rain originate?""]"
2020 ERIS,6,8,"This term is used for a pipe in a bagpipes whose note does not change as the pipes are played. Bees described by this word are haploid, do not have stingers, and are the only male bees. In April 2019, London Gatwick Airport was (*) shut down by one of these objects flying around it. The U.S. military has conducted ""strikes"" using, for 10 points, what unmanned flying vehicles?",drones
2020 ERIS,6,9,"This country contains a man-made island chain shaped like a map of the world. An airline based in this country sponsors the soccer team Arsenal, whose stadium is named after it. Another airline in this country, Etihad, is based in its city of (*) Abu Dhabi. The world's tallest skyscraper, the Burj Khalifa, is found in, for 10 points, what country whose largest city is Dubai?",United Arab Emirates [or the UAE or al-ʾImārāt al-ʿArabīyah al-Muttaḥidah; prompt on Emirates]
2020 ERIS,6,10,"August Burns [this color] in the name of one band, and Anthony Kiedis fronts another band whose name contains this color. In one film, Sean Connery plays the Lithuanian captain of a submarine partially named for this color. Henry Fleming flees the battlefield in a Stephen (*) Crane book titled for a ""Badge of Courage"" of, for 10 points, what color which appears along with white on the Canadian flag?","red [accept August Burns Red, the Red Hot Chili Peppers, The Hunt for Red October, or The Red Badge of Courage]"
2020 ERIS,6,11,"Spartacus led a slave rebellion which rappelled down this mountain to win a battle. The ancient city of Herculaneum was located near this mountain. Pliny the Elder died during a natural disaster caused by this (*) volcano, whose eruption buried an ancient Roman city in volcanic ash, preserving it. For 10 points, name this volcano which destroyed Pompeii.",Mount Vesuvius
2020 ERIS,6,12,"In uniform circular motion, this quantity always points radially inward. This quantity is the second derivative of displacement with respect to time, and it equals zero when the forces acting on an object are (*) balanced. Newton's 2nd law states that force equals mass times this quantity. For 10 points, what quantity is measured in meters per second squared and describes the change in velocity?",acceleration
2020 ERIS,6,13,"This war began shortly after the strongly Catholic Ferdinand II was elected as Holy Roman Emperor, and some of his representatives were thrown out a window by Bohemian Protestants. This war was ended by the Peace of (*) Westphalia, and it curtailed the power of the Catholic Habsburgs. For 10 points, name this Central European war that lasted from 1618 to 1648 and is named for that amount of time.",Thirty Years' War
2020 ERIS,6,14,"A scientist from this country believed that one variety of wheat could be transformed into another variety by planting during a different season, a theory supported by its leader. This country's nuclear program detonated the (*) Tsar Bomba nuclear bomb, and it launched the first satellite, Sputnik. For 10 points, Yuri Gagarin was from what country which rivaled the US in the ""space race""?","Soviet Union [or the USSR, or the Union of Soviet Socialist Republics, or the Sovetsky Soyuz, or the Soyuz Sovetskikh Sotsialisticheskikh Respublik, or the SSSR or CCCP; prompt on Russia; prompt on Ukraine because Trofim Lysenko was from Ukraine]"
2020 ERIS,6,15,"One character in this play is repeatedly called the ""Prince of Cats"" by his frequent enemy. The female protagonist of this work receives a sleeping potion from a (*) friar, although her lover believes her to be dead and commits suicide out of grief. The Montague and Capulet families are at odds in, for 10 points, what Shakespeare tragedy about two ""star-cross’d lovers""?",Romeo and Juliet
2020 ERIS,6,16,"One work by this composer consists of 30 variations on an aria, of which every third variation is a canon. This composer wrote 24 preludes and fugues, one for every key, in The (*) Well-Tempered Clavier. For 10 points, name this Baroque composer of Toccata and Fugue in D minor, the Goldberg Variations, and the Brandenburg Concerti.",Johann Sebastian Bach [or J. S. Bach; prompt on Bach or J. Bach or Johann Bach; do not accept or prompt on “Johann Christian Bach” or “J.C. Bach”]
2020 ERIS,6,17,"This state’s Dutch Harbor is the busiest fishing port in America and a center for the crab industry. This state’s city of Nome is the finish line of the yearly Iditarod sled-dog race. The (*) Aleutian Islands, off the west coast of this state, form the southern end of the Bering Sea. For 10 points, name this state home to Fairbanks, Anchorage, and the capital of Juneau.",Alaska
2020 ERIS,6,18,"This man's sword had a scabbard which prevented its wearer from bleeding from any wounds. This man was mortally wounded despite defeating Mordred at the Battle of Camlann. This son of Uther (*) Pendragon was served by the wizard Merlin and the Knights of the Round Table. For 10 points, what legendary English king wielded Excalibur and pulled a sword from a stone?",King Arthur [or Arthur Pendragon; prompt on Pendragon until it is read]
2020 ERIS,6,19,"Groups are examples of these mathematical objects endowed with a binary operation fulfilling certain properties. A symbol that looks like a circle with a line through it is commonly used to denote an ""empty"" one of these objects which has no (*) elements. The intersection and union operations can be performed on, for 10 points, what collections of objects?",sets
2020 ERIS,6,20,"One artwork from this country is titled Fine Wind, Clear Morning, and was created in its ukiyo-e style. A woodblock artist from this country depicted several suffering boats in The Great Wave Off (*) Kanagawa. That artist, Hokusai, created 36 Views of Mount Fuji, a mountain in, for 10 points, what Asian country whose modern art includes graphic novels called manga?",Japan [or Nippon-koku or Nihon-koku]
2020 ERIS,7,1,"As Secretary of War, this man attempted to import camels for cavalry soldiers, an experiment which resulted in Douglas the Camel fighting for the 43rd Mississippi. This man fled Richmond in women's clothing but was eventually arrested for treason. He was appointed to his highest position in (*) 1861 shortly following the outbreak of the Civil War. For 10 points, name this only Confederate president.",Jefferson Davis
2020 ERIS,7,2,"The highest peak of this peninsula is Mount Baekdu, and this peninsula's northern boundary is demarcated by the Yalu River. At the 2018 Winter Olympics, the two countries on this peninsula fielded a (*) unified women's hockey team. The DMZ separates the Northern and Southern halves of, for 10 points, what peninsula in Asia that contains the cities of Pyongyang and Seoul?","Korean peninsula [or Hanbando, or Hanguk, or Chosŏn; do NOT accept or prompt on North Korea or South Korea, since those are countries and not a peninsula]"
2020 ERIS,7,3,"This figure legendarily founded the city of Mycenae, and he fulfilled a prophecy when his discus killed his grandfather Acrisius. This man's mother Danae was visited by Zeus in the form of a golden shower. This hero used Athena's (*) reflective shield to kill a Gorgon, after which Pegasus was born. Andromeda's husband was, for 10 points, what Greek hero who slew Medusa?",Perseus
2020 ERIS,7,4,"Robert Welch and the John Birch Society fought against this ideology. Along with anarchists, the Palmer Raids were conducted against people holding this belief. Joseph (*) McCarthy investigated people suspected of this political position in a period known as the Red Scare. The U.S. joined the Vietnam War to stop the spread of, for 10 points, what political ideology championed by the Soviet Union?",communism [accept Marxism or Marxism-Leninism; prompt on leftism; accept word forms]
2020 ERIS,7,5,"This author depicted Green Town, Illinois in his short story collection Dandelion Wine. Another story collection by this author begins with ""Rocket Summer"" and follows the human settlement of Mars in the mid 21st century. This man wrote a novel in which the (*) fireman Guy Montag saves books instead of burning them. For 10 points, name this author of the Martian Chronicles and Fahrenheit 451.",Ray Bradbury
2020 ERIS,7,6,"Along with variance, this value is affected by Bessel's correction. T and z scores have this number in their denominator. This value, symbolized by a lowercase sigma, is equal to the square root of the (*) variance. 63% of the data in a normally distributed set is within this value of the mean. For 10 points, name this value that measures the ""spread"" of a set of data.",standard deviation [accept sample standard deviation or population standard deviation]
2020 ERIS,7,7,"A Dead Kennedys song is titled for a ""Holiday in"" this country. An empire in this country developed a martial art called ""lion-pounding"", or bokator. The use of ""killing fields"" was among the atrocities committed by Pol Pot, the head of this country's (*) Khmer Rouge regime. The massive Angkor Wat temple is located in, for 10 points, what Southeast Asian country with capital at Phnom Penh?","Kingdom of Cambodia [or le Royaume du Cambodge, or Prĕəh Riəciənaacak Kampuciə; accept Democratic Kampuchea or Kâmpŭchéa Prâcheathippadey; accept Srok Khmae; accept “Holiday in Cambodia”]"
2020 ERIS,7,8,"Along with sinkholes, these formations occur frequently in regions of karst topography, where limestone or dolomite is dissolved by groundwater. The deepest known one of these formations is called (*) Krubera, and these places are explored by spelunkers. Stalactites and stalagmites occur in, for 10 points, what natural holes that extend underground?",caves [accept synonyms like caverns]
2020 ERIS,7,9,"Users of this platform were widely credited with deflating attendance at a June 2020 Trump campaign rally. In August 2020, Donald Trump issued an order banning transactions with this platform’s parent company, ByteDance, and encouraged it to be bought by a ""very (*) American"" company like Microsoft. For 10 points, name this video-sharing app which has been criticized for associations with China.",TikTok [or Douyin]
2020 ERIS,7,10,"Members of one of this country's political parties run for British parliament but do not take their seats. That party, Sinn Féin (shin fayn), was founded to fight for this country's independence. In 1920, British forces shot into a crowd of spectators watching a (*) Gaelic football match in this country's capital. For 10 points, what European country bordering the UK adopted a green-white-orange tricolor flag?",Republic of Ireland [or Poblacht na hÉireann; prompt on Northern Ireland or Tuaisceart Éireann until “independence” is read and do not accept or prompt afterwards]
2020 ERIS,7,11,"Andrew Marcus brews a potion to give himself freckles in one book by this author. A series by this author features the turtle Dribble and chronicles Peter Hatcher's annoyance with his younger brother. The title character gets her first (*) period at the end of Are You There, God? It's Me, Margaret, a novel by, for 10 points, what author of Tales of a Fourth Grade Nothing who created ""Fudge"" Hatcher?",Judy Blume
2020 ERIS,7,12,"Benzoyl peroxide is one drug used to treat a condition of this organ. Basal cell carcinoma is a common type of cancer that affects this organ, which can also be afflicted by psoriasis and (*) eczema. Excessive exposure to sunlight can increase the risk of cancers like melanoma in, for 10 points, what largest human organ, which covers the entire human body?",skin [antiprompt on epidermis or dermis by asking “what is that a part of?”]
2020 ERIS,7,13,"This nation carried out Operation Orchard in order to destroy a suspected Syrian nuclear reactor. Albert Einstein was offered the presidency of this country, but declined. This nation's parliament, the Knesset, was first led by its first prime minister, David (*) Ben-Gurion. Tel Aviv is the economic center of, for 10 points, what nation engaged in land disputes with Palestine?",State of Israel [or Medinat Yisra'el]
2020 ERIS,7,14,"This person's cause of death is recounted differently in the Bible, but both Matthew and Acts state that it happened in the Potter's Field. He was paid 30 pieces of silver by the Sanhedrin for turning in a certain man, who he distinguished with a (*) kiss on the cheek. At the Last Supper, Jesus predicted the betrayal of, for 10 points, what traitorous Apostle given the epithet ""Iscariot""?",Judas Iscariot [or Yehūdāh Īsh-Qrīyōt]
2020 ERIS,7,15,"Asteroids sharing an orbit with this planet are called trojans. In 1994, the comet Shoemaker-Levy 9 collided with this planet. This planet's moons include the most volcanically active body in the solar system, Io, as well as the three other (*) Galilean moons: Europa, Ganymede, and Callisto. The Great Red Spot is found on, for 10 points, what largest planet in the solar system?",Jupiter
2020 ERIS,7,16,"This painting appears opposite the artist's La Disputa. A large marble arch dominates this work, whose central figures hold copies of the books Timaeus and Ethics and which also depicts Averroes peering over Pythagoras's shoulder at Archimedes. Pythagoras, Socrates, and (*) Plato are some of the many philosophers depicted in, for 10 points, what fresco of a namesake Greek city by Raphael?",The School of Athens
2020 ERIS,7,17,"The ratio between this quantity in a given material and in a vacuum is that material's index of refraction. Cherenkov radiation can be produced when particles exceed this value in a certain material, and tachyons are (*) hypothetical particles that could exceed this value. For 10 points, name this ""universal speed limit"" equal to about 300,000 kilometers per second and symbolized c.",the speed of light [accept c before mention and prompt afterwards; prompt on speed or velocity]
2020 ERIS,7,18,"In this novel, a marriage proposal from St. John (sin-jin) Rivers is rejected. In this book, Grace Poole cares for the insane Bertha Mason in Thornfield Hall, which Bertha burns down. The title character declares ""Reader, I (*) married him"" at the beginning of the final chapter of this novel. Mr. Rochester marries the title character of, for 10 points, what Charlotte Brontë novel?",Jane Eyre
2020 ERIS,7,19,"Mozart owned one of these instruments made by Anton Walter that had levers operated by the player's knees. Unlike a harpsichord, which this instrument replaced, this instrument has mallets which strike its strings. The left una corda (*) pedal on this instrument makes it softer, and its damper pedal causes notes to be sustained longer. For 10 points, what instrument has 88 keys which are white and black?",piano [accept pianoforte or fortepiano]
2020 ERIS,7,20,"A company founded by this man has lobbied extensively to extend copyright protection to avoid his works entering the public domain. This man's brother Roy changed his unfinished design for a futuristic city, (*) EPCOT, into a theme park. The Magic Kingdom is part of a resort named for this man in Orlando. For 10 points, what animator's namesake company produces cartoons featuring Mickey Mouse?",Walt Disney [or Walter Elias Disney]
2020 ERIS,8,1,"The chemical symbols for these elements are used as abbreviations when writing electron configurations, because these elements have a full valence shell. These elements exist in nature as monoatomic gases. Fluorescent lighting often uses tubes containing these elements, most commonly (*) neon. The rightmost column of the periodic table contains, for 10 points, what group of unreactive elements?","noble gases [or group 18, or inert gases]"
2020 ERIS,8,2,"One character in this musical describes ""knobs on the doors"" and ""wall-to-wall floors"" as attractions of moving from Puerto Rico to New York in the song ""America"". This musical's song ""I Feel Pretty"" is sung by Maria, who holds her lover (*) Tony as he dies. For 10 points, name this musical inspired by Romeo and Juliet about a gang war between the Jets and the Sharks, composed by Leonard Bernstein.",West Side Story
2020 ERIS,8,3,"Two wolves named Geri and Freki follow this deity around, and he owns a horse named Sleipnir. With his brothers Vili and Ve, this deity helped create the world by killing Ymir. Hugin and Munin are two (*) ravens that help this deity receive information from around the world. He is often known as the Allfather, has just one eye, and is the father of Thor. For 10 points, name this chief Norse god.",Odin [or Óðinn or Wóden or Wuodan or Wuotan or basically anything that sounds like Wodan]
2020 ERIS,8,4,"For surviving this event, criticism was directed at J. Bruce Ismay, a chairman of White Star Lines. Robert Ballard searched the remains of this event, in which ""Nearer, My God, To Thee"" was played by a doomed (*) orchestra. The Carpathia rescued survivors of this event, in which a lack of lifeboats led to extra deaths. For 10 points, name this 1912 event in which an ""unsinkable"" ship hit an iceberg.",sinking of the RMS Titanic
2020 ERIS,8,5,"One common proof of this theorem places four congruent triangles inside each side of a square, forming a smaller square. The law of cosines is a generalization of this theorem, which can be applied to find the Euclidean (*) distance between two points. The length of a triangle's hypotenuse may be found with, for 10 points, what theorem about the squares of the side lengths of right triangles?",Pythagorean theorem
2020 ERIS,8,6,"A mercury thermometer is one object in this artist’s Why Not Sneeze, Rose Selavy?. This man drew a mustache and goatee on the Mona Lisa in his L.H.O.O.Q.. Many people have attempted to (*) pee in his most famous artwork. For 10 points, name this French Dadaist artist who created Fountain by writing the name ""R. Mutt"" on a urinal.",Marcel Duchamp
2020 ERIS,8,7,"New Haven, Connecticut is known for a distinctive variety of this food, including one type made with white clams, while the St. Louis style of this food is noted for its use of Provel cheese. Giordano's and Lou Malnati's are known for making the (*) deep-dish variety of this food popular in Chicago. For 10 points, what Italian food's New York style is characterized by a thin, foldable crust?",pizza [accept apizza; prompt on za]
2020 ERIS,8,8,"This country was invaded by the Soviet Union in 1979, prompting a 1980 boycott of the Olympics. This country's massive Bamiyan Buddha statues were destroyed by a terrorist group based in it called the (*) Taliban. It's not Iraq, but the United States has been fighting in this country since 2001. For 10 points, name this Asian country led from Kabul.",Islamic Republic of Afghanistan
2020 ERIS,8,9,"This character discovers that an old man he killed was actually King Laius. This character solves the riddle of the Sphinx, defeating it and becoming king of Thebes. This man stabs his eyes out with pins after realizing that his wife, Jocasta, is actually his (*) mother. For 10 points, what Theban king depicted in a trilogy of Sophocles plays was prophesied to marry his mother and kill his father?",Oedipus
2020 ERIS,8,10,"In Frank Lloyd Wright's Robie House, these objects have 30 and 60 degree lines to imitate plants. James Stewart starred in an Alfred Hitchcock mystery film named for a ""Rear"" one of these objects. Vista and XP were versions of an (*) operating system named for these objects and made by Microsoft. For 10 points, what objects are often made of stained glass in churches and let sunlight into buildings?",windows
2020 ERIS,8,11,"Seymour commits suicide at the end of this author's short story ""A Perfect Day for Bananafish"". The Glass family appears in many stories by this author, whose most famous work centers on a Pencey Prep (*) dropout who visits his sister Phoebe while in New York City. For 10 points, the ""phony""-hating Holden Caulfield is the protagonist of what author's novel The Catcher in the Rye?",J. D. Salinger [or Jerome David Salinger]
2020 ERIS,8,12,"Air resistance is caused by the air exerting this force on objects moving through it. This force is equal to the product of the normal force and its namesake coefficient, symbolized mu. This force can be ""kinetic"" or (*) ""static"", depending on whether its objects are already moving. Lubricants counteract, for 10 points, what force which can prevent objects from moving or slow them down?",friction [accept static or kinetic friction; prompt on drag or resistive force]
2020 ERIS,8,13,"An 1885 massacre targeted coal miners of this ethnicity in Rock Springs, Wyoming. The term ""coolie"" was disparagingly applied to laborers of this ethnicity on the Transcontinental Railroad. In 1882, a namesake (*) ""Exclusion Act"" barred members of this ethnicity from immigrating to the United States. For 10 points, identify these people who came to America from cities like Fuzhou or Shanghai.",Chinese people [or Chinese-Americans or similar answers; prompt on Asian-Americans or Asians]
2020 ERIS,8,14,"In addition to writing many of the Psalms, this man committed adultery with Bathsheba, producing his son, Solomon, who would succeed him. This man slew a Philistine giant near the Valley of Elah. A six-pointed (*) star named for this man is often used as a symbol of Judaism. For 10 points, name this king of Israel who used a slingshot to kill Goliath.",King David [or Dawid or Dawud]
2020 ERIS,8,15,"Oliver Hazard Perry won the Battle of Lake Erie during this war, and a freak tornado stopped the British army from continuing to set fire to one city during it. During an attack on Fort McHenry in this war, Francis Scott Key composed ""The (*) Star-Spangled Banner"". Washington, DC was burned during, for 10 points, what 19th century war between the US and Britain named for the year in which it began?",War of 1812
2020 ERIS,8,16,"The warming of this layer is the cause of polar vortex warming and weakening. A temperature inversion causes temperature to unusually increase with altitude in this layer of the atmosphere, thanks to a high concentration of (*) ozone, which also absorbs harmful radiation. Commercial aircraft cruise in the lower part of, for 10 points, what 2nd atmospheric layer, above the troposphere?",stratosphere
2020 ERIS,8,17,"The rock-carved Abu Simbel temples had to be relocated to higher ground thanks to a dam on this river creating Lake Nasser. This river's ""Blue"" and ""White"" branches merge at Khartoum. The (*) Aswan High Dam lies along this river, whose delta contains most of Egypt's population and agriculture. For 10 points, identify this African river, the longest in the world.","Nile River [or an-Nīl, or Piaro, or Ḥapī, or Iteru, or Àman Dawū]"
2020 ERIS,8,18,"This author created Fanny Price, who is sent by her poor family to live at the title estate in her novel Mansfield Park. This author wrote a book whose main character is lifelong friends with Mr. Knightley called Emma. Elizabeth (*) Bennett, one of five daughters, is the main character of another of this woman's novels. For 10 points, name this author of Pride and Prejudice.",Jane Austen
2020 ERIS,8,19,"It's not the mitochondrion, but this organelle is believed to have originated through endosymbiosis. ""Light"" and ""dark"" reactions are part of a process that takes place in this organelle and converts carbon dioxide and water into (*) glucose. The presence of a pigment in these organelles is responsible for plant leaves' green color. For 10 points, in what plant organelles does photosynthesis occur?",chloroplasts
2020 ERIS,8,20,"A minor character in this film claims he robbed the second-largest bank in France using only a ballpoint pen. In this film, Peter O'Toole plays a notoriously stingy critic named Anton Ego. This film's protagonist, who idolizes Auguste (*) Gusteau (goose-TOE), teams up with Linguini and is inspired by the motto ""anyone can cook."" For 10 points, name this Pixar animated film about a rodent who becomes a chef.",Ratatouille (rat-a-TOO-ee)
2020 ERIS,9,1,"The most widely accepted theory of this object's formation involves a collision with a Mars-sized object named Theia. Along with the sun, this object is responsible for Earth's (*) tides, and its synchronized rotation with the Earth means that only one side of it can be observed directly. The Apollo mission sent humans to, for 10 points, what only natural satellite of the Earth?",the moon [or Luna; accept answers like Earth's moon]
2020 ERIS,9,2,"This novel and Native Son were criticized by James Baldwin in his essay ""Everybody's Protest Novel."" Abraham Lincoln called the author of this novel ""the little lady who started this great war"" because of its perceived effect on the (*) abolition movement. A long-suffering slave dutifully serves his master nonetheless in, for 10 points, what novel written by Harriet Beecher Stowe?",Uncle Tom's Cabin
2020 ERIS,9,3,"The Teapot Dome scandal involved the secret leasing of land containing this resource. An organization of nations that export this resource, formed in 1960, is called OPEC. The Deepwater Horizon rig (*) spilled this resource into the Gulf of Mexico in 2010. BP and ExxonMobil produce, for 10 points, what fossil fuel which is drilled for by wells and often turned into gasoline?",crude oil [or petroleum]
2020 ERIS,9,4,"Online LGBT+ communities often refer to newly realized trans people as these objects. An outline of one of these objects was the default Twitter profile picture until 2017. Kylie Jenner (*) smashed one of these objects after a photo of one of them became the most-liked post on Instagram. Hidden secrets in websites are often called the ""Easter"" type of, for 10 points, what objects laid by chickens?",eggs
2020 ERIS,9,5,"This ruler commissioned the construction of St. Basil's Cathedral to celebrate the capture of Kazan. This man created the oprichniki secret police, which he used to sack the city of Novgorod and purge the (*) Russian nobility. The ""Chosen Council"" appointed this man as the first Tsar of Russia. For 10 points, name this 16th-century monarch popularly named for his brutality.",Ivan IV Vasilyevich [or Ivan Vasilyevich or Ivan the Terrible or Ivan the Formidable or Ivan the Fearsome or Ivan the Awesome or Ivan Grozny; prompt on Ivan]
2020 ERIS,9,6,"The Basel problem deals with the sum of the reciprocals of these numbers, which Euler proved is equal to pi squared over 6. The differences between these numbers are increasing consecutive (*) odd numbers. These are the only integers with an odd number of factors. For 10 points, name these numbers that are equal to another number times itself.",square numbers [or perfect squares; prompt on perfect powers]
2020 ERIS,9,7,"In one story, this deity transformed into a deer to trick the giants Otus and Ephialtes into killing each other. This goddess turned the hunter Actaeon into a stag for spying on her while (*) bathing, and she was born on the island of Ortygia a day before her twin brother, the god of the sun. For 10 points, name this Greek goddess of the hunt and the moon, the twin sister of Apollo.",Artemis
2020 ERIS,9,8,"This artist founded a movement with Georges Braque, and the suicide of his friend Carlos Casegemas inspired his Blue Period. This artist depicted a melancholy musician in his The Old (*) Guitarist. In another painting, this man depicted a mother grieving her dead son that depicts the bombing of the title town during the Spanish Civil War. For 10 points, name this Cubist who painted Guernica.",Pablo Picasso [accept Pablo Diego José Francisco de Paula Juan Nepomuceno María de los Remedios Cipriano de la Santísima Trinidad Ruiz y Picasso]
2020 ERIS,9,9,"Hindu examples of these events include a ritual called Antyesti, or ""last sacrifice"". Jews perform keriah by tearing their clothes apart at these events. In these non-calendar events, neither (*) Gloria is recited in the Latin Mass. Catholics might say the Requiem at these events, and in Islam, they must involve burial and not cremation. For 10 points, what events are observed after someone dies?",funerals [or burials or cremations until mentioned; prompt on death until “dies” is read]
2020 ERIS,9,10,"This quantity is equal to internal energy plus pressure times volume. Hess's law states that the change in this quantity is independent of the steps used in a chemical reaction, and Gibbs free energy is equal to this value minus the product of temperature and (*) entropy. For 10 points, identify this thermodynamic quantity which represents heat transfer and is written H.","enthalpy [prompt on H or heat until mentioned; do not accept or prompt on ""entropy""]"
2020 ERIS,9,11,"An invasive Burmese species of this animal is threatening Florida's Everglades. Some of these animals use a technique called ""sidewinding"" to move across loose sand. A desert-dwelling type of these animals can (*) shake their tails to produce a ""rattle"" for which that type is named. The black mamba is the most venomous type of, for 10 points, what slithering reptiles which include pythons and cobras?","snakes [accept Serpentes or serpents; accept Burmese pythons, rattlesnakes, or any other species of snake]"
2020 ERIS,9,12,"The narrator of this book ends it by declaring ""I am haunted by humans"". In this novel, Rudy pretends to be Jesse Owens by covering himself in charcoal and running a hundred meters. This novel's protagonist is the sole (*) survivor of her neighborhood's destruction in an Allied bomb raid. Death is the narrator of, for 10 points, what Markus Zusak book about a girl who steals literary works?",The Book Thief
2020 ERIS,9,13,"This country's island of Surtsey was formed in the 1980s by a volcanic eruption. This country's largest airport was converted from a U.S. naval base in the town of Keflavík. Air travel in Europe was disrupted by the 2010 eruption of this country's (*) volcano Eyjafjallajökull (EYE-yoff-yaht-lah-yo-kootl). Numerous geysers are found on, for 10 points, what North Atlantic island country with capital at Reykjavík?",Iceland [or Ísland]
2020 ERIS,9,14,"In this city, the Etemenanki Temple and the Ishtar Gate were constructed by King Nebuchadnezzar. After a ruler of this city destroyed Solomon's Temple, the Jews suffered a namesake (*) ""captivity"" in this city. Legal principles like ""an eye for an eye"" were established in this city by its ruler Hammurabi. For 10 points, name this Mesopotamian city home to some legendary Hanging Gardens.",Babylon [or Bābilim]
2020 ERIS,9,15,"Extremely powerful examples of these devices use a beam of electrons rather than light because of their lower wavelength. Specimens can be mounted on transparent glass (*) slides to be viewed using these devices. Antonie van Leeuwenhoek (lay-when-huuk) discovered cell structures and microorganisms using, for 10 points, what devices used to look at very small objects?","microscopes [or optical microscopes, or electron microscopes]"
2020 ERIS,9,16,"As mayor of his country's largest city, this politician created a bikeshare program that was nicknamed for him. Sajid Javid resigned from this man's cabinet out of anger at his advisor, Dominic (*) Cummings. In April 2020, this world leader was moved to intensive care after contracting COVID-19. The successor to Theresa May is, for 10 points, what current prime minister of the UK?",Boris Johnson [or BoJo]
2020 ERIS,9,17,"The book And the Band Played On criticized this president's lack of a response to the HIV/AIDS epidemic, which first became widespread during his administration. This man's administration illegally sold arms to Iran to fund Nicaraguan rebels in the (*) Iran-Contra affair. ""Trickle-down economics"" was popularized by, for 10 points, what Republican president who served through the 1980s?",Ronald [Wilson] Reagan
2020 ERIS,9,18,"Thomas Aquinas defined this property as ""the adequation of things and intellect"", an example of the ""correspondence theory"" of it. The principle of explosion says that if a contradiction exists, every statement can be proved to have this property. If P (*) implies Q, and P has this property, then Q also has this property. For 10 points, what property is the opposite of being false?",truth [or true]
2020 ERIS,9,19,"An extended simile in one of this man's poems proclaims that its subject is ""more lovely and more temperate."" One poem by this author proclaims that a woman's eyes are ""nothing like the sun."" This man's most famous poem begins (*) ""Shall I compare thee to a summer's day?"" Many sonnets were written by, for 10 points, what British poet and playwright who also wrote Macbeth?",William Shakespeare
2020 ERIS,9,20,"The Oulipo novel A Void by Georges Perec was written entirely without this letter. The major key denoted by this letter uses four sharps. In mathematics, this letter is written backwards to mean ""there (*) exists"" and in lowercase it represents the base of the natural logarithm. The most commonly used letter in the English language is, for 10 points, what fifth letter of the alphabet?",e
2020 ERIS,10,1,"This practice is the subject of the Lutheran belief in sacramental union as well as the Catholic doctrine of trans-substantiation, which holds that the objects used in it physically (*) transform into the body and blood of Christ. For 10 points, what Christian sacrament commemorates the Last Supper by eating bread and wine?","holy communion [or the Eucharist, or the Lord's Supper]"
2020 ERIS,10,2,"This country's flag was said to have miraculously fallen from the sky during a battle in Estonia. Prussia invaded this country during a dispute over Schleswig-Holstein, a territory which now lies just over its southern border with (*) Germany. Sweden and Norway formed the Kalmar Union with, for 10 points, what Scandinavian country led from Copenhagen, home to the Danes?",Denmark [or Danmark]
2020 ERIS,10,3,"In Sumerian mythology, Utnapishtim is tasked by the god Enki with surviving one of these events. Deucalion and Pyrrha survived one of these events caused by Zeus by building a chest. God creates a (*) rainbow after one of these events in the Bible, during which two of every animal are brought on board Noah's Ark. For 10 points, what sort of event was caused by rain for forty days and forty nights?",floods [accept deluges]
2020 ERIS,10,4,"This quantity is equal to the square of momentum divided by double the mass. In addition to momentum, elastic collisions conserve this quantity. When an object falls, (*) potential energy is converted into this kind of energy. One-half mass times velocity squared is equal to, for ten points, what type of energy associated with an object's movement?",kinetic energy [prompt on energy]
2020 ERIS,10,5,"In this play, one character answers ""No. Saints and poets maybe"" in response to a question. The hymn Blessed Be the Ties that Bind is sung once each act in this play. Near the end of this play, Emily (*) Webb relives her twelfth birthday after dying during childbirth. The fourth-wall-breaking Stage Manager narrates, for 10 points, what Thornton Wilder play set in Grover's Corners?",Our Town
2020 ERIS,10,6,"This president's ""Square Deal"" initiative broke up monopolies, and he gave an 84-minute campaign speech in Milwaukee despite being shot just before it. This man became president after the assassination of William (*) McKinley, and he led the Rough Riders during the Spanish-American War. For 10 points, name this president who lends his name to a stuffed bear.","Theodore Roosevelt [or Teddy Roosevelt, or TR; prompt on Roosevelt alone]"
2020 ERIS,10,7,"Elizabeth I may have used ceruse, one of these products which caused severe lead poisoning with repeated use. One brand of these products called Fenty was launched by Rihanna and designed to be inclusive of people with darker (*) skin tones. Users of these products may use brushes or their fingers to apply foundation. For 10 points, what cosmetic products include lipstick and eyeliner?",makeup [accept foundation until mentioned; prompt on cosmetics or beauty products]
2020 ERIS,10,8,"The first black woman with this job, Bessie Coleman, died in a 1926 accident. A man with this job had his son kidnapped by Bruno Hauptmann in the ""Crime of the Century."" Fred Noonan assisted a (*) woman with this job during a trip in which they both disappeared near Howland Island. The ""Spirit of St. Louis"" was used by a man with, for 10 points, what job of Charles Lindbergh and Amelia Earhart?",aviator [or pilot]
2020 ERIS,10,9,"Some speakers of this language add the consonant 'r' to the end of syllables in a process called erhua. This language contains measure words such as ""ge"" and ""zhi"", which are used to quantify nouns. During the 20th century, some (*) characters used to write this language were simplified, though the traditional forms are still used in Taiwan. For 10 points, name this language spoken in Beijing.",Mandarin Chinese [accept either underlined portion or Standard Chinese; accept Guānhuà or Pǔtōnghuà or Guóyǔ or Huéyǔ; do NOT accept or prompt on “Cantonese”]
2020 ERIS,10,10,"These objects are predicted to lose mass through Hawking radiation. The no-hair theorem states that these objects are described only by their mass, charge, and spin. The Schwarzschild (shvaarts-shilt) radius is the size of the (*) event horizon of these objects, inside which the escape velocity exceeds the speed of light. Massive collapsing stars form, for 10 points, what objects from which light cannot escape?",black holes
2020 ERIS,10,11,"This man's military career began in disaster when his forces killed a neutral French commander at Jumonville Glen, sparking a war. This former aide to Edward Braddock was forced to surrender Fort Necessity. The Conway Cabal failed to depose this general, who later personally put down the (*) Whiskey Rebellion during his presidency. For 10 points, name this commander-in-chief of the Continental Army.",George Washington
2020 ERIS,10,12,"This country's Darién Gap is a thick section of rainforest impassable by roads which makes it impossible to drive between North America and South America. This country's artificial Lake Gatún was created to serve as the highest point of a (*) waterway which connects the Atlantic and Pacific oceans. For 10 points, name this Central American country which contains a namesake canal.",Republic of Panama [or República de Panamá]
2020 ERIS,10,13,"This scientist noted differently-shaped beaks adapted to different island environments in a group of finches named for him. This man discovered those birds on a journey aboard the HMS (*) Beagle that inspired his treatise On the Origin of Species. The Galapagos Islands' ecology was studied by, for 10 points, what naturalist who formulated the theory of natural selection?",Charles Darwin
2020 ERIS,10,14,"A theme in this novel centers on the repeated disappearance of the donkey Dapple. One character in this novel declares himself to be ""the Knight of the White Moon."" This novel's title character longs for (*) Dulcinea, rides the horse Rocinante, and has a companion named Sancho Panza. For 10 points, name this novel about an eccentric Spanish man who tilts at windmills, by Miguel de Cervantes.",Don Quixote [or The Ingenious Gentleman Don Quixote de la Mancha or El Ingenioso Hidalgo Don Quijote de la Mancha]
2020 ERIS,10,15,"This state contains the highest point in the U.S. east of the Mississippi, its Mount Mitchell. This state shares the Great Smoky Mountains National Park with its western neighbor, (*) Tennessee. This state's Duke University contests a fierce sporting rivalry with its public flagship school. For 10 points, name this southeastern US state with capital at Raleigh.",North Carolina
2020 ERIS,10,16,"The derivative of a function at a point is this property of a line tangent to the graph at that point. If two lines are parallel, they have the same value for this property, and this property is undefined for (*) vertical lines. Rise over run is equal to, for 10 points, what value which measures the ""steepness"" of a line on the coordinate plane?",slope
2020 ERIS,10,17,"Vishnu's avatar Hayagriva has this animal's head. Feral populations of this animal live on Assateague Island in Maryland. The height of these animals is often measured in ""hands"". One of these animals named (*) Secretariat won the Triple Crown of races involving them, which includes the Kentucky Derby. For 10 points, what animals were ridden by cavalry soldiers?",horses [accept racehorses or warhorses]
2020 ERIS,10,18,"The tune ""Salt Peanuts"" was written by one player of this instrument known for puffing his cheeks and playing a bent version of it. In addition to Dizzy Gillespie, this instrument was also played by a musician nicknamed (*) ""Satchmo"". This was the instrument of the lead artist on the album Kind of Blue. Jazz legends Miles Davis and Louis Armstrong played, for 10 points, what high brass instrument?",trumpets
2020 ERIS,10,19,"In one book by this author, Henry commits treason to help the king of the rats, but falls off a cliff and dies when his bat, Ares, fails to save him. This author of Gregor the Overlander also wrote a novel in which the protagonist chooses to shoot Elizabeth (*) Coin rather than Coriolanus Snow at a public execution. Katniss Everdeen was created by, for 10 points, what author of The Hunger Games?",Suzanne Collins
2020 ERIS,10,20,"Solutions of potassium permanganate, which are this color, can leave lasting stains if exposed to skin. A historically important dye of this color was produced from murex snails. Liquid and gaseous (*) iodine has this color under standard conditions. The compound '6,6'-dibromoindigo is one dye with, for 10 points, what color which can be produced by mixing blue and red paint?","purple [accept any different shades of purple like violet; accept indigo until ""dibromoindigo""; accept pink until ""murex""; accept Tyrian purple or Imperial purple or Phoenician purple; prompt on Phoenician red or Tyrian red but do not accept or prompt on ""red"" alone or on any other colors]"
2020 ERIS,11,1,"One member of this family was a founding member of the board of Bethesda Softworks before his 2020 death. Another member of this family wore a controversial green jacket saying ""I really don't care"". Jared (*) Kushner's wife is a member of this family named Ivanka. A Slovenian former model named Melania is part of, for 10 points, what family which includes the current U. S. President?",Trump family [accept names of specific members of the Trumps]
2020 ERIS,11,2,"This function is generalized to the complex plane by the gamma function. The number of ways to choose r objects out of n objects, if order matters, is equal to this function of n divided by this function of r. This function of n gives the number of ways to (*) order n objects. An exclamation point denotes, for, 10 points, what function equal to the product of all integers up to the input?",factorial [prompt on exclamation point until read]
2020 ERIS,11,3,"Fielding Yost coached this team to a 49–0 destruction of Stanford in the first Rose Bowl. This school’s alumni include Charles Woodson and Tom Brady. This team plays in the (*) largest football stadium in America, nicknamed ""The Big House"". Jim Harbaugh is the head football coach at, for 10 points, what Big Ten university in Ann Arbor known for their intense rivalry with Ohio State?","Michigan Wolverines [or the University of Michigan or UMich; accept any underlined portion; prompt on U-M or U of M; do NOT accept or prompt on ""Michigan State University"" or ""MSU""]"
2020 ERIS,11,4,"A sonnet written by this man begins ""When I Consider How My Light Is Spent"" and discusses his blindness. This man sought to “justify the ways of God to man” in a Biblically-inspired epic poem partially set in the city of (*) Pandemonium which describes the story of Adam and Eve and the fall of Lucifer. For 10 points, name this English poet who wrote the epic Paradise Lost.",John Milton
2020 ERIS,11,5,"This country's ""shame culture"" was contrasted with America's ""guilt culture"" in Ruth Benedict's The Chrysanthemum and the Sword. At the end of World War II, this country issued the Jewel Voice Broadcast announcing its surrender after (*) nuclear bombs were dropped on its cities of Hiroshima and Nagasaki. For 10 points, in what country are ramen and sushi popular foods?",Japan [or Nippon or Nihon]
2020 ERIS,11,6,"Heavy pollution caused the Cuyahoga River to suffer this type of event in 1969. Labor laws were tightened after a 1911 one of these events killed 146 garment workers in New York City. One of these disasters allegedly began in Catherine (*) O'Leary's barn and destroyed much of the city of Chicago. For 10 points, name this type of disaster whose prevention is advocated by Smokey Bear.","fires [or wildfires, structure fires, etc.; accept Cuyahoga River Fire, Triangle Shirtwaist Factory Fire, or Great Chicago Fire of 1871; accept descriptive answers like ""it burned down"" that are obvious synonyms for fires]"
2020 ERIS,11,7,"In this organelle, the protein cytochrome C transfers electrons to complexes II and IV during the oxidation stage of the electron transport chain. This organelle contains its own DNA, which is inherited exclusively from the (*) mother. Cellular respiration occurs in, for 10 points, what organelle that produces ATP and is known as the ""powerhouse of the cell""?",mitochondrion [or mitochondria]
2020 ERIS,11,8,"This man showed horses and a carriage with elongated legs in his version of The Temptation of St. Anthony. This man replaced the headset of a telephone with a lobster in one work, and depicted a swarm of ants on one of many melting (*) clocks in his most famous painting. For 10 points, name this Spanish surrealist painter of The Persistence of Memory.",Salvador Dalí
2020 ERIS,11,9,"This author recalled his experience serving in the air force in World War II in his memoir Going Solo. A book by this author ends when the title character boards the ""Great Glass Elevator."" In a novel by this author, Miss Honey adopts a schoolgirl who scares away Miss (*) Trunchbull with her telekinetic powers. For 10 points, name this author of Matilda and Charlie and the Chocolate Factory.",Roald Dahl
2020 ERIS,11,10,"The Chikyu Hakken project is attempting to receive samples from this region. The asthenosphere is a layer of this region with low resistance where plastic flow occurs. The Moho discontinuity is the upper boundary of this layer, whose (*) convection drives the movement of tectonic plates. For 10 points, name this largest layer of the earth, lying under the crust and above the outer core.",the mantle
2020 ERIS,11,11,"This man won the Battle of Pharsalus against the forces of Pompey the Great, securing victory in a civil war. This man captured the chief Vercingetorix at the end of the Gallic Wars, which he won. This man brought his army across the (*) Rubicon in defiance of the Senate, but was eventually assassinated on the Ides of March. For 10 points, name this Roman dictator who was stabbed by Brutus.",[Gaius] Julius Caesar [accept either underlined portion]
2020 ERIS,11,12,"In one book in this language, the protagonist decides to stop growing at the age of three when he receives a tin drum. Another book in this language depicts Hans Castorp's stay in a Swiss sanitorium. Novels like Steppenwolf were written in this language by Hermann (*) Hesse. Thomas Mann and Günter Grass wrote in, for 10 points, what language in which the memoir Mein Kampf was written by Adolf Hitler?",German [or Deutsch]
2020 ERIS,11,13,"This goddess and her mother were venerated in the Eleusinian Mysteries, which celebrated her annual reunion with her mother. This goddess's mother caused the earth to become barren while searching for her. This goddess ate six (*) pomegranate seeds, meaning that she must spend six months of every year in the underworld. The daughter of Demeter is, for 10 points, what goddess abducted by Hades?",Persephone [accept Kore or Proserpina]
2020 ERIS,11,14,"The first of these conflicts ended with the Battle of Ascalon, a decisive victory for Godfrey of Bouillon, and resulted in Baldwin I ruling the Kingdom of Jerusalem. The fourth of these military campaigns was diverted to sack Constantinople rather than going to the (*) Middle East. Christians fought Muslims for control of the Holy Land in, for 10 points, what series of medieval religious wars?",the Crusades [accept specific crusades]
2020 ERIS,11,15,"In this city, Jan (yahn) Masaryk was likely murdered by being thrown out of a window in 1948, an incident often called its ""Fourth Defenestration"". Alexander Dubček (doob-check) led from this city, and Jan Palach (yahn pah-lock) set himself on fire in its Wenceslas Square. A namesake 1968 (*) ""Spring"" prompted a brutal Soviet invasion of, for 10 points, what capital of the Czech Republic?",Prague [accept Praha]
2020 ERIS,11,16,"In 1989, the scientists Martin Fleischmann and Stanley Pons claimed to have accomplished a ""cold"" version of this process. Tokamaks are used to perform this process by using a powerful magnetic field. This process occurs in (*) stars, transforming hydrogen into helium. For 10 points, name this process in which two atoms join together, contrasted with nuclear fission.",nuclear fusion [do NOT accept or prompt on nuclear fission]
2020 ERIS,11,17,"24 caprices were written for this instrument by one virtuoso player of it, Niccolò Paganini. The Four Seasons were a set of concerti composed for this instrument by Antonio (*) Vivaldi. Stradivarius manufactured many high-quality examples of these instruments. The viola is slightly lower-pitched than, for 10 points, what smallest string instrument in the orchestra?",violin
2020 ERIS,11,18,"The western part of this country is home to the mountainous Jasper and Banff National Parks. This country's north contains Great Slave Lake and Great Bear Lake, as well as Alert, the (*) northernmost permanent settlement on earth. This country's province of British Columbia contains the city of Vancouver. For 10 points, name this country which includes Alberta, Quebec, and Ontario.",Canada
2020 ERIS,11,19,"This quantity is defined in units of coulombs per second, and diodes restrict this quantity to one direction. This quantity can be measured by ammeters, and Ohm's law states that voltage divided by (*) resistance is equal to this quantity. This quantity is measured in units of amperes. For 10 points, name this quantity that measures the amount of electrical charge flowing through a wire.","current [accept amperage until ""amperes"" is read]"
2020 ERIS,11,20,"After members of one religion perform this action for a day, they end it by having iftar. The pillar of Islam known as sawm requires every Muslim to perform this action during a certain period that ends with (*) Eid al-Fitr. Between sunset and sunrise during the month of Ramadan, Muslims perform, for 10 points, what action of abstaining from eating food?","fasting [accept descriptive answers like not eating until ""eating"" is read and prompt afterwards; accept sawm until read, prompt on observing Ramadan or similar answers by asking ""what are they doing to observe Ramadan?"" until ""Ramadan"" is read]"
2020 ERIS,12,1,"This number is the only number that is used in the expression of the golden ratio through continued fractions. Raising i to the fourth power gives this number, while raising anything to the (*) zeroth power also gives this number. This number is the only positive integer that is neither prime nor composite. The multiplicative identity is, for 10 points, what smallest positive integer?",one
2020 ERIS,12,2,"The speaker of this poem notes that, ""knowing how way leads on to way"", he may never return to its setting. This poem's speaker ""shall be telling this with a sigh / somewhere ages and ages hence"", and notes that its central action ""has made all the (*) difference"". ""Two roads diverged in a yellow wood"" in, for 10 points, what Robert Frost poem whose narrator ""took the path less traveled by""?","""The Road Not Taken"" [do not accept or prompt on ""The Road Less Traveled"", because that's not what the poem is called!]"
2020 ERIS,12,3,"This hero defeated criminals such as Sciron, who asked him to wash his sandals, during one of his journeys. This hero received thread from Ariadne which he used to navigate the (*) Labyrinth. This hero returned home with black sails on his ship, prompting his father Aegeus to jump off a cliff out of grief. For 10 points, name this hero who was king of Athens and defeated the Minotaur.",Theseus
2020 ERIS,12,4,"In one scene in this novel, its main character is visited by the chained ghost of his former business partner. This novel's protagonist is visited by a series of ghosts representing the past, (*) present, and future of the title holiday, after which he abandons his miserly ways. For 10 points, name this Charles Dickens novel about Ebenezer Scrooge's dreams on December 25th.",A Christmas Carol
2020 ERIS,12,5,"The historic Coney Island Cyclone is a wooden one of these structures built in 1927. The tallest one of these objects, Kingda Ka, surpassed one of them in (*) Cedar Point, Ohio when it was built. These structures typically start with a lift hill and might include a vertical loop. Six Flags locations contain many of, for 10 points, what amusement park rides in which cars ride on rail tracks?",roller coasters [prompt on amusement park rides or similar answers until mentioned; prompt on coasters]
2020 ERIS,12,6,"This leader accused a group of mostly Jewish doctors of sabotage in his antisemitic ""doctors’ plot"". This ruler's regime caused the devastating man-made Holodomor famine in Ukraine in the early (*) 1930s. In Operation Barbarossa, Nazi Germany invaded this leader's country. For 10 points, name this brutal Soviet dictator who led the USSR during World War II.","Josef Stalin [or Iosif Vissarionovich Stalin, or Ioseb Besarionis dze Jughashvili]"
2020 ERIS,12,7,"Purkinje (pur-KIN-jee) fibers transmit electrical signals through this organ. This organ contains a biscuspid valve and a tricuspid valve, and it can be regulated by artificial (*) pacemakers. The aorta carries blood out of this organ, which is comprised of two atria and two ventricles. For 10 points, name this primary circulatory organ that pumps blood throughout the human body.",heart
2020 ERIS,12,8,"During this event, a restaurant owner on a beach held a plate of fried squid and lauded the ""Calamari Comeback"" while representing Rhode Island. Brayden Harrington delivered a speech about overcoming his (*) stutter during this event, which was organized in Milwaukee. For 10 points, what August 2020 event concluded with the official nomination of Joe Biden as its party's candidate for president?",2020 Democratic National Convention [or the 2020 DNC]
2020 ERIS,12,9,"Ambrose Bierce is killed by Tomas Arroyo after becoming involved in a revolution in this country in one novel. A poem from this country called ""Sunstone"" contains 584 lines, an homage to its native (*) Aztec calendar. Sandra Cisneros's The House on Mango Street depicts an immigrant to Chicago from, for 10 points, what southern neighbor of the United States?","Mexico [or the United Mexican States, or los Estados Unidos Mexicanos, or the EUM, or Mēxihco]"
2020 ERIS,12,10,"This element's diatomic form is paramagnetic due to its unpaired electrons' parallel spin. Joseph Priestley named this element ""dephlogisticated air"" after isolating it. Lavoisier (la-VWAH-zee-AY) proved that (*) combustion requires this element, which makes up about 21% of Earth's atmosphere. For 10 points, name this element which bonds to two atoms of hydrogen to form water and is symbolized O.",oxygen [prompt on O before mention]
2020 ERIS,12,11,"The shechita process is required for some items to have this status. If meat and dairy products are mixed, the resulting meal cannot have this property. No cloven-hoofed mammals can have this status, which is why observant (*) Jews abstain from eating pork. The Hebrew word for ""fit"" describes, for 10 points, what status given to foods in accordance with Jewish dietary law?",being kosher [accept anything related to obeying kashrut; prompt on descriptive answers like “Jews can eat it”]
2020 ERIS,12,12,"This state is home to the Hoh Rainforest, the only temperate rainforest in the United States. Mt. Baker and Mt. Rainier are among this state's active volcanoes. This state contains Puget Sound, and along with its southern neighbor, (*) Oregon, it is bisected by the Cascade Range. Olympia is the capital of, for 10 points, what state whose largest city is Seattle?","State of Washington [do not accept or prompt on “Washington, D.C.”]"
2020 ERIS,12,13,"An aqueduct system in this city was designed by William Mulholland, triggering a set of ""Water Wars"". The Sleepy Lagoon murder occurred in this city and set off its Zoot Suit Riots. A 1992 series of riots in this city followed the taped beating of (*) Rodney King by police. Long Beach and Anaheim are suburbs of, for 10 points, what Southern California city?",Los Angeles [or L.A.]
2020 ERIS,12,14,"A rejected 2005 proposal to change one of these things used in Mozambique involved removing the AK-47 that appears on it. Nepal uses one of these things with an unusual shape, and one of them used in Japan depicts a red (*) sun over a white background. Countries like France use the tricolor type of, for 10 points, what national symbols that include America's ""Stars and Stripes?""",national flags
2020 ERIS,12,15,"This man wrote the hymn ""A Mighty Fortress is Our God."" This man debated Huldrych Zwingli (HULL-drick TSVING-lee) at the Marburg Colloquy and was excommunicated by Leo X at the Diet of Worms (vorms). This man's anger at Johann Tetzel's sale of indulgences prompted him to (*) nail his most famous work into the door of a church in Wittenberg. For 10 points, name this author of the 95 Theses who started the Protestant Reformation.",Martin Luther [or Martin Luder]
2020 ERIS,12,16,"The development of vast forests in the Carboniferous period led to increased formation of this material. The town of Centralia, PA was almost totally evacuated because of an underground fire in a (*) mine for this material that is still burning 50 years later. Lignite and anthracite are two forms of, for 10 points, what rock formed from dead plant matter that is also burned as a fossil fuel?","coal [do NOT accept or prompt on “charcoal”, which is a man-made material]"
2020 ERIS,12,17,"The sign language interpreter at this man's funeral, Thamsanqa Jantjie (taam-saan-ta yaan-tee), performed meaningless gestures instead of actual sign language. This man succeeded F. W. de Klerk in his highest office after being released from 27 years of imprisonment at (*) Robben Island. For 10 points, name this leader of the African National Congress, the first black president of South Africa.",Nelson [Rolihlahla] Mandela
2020 ERIS,12,18,"Uranus has this many outer rings. A spacecraft with this number in its name is the only one ever to visit Uranus and Neptune; that spacecraft was the last of this many (*) Voyager probes to have been launched. Mars is orbited by this many moons, and there are this many planets closer to the Sun than Earth. For 10 points, how many stars are in a binary system?",two
2020 ERIS,12,19,"Two towers appear on the facade of this city's Reims (RENCE) Cathedral, an early example of High Gothic Architecture. An underground lobby in a museum in this city can be reached by entering an I. M. Pei-designed glass (*) pyramid. A medieval cathedral in this city is currently being rebuilt after a 2019 fire. For 10 points, name this city home to Notre Dame and the Louvre (LOOV), the capital of France.",Paris
2020 ERIS,12,20,"Although this story is commonly associated with the Arabian Nights, its first appearance was in a 1710 French translation. Will Smith starred in a 2019 live-action (*) remake of a movie with this name which includes the song ""A Whole New World"". For 10 points, what Middle Eastern folk tale was turned into a Disney film about a street urchin and a genie?",Aladdin
2022 SANDS,1,1,"This instrument’s highest register is named after a Baroque instrument known as the chalumeau. Wolfgang Amadeus Mozart wrote a concerto for this instrument for Anton Stadler. The bandleader who popularized the song “Sing, Sing, Sing”, (*) Benny Goodman, played this instrument. Unlike the oboe, this instrument is pitched in B-flat. For 10 points, name this single-reed woodwind instrument with a black body and a flared bell.",clarinet <Auditory Fine Arts–Maiorana>
2022 SANDS,1,2,"This novel begins with Father Mapple delivering a sermon at New Bedford. In this novel, a gold doubloon is nailed to a ship's mast by the peg-legged captain of the Pequod. The line (*) “Call me Ishmael” opens this novel which includes characters like the tattooed cannibal Queequeg and the monomaniacal Captain Ahab For 10 points, name this Herman Melville novel about the chase for the title white whale.",Moby-Dick <American Literature–Ganguli>
2022 SANDS,1,3,"This empire's last effective ruler unsuccessfully offered his captors a room full of gold in exchange for his freedom. Chasqui runners carried knotted string messages called quipu along this empire’s extensive network of roads. This empire’s ruler Atahualpa was killed during this empire’s conquest by (*) Francisco Pizarro. Cities like Cusco and Machu Picchu were a part of, for 10 points, what South American empire centered on Peru?",Incan Empire [accept Tawantinsuyu] <World History–Kapadia>
2022 SANDS,1,4,"Some forms of this technology use a combination of nodes and feedback algorithms known as a neural network. Processes for developing this concept include “deep learning” and “machine learning”. A model that employs this technology to produce text is known as (*) GPT-4. Tesla is attempting to use this technology to develop self-driving cars, and it is exemplified by IBM’s Watson. For 10 points, name this technology that attempts to imitate human thinking.",artificial intelligence [accept AI] <Other Science–Maiorana>
2022 SANDS,1,5,"This country’s president, formerly a comedian, formed the Servant of the People party. False allegations alleged that Joe and Hunter Biden engaged in corrupt activities through Burisma, an energy company in this country. In early 2022, a (*) “special military operation” in this country was announced by Vladimir Putin. For 10 points, name this country led by Volodymyr Zelenskyy that was recently invaded by Russia.",Ukraine <Current Events–Rao>
2022 SANDS,1,6,"Radicals are created through homolytic cleavage of these interactions. The angle between these interactions is reduced when lone pairs are added to a molecule. When this type of interaction occurs between cysteines, it is termed (*) disulfide. These bonds, which are depicted on Lewis diagrams, are typically formed between two non metallic elements. For 10 points, name these chemical bonds which involve the sharing of electrons as opposed to ionic bonds.",Covalent bonds [prompt on bonds] <Chemistry–Sivaram>
2022 SANDS,1,7,"To garner international support for this cause, Count Cavour entered Piedmont-Sardinia into the Crimean War. The success of this cause resulted in the crowning of Victor-Emmanuel II as king. The Red Shirts advanced this cause under (*) Giuseppi Garibaldi by conquering the Kingdom of the Two Sicilies. For 10 points, what 19th century cause sought to consolidate provinces like the Papal States and Venice into a single country?",Italian Unification [or Risorgimento] <European History–Kapadia>
2022 SANDS,1,8,"One of these places in Utah has multiple spires of rock called hoodoos. Climbers visit monoliths like Half Dome and El Capitan in another one of these places. A tri-state one of these places is home to multiple geysers including Old Faithful. Some of these places in California include (*) Joshua Tree and Yosemite. For 10 points, name these protected areas in the United States, the oldest one of which is Yellowstone.",American national parks [accept Arches National Park or Yosemite National Park or Joshua Tree National Park or Yellowstone National Park until mentioned; prompt on park alone; prompt on Arches or Yosemite or Joshua Tree or Yellowstone alone before mentioned with “What designation is given to this place?”] <Geography–Sareddy>
2022 SANDS,1,9,"This philosopher describes a slave doubling the area of a square in Meno. This philosopher, who claimed “I know that I know nothing,” is referred to as “the gadfly of the state” in one work. Crito attempts to convince this man to escape prison after he is tried for (*) “corrupting the youth of Athens” in the Apology. For 10 points, name this philosopher who was sentenced to death by drinking hemlock, a teacher of Plato.",Socrates <Philosophy–Ganguli>
2022 SANDS,1,10,"For her role in this event, boarding house owner Mary Surratt became the first woman executed by the U.S. federal government. Dr. Samuel Mudd treated this event’s perpetrator for a broken leg he got while jumping on to the stage of (*) Ford’s Theatre during a performance of Our American Cousin. The words “Sic semper tyrannis” were shouted by the perpetrator of, for 10 points, what event that saw John Wilkes Booth kill the 16th President?",assassination of Abraham Lincoln [accept murder or death or killing instead of assassination] <American History–Kapadia>
2022 SANDS,1,11,"An untitled steel statue by this artist is located in Chicago’s Daley Plaza. A large black-and-white painting by this artist is titled for a town destroyed in a 1937 war. Fruit lays on a table in front of five women wearing African-inspired (*) masks in this artist’s Les Demoiselles d’Avignon. This artist painted scenes such as The Old Guitarist and La Vie during his Blue Period. For 10 points, name this Spanish painter of Guernica, a co-founder of Cubism.",Pablo Picasso <Visual Fine Arts–Maiorana>
2022 SANDS,1,12,"Rhadamanthus and Aeacus serve as judges in this location, which includes the Fields of Asphodel and Elysium. The Phlegethon and Styx rivers flow through this location, where Sisyphus rolls a boulder up a hill for eternity. Eating (*) pomegranate seeds forces Demeter’s daughter to live in this location for half the year. Cerberus guards the entrance to, for 10 points, what location, ruled over by Persephone and Hades?",Greek underworld [accept Hades before mention; accept Tartarus; Hell] <Mythology–Ganguli>
2022 SANDS,1,13,"This is the only player in Davidson College’s history to have a jersey number retired. This player, who in 2022 broke a record held by Ray Allen, recently won his fourth NBA championship and first finals MVP after defeating the (*) Boston Celtics. This player is a member of the “Splash Brothers” with Klay Thompson. For 10 points, name this point guard for the Golden State Warriors.",Wardell Stephen Curry <Popular Culture–Ganguli>
2022 SANDS,1,14,"In this play, the hymn “Blessed Be the Tie That Binds” is repeatedly sung by a choir directed by the suicidal Simon Stimson. After dying during childbirth, one character relives her twelfth birthday in Grover's Corners in this play, which is narrated by the (*) Stage Manager. This play details the lives of George Gibb and Emily Webb. For 10 points, name this play written by Thornton Wilder.",Our Town <American Literature–Ganguli>
2022 SANDS,1,15,"A system of these things is numbered from 1-100 and was created by an 1956 act passed by Dwight D. Eisenhower. DOTs regulate and maintain these things, which may meet in interchanges. Users of these things may pay (*) tolls to gain access to examples of them such as the Pennsylvania Turnpike. For 10 points, name these structures such as interstates, which are driven on by cars.","roads [accept highways, freeways, or interstates before mentioned] <Other Academic/Miscellaneous–Maiorana>"
2022 SANDS,1,16,"One character in this work is accused of losing a swimming contest to Breca. Unferth gives the protagonist of this work his sword, Hrunting, which he uses to defend Heorot, the banquet hall of King Hrothgar. A (*) descendent of Cain and its mother are defeated by the protagonist of this epic. For 10 points, name this Old English epic poem in which the title Danish hero defeats Grendel.",Beowulf <British Literature–Ganguli>
2022 SANDS,1,17,"The law-giver Lycurgus devised this city’s Great Rhetra constitution. Young males in this city were encouraged to steal food without getting caught as part of the agoge training system. At the Battle of (*) Thermopylae, this city’s king Leonidas died in a last stand with 300 of his men. During the Peloponnesian War, Athens fought against, for 10 points, what militaristic Greek city state?",Sparta <Ancient/Other History–Kapadia>
2022 SANDS,1,18,"The falciform ligament attaches this organ to the wall of the abdomen. Macrophages in this organ that break down red blood cells are called Kupffer cells. The Cori cycle delivers lactic acid (*) from the muscles to this organ. A potential complication of alcoholism is the scarring of this organ, a disease called cirrhosis. For 10 points, name these organs located under the adrenal glands, which produce urine.",Liver <Biology–Feldman>
2022 SANDS,1,19,"During this man’s presidency, the Gulf of Tonkin Resolution increased U.S. involvement in one conflict. This president’s domestic welfare policies and so-called “War on Poverty” were collectively known as the Great Society. This president signed the (*) Civil Rights Act into law in 1964. For 10 points, what Texan succeeded John F. Kennedy as president?",Lyndon Johnson [or LBJ; prompt on Johnson] <American History–Rao>
2022 SANDS,1,20,"Surfaces known as asperities help to explain the presence of this force at microscopic levels. This force, which can be measured with a tribometer, has a namesake coefficient of this force is symbolized mu, and comes in kinetic and (*) static varieties. Substances that reduce the amount of this force acting on a surface are called lubricants. For 10 points, name this force that resists the motion of an object.",friction <Physics–Sivaram>
2022 SANDS,2,1,"Queen Victoria owned one of these items called the Koh-i-noor. Cecil Rhodes made his fortune with these items through the De Beers company, whose motto is “[one of these items] is forever.” Controversies surround the (*) “blood” examples of these objects, which are mined and sold to fund warlords in Africa. These carbon-based items are often cut before they are worn in jewelry. For 10 points, name these most precious gemstones.",diamonds [prompt on gemstones until mentioned]
2022 SANDS,2,2,"This man, who owns the blind dog Argos, is advised by Tiresias to avoid eating the cattle of Helios. Hermes gave this man moly to protect him from the magic of Circe. This man adopts the name “Nobody” to escape the cyclops (*) Polyphemus. This father of Telemachus kills the suitors of his wife, Penelope, when he returns to Ithaca. For 10 points, name this hero who travels for ten years in a namesake Homeric epic.",Odysseus
2022 SANDS,2,3,"In one novel, one of these animals named Old Major composes the song “Beasts of England.” One of these animals named Squealer paints a commandment saying “whatever goes upon two legs is an enemy” in Manor Farm. Trotsky and Stalin are represented by two of these animals named (*) Snowball and Napoleon in one novel. For 10 points, name these animals that replace humans in Animal Farm.",pigs
2022 SANDS,2,4,"The area of the sky that is obscured by this entity is known as the Zone of Avoidance. In 2022, the Event Horizon Telescope imaged the center of this entity, which is a supermassive black hole called Sagittarius A* (A - star). The Magellanic Clouds orbit this entity, and, in about 4.5 billion years, this entity is predicted to (*) collide with its large galactic neighbor, the Andromeda Galaxy. For 10 points, what galaxy is home to the Solar System?",Milky Way
2022 SANDS,2,5,"This color appears in the title of a game featuring the drug lord Raul Menendez. This color, which partly names a music group behind “I Gotta Feeling,” is the color of the “little dress” worn by Audrey Hepburn in Breakfast at Tif any’s. Orange is called the (*) “new [this color]” in one Netflix series. Chadwick Boseman played a Marvel character whose name combines this color with “Panther.” For 10 points, old movies were often in what color and white?",black [accept Call of Duty: Black Ops II or Black-Eyed Peas or Little Black Dress or Orange is the New Black or Black Panther]
2022 SANDS,2,6,"One man with this surname names a point where ferromagnetic materials become paramagnetic. Henri Becquerel’s work led two scientists with this surname to analyze pitchblende. One of those scientists with this surname went on to become the first double Nobel laureate and coined the term (*) “radioactivity” after discovering the elements radium and polonium. For 10 points, give this surname of French and Polish scientists Pierre and Marie.",Curie
2022 SANDS,2,7,"One app allows users of this service to improve their experience through “Black” and “XL” options. A company providing this service delivers food under a subsidiary that adds “Eats” to its name. Users of this service set their (*) pickup locations and often identify their providers by their license plates. Companies including Lyft and Uber offer, for 10 points, what kind of service in which drivers use their own vehicles to transport passengers?",ridesharing [or rideshare; accept Uber until mentioned]
2022 SANDS,2,8,"In one poem, this poet declares “out of the ash/ I rise with my red hair/ and I eat men like air.” This poet of “Lazy Lazarus” tells the title figure “there’s a stake in your fat black heart” in another poem. That poem by this author exclaims “you bastard, I’m through” and describes (*) “a man in black with a Meinkampf look.” For 10 points, name this American poet of “Daddy,” who committed suicide by carbon monoxide in 1963.",Sylvia Plath
2022 SANDS,2,9,"Many images of the Venus de Milo appear in one painting by this artist dedicated to his wife Gala. An array of brick-like objects appears in a painting by this artist named for the “Disintegration” of one of his previous paintings. In a painting by this artist inspired by Camembert cheese, (*) melting clocks appear in a Catalonian landscape. For 10 points, what Spanish surrealist painted The Persistence of Memory?",Salvador Dalí
2022 SANDS,2,10,"This ruler organized an ecumenical council, whose namesake “Creed” affirms the belief in one god. A vision inspired this ruler to adopt the Chi Rho symbol before winning the Battle of Milvian Bridge. This ruler’s Edict of Milan officially (*) legalized Christianity within the Roman Empire. The first Chrisitan Roman Emperor was, for 10 points, what ruler, who names a city once called Byzantium and now called Istanbul?",Constantine the Great [or Constantine I; prompt on Constantine]
2022 SANDS,2,11,"After reuniting with a former love interest at a performance of Lucia di Lammermoor, this character fakes weekly piano lessons in Rouen. This character, whose husband botches an operation on Hippolyte’s clubfoot, has affairs with Rodolphe Boulanger and Léon Dupuis after moving to (*) Yonville. This wife of the doctor Charles swallows arsenic when she is unable to repay her debts. For 10 points, name this title character of a Gustave Flaubert novel.",Emma Bovary [or Madame Bovary Emma or Emma Rouault; prompt on Bovary or Rouault]
2022 SANDS,2,12,"This country’s oil industry is centered at its city of Port Harcourt. The “Nollywood” film industry is based in this country, which is home to the majority of the Igbo and Yoruba people. The terrorist group (*) Boko Haram has been involved in kidnappings in this country’s north. This country’s largest city was replaced as its capital by Abuja. For 10 points, name this most populous African country, home to the city of Lagos.",Nigeria
2022 SANDS,2,13,"A curse is broken when this novel’s protagonist sings a song beginning and ending with “if only, if only.” A lipstick tube in one of this novel’s title entities marks the location of “Kissin’ Kate” Barlow’s treasure. This novel’s protagonist breaks the curse on his family by carrying (*) Hector Zeroni up a mountain. Juvenile delinquents at Camp Green Lake dig the title entities of, or 10 points, what Louis Sachar novel about Stanley Yelnats?",Holes
2022 SANDS,2,14,"Secretion of molecules from this organelle is inhibited by retention sequences such as KDEL . This organelle is the origin of COP1 vesicles sent to the Golgi body. A sarcoplasmic variety of this organelle releases calcium in muscle cells. Chaperonins are used in this organelle to (*) fold proteins. A part of this organelle is lined with ribosomes. For 10 points, name this organelle responsible for protein transport, with rough and smooth subunits.",Endoplasmic Reticulum [accept ER]
2022 SANDS,2,15,"A pure oxygen environment caused a failure for this program in which Roger Chaffee and Gus Grissom were killed. On one of this program's missions, Michael Collins piloted the Command Module while the Eagle landed in the Sea of Tranquility. The words (*) “That's one small step for man, one giant leap for mankind” were spoken by Neil Armstrong during this program’s eleventh mission. For 10 points, what NASA program landed the first humans on the Moon?",Apollo Program [or Apollo Project; accept Apollo 1 or Apollo 11; prompt on moon landing or NASA until mentioned]
2022 SANDS,2,16,"When this phenomenon occurs on a smooth surface at a definite angle, it is termed specular, while its diffuse variety occurs in all directions. A total internal variety of this phenomenon occurs at the critical angle. The angle of incident (*) light must be equal to the angle of outgoing light, according to the law of this phenomenon. For 10 points, name this phenomenon that occurs when light hits a surface and bounces back, which is often seen in mirrors.",reflection
2022 SANDS,2,17,"In a work subtitled “A Critique of Political Economy”, this philosopher introduced the idea of “commodity fetishism.” That work by this thinker begins by stating “a spectre is haunting Europe.” This philosopher, who described the class struggle between the (*) bourgeoisie and proletariat in one work, wrote Das Kapital. For 10 points, name this philosopher, who worked with Friedrich Engels on The Communist Manifesto.",Karl Marx
2022 SANDS,2,18,"A supposed “curse” affected composers who wrote at least nine of these pieces. Gustav Mahler added a chorus and vocal soloists to the typical ensemble for one of these pieces, which was later nicknamed the one “of a Thousand”. Beethoven’s (*) fifth one of these employs a “short-short-short-long” motif, while his ninth features a chorus singing “Ode to Joy”. For 10 points, name this type of classical composition for a large orchestra.",symphony [accept Symphony of a Thousand or Beethoven’s Fifth Symphony or Beethoven’s Ninth Symphony]
2022 SANDS,2,19,"The World Economic Forum meets annually in this country’s city of Davos. Romansh is one of the official languages of this country, where the Winter Olympics were hosted twice in the ski resort town of St. Moritz. This country’s southern border is home to the (*) Matterhorn. This country is divided into cantons, some of which are named after its largest cities like Zurich and Geneva. For 10 points, name this Alpine nation known for its neutrality.",Switzerland
2022 SANDS,2,20,"A black stele from this city depicts a seated king of this city conversing with Shamash. For a seventy-year period, the Jews were held in a “captivity” named for this city by its king Nebuchadnezzar II. A law code originating the phrase (*) “an eye for an eye” was inscribed on a stele by this city’s king Hammurabi. For 10 points, what ancient Mesopotamian city was once home to The Hanging Gardens?",Babylon
2022 SANDS,3,1,"Studies created by the artist of this painting in preparation for it include a scene of a cypress tree in a field of wheat. The artist of this painting painted a similar version of its central scene set “Over the Rhone”. A church spire and an imaginary village in (*) Saint-Rémy is visible in this painting, which was created from the artist’s asylum window. For 10 points, name this painting of a swirling blue sky, created by Vincent Van Gogh.",The Starry Night Over the Rhone <Visual Fine Arts–Maiorana>
2022 SANDS,3,2,"Part of an annual race in this state follows the path of a 1925 diphtheria serum run to its city of Nome. A large species of brown bear is endemic to this state’s Kodiak Island. This state’s Seward Peninsula contains the finish line of the annual (*) Iditarod sled dog race, which previously began in Anchorage. This is the largest state in the U.S. For 10 points, name this non-contiguous state with its capital at Juneau.",Alaska <Geography–Sareddy>
2022 SANDS,3,3,"This is the number of resistors in a Wheatstone bridge. Superfluidity was discovered in an isotope of Helium with this number, which is also the number of Maxwell's electromagnetic equations. Along with spatial dimensions, time can be considered a (*) dimension with this number, the number of fundamental interactions in the Standard Model. For 10 points, Beryllium has what atomic number, the number of sides in a square?",four <Physics–Chae>
2022 SANDS,3,4,"A ritual during this practice sees participants walk around a fire seven times. After this practice has been completed, women apply red sindoor powder to their foreheads along with bindi, a colored red dot. The father gives away his daughter in this practice, during which (*) promises are made to keep a home and raise a family. Vows of love are exchanged during, for 10 points, what practice that involves a bride and groom?",Hindu marriage [accept Hindu weddings] <Religion–Ganguli>
2022 SANDS,3,5,"In 1998, al-Qaeda bombed two U.S. examples of these buildings in Nairobi and Dar-Es Salaam. After a revolution brought Ayatollah Khomeni to power, militant students seized one of these buildings in Tehran, causing a (*) “hostage crisis” that lasted 444 days. Country capitals are home to many “foreign” examples of, for 10 points, what kind of buildings, the workplace of diplomats and ambassadors?",embassy [accept U.S. embassy] <World History–Kapadia>
2022 SANDS,3,6,"In one novel by this author, John visits the island of San Lorenzo, the home of a religion called Bokononism. This author, who created the fictional author Kilgore Trout, wrote another novel in which Montana Wildhack is imprisoned in a zoo on (*) Tralfamadore. In that novel by this author, Billy Pilgrim becomes “unstuck in time” and survives the firebombing of Dresden. For 10 points, name this author of Slaughterhouse-Five.",Kurt Vonnegut <American Literature–Ganguli>
2022 SANDS,3,7,"Lucius Clay organized Operation Vittles to deliver supplies to a portion of this city. Checkpoint Charlie was the best-known location for crossing a structure in this city. A two-year Soviet blockade of this city was countered by its namesake (*) “Airlift.” Ronald Regan asked Mikhail Gorbachev to “tear down” a structure in this city. For 10 points, a wall separated the capitalist West from the communist East portion of what German capital?",Berlin [accept Berlin Airlift or Berlin Wall] <European History–Kapadia>
2022 SANDS,3,8,"In one poem, this man is compared to a “powerful western fallen star.” This man, who is described as “fallen cold and dead” in another poem, is the subject of “When Lilacs Last in the Dooryard Bloom’d” and “O Captain! My Captain!” Those two poems about this man appear in the collection (*) Leaves of Grass by Walt Whitman. For 10 points, name this president, who was assassinated toward the end of the Civil War.",Abraham Lincoln <American Literature–Ganguli>
2022 SANDS,3,9,"The arithmetic, geometric,and harmonic means are collectively known as this man's namesake means. Expressions such as “Sine squared plus Cosine squared equals one” are called his namesake identities. Three positive integers that fit this man’s namesake theorem are called his (*) “triples.” For 10 points, name this person who names a theorem that relates a right triangle’s hypotenuse to its other sides, often written as “a 2+b 2=c 2 .”",Pythagoras [accept Pythagorean] <Other Science–Chae>
2022 SANDS,3,10,"During one of these events, an anarchist attempted to assassinate Carnegie Steel Chairman Henry Clay Frick. Eugene Debs was imprisoned for his role in one of these events involving the Pullman Company. Pinkerton agents were called in to break up one of these events at the (*) Homestead Steel Works. The rise in organized labor increased the frequency of, for 10 points, what events, where workers stop working to achieve a collective goal?",labor strikes [accept Pullman Strike or Homestead Strike] <American History–Kapadia>
2022 SANDS,3,11,"Early varieties of these objects used cathode-ray tubes and rounded fluorescent panels. Some of these devices use a thin layer of plasma or liquid crystals, which allow them to be flat. Newer versions of these objects include the (*) OLED variety, which is branded by Apple as the Retina one of these devices. For 10 points, name these devices that produce images, often found on phones, televisions, and computers.","screens [accept displays, prompt on any specific device by asking “what specific part of the device?”] <Other Academic/Miscellaneous–Maiorana>"
2022 SANDS,3,12,"This artist claims “I’ll sink my teeth in disbelief ‘cause you’re the one that I want” in “Love Again.” In another song, this artist repeatedly says “if you don’t wanna see me dancing with somebody.” The line “if you wanna run away with me, I know a (*) galaxy And I can take you for a ride” begins a song that appears on this artist's album Future Nostalgia. For 10 points, name this Albanian-English singer of “Don’t Start Now” and “Levitating.”",Dua Lipa <Popular Culture–Ganguli>
2022 SANDS,3,13,"This instrument is played by composer of the Pulitzer Prize-winning oratorio Blood on the Fields, Wynton Marsalis. The tracks “So What” and “Freddie Freeloader” appear on an album by a player of this instrument. A “bent” version of this instrument was played by (*) Dizzy Gillespie. This instrument was played by Miles Davis. For 10 points, name this valved brass instrument, whose players produce sound by “buzzing” into its mouthpiece.",trumpet <Other Fine Arts–Maiorana>
2022 SANDS,3,14,"The eruption of a volcano on the island of Thera contributed to the collapse of this civilization, which used the Linear A writing system. Several bull-leaping frescoes were excavated from this civilization’s palace at (*) Knossos. A mythical Greek king who built the Labyrinth to contain a half-man, half-bull monster names, for 10 points, what Bronze Age civilization centered on the island of Crete?",Minoan Civilization <Ancient/Other History–Kapadia>
2022 SANDS,3,15,"This figure was so large that it took five giant storks to deliver him to his parents. While mourning the death of a companion he meets during the Winter of the Blue Snow, this figure’s tears created the Missouri River. This companion of (*) Babe the Blue Ox is said to have created the Grand Canyon by dragging his ax on the ground. For 10 points, name this giant lumberjack of American folklore.",Paul Bunyan <Mythology–Ganguli>
2022 SANDS,3,16,"As this quantity increases, solubility increases for solids and decreases for gases. This quantity and volume are directly proportional, according to Charles’ law. This quantity is defined as the average kinetic energy (*) of particles inside a substance. The lowest value for this quantity on one scale is -273.15, but is standardized to 0 on a scale named for Kelvin. For 10 points name this quantity which can be measured in celsius and fahrenheit.",temperature <Chemistry–Sivaram>
2022 SANDS,3,17,"In this state, Benjamin Rush used bloodletting to treat victims of a 1793 yellow fever epidemic. A man in this state published weather predictions and witty aphorisms in Poor Richard’s Almanac. The largest city in this state hosted the Constitutional Convention in what is now (*) Independence Hall. Benjamin Franklin spent much of his life in, for 10 points, what state, home to the Liberty Bell in Philadelphia?",Pennsylvania <American History–Kapadia>
2022 SANDS,3,18,"This politician, who was slammed for not responding to a student accusing Israel of “ethnic genocide,” is the author of the picture book Superheroes are Everywhere. This politician, who defeated Loretta Sanchez in the 2016 California Senate election, exclaimed (*) “Mr. Vice President, I’m speaking”, after being repeatedly interrupted by Mike Pence during a debate. For 10 points, name this current vice president of the U.S.",Kamala Devi Harris <Current Events–Ganguli>
2022 SANDS,3,19,"One character in this novel, who spends time making golden fish, has seventeen sons that share his name. At the end of this novel, a baby with a pig’s tail is eaten by ants, and the parchments of Melquiades are deciphered by (*) Aureliano before a storm destroys the town of Macondo. For 10 points, name this novel about the Buendia family, titled for a century of isolation, by Gabriel García Márquez.",One Hundred Years of Solitude [accept Cien Años de Soledad] <World Literature–Ganguli>
2022 SANDS,3,20,"This molecule is theorized to have been the first sign of life on earth in its namesake “world hypothesis”. The small interfering type of this molecule is involved in post-transcriptional gene silencing. A certain type of this molecule has a cloverleaf shape and is used to (*) transfer amino acids. This molecule uses the nucleotide Uracil instead of thymine, which DNA uses. For 10 points, name this nucleic acid that is created via transcription.",RNA <Biology–Feldman>
2022 SANDS,4,1,"Description Acceptable. One app for this activity includes unique features like “Time Capsule” and “Discover Weekly”. That app releases a “Wrapped” at the end of the year with stats for this activity. Platforms like Pandora and (*) Soundcloud can be used for this activity, alongside devices like Airpods. Spotify and Apple Music are used to do, for 10 points, what activity that can be done with speakers or headphones?",listening to music [accept listening to podcasts; prompt on listening or music]
2022 SANDS,4,2,"This ruler defeated Desiderius in the Siege of Pavia to become King of the Lombards in 774. From his court at Aachen, this ruler presided over the beginning of the Carolingian Renaissance. On Christmas Day 800, (*) Pope Leo III crowned this ruler as the first Holy Roman Emperor. For 10 points, name this Frankish king, who was the first to unite most of Western Europe since the fall of the Roman Empire.",Charlemagne [or Charles the Great or Carolus Magnus; prompt on Charles]
2022 SANDS,4,3,"This novel and Native Son are criticized in James Baldwin’s essay “Everybody’s Protest Novel.” The protagonist of this novel saves Eva St. Clare from drowning and is sold by Arthur Shelby. The author of this novel was supposedly called (*) “the little woman that started this great war.” The vicious plantation owner Simon Legree beats the title character of this novel to death. For 10 points, name this anti-slavery novel by Harriet Beecher Stowe.",Uncle Tom’s Cabin
2022 SANDS,4,4,"On July 11, 2022, Iran announced that it will supply these devices to Russia, which is using the “Aeroscope” platform to identify communication links between these devices and their users. DJI makes commercial examples of these devices, which has been used to (*) surevil enemy positions and collect footage from safe positions by both sides of the Ukrainian conflict. Pilots remotely control, for 10 points, what unmanned aircraft?",drones [or UAV]
2022 SANDS,4,5,"In 1887, the Michelson-Morley experiment found this quantity to be constant in all directions. Due to faulty equipment, OPERA reported that neutrinos exceed this quantity, beyond which blue light is emitted due to Cherenkov radiation. Massless particles like (*) photons are thought to travel at this speed. Energy equals mass times this quantity squared. For 10 points, what constant symbolized c equals around 3 times 10 8 meters per second in a vacuum?",speed of light [accept c before mentioned]
2022 SANDS,4,6,"A modernist composer from this nation wrote collections of Gnossiennes and Gymnopédies. The orchestral piece Boléro was written by a composer from this country, while another 20th-century composer from this nation composed La Mer and (*) “Clair de Lune”. Claude Debussy and Maurice Ravel were from, for 10 points, what European country, where they studied at the Conservatoire de Paris?",France
2022 SANDS,4,7,"According to Vafthrudnir, hiding in this location allows Lif and Lifthrasir to survive Fimbulwinter. The squirrel Ratatosk relays messages between the serpent Nidhogg and an eagle at the top of this location, beneath which lies (*) Mimir’s well. In order to obtain the runes, Odin hangs himself from this object for nine days. For 10 points, name this world tree that connects the nine worlds in Norse mythology.",Yggdrasil [accept Hoddmimis holt; accept World Tree before mention]
2022 SANDS,4,8,"One poem of this type tells the title bird “thou wast not born for death” and asks “do I wake or sleep?” Another poem of this type calls the title object an “unravish’d bride of quietness” and declares “beauty is truth, truth beauty.” Those poems of this type by John Keats are about a (*) nightingale and a Grecian urn. For 10 points, name this poetic form that is written in praise of something.",odes [accept Ode On a Grecian Urn or Ode to a Nightingale]
2022 SANDS,4,9,"This dynasty was briefly interrupted by Wang Mang’s Xin Dynasty. The Records of the Grand Historian was written during this dynasty, which was founded by Liu Bang after the fall of the Qin Dynasty. This dynasty was weakened by the (*) Yellow Turban Rebellion, leading to the tumultuous Three Kingdoms Period. For 10 points, what Chinese dynasty shares its name with China’s majority ethnic group?",Han Dynasty
2022 SANDS,4,10,"The fischer version of this technique is used to detect water. Diagrams in this technique contain regions that can be explained by the Henderson-Hasselbalch equation. Bromothymol blue and phenolphthalein (*) are indicators used to determine the equivalence point in this technique.Instruments for this technique include the burette and stopcock. For 10 points, name this technique which can be used to determine the concentration of an acid or base.",Titration
2022 SANDS,4,11,"The original Legoland park can be found in this country’s city of Billund. This country’s mainland is part of the Jutland Peninsula. This country’s capital is home to the Tivoli Gardens and lies across the Oresund Strait from Malmo, (*) Sweden. A Hans Christian Andersen story inspired the Little Mermaid Statue in the capital of this Scandinavian country. For 10 points, name this country north of Germany, whose capital is Copenhagen.",Denmark
2022 SANDS,4,12,"Circular lights are reflected by a window behind a woman drinking coffee in one painting by this artist. A sign for the title food is visible outside a window in this artist’s Chop Suey. In another painting by this artist, three customers sit behind a bar below a sign advertising (*) 5-cent Phillies cigars. That painting depicts a diner in Greenwich Village at night. For 10 points, name this American artist who painted Nighthawks.",Edward Hopper
2022 SANDS,4,13,"The Flynn effect describes how measures of this concept have increased over time. A test initially created to measure this concept in children is called the Stanford-Binet test. People with high values of this concept can join organizations like (*) MENSA. Around 100 is an average score for a namesake “quotient” of this concept. For 10 points, what concept is a measure of how smart a person is?",intelligence [accept IQ or intelligence quotient]
2022 SANDS,4,14,"In one play by this author, the title character is blackmailed by Judge Brack and burns Eilert Lovborg’s manuscript. This playwright of Hedda Gabler wrote another play in which Krogstad tries to blackmail the protagonist regarding a forged loan. That play by this author ends with a (*) door being slammed in Torvald’s face by Nora Helmer. For 10 points, name this Norwegian playwright of A Doll’s House.",Henrik Ibsen
2022 SANDS,4,15,"This empire was modernized by the 19th century Tanzimat reforms. Young Christian boys were forced into this empire's elite Janissary corps. This empire, referred to as the “sick man of Europe,” reached its peak under (*) sultan Suleiman the Magnificent. The end of World War I brought on the dissolution of, for 10 points, what Islamic empire centered on modern day Turkey?",Ottoman Empire
2022 SANDS,4,16,"It’s not humans, but the H5N1 variant of Influenza primarily affects these animals. These animals have a honeycomb bone structure to preserve durability while remaining light. These animals have a vocal organ without vocal flaps called a (*) syrinx. One feature of these types of animals has semiplume, bristle, and down varieties. For 10 points, name these flying animals that evolved from dinosaurs and have feathers.",birds [accept aves or avians]
2022 SANDS,4,17,"In 2019, the company behind this game partnered with Louis Vuitton to create in-game skins. Characters from this game feature in the fictional K-pop group K/DA and the heavy metal band (*) Pentakill. Champions from this game such as Vi and Jinx are featured in a show based on this game, called Arcane. For 10 points, name this free MOBA made by Riot Games, often abbreviated LoL.",League of Legends [accept LoL until mention]
2022 SANDS,4,18,"During this conflict, George Dewey gave the order “You may fire when ready” at the Battle of Manila Bay. The U.S.’s entry into this conflict was influenced by sensational “yellow journalism” coverage of the sinking of the (*) USS Maine in Havana harbor. Theodore Roosevelt led the Rough Riders during, for 10 points, what 1898 conflict that gave the U.S. control of Cuba and the Philippines?",Spanish-American War
2022 SANDS,4,19,"This author called Joseph Conrad a “bloody racist” in his essay An Image of Africa. In a novel by this author, the protagonist beats his wife during the Week of Peace and is exiled for seven years from Umuofia after killing his adopted son, (*) Ikemefuna. That novel by this author ends with the suicide of Okonkwo. For 10 points, name this Nigerian author of Things Fall Apart.",Chinua Achebe
2022 SANDS,4,20,"Asaph Hall used white spots on this planet to determine its rotational period. The Encke and Keeler Gap are structures in this planet’s A ring, and, in 1655, Christiaan Huygens discovered its largest moon, (*) Titan. Giovanni Cassini discovered and names a divide in a feature of this plant. This planet is the second largest planet in the solar system, and it is the sixth planet from the Sun. For 10 points, name this gas giant with several large rings.",Saturn
2022 SANDS,5,1,"Surges from this larger body of water breached the levees of Lake Pontchartrain during a 2005 hurricane. The Deepwater Horizon Oil Spill occurred in this body of water, whose coast is home to popular beaches like Panama City and Destin. (*) Hurricane Katrina gained strength on this gulf before it hit New Orleans. This gulf lies west of the Florida Keys. For 10 points, name this gulf that shares its name with a country south of the United States.",Gulf of Mexico <Geography–Sareddy>
2022 SANDS,5,2,"The currently unsolved hierarchy problem describes the discrepancies in aspects of this force and the weak force . Unlike special relativity, general relativity accounts for this force, the weakest of the fundamental forces. (*) Waves created by this force are detected by LIGO, and this force is most intense in the singularity of a black hole. Weight can be attributed to, for 10 points, what attractive force between two objects?",gravity <Physics–Chae>
2022 SANDS,5,3,"An officer in this novel calls one group nothing more than “mule drivers” and “mud diggers.” After getting hit on the head by a rifle, the protagonist of this novel is asked by a “tattered soldier” to see the title wound. The death of (*) Jim Conklin upsets Henry Fleming in this novel. The Civil War provides the backdrop for, for 10 points, what novel by Stephen Crane?",The Red Badge of Courage <American Literature–Ganguli>
2022 SANDS,5,4,"The paiza metal pendant was carried by messengers of these people’s Yam postal system. Leaders of these people were elected by a Kurultai. A non-Byzantine Secret History chronicles the rise of these people’s first leader, who was born with the name (*) Temujin. These people ruled China through the Yuan dynasty of Kublai. For 10 points, the empire of what East Asian people was founded by Genghis Khan?",Mongols [accept Mongol Empire] <World History–Kapadia>
2022 SANDS,5,5,"The book The Decisive Moment is a collection of works of art in this medium by Henri Cartier-Bresson, who pioneered its “street” variety. An early process for creating art in this medium was created by Louis Daguerre, and required very long (*) exposure times. Artists who create work in this medium may utilize a darkroom to develop film. For 10 points, name this artistic medium whose practitioners use cameras to capture images.",photography [accept Daguerreotype] <Other Fine Arts–Maiorana>
2022 SANDS,5,6,"In one poem, this poet claims “the best lack all conviction, while the worst are full of passionate intensity.” This poet repeats the refrain “a terrible beauty is born” in “Easter, 1916.” This poet notes that (*) “things fall apart; the centre cannot hold” in a poem that ends by asking what rough beast “slouches towards Bethelhem to be born.” For 10 points, name this Irish poet of “The Second Coming.”",William Butler Yeats <British Literature–Ganguli>
2022 SANDS,5,7,"This organelle is represented by a two-dimensional liquid in the fluid mosaic model. The fluidity in this organelle is maintained by cholesterol. This organelle is mainly composed of a molecule with a polar head and a nonpolar tail, a(*) phospholipid. Plant cells maintain rigidity by having a solid cell wall around them. For 10 points, name this organelle that contains the interior of the cell.",cell membrane <Biology–Feldman>
2022 SANDS,5,8,"An opera by this composer names a chord with the notes F, B, D-sharp, and G-sharp and ends with a character singing the “Liebestod” to mourn her lover’s death. In another opera by this composer, the dwarf (*) Alberich steals the title material from the Rhinemaidens and forges a magical object. Another opera by this composer features “The Ride of the Valkyries”. For 10 points, name this German composer of Tristan und Isolde and the Ring Cycle.",Richard Wagner <Auditory Fine Arts–Maiorana>
2022 SANDS,5,9,"In one speech, this man said that the people had been given a “bad check” for “insufficient funds.” This man claimed to have “seen the Promised Land” from the title location of a speech given to sanitation workers in Memphis. This man envisioned a day where his children would (*) “not be judged by the color of their skin” in a speech from the steps of the Lincoln Memorial. For 10 points, what civil rights activist gave the “I Have a Dream” speech?",Martin Luther King Jr. [accept MLK] <American History–Kapadia>
2022 SANDS,5,10,"In this country, Bagram airfield was evacuated in the middle of the night one month before this country’s president Ashraf Ghani fled to the UAE. After reviewing a 2020 peace deal between the U.S. and a group in this country, Joe Biden announced a complete (*) withdrawal of U.S. troops from this country by the 20th anniversary of the 9/11 attacks. Since August 15, 2021 the Taliban control, for 10 points, what country led from Kabul?",Afghanistan <Current Event–Kapadia>
2022 SANDS,5,11,"The protagonist of this story tries to save a picture of a woman in furs. That protagonist of this story dies after his father hits him in the back with an apple and has a sister who wants to attend a conservatory for violin named (*) Grete. After a night of “uneasy dreams,” a traveling salesman realizes he has become a “monstrous vermin” in this story. For 10 points, Gregor Samsa transforms into an insect in what Franz Kafka novella?",The Metamorphosis <European Literature–Ganguli>
2022 SANDS,5,12,"Due to its low crystallization temperature, this mineral is at the bottom of Bowen’s Reaction Series. This mineral generates an electric charge with applied stress, an effect called piezoelectricity, and it can be used in namesake (*) clocks. This mineral has a value of seven on the Mohs Hardness Scale, and it can consist of silica or silicon dioxide. For 10 points, name this mineral, the second most abundant in the Earth’s crust behind feldspar.",quartz <Other Science–Chae>
2022 SANDS,5,13,"In this book, a dragon loses a war in heaven to Michael and his angels. The number “666” is considered the Number of the Beast in this book. Four figures representing Conquest, War, Famine, and Death are released after the opening of the (*) seven seals in this book written by John of Patmos. The Four Horsemen of the Apocalypse appear in, for 10 points, what final book of the New Testament?",Book of Revelation <Religion–Ganguli>
2022 SANDS,5,14,"The Netherlands fought for independence from this country during the Eighty Years War. During the reign of Philip II, poor winds foiled this country’s attempted invasion of England using a namesake “Armada” of ships. This country was unified by the marriage of (*) Ferdinand II of Aragon and Isabella I of Castile. For 10 points, name this country on the Iberian Peninsula whose capital is Madrid.",Kingdom of Spain [or Spanish Empire or Spanish Armada] <European History–Rao>
2022 SANDS,5,15,"Under ideal conditions, this technique follows Raoult’s law, which calculates total vapor pressure. The addition of entrainers allows for the separation of azeotropes during this technique . A “fractional” (*) form of this process is used to create alcoholic beverages and refine petroleum. For 10 points, name this lab technique that separates two substances based on their boiling points.",distillation [accept fractional distillation] <Chemistry–Ganguli>
2022 SANDS,5,16,"These devices typically feature a front and a rear derailleur. The frames of these devices are usually made out of tubular aluminum or carbon fiber. In order to change speeds, these devices may have different-sized sprockets that their (*) chains can ride on. These devices have types designed for mountain and road riding, as well as motocross varieties known as BMX. For 10 points, name these two-wheeled vehicles whose riders propel by pedaling.",bicycles [accept bikes; accept any specific kind] <Other Academic/Miscellaneous–Maiorana>
2022 SANDS,5,17,"This character, who kills Alma Coin, is compared to a “dead slug” by Haymitch Abernathy. After the death of Rue, this character sings a lullaby while covering her body with flowers. This character, also known as “The Girl on Fire” and (*) “the Mockingjay,"" represents District 12 with Peeta Meelark for a competition in which teens fight to the death. For 10 points, name this protagonist of The Hunger Games trilogy.",Katniss Everdeen [accept either underlined name] <Other Literature–Ganguli>
2022 SANDS,5,18,"In one song, this artist declares “your memory is ecstasy” and claims to “miss you more than life”. This singer of “Ghost” begins another song with The Kid LAROI saying “I do the same thing, I told you that I never would” in (*) “STAY”. This singer of “Love Yourself” is featured in a remix of Luis Fonsi’s “Despacito”. For 10 points, name this Canadian singer who became a superstar at fifteen with the release of “Baby”.",Justin Bieber <Popular Culture–Ganguli>
2022 SANDS,5,19,"This ruler apocryphally shouted, “Quinctilius Varus, give me back my legions!” after losing the Battle of Teutoburg Forest. This ruler secured power by winning the 31 B.C. Battle of Actium. This ruler formed the Second Triumvirate with Marcus Lepidus and (*) Mark Antony in order to defeat his uncle’s assassins. For 10 points, name this nephew of Julius Caesar, who became the first Roman Emperor.",Caesar Augustus [or Octavian] <Ancient/Other History–Rao>
2022 SANDS,5,20,"Bellona is a Roman goddess of these events. The Aloadae trapped a god of these events in a bronze jar. During these events, the doors to Janus’ temple are kept open. A god of these events, who fathered (*) Phobos and Deimos, was caught in a net created by Hephaestus to reveal his affair with Aphrodite. That god of these events has a Roman counterpart called Mars. For 10 points, Ares was a god of what armed conflicts?",wars <Mythology–Ganguli>
2022 SANDS,6,1,"This event was initiated with the signal “Tora, Tora, Tora.” In retaliation for this event, bombers departing from the USS Hornet conducted the Doolittle Raid. The day of this event was called (*) “a date which will live in infamy” in a speech prior to a war declaration made by Franklin Roosevelt. The United States entered World War II shortly after, for 10 points, what surprise Japanese attack on a Hawaiian naval base?",attack on Pearl Harbor [accept Operation Z]
2022 SANDS,6,2,"These structures typically feature up-stop wheels and magnetic fins to constrain their motion. Types of these structures include “inverted” ones, as well as ones described by the terms “hyper” and “giga.” An iconic one of these things known as the Cyclone opened in 1927 at (*) Coney Island. Fans of these things can ride them at places like Six Flags and Cedar Point. For 10 points, name these high-thrill rides often found at amusement parks.",roller coasters
2022 SANDS,6,3,"A composer from this country wrote pieces such as “The Thunderer” and “El Capitan.” Piano works including “Maple Leaf Rag” and “The Entertainer” were part of this country’s genre of (*) Ragtime music. A composer from this country names a tuba-like instrument intended for use while marching. For 10 points, John Philip Sousa wrote marches such as “The Stars and Stripes Forever” for what country’s military?",United States of America [or U.S. or U.S.A. or America]
2022 SANDS,6,4,"In one story by this author, a man tries to convince Jig to get an abortion. This author of “Hills Like White Elephants” also wrote a novel in which the “great DiMaggio” is idolized by a friend of Manolin. This author, who included (*) Nick Adams in many stories, wrote about Catherine Barkley falling in love with Frederic Henry in another novel. For 10 points, name this author of A Farewell to Arms and The Old Man and the Sea.",Ernest Hemingway
2022 SANDS,6,5,"This scientist’s work on stimulated emission led to the development of his A and B coefficients. In this man’s namesake field equations, this scientist tried to model a static universe with his cosmological constant. He won the 1921 Nobel prize (*) in Physics for his work on the photoelectric effect. That work was published in 1905, which is considered this man's “annus mirabilis.” For 10 points, name this scientist who formulated the equation E = mc 2 .",Albert Einstein
2022 SANDS,6,6,"While traveling with the charioteer Channa, this figure was shown the “four sights” of an old man, a sick man, a corpse, and a monk. In a sermon at Deer Park, this figure revealed the Four Noble Truths. This former prince, who discovered the (*) Eightfold Path, meditated under a bodhi tree to attain nirvana. For 10 points, name this enlightened figure, born Siddhartha Gautama, who founded a namesake Asian religion.",Gautama Buddha [accept Siddhartha Gautama until mentioned; accept either part; accept Shakyamuni]
2022 SANDS,6,7,"A national myth surrounding this leader claims that he is a demigod who was able to drive cars at the age of three. This leader’s disappearance in April of 2020 sparkered rumors that he was gravely ill. This leader’s country conducted an (*) ICBM test launch in 2022, its first instance of test launches since a landmark 2018 summit in Singapore between this man and Donald Trump. For 10 points, name this leader of North Korea.",Kim Jong-Un
2022 SANDS,6,8,"Flute music plays in the background of this play, which sees the protagonist gift stockings to “the Woman.” A fountain pen is stolen by former high school football star Biff in this play, which ends with the protagonist (*) crashing his car to provide life insurance for his family, the Lomans. For 10 points, the downfall of Willy Loman is the subject of what play by Arthur Miller?",Death of a Salesman
2022 SANDS,6,9,"Users of this language can use the command “pip” to install external modules. Instead of curly brackets, this language uses syntactic indentation to distinguish blocks of code. This programming language emphasizes human readability and uses keywords like (*) “and” and “not” instead of symbols. For 10 points, name this popular programming language named after a British comedy group that shares its name with a type of snake.",Python
2022 SANDS,6,10,"In 1877, these people launched the anti-modernist Satsuma Rebellion. In a legendary story, forty-seven leader-less examples of these people, known as ronin, avenged their dead master before committing suicide. These people’s governing (*) Bushido code draws on elements of Zen Buddhism and Shintoism. Swords like the wakizashi and katana were wielded by members of, for 10 points, what Japanese warrior class of people?",samurai [accept ronin before mentioned]
2022 SANDS,6,11,"A quantity denoted capital pi which is equal to MRT times the van't Hoff factor is a colligative property that is the namesake “pressure” of this process. The rate of this process reaches equilibrium in an isotonic solution. The reverse form of this process is often used to (*) purify salt water for drinking. Cells rely on this process to transport water. For 10 points, name this process in which water diffuses across a semipermeable membrane.",osmosis [accept osmotic pressure]
2022 SANDS,6,12,"An artist from this country painted a series of fifty-three “stations” of one of its major roads. A style of woodblock printing from this country is named “pictures of the floating world”, or ukiyo-e. A series of (*) thirty-six views of a mountain in this country include one featuring a large cresting wave. For 10 points, name this country where Katsushika Hokusai painted many scenes of Mount Fuji, including The Great Wave of Kanagawa.",Japan [accept Nippon]
2022 SANDS,6,13,"In this body of water, Harra trees are native to mangroves on the island of Qeshm. Oil fields in this body of water were the subject of a 1990s war named after it. One country has built stadiums overlooking this body of water for the 2022 World Cup. This body of water is connected to the Gulf of (*) Oman by the Strait of Hormuz. Bahrain is completely surrounded by, for 10 points, what gulf named after the ancient name for Iran?",Persian Gulf [accept Persian Gulf War; prompt on Gulf War]
2022 SANDS,6,14,"This figure, who was first discovered at the Pirene fountain, created the Hippocrene spring on Mount Helicon. This brother of Chrysaor was stung by a gadfly on the way to Mount Olympus, resulting in the death of his companion. This figure, who carried Zeus’ thunderbolts, was born from the (*) neck of Medusa and helped Bellerophon defeat the Chimera. For 10 points, name this winged horse from Greek mythology.",Pegasus
2022 SANDS,6,15,"After the Ku Klux Klan murders John Openshaw, this character sends the title “Five Orange Pips” to one character. This character, who faked his death at Reichenbach Falls in “The Final Problem,” is outwitted in “A Scandal in Bohemia” by his crush, (*) Irene Adler. Professor Moriarty is the nemesis of this character, who resides at 221B Baker Street with Dr. Watson. For 10 points, name this detective created by Arthur Conan Doyle.",Sherlock Holmes [accept either underlined part]
2022 SANDS,6,16,"Establishments that violated this policy were vandalized by the hatchet-wielding Carrie Nation. This policy was enforced by the Volstead Act, and it was later repealed by the 21st Amendment. Supporters of this policy were known as (*) “drys” while those who opposed it were known as “wets.” Groups like the Anti-Saloon League pushed for, for 10 points, what policy banning alcohol in the United States?",Prohibition [or temperance; accept alcohol ban until mentioned]
2022 SANDS,6,17,"A ghostly Red Skull presides over one of these items, which must be obtained by sacrifice on Vomir. The Eye of Agamotto houses a green one of these items wielded by Stephen Strange. Possessing all 6 of these items allows one character to destroy half of all life with the (*) snap of his fingers. Thanos sought to control aspects of the universe like space, time, and reality with, for 10 points, what colorful gems from the Marvel Cinematic Universe?",Infinity Stones [accept Soul Stone or Time Stone before mentioned; prompt on stones]
2022 SANDS,6,18,"When one of these animals gets trapped in a Very Big Pit, he is mistaken for a Heffalump. Another of these animals from “darkest Peru” is raised by his Uncle Pastuzo and Aunt Lucy and loves marmalade. In a work by A.A. Milne, (*) the Hundred Acre Wood is home to a honey-loving one of these animals that is the best friend of Christopher Robin. For 10 points, Winnie-the-Pooh and Paddington are what type of animals?",bear
2022 SANDS,6,19,"A variety of this process that occurs in arid climates is named for acid metabolism in the family Crassulaceae. That version of this process concentrates a certain molecule around the enzyme RuBisCo during the night. Stomata are used to absorb the (*) carbon dioxide used in this process. Cyanobacteria undergoing this process create much of the earth’s oxygen. For 10 points, name this process in which plants use to make sugar from sunlight.",Photosynthesis
2022 SANDS,6,20,"This leader persecuted Jews in his country as retribution for the supposed “Doctors’ Plot.” This leader’s forced collectivization policies led to the Holodomor famine in Ukraine. This leader signed a nonaggression pact with (*) Nazi Germany, which Germany broke when they invaded this leader's country in 1941. For 10 points, name this man who led the Soviet Union during World War II, the successor of Vladimir Lenin.",Joseph Stalin [or Ioseb Besarionis dze Jughashvili]
2022 SANDS,7,1,"While visiting Utgard-Loki, this god is unable to lift a cat that is actually the Midgard Serpent in disguise. After one of his possessions is stolen, this god dresses as Freya for a fake wedding. The golden-haired Sif is the wife of this god, who is destined to kill and be killed by the (*) Midgard Serpent at Ragnarok. The hammer Mjolnir is wielded by, for 10 points, what Norse god of thunder?",Thor
2022 SANDS,7,2,"These people served in the Varangian Guard of the Byzantine Empire. An “age” named for these people is generally said to have begun in 793 A.D. when a group of these people raided an English monastery in Lindisfarne. These people, who colonized Iceland and (*) Greenland, were the first Europeans to discover the Americas. For 10 points, name these Scandinavian warriors, who became seafaring raiders throughout medieval Europe.",Vikings [accept Viking Age prompt on Norsemen and Scandanavians until mentioned]
2022 SANDS,7,3,"One form of this element comes in single-walled and multi-walled forms. This element can form fullerenes such as soccer-ball shaped buckyballs and cylindrical nanotubes. One allotrope of this element is used for (*) pencil lead, while another is the hardest substance in nature. Graphite and diamond are made of, for 10 points, what element which makes up all living things, with atomic number six and symbol C?",carbon
2022 SANDS,7,4,"A general from this city used a double envelopment strategy to win the Battle of Cannae. Calls for the destruction of this city were frequently used to conclude speeches by Cato the Elder. A general from this city invaded Italy by crossing the (*) Alps with his war elephants. Hannibal Barca was a general from, for 10 points, what north African city that fought the Punic Wars with Rome?",Carthage
2022 SANDS,7,5,"The title character of this novel calls others “old sport” and is friends with a character who fixed the 1919 World Series, a gangster named Meyer Wolfsheim. After the death of his wife Myrtle, George Wilson kills the title character of this novel, who is fixated with a (*) “green light” on Daisy Buchanan’s dock. West Egg is the setting of this novel narrated by Nick Carraway. For 10 points, name this novel by F. Scott Fitzgerald.",The Great Gatsby
2022 SANDS,7,6,"Prior to this period, participants in it marked their doors with goat’s blood to avoid a plague that killed firstborn sons. Aaron created the golden calf during this period, where participants were forced to wander for forty years in the (*) Sinai Desert. At the start of this period, God parted the Red Sea, which caused the death of Pharaoh. For 10 points, name this period where Moses led the Israelites out of Egypt.",the Exodus [accept Israelites leaving Egypt or escaping the Pharaoh or the Israelites wandering the Sinai Desert before mentioned]
2022 SANDS,7,7,"Paintings of this type by Frida Kahlo include ones “with Cropped Hair” and “with Thorn Necklace and Hummingbird”. Norman Rockwell created a “triple” painting of this type. Vincent Van Gogh created one of these paintings in which his (*) bandaged ear is visible. These paintings became easier to create with the advent of mirrors. For 10 points, name this artistic genre in which a painter depicts themself.",self-portrait [accept Self-Portrait with Cropped Hair; Self-Portrait with Thorn Necklace and Hummingbird; Triple Self-Portrait; prompt on portrait]
2022 SANDS,7,8,"Dirichlet's theorem on these numbers extends Euclid's theorem, which says infinitely many numbers of this type exist. The largest found number of this type is also a Mersenne number. A method for finding these numbers involves using the sieve of Eratosthenes. (*) Every integer greater than one can be uniquely written as a factorization using these numbers. For 10 points, name this type of number which is only divisible by one and itself.",prime numbers [accept primes]
2022 SANDS,7,9,"The nationalization of one of these structures by Gamal Nasser caused a namesake 1956 crisis. China’s Sui dynasty completed a “Grand” one of these structures. Yellow fever afflicted workers who built one of these structures across the (*) Isthmus of Darien. Egypt controls the Suez example of these structures. For 10 points, what kind of artificial waterway connects the Atlantic and Pacific Oceans in Panama?",canal [accept Suez Canal or Grand Canal or Panama Canal]
2022 SANDS,7,10,"This region is home to the American-operated McMurdo Station on its Ross Island. This region is separated from one continent's southern tip, Cape Horn, by the Drake Passage. The Adélie and emperor species of a certain (*) bird only live in this region. Penguins live on this continent, which is home to the South Pole. For 10 points, name this least populous and coldest continent in the world.",Antarctica
2022 SANDS,7,11,"In one opera by this composer, the title character sings his name several times in the aria “Largo al Factotum”. One opera by this composer sees a soldier shoot an apple off of Jemmy’s head. That opera’s overture contains a galloping “March of the Swiss Soldiers”. Count Almaviva and Rosina are married while (*) Figaro looks on in one opera by this composer. For 10 points, what Italian wrote music for operas such as The Barber of Seville and William Tell?",Gioachino Rossini
2022 SANDS,7,12,"These cells typically adopt biconcave disk shape in order to increase their surface area. These cells are the only cells in humans to lack nuclei. Glutamate to valine substitution causes these cells to take on a half-moon appearance in (*) sickle cell disease. These cells are destroyed after 120 days by the spleen. For 10 points, name these cells which transport oxygen from the lungs throughout the circulatory system.",red blood cells [accept RBC]
2022 SANDS,7,13,"In one story by this author, the ghosts of Henry Hudson’s crew play ninepins. That story by this author is set in the Catskills Mountains. In another story by this author, Brom Bones marries Katrina Van Tassel after one character disappears. In that story by this author, (*) Ichabod Crane meets the Headless Horseman. For 10 points, name this author of “Rip Van Winkle” and “The Legend of Sleepy Hollow.”",Washington Irving
2022 SANDS,7,14,"The wife of a politician from this state ostracized John and Peggy Eaton during the Petticoat affair. This state attempted to prevent the so-called “Tariff of Abominations” from becoming law during the Nullification Crisis. Major Robert Anderson was forced to surrender after (*) Fort Sumter was shelled in this state. John C. Calhoun was a politician from, for 10 points, what state, the first to secede from the Union during the Civil War.",South Carolina
2022 SANDS,7,15,"This city’s “Skytree” is the tallest structure in its country. Narita International Airport serves this city’s greater metropolitan area, which includes Chiba and Yokohama. This capital city on the island of (*) Honshu is the largest city in the Kanto region. Studio Ghibli and many anime studios are based in this city. For 10 points, name this most populous city in the world, the capital of Japan.",Tokyo
2022 SANDS,7,16,"The use of “spectral evidence” during this event was discussed in Cotton Mather’s The Wonders of the Invisible World. For his refusal to plead during this event, Giles Corey was pressed to death with stones. The slave Tituba was the first to be targeted by this event following (*) accusations made by Betty Parris and Abigail Williams. For 10 points, magic practitioners were hunted in what series of trials in 17th century Massachusetts?",Salem Witch Trials
2022 SANDS,7,17,"In this character’s first soliloquy, he exclaims “frailty, thy name is woman.” This character, who calls Yorick a “fellow of infinite jest,” hires an acting troupe to perform The Murder of Gonzago. (*) Rosencrantz and Guildenstern are friends of this character, who tells Ophelia to “get thee to a nunnery.” A soliloquy beginning “to be or not to be” is given by, for 10 points, what Prince of Denmark, who titles a Shakespeare tragedy?",Hamlet
2022 SANDS,7,18,"Information on these items are stolen by devices called “skimmers” and “shimmers.” These items, which contain a 3-digit CVV, are made less susceptible to fraud by EMV chips scanned by “readers” when using these items. Traditionally, the (*) magnetic strips on these items are swiped when using them. Companies like Discover and American Express provide, for 10 points, what pieces of plastic are used in transactions?",credit cards [or debit cards; prompt on cards]
2022 SANDS,7,19,"This character often has to battle an apple tree named Whispy Woods. This character hails from Planet Popstar and first appeared in a game titled for his “Dream Land.” This character often faces (*) Waddle Dees, who serve this character’s hammer-wielding rival King Dedede. This character can expand like a balloon to fly. For 10 points, Meta Knight appears in Nintendo games titled for what “little pink hero,” who can inhale enemies?",Kirby [accept Kirby’s Dream Land]
2022 SANDS,7,20,"Boron-10 is used to control the rate of this process. Chicago Pile-1 is a facility capable of performing this process self-sustainingly. The amount of material needed to sustain this process is known as the (*) critical mass. This process uses energy from the collisions of neutrons and uranium-235 atoms to initiate a chain reaction. For 10 points, name this process which splits an atom into smaller parts to generate energy, contrasted with fusion.",fission
2022 SANDS,8,1,"The phrases ma non troppo and con moto may be appended to terms describing this property. Using rubato allows a performer to adjust this aspect of a piece. The terms accelerando and (*) ritardando suggest a change in this musical property. A common term for marking this property of music, allegro, is typically realized at about 120 beats per minute. For 10 points, name this term describing how fast or slow a musician should perform music.","tempo [accept time; accept speed before last line, prompt after; prompt on any specific tempo marking by asking “What general musical concept does that term belong to?”]"
2022 SANDS,8,2,"In 2007, a bridge carrying I-35 over this river near Saint Anthony Falls collapsed. This river begins at Lake Itasca, and later flows through cities such as Memphis and St. Louis. The Ohio River and (*) Missouri River flow into this river, which flows into the Gulf of Mexico near New Orleans. For 10 points, name this longest river in the United States, which shares its name with a Southern state.",Mississippi River
2022 SANDS,8,3,"This author of The Descent of Man discovered his most famous theory independently of Alfred Wallace. Robert Fitzroy recruited this man as a naturalist for a voyage to South America on the (*) HMS Beagle. The different beak shape of the finches on the Galapagos islands inspired this man's theory of natural selection. For 10 points, name this naturalist, who is often considered the father of evolution.",Charles Darwin
2022 SANDS,8,4,"The protagonist of this novel refuses the marriage request of her cousin, St. John (Sin Jin) Rivers. The title character of this novel is forced to stand on a stool by Mr. Brocklehurst at Lowood School and befriends Helen Burns. In this novel, Grace Poole is blamed for a fire, which the madwoman (*) Bertha Mason started, resulting in the destruction of Thornfield Hall. The title woman marries Mr. Rochester in, for 10 points, what novel by Charlotte Brontë?",Jane Eyre
2022 SANDS,8,5,"One improvement of a statement which describes these substances uses an a and b term to represent intermolecular forces and volume. These substances are described by the Van der Waals equation. Boyle’s law states that pressure and volume are inversely related in these substances. Kinetic molecular (*) theory assumes that these substances exist at high temperatures and low pressures. For 10 points, name this theoretical substance whose namesake law states that PV = nRT.",ideal gases [prompt on gases]
2022 SANDS,8,6,"This author declares “this land was ours before we were the land’s” in “The Gift Outright.” The speaker of another poem by this author notes that he has “miles to go” before he sleeps. This poet, who used the refrain “good fences make good neighbors” in (*) “Mending Wall,” wrote another poem that begins “two roads diverged in a yellow wood.” For 10 points, name this American poet of “The Road not Taken.”",Robert Frost
2022 SANDS,8,7,"The creation myth of one civilization inspired the Benben stones that top these non-obelisk structures. A “bent” one of these structures was built for Sneferu. The architect Imhotep used stacked mastabas to design a (*) “step” one of these structures for Djoser. A noseless Sphinx statue sits near three “Great” examples of these structures in Giza. For 10 points, what monumental structures were often the burial sites of Egyptian Pharaohs?",pyramids [accept bent pyramids or step pyramids or Great Pyramid of Giza]
2022 SANDS,8,8,"This text advises to “beat her and knock her about” when describing Fortune. This text claims that the title figure should master the conflict between cunning and strength represented by a lion and fox. This text uses the example of (*) Cesare Borgia to argue that it is better to be feared than loved as a ruler. For 10 points, name this political text written by Niccolo Machiavelli.",The Prince
2022 SANDS,8,9,"It's not a neutrino, but researchers at Super-Kamiokande seek to observe the decay of this particle into a neutral pion and a positron. 90% of cosmic rays are made of these particles, which decay into a neutron via beta plus decay. These particles are made of two (*) up quarks and one down quark. The atomic number is also the number of these particles. For 10 points, name these positively charged particles that make up the nucleus with neutrons.",protons
2022 SANDS,8,10,"One of these texts claims that “If men were angels, no government would be necessary.” The tenth of these texts warns about the harmful nature of “factions.” The pseudonym Brutus was among those used to write the (*) “Anti-[these texts].” The pseudonym Publius was collectively used by John Jay, Alexander Hamilton, and James Madison to author, for 10 points, what set of “Papers” promoting the ratification of the U.S. Constitution?",The Federalist Papers
2022 SANDS,8,11,"In one episode, this character repeats the phrase “I don’t need it” before drinking a vase full of water. This character, who constantly fails his driver’s tests with Mrs. Puff at “Boating School,” sings the Goofy Goober Rock to defeat (*) Plankton at the end of his first movie.This character works as a fry cook at the Krusty Krab alongside Squidward. For 10 points, name this Bikini Bottom resident who “lives in a pineapple under the sea.”",SpongeBob SquarePants [accept either underlined]
2022 SANDS,8,12,"A ruler with this name started the War of Spanish Succession by attempting to put his grandson on the Spanish throne. That ruler of this name apocryphally proclaimed “I am the state” and was known as the Sun King. A ruler of this name was executed by (*) guillotine in 1793, shortly before his wife Marie Antoinette. The Palace at Versailles was commissioned by a ruler with, for 10 points, what regnal name, shared by eighteen kings of France.",Louis [accept Louis XIV or Louis XVI]
2022 SANDS,8,13,"The protagonist of this work observes the skull of Archbishop Ruggieri getting chewed on by Count Ugolino. This work features the murdered lovers Paolo and Francesca. The protagonist of this work is guided to a gate reading (*) “abandon all hope ye who enter here.” The narrator travels through the nine circles of hell in this work’s first section, Inferno. For 10 points, name this Italian epic poem by Dante.",Divine Comedy [or La Divina Commedia; accept Inferno before mentioned]
2022 SANDS,8,14,"The namesake DNA of this organelle is only maternally inherited. It’s not chloroplasts, but the endosymbiotic theory believes these organelles originated as separate prokaryotes. The matrix of this organelle contains folds called (*) cristae. These organelles contain ATP synthase, which they use in the final step of cellular respiration. For 10 points, name this organelle which is the powerhouse of the cell.",Mitochondria
2022 SANDS,8,15,"One warrior in this conflict refused to fight after a leader took his concubine Briseis. The death of that person’s companion Patroclus caused him to drag around the body of his opponent Hector in this conflict. This conflict ended after a (*) fake wooden horse filled with soldiers was given to its central city. For 10 points, name this conflict described in The Iliad, which was sparked by Paris’ abduction of Helen.",Trojan War
2022 SANDS,8,16,"This function’s output is 1 minus theta squared over 2 in its small angle approximation. The reciprocal of this function is known as the secant function. This function’s derivative is negative sine, and it represents the (*) x-coordinate in the unit circle. Tangent equals sine over this function. For 10 points, identify this function which, in a right triangle, is the ratio of the adjacent side to the hypotenuse.",cosine
2022 SANDS,8,17,"Special “donut” types of these items for use in emergencies are less durable than their normal counterparts. To improve performance in colder climates, these items are often outfitted with chains. These items are sold by companies like (*) Bridgestone, Michelin, and Goodyear. The effectiveness of these items decrease with use since their treads wear out. For 10 points, what rubber items cover a car’s wheels?",tires
2022 SANDS,8,18,"This artist depicted Jesus crossing his fingers while holding a glass orb in the painting Salvator Mundi. A male nude is inscribed within a circle and a square in this artist’s Vitruvian Man. This artist painted a portrait of (*) Lisa del Giocondo with a mysterious smile, as well as a scene in which Jesus dines with his disciples. For 10 points, name this Italian polymath who painted The Last Supper and the Mona Lisa.",Leonardo da Vinci [accept either underlined portion]
2022 SANDS,8,19,"Two answers required. The “Peace Village” is on the border between these two countries, which was created by a 1953 armistice signed in Panmunjom. The Sunshine Policy attempts to improve relations between these two countries. The 38th parallel was used to demarcate (*) the Demilitarized Zone that separates, for 10 points, what two Asian nations that share a peninsula that contains cities like Seoul and Pyongyang?",North Korea and South Korea
2022 SANDS,8,20,"This country’s cuisine includes the Portuguese-influenced dish vindaloo. Blocks of cottage cheese known as paneer are a common ingredient in dishes in this country. The tandoor style of cooking originated in this country’s state of (*) Rajasthan. Many of this country’s curries are eaten with breads like naan and roti. For 10 points, name this large South Asian country home to the cities of Mumbai and Delhi.",India
2022 SANDS,9,1,"A one percent change in this quantity causes a two percent change in GDP, according to Okun’s Law. An inverse relationship between inflation and this quantity is depicted in the Phillips Curve. The “frictional” and “structural” types of this concept add up to its (*) “natural rate.” Discouraged and retired workers are not included in the calculation of this quantity. For 10 points, what quantity describes the number of people who cannot find jobs.",unemployment rate
2022 SANDS,9,2,"The Hays Code was an early set of guidelines for censoring these works. The Palm d’Or is an award given to these works at an annual festival held in Cannes. The Sundance Festival highlights the “indie” variety of these works. The MPAA sets (*) ratings for these works, which include NC-17, R, and PG-13. For 10 points, what works of media are shown in namesake theaters by AMC and Cinemark?",movies [or films or motion pictures]
2022 SANDS,9,3,"Since he believed that this event was divine punishment, aid to victims of this event was reduced by Charles Trevelyan. Victims of this event attempted to escape it by boarding “coffin ships.” This event was partially ended when Robert Peel repealed the (*) Corn Laws. For 10 points, what period of starvation devastated an island off the coast of Britain due to the blight of a namesake staple crop?",Irish Potato Famine [or Great Hunger or Great Famine or Irish Famine]
2022 SANDS,9,4,"Pierre L’Enfant created the layout of this city’s streets and landmarks. A memorial consisting of two engraved black granite walls was designed for this city by Maya Lin. Daniel Chester French created a marble statue of a seated (*) president for display in this city, which sits at the opposite end of the National Mall from a large white obelisk. For 10 points, name this city home to the Washington Monument and the Lincoln Memorial.","Washington, D.C. [accept D.C.]"
2022 SANDS,9,5,"This man’s Vice President Schuyler Colfax resigned after a scandal involving a fraudulent company working on the Union Pacific Railroad. This president’s private secretary, Orville Babcock, was implicated in a scandal involving unpaid liquor taxes. The (*) Credit Mobilier and Whisky Ring scandals tainted the presidency of, for 10 points, what 18th President, a former Union Army general?",Ulysses Grant
2022 SANDS,9,6,"For an object of uniform density, the centroid coincides with the center of this quantity. Einstein’s equivalence principle relates the gravitational and inertial types of this quantity. This quantity multiplied by velocity gives linear (*) momentum, while this quantity multiplied by little g gives weight. For 10 points, name this quantity that represents the amount of matter in an object, which is measured in kilograms.",mass
2022 SANDS,9,7,"This god uses a drum called the damaru to regulate the universe in his dancing Nataraja form. This god, who obtained a blue throat after swallowing the poison Halahala, rides the white bull Nandi and resides on Mount Kailash. This god often depicted with a (*) third eye on his forehead is the consort of Parvati and the father of the elephant-headed Ganesha. For 10 points, name this Hindu destroyer god.",Shiva
2022 SANDS,9,8,"While visiting a children’s shelter, one member of this family wore a green Zara jacket with the message “I really don’t care, do you?” On August 8, 2022, the FBI raided the house of another member of this family to obtain classified documents removed from one office. (*) Barron and Ivanka are children of a member of this family, who once tweeted “covfefe.” For 10 points, name this family that includes Melania and the 45th U.S. president, Donald.",Trump family
2022 SANDS,9,9,"This word names a “number” that indicates the charge that an atom would have if it entered an ionic state. The O.I.L. and L.E.O. mnemonics are a common method of understanding reactions named for this word. The rusting of iron (*) is the most common example of reactions described by this word. For 10 points, name this term that names a type of reaction in which electrons are lost, the opposite of reduction.",oxidation reaction [accept oxidation number; prompt on redox]
2022 SANDS,9,10,"One character in this play declares that “parting is such sweet sorrow” in a scene where she asks “what’s in a name?” Another character in this play, who initially loves Rosaline, is banished from Verona for killing (*) Tybalt. Mercutio wishes a plague on the feuding Montague and Capulet families in this play. For 10 points, name this Shakespeare tragedy about a pair of “star-cross’d lovers.”",Romeo and Juliet
2022 SANDS,9,11,"One feature created by these entities have “lateral” and “terminal” types. The Matterhorn was formed by the diverging erosion of these entities. These entities create U-shaped valleys and cirques and leave behind their namesake till in moraines.(*) The calving of one material forming these features creates icebergs. For 10 points, name these large bodies of moving ice.",glaciers
2022 SANDS,9,12,"One of these musical entities named for the city of Naples can serve as a predominant. One of these musical entities denoted by the Roman numeral “V” often leads to one of these entities labeled “I.” Types of these musical entities include (*) major, minor, diminished, and augmented. Guitarists and pianists often play these musical entities as accompaniment for vocalists. For 10 points, name these musical entities consisting of multiple notes that sound simultaneously.",chords
2022 SANDS,9,13,"This character, who discusses Romeo and Juliet with two nuns, asks the cab driver Horwitz “where do ducks go when the lake freezes?” Jane Gallagher is a love interest of this character, who is the brother of Allie, D.B., and Phoebe. (*) Pencey Prep expels this character, who dislikes “phonies.” For 10 points, name this protagonist of J.D. Salinger’s The Catcher in the Rye.",Holden Caulfield [accept either underlined portion]
2022 SANDS,9,14,"The Passaic River flows over a 77-foot waterfall in this state’s city of Paterson. Coastal cities in this state include Cape May and the popular gambling destination of Atlantic City. Residents of this state’s cities of Hoboken and (*) Newark often commute to New York City across the Hudson River. For 10 points, name this Eastern seaboard state sandwiched between New York and Pennsylvania.",New Jersey
2022 SANDS,9,15,"The protagonist of this novel thinks the Balsam of Fierabras has healing powers and is defeated in a fight by the Knight of the White Moon. This novel’s title character is infatuated with the peasant girl Dulcinea and rides the horse (*) Rocinante. The squire Sancho Panza appears in this novel, which is titled for a self-proclaimed knight who attacks windmills. For 10 points, name this novel by Miguel de Cervantes.",Don Quixote [or The Ingenious Gentleman Don Quixote of La Mancha or El ingenioso hidalgo Don Quijote de la Mancha]
2022 SANDS,9,16,"One region of this organ contains a part of dentate granule cells called mossy fibers. In this organ, Schwann cells create a layer of myelin over a certain type of cell. The cavity in which this organ resides is filled with (*) cerebrospinal fluid to protect it and remove waste. Processes like breathing are controlled in this organ's namesake stem. For 10 points, name this organ inside the skull in which neurons are used to store information",Brain
2022 SANDS,9,17,"This leader declared that he was “prepared to die” for his ideals during the Rivonia Trial. For part of a 27 year prison sentence, this leader labored in a lime quarry while on Robben Island. This leader shared the 1993 Nobel Peace Prize with (*) F. W. de Klerk for helping to end apartheid. For 10 points, what leader was the first black president of South Africa?",Nelson Mandela
2022 SANDS,9,18,"During a victory boat parade, Cam Brate caught the Super Bowl trophy that this player tossed to him. At his current team, this player, who briefly retired in February of 2021, reunited with longtime teammate Rob Gronkowski. This player won his (*) 7th Super Bowl ring after defeating the Kansas City Chiefs in 2021, making him the player with the most in NFL history. For 10 points, what long time Patriots quarterback recently announced his retirement with the Buccaneers?",Tom Brady
2022 SANDS,9,19,"A man nicknamed Cato led one of these events in South Carolina named for the Stono River. The participants in one of these events aboard The Amistad were defended in court by an elderly John Quincy Adams. A solar eclipse inspired (*) Nat Turner to lead one of these events in Virginia. Plantation owners attempted to prevent, for 10 points, what events in which forced laborers overthrew their masters?",slave revolt [accept rebellion or uprising or mutiny instead of revolt; prompt on mutiny alone]
2022 SANDS,9,20,"Dividing the ideal gas constant by this quantity results in Boltzmann’s constant. This quantity which is defined as the number of atoms in twelve grams of carbon-12 is equal to the number of particles in (*) 22.4 liters of gas at standard temperature and pressure. For 10 points, name this constant which is the number of particles in a mole, approximately equal to 6.02 times 10 to the 23rd power.",Avogadro’s number [accept Avogadro’s constant; prompt on variable]
2022 SANDS,10,1,"One variety of these substances is used to hydrogenate triple bonds and is named for Herbert Lindlar. When these substances are not in phase with other reactants, they are termed heterogenous. These substances create an alternative transition state and thus reduce the (*) activation energy of a reaction. Organic examples of them are called enzymes. For 10 points, name these substances, which increase the rate of a reaction without being consumed.",catalysts [accept enzymes before mention]
2022 SANDS,10,2,"Early reforms made by this ruler include imposing a beard tax and abolishing the Boyar-controlled Duma. This ruler studied shipbuilding in the Netherlands while on his Grand Embassy to Western Europe. A bronze equestrian statue of this ruler stands in his (*) namesake city on the Gulf of Finland. For 10 points, name this Tsar who modernized Russia in the early 18th century.",Peter the Great [or Peter I; prompt on Peter]
2022 SANDS,10,3,"During one holiday, the Ma’Oz Tzur is sung while using one of these objects called a shamash. During that holiday, these objects are placed in one structure from right to left and used left to right. After the destruction of the (*) Temple of Jerusalem, an object holding these things stayed on for eight nights despite having enough oil for only one. For 10 points, name these objects that are lit on a menorah during Hanukkah.",candle [prompt on menorah by asking “What objects are held in the menorah?”]
2022 SANDS,10,4,"One character in this novel is forced to read to the morphine addict Mrs. Dubose. In this novel, soap dolls and pennies found in a tree are revealed to be gifts from Boo Radley. After he is accused of rape by Mayella (*) Ewell, Tom Robinson is defended by the protagonist’s father, Atticus, in this novel. For 10 points, name this novel narrated by Scout Finch and written by Harper Lee.",To Kill a Mockingbird
2022 SANDS,10,5,"The hypogeum beneath this structure contained tunnels to transport exotic animals for venatores to hunt. In this structure, the pollice verso thumb gesture signaled the fate of defeated competitors. Vespasian began building this structure, alternatively called the (*) Flavian Amphitheater. Mock naval battles and gladiatorial fights were performed in, for 10 points, what large Roman arena?",Colosseum [accept Flavian Amphitheater until mentioned]
2022 SANDS,10,6,"This man lost a bet to Kip Thorne regarding the binary star system Cygnus X-1, which he wrote about in A Brief History of Time. This man’s work on black holes led him to theorize a process by which they would vanish, his namesake (*) radiation. Despite suffering from a certain disorder, this man was still able to communicate using a voice synthesizer. For 10 points, name this English physicist, who passed away in 2018 due to complications of ALS.",Stephen Hawking
2022 SANDS,10,7,"A character with super strength in this film sings about “Pressure, like a drip, drip, drip that'll never stop.” In this film, characters sing about ill prophecies made by a character who “We Don’t Talk About.” In this film, the power-less (*) Mirabel sings about the “gifts” given to her family by a “miracle” in the form of a candle. For 10 points, name this Disney musical film about the magical Madrigal family.",Encanto
2022 SANDS,10,8,"This artist included scenes such as “Green Car Crash” in his series Death and Disaster. In 1968, Valerie Solanas attempted to kill this artist at his New York City studio, which was known as The Factory. This artist used silkscreening to create a (*) Marilyn Diptych as well as a series of thirty-two prints of red-and-white cans. For 10 points, name this American pop artist known for his Campbell’s Soup Cans.",Andy Warhol
2022 SANDS,10,9,"This city lies opposite Bainbridge Island across the Puget Sound. This city, currently home to the NHL’s Kraken, was once home to the NBA’s Supersonics. Boeing was founded in this city, which contains the headquarters of Starbucks and (*) Amazon. The Space Needle dominates the skyline of this notoriously rainy city in the Pacific Northwest. For 10 points, name this largest city in Washington.",Seattle
2022 SANDS,10,10,"In one play by this author, a character throws a radio out the window during a poker game. In another play by this author, a unicorn is broken by a “gentleman caller.” A character created by this author declares she has “always depended on the kindness of strangers” and is assaulted by (*) Stanley Kowalski. The Wingfield family and Blanche Dubois were created by, for 10 points, what author of The Glass Menagerie and A Streetcar Named Desire?",Tennessee Williams
2022 SANDS,10,11,"A genre this composer created was inspired by the poetry of Adam Mickiewicz. Études by this composer include ones nicknamed “Winter Wind” and “Revolutionary”. The notes A-flat and G-sharp are repeated in a prelude by this composer nicknamed (*) “Raindrop”. This composer’s other solo piano works include a Fantasie-Impromptu and the Minute Waltz. For 10 points, name this Polish composer of many nocturnes and ballades.",Frédéric Chopin
2022 SANDS,10,12,"These works often contain a “cutting word” and “seasonal reference.” Many of these works are collected in the travelogue The Narrow Road to the Deep North, and they were derived from renga. One of these works describes the sound of a (*) frog jumping into a pond and was by a master of this form of poetry named Matsuo Basho. For 10 points, name this Japanese form of poetry that follows a 5-7-5 syllable scheme.",haiku
2022 SANDS,10,13,"A leader of this county committed suicide with an AK-47 in the La Moneda palace. In 1973, a CIA-backed coup overthrew that socialist leader, Salvador Allende, after he nationalized this country’s copper mines in the (*) Atacama Desert. Dissidents were brutally suppressed during the dictatorship of Austugo Pinochet in, for 10 points, what South American country led from Santiago?",Republic of Chile
2022 SANDS,10,14,"This antagonist’s daughter Delphini attempts to resurrect him in a work titled for a “cursed child."" This character who kills Grindelwald while searching for the Elder Wand splits his soul into seven (*) horcruxes. This leader of the Death Eaters leaves a lightning-bolt shaped scar on the forehead of one character who kills him at the Battle of Hogwarts. For 10 points, name this archenemy of Harry Potter who “must not be named.""",Lord Voldemort [accept either underlined part Tom Riddle]
2022 SANDS,10,15,"In this biome, aluminum and iron form chelates and move to a deeper level in the process to create podzol. A layer of ice underneath the active layer in this biome is called permafrost. Animals like the Pine Marten, Pileated Woodpecker, and (*) Caribou live in this biome. Evergreen trees like spruce pine and fir trees are common in this biome. For 10 points, name this biome located between tundras and deciduous forests.",Taiga
2022 SANDS,10,16,"Stocks of this man’s company dropped nearly 12% the Friday after this man tweeted that its stock prices were “too high imo.” That same company’s stock price dropped after this man smoked marijuana on a podcast with (*) Joe Rogan. In April of 2022, this man terminated his deal to purchase Twitter for 44 billion dollars. For 10 points, name this founder of SpaceX and CEO of Tesla.",Elon Musk
2022 SANDS,10,17,"A practitioner of these disciplines, who was taught by Ip Man, encouraged his students to “Be water, my friend.” One of the oldest one of these disciplines was developed by Buddhist monks from the Shaolin temple. (*) Chuck Norris founded one of these disciplines called Chuck Kuk Do, and the Wing Chun one of these disciplines was practiced by Bruce Lee. Tae Kwon Do, Kung Fu, and Karate are examples of, for 10 points, what fighting disciplines?",martial arts [accept wushu]
2022 SANDS,10,18,"Evidence from NASA's Dawn spacecraft suggests that Ceres could be home to an ice type of this geologic feature. Io has an abundance of these features, which are responsible for its surface color. The largest one of these features in the solar system is the Martian (*) Olympus Mons, which is of the “shield” variety and could be active. For 10 points, name these geologic features that can erupt with lava.",volcanoes [accept more specific answers like cryovolcano or shield volcano]
2022 SANDS,10,19,"One of these creatures gives up his immortality in exchange for Prometheus’ freedom. These creatures, who are rivals of the Lapiths, include Nessus, whose poisoned blood causes the death of Heracles. Another of these creatures, who was the (*) instructor of many heroes including Achillies and Jason, is Chiron. For 10 points, name these half-human, half-horse creatures from Greek mythology.",centaur
2022 SANDS,10,20,"To oppose this process, Senator Harry Byrd headed a campaign of “Massive resistance.” This process was ordered to be carried out “with all deliberate speed” following a 1954 Supreme Court case that ruled that the notion of “separate but equal” was unconstitutional. The ruling in (*) Brown v. Board of Education called for, for 10 points, what process that ended the separation of education institutions based on race?",school desegregation [or school integration; prompt on desegregation or integration]
2022 SANDS,11,1,"This character settles a debate on how to crack eggs between the Little and Big Endians. The Houyhnhms, a race of intelligent horses, call this character a “Yahoo.” This sailor discovers the island of Laputa and another island inhabited by a race of people six inches tall called (*) Lilliput. A satirical novel by Jonathan Swift focuses on, for 10 points, what character’s “travels” to fantasy lands.",Lemuel Gulliver [accept Gulliver’s Travels]
2022 SANDS,11,2,"When light hits a convex lens on a glass plane, an effect known as this physicist’s namesake “rings” occurs. It’s not Euclid, but this man wrote about his experiments using a prism in Opticks. The constant big G was introduced in this man’s law of universal gravitation, (*) while another set of his laws states that every action has an equal and opposite reaction as well as that F = ma. For 10 points, name this English physicist who names three laws of motion.",Isaac Newton
2022 SANDS,11,3,"The vigilante group Los Pepes and the First Search Bloc sought to kill the leader of one of these groups named for the city of Medellin. One of these groups named for the Mexican state of Sinaloa was led by El Chapo. (*) Pablo Escobar led a Colombian one of these organizations.The DEA primarily combats, for 10 points, what crime organizations that produce and distribute substances like heroin and cocaine?",drug cartels
2022 SANDS,11,4,"In one poem, this author states “how dreary to be somebody.” This poet of “I’m Nobody! Who are you?” describes a “bird that kept so many warm” in “Hope is the thing with feathers.” In another poem, this author recounts a (*) carriage ride with Immortality and Death. For 10 points, name this “Belle of Amherst,” a reclusive American poet who wrote “Because I could not stop for Death.”",Emily Dickinson
2022 SANDS,11,5,"In this river’s basin, the Awá and Korubo are among nearly one hundred uncontacted tribes threatened by logging. Pink river dolphins and piranhas primarily inhabit this river. The Rio Negro joins this river at (*) Manaus, the capital of a northern Brazilian state named after this river. The world’s largest rainforest shares its name with, for 10 points, what river, the longest in South America?",Amazon River
2022 SANDS,11,6,"These materials' substitutional type is created by switching one atom for a similar sized atom. When these materials involve mercury, they are called amalgams. Corrosion resistance in one of these materials is achieved by introducing chromium, which makes it “stainless. (*) Examples of these materials that contain copper include bronze and brass. For 10 points, name these materials, which are composed of at least two different metals.",alloys
2022 SANDS,11,7,"During this period, daybreak begins when the human eye can distinguish a white thread from a black thread. Laylat al-Qadr occurs during this period, during which people eat suhoor before sunrise and iftar at sunset. The pillar of (*) sawm is practiced during this month, which concludes with a large feast on the first day of Shawwal called Eid al-Fitr. For 10 points, name this ninth month of the Islamic calendar, which involves daily fasting.",Ramadan
2022 SANDS,11,8,"This ballet’s score contains a Russian Trepak and an Arabian Dance. The toymaker Drosselmeyer and the evil Mouse King appear in this ballet. The title object of this ballet is gifted to Clara and later broken by Fritz. This ballet contains “The Waltz of the Flowers” and (*) “The Dance of the Sugar Plum Fairy”. For 10 points, name this ballet with music by Tchaikovsky, that is often performed around Christmas.",The Nutcracker
2022 SANDS,11,9,"After the disastrous Gallipoli campaign, this politician was forced to resign as First Lord of the Admiralty. This politician, who coined the term “iron curtain,” proclaimed that “we shall fight on the beaches” after an evacuation at (*) Dunkirk. This politician achieved his highest post after the resignation of Neville Chamberlain in 1940. For 10 points, name this Prime Minister of Great Britain during World War II.",Winston Churchill
2022 SANDS,11,10,"The citizenship of one participant in this event has come into question after she represented her mother’s birth country. That person, Eileen Gu, won events in the big air and (*) halfpipe type of one activity. This is the most recent iteration of a quadrennial event that includes competitions in figure skating and snowboarding. For 10 points, name this 2022 international sporting event held in the capital of China.",2022 Beijing Olympics [accept 2022 Winter Olympics before “2022” mention and prompt after mention; prompt on just “Winter Olympics”]
2022 SANDS,11,11,"This ruler’s horse Bucephalus died shortly after this ruler won the Battle of Hydaspes in India. Following his death, this ruler’s lands were fought over by the Diadochi. At the Battle of Gaugamela, this ruler’s defeat of (*) Darius III completed his conquest of the Persian Empire. An Egyptian city home to ancient wonders like a lighthouse and library was named for, for 10 points, what “Great” Macedonian conqueror?",Alexander the Great [or Alexander III; prompt on Alexander]
2022 SANDS,11,12,"The solution to the Basel problem is this constant squared over 6. Two times this constant is called tau. This constant is the period of tan, and this number of radians is equivalent to 180 degrees. This number is the ratio of a (*) circle’s circumference to its diameter, and the area of a circle can be written as this constant times the radius squared. For 10 points, name this constant equal to around 22/7 or 3.14.",pi
2022 SANDS,11,13,"This city’s Baixa district is home to Pombaline architecture built after a major 1755 earthquake. This port city’s longest bridge crosses the Tagus River and is named after explorer Vasco da Gama. This city is the (*) westernmost capital in mainland Europe. This is the capital of the smaller of two countries on the Iberian Peninsula. For 10 points, name this capital of Portugal.",Lisbon
2022 SANDS,11,14,"The perpetrators of an attack in this city claimed the benefit of the clergy to reduce their punishments. That attack in this city, which allegedly started with onlookers throwing snowballs, resulted in the death of Crispus Attucks. Mohawk disguises were worn by Samuel Adams’s (*) Sons of Liberty before they dumped hundreds of tea chests into the harbor of, for 10 points, what city, the capital of Massachusetts?",Boston [accept Boston Massacre or Boston Tea Party]
2022 SANDS,11,15,"In a novel by this author that begins “happy families are all alike,” Kitty marries the farmer Konstantin Levin. Andrei Bolkonsky’s engagement to Natasha Rostova is broken off before marrying Pierre Bezukhov in another novel by this author. A character who has an affair with (*) Count Vronsky commits suicide by jumping in front of a train in this author’s Anna Karenina. For 10 points, name this Russian author of War and Peace.",Leo Tolstoy
2022 SANDS,11,16,"One painting in this building depicts souls in the process of being sent to either heaven or hell. In a painting in this building, God reaches out with one finger to give life to the first man. The Last Judgment and The (*) Creation of Adam are frescoes in this church. An artist hired to paint the inside of this church designed a scaffolding system to paint its ceiling. For 10 points, name this church in Vatican City with an interior painted by Michelangelo.",The Sistine Chapel
2022 SANDS,11,17,"A serpent named for this phenomena is a creator god in Australian mythology. Heimdall guards a bridge made of this phenomenon that connects Asgard and Midgard called the Bifrost. Iris is a goddess of this phenomena in Greek myth. A (*) “pot of gold” guarded by a leprechaun is said to be found at the end of these phenomena in Irish legend. For 10 points, name these colorful phenomena that appear in the sky after it rains.",rainbow
2022 SANDS,11,18,"An agreement known as an escrow is often involved in the purchase of these things. Those interested in buying one of these things may use websites such as Redfin or Zillow. Companies that assist buyers of these things include Rocket and (*) Quicken Loans. Buyers of these things will often consider square footage as well as the number of bedrooms and bathrooms. For 10 points, name these dwellings that one can finance payment for in a mortgage.","houses [accept real estate, prompt on property or land]"
2022 SANDS,11,19,"Pierre Verhulst introduced a logistic function to model the growth of this quantity, which Thomas Malthus theorized a geometric increase for. The value of this quantity for an environment is limited by a constant symbolized K, the (*) carrying capacity. Since the Black Death, this quantity for humans has consistently increased. For 10 points, name this quantity stating the number of organisms in a certain area.",population size [accept number of humans or organisms before mentioned]
2022 SANDS,11,20,"This character, who lives in a cave on Mount Crumpit, ties a horn onto his dog, Max. While stealing a tree, this character encounters a two-year-old looking for a glass of water named Cindy-Lou. This character, whose heart grows (*) “three sizes,"" is surprised to see joyous singing in Whoville for the title holiday. For 10 points, name this Dr. Seuss character, who attempts to steal Christmas.",the Grinch
2022 SANDS,12,1,"At the professional level, this activity is governed by the IFBB, which bans substances like “gear” and “tren.” “Classic” and “Men’s” physique are among the divisions in this activity’s Mr. Olympia competition, which (*) Arnold Schwarzenegger won seven times. At this activity’s “shows,” competitors apply a tan and oil before executing poses on a stage. For 10 points, what activity involves competitors showcasing their muscles?",bodybuilding [prompt on weight lifting; accept physique until mentioned; DO NOT ACCEPT OR PROMPT ON “powerlifting”]
2022 SANDS,12,2,"In one speech, this man used the term “axis of evil” to describe countries like Iran and North Korea. This man gave the “Mission Accomplished” speech after the conclusion of the invasion of Iraq. During this president’s tenure, the (*) Twin Towers were destroyed on September 11th, 2001, leading to the war in Afghanistan. For 10 points, Bill Clinton was succeeded as president by, what man, the son of a former president?","George Walker Bush [accept George Bush the Younger or “Dubya”; prompt on Bush, DO NOT ACCEPT OR PROMPT ON George Herbert Walker Bush or George Bush the Elder]"
2022 SANDS,12,3,"This organ contains a cup-like sac called Bowman's capsule, which contains the glomerulus. The U-shaped portion of the connecting tubule between the functional units of this organ is called the loop of Henle. The functional units of these organs are called (*) nephrons. Dialysis filters the blood and prevents sepsis when these organs fail. For 10 points, name these organs that produce urine.",Kidney
2022 SANDS,12,4,"In a Supreme Court ruling about this practice, a concurring opinion called for eliminating “substantive due process.” In response to a Texas law fining anyone who aided this practice, Governor Newsome declared California a (*)“safe haven” for this practice. The right to this practice was protected by the ruling in Roe v. Wade. For 10 points, name this practice, which deliberately ends a pregnancy.",abortion
2022 SANDS,12,5,"This novel, which ends with the lines “after all, tomorrow is another day,” features a party hosted at the Twelve Oaks plantation by Ashley Wilkes. In order to get money to save Tara plantation, the protagonist of this novel looks to marry Frank Kennedy and (*) Rhett Butler. The antebellum South is romanticized in this novel by Margaret Mitchell. For 10 points, name this novel that focuses on the southern belle Scarlett O’Hara.",Gone with the Wind
2022 SANDS,12,6,"This quantity for a liquid falling out of a tank is equal to the square root of 2gh by Torricelli's theorem. Centripetal acceleration is equal to this quantity squared over radius. An object in free fall will accelerate until it reaches a “terminal” (*) type of this quantity. Because this quantity has a magnitude and a direction, it is differentiated from speed. For 10 points, name this quantity which equals the rate of change in displacement.",velocity
2022 SANDS,12,7,"One author with this surname describes a “traveler from an antique land” in a poem that warns “Look on my works, ye mighty, and despair!” In addition to the author of “Ozymandias,” an author with this surname wrote a novel subtitled “The Modern Prometheus,” in which (*) Henry Clerval is killed by the creation of the protagonist. For 10 points, name this surname shared by Percy and Mary, the latter of whom wrote Frankenstein.",Shelley [accept Percy Bysshe Shelley or Mary Wollstonecraft Shelley]
2022 SANDS,12,8,"“Hunter” led a mutated group of these people called the “Bad Batch.” These people were born in Tipoca city on the watery planet of Kamino. Inhibitor chips forced these people to turn on their masters when given (*) Order 66. Jango Fett was the template for these people, who made up the Grand Army of the Republic and fought against Separatist droids in their namesake wars. For 10 points, name these genetically identical soldiers from Star Wars.",clone troopers [or CT; accept The Clone Wars; prompt on Republic Troopers]
2022 SANDS,12,9,"This battle ended the losing ruler’s “Hundred Days” period. One side’s forces in this battle were saved by the arrival of a Prussian Army under Gebhard von Blucher. After this battle, the leader of the losing side was permanently exiled to the island of (*) St. Helena. For 10 points, the Duke of Wellington won what 1815 battle, the final defeat for Napoleon Bonaparte?",Battle of Waterloo
2022 SANDS,12,10,"Certain types of these devices suffer from the memory effect, which causes a decrease in efficiency over time. Those devices use electrodes made of nickel and cadmium to create a rechargeable circuit. The 2019 Nobel Prize in chemistry was awarded for the creation of the (*) lithium-ion type of these devices, which have succeeded their alkaline counterparts. For 10 points, name these devices that produce electrical energy and come in AAA and AA varieties.",batteries
2022 SANDS,12,11,"This collection includes one character who is carried out of a valley of diamonds by a giant bird called a roc. The magic words “Open Sesame!” are used in a story from this collection, in which Morgiana pours boiling oil on thieves hiding in jars to save (*) Ali Baba. Scheherazade relates one story per night in this work. For 10 points, name this collection of stories featuring characters like Sinbad and Aladdin.",One Thousand and One Nights [or The Arabian Nights’ Entertainment; or Kitāb Alf laylah wa-laylah]
2022 SANDS,12,12,"The concerto for this instrument nicknamed “The Cuckoo and the Nightingale” was composed by G.F. Handel. A toccata and fugue in D minor for this instrument were written by Johann Sebastian Bach. Players of this instrument use (*) stops to control its sound and may operate a pedalclavier with their feet. For 10 points, name this large keyboard instrument often found in churches, which produces sound by moving air through pipes.",pipe organ
2022 SANDS,12,13,"Mark Twain recounted becoming a “pilot” of this technology in his memoir Life on the Mississippi. The first commercially successful example of this technology was Robert Fulton’s Clermont. It's not trains, but this technology was made practical by improvements to James Watt’s designs of an (*) engine powered by water vapor. For 10 points, river transportation in the 19th century was revolutionized by what kind of boat?",steamboat [prompt on boat until mentioned]
2022 SANDS,12,14,"Two atoms of this element, along with ammonia, bind a central platinum metal in the chemotherapy agent cisplatin. A precursor to mustard gas was a diatomic gaseous form of this element. Compounds made entirely of Carbon, Fluorine, and (*) this element are responsible for the destruction of the ozone layer. Common uses for this element include bleach and pool disinfectants. For 10 points, name this element with atomic number 17 and chemical symbol Cl.",Chlorine
2022 SANDS,12,15,"This thinker wrote Beyond the Pleasure Principle, in which he theorized the love and death drives: Eros and Thanatos. This thinker conceptualized a complex where young sons show sexual drive towards their (*) mothers in his work The Interpretation of Dreams. The Oedipus complex was formulated by, for 10 points, what psychologist, who developed the id, ego, and superego and founded psychoanalysis.",Sigmund Freud
2022 SANDS,12,16,"Two Van Allen belts are held in place by this entity. Convection in the outer core is responsible for this entity according to dynamo theory. Scientists study the “stripes” in mid-ocean ridges to date the “reversals” of this entity. The (*) “north pole” determined by this entity lies southwest of the geographic North Pole. For 10 points, name this entity that causes compasses to point north on the third planet from the Sun.",Earth’s magnetic field [accept logical equivalents or geomagnetic field; prompt on just “magnetic field” with “of what planet”]
2022 SANDS,12,17,"A park in this city was designed by Frederick Law Olmsted and Calvert Vaux. A museum in this city named for Solomon R. Guggenheim features a white spiraling ramp and was designed by Frank Lloyd Wright. An Art Deco-style building in this city passed another one named for an (*) automobile manufacturer to claim the title of tallest in the world. For 10 points, name this city home to Central Park, the Chrysler Building, and the Empire State Building.",New York City [accept NYC]
2022 SANDS,12,18,"This leader issued the Decree of War to the Death during his Admirable Campaign. At the Guayaquil Conference, this leader met with his southern ally, José de San Martín. This leader formed the state of Gran Colombia after winning the (*) independence of New Granada. The nickname El Libertador was given to, for 10 points, what revolutionary, who freed much of South America from Spanish rule?",Simón de Bolívar
2022 SANDS,12,19,"This goddess created a serpent out of saliva to trick Ra into telling her his secret name. Along with Nephthys, this goddess was a daughter of Geb and Nut. After her husband is murdered by Set, this goddess searches across Egypt for the (*) fourteen pieces of his body. This goddess of magic was the mother of Horus. For 10 points, name this Egyptian goddess who was the wife of Osiris.",Isis
2022 SANDS,12,20,"The Sands Corporation controls many centers for this activity, such as Marina Bay in Singapore and multiple locations in the suburb of Paradise. Macau is a popular destination for this activity, which the economies of multiple (*) Native American reservations are built around. Tourists primarily visit the Las Vegas Strip to engage in this activity. For 10 points, name this activity done in casinos.",gambling
2022 SCOP MS 11,1,1,"In this colony, John Peter Zenger was acquitted of libeling governor William Cosby, which helped establish freedom of the press. The Stamp Act Congress was held in this colony’s Federal Hall. John Burgoyne failed to establish control of this colony’s Hudson River Valley, and was defeated in this colony at the Battle of Saratoga. For ten points, name this home colony of Alexander Hamilton, where the British failed to capture the city of Albany.",New York colony (accept Province of New York; do not accept or prompt on “New York City”)
2022 SCOP MS 11,1,2,"A character in this novel protects his sister, Georgiana, and plans to marry Catherine de Bourgh’s daughter. In this novel, playboy George Wickham and nobleman Charles Bingley romantically pursue Lydia and Jane, two of the protagonist’s four sisters. “A truth universally acknowledged” about marriage among the wealthy begins, for ten points, what Jane Austen novel in which Elizabeth Bennet at first dislikes, but eventually marries, Mr Darcy?",Pride and Prejudice
2022 SCOP MS 11,1,3,"In a common undergraduate lab, students synthesize this compound through phosphoric acid-catalyzed ester-ification. This compound’s starting chemical was formerly extracted from willow bark by doctors, and its modern form was patented by Bayer. Acetyl-salicylic acid is another name for, for ten points, which NSAID pain reliever that can cause more gastro-intestinal side effects than ibuprofen?",aspirin (accept acetylsalicylic acid or ASA before “acetylsalicylic” is read)
2022 SCOP MS 11,1,4,"In the beliefs of the Latter Day Saints movement, this man was the mortal form of the angel Michael, and lived near Jackson County, Missouri. In Islam, Iblis was banished from Heaven for refusing to bow before this man. This man became the father of Seth after his eldest son committed the first murder. Cain and Abel were the sons of, for ten points, what husband of Lilith and Eve, the first man created by God?",Adam
2022 SCOP MS 11,1,5,"Securities backed by these products are created and sold by Fannie Mae and Freddie Mac, which were taken over by the federal government in 2008. In 2007, during the Great Recession, the “adjustable rate” type of this financial product rose too quickly for their borrowers to pay them off, leading to massive foreclosures. For ten points, give this term for a loan taken out for the purchase of a house.",mortgages (accept more descriptive answers like “adjustable rate mortgage;” accept mortgage-backed securities; prompt on “home loan” or “loan”)
2022 SCOP MS 11,1,6,"In this novel, Constance Bonacieux tries to retrieve a pair of diamond studs that Queen Anne had given to the Duke of Buckingham, and a fleur-de-lis tattoo reveals that Milady de Winter is a convict. Cardinal Richelieu’s plan is foiled in this novel by d’Artagnan and a small group of swordsmen. For ten points, name this novel by Alexandre Dumas in which Athos, Porthos, and Aramis make the pledge “one for all and all for one.”",The Three Musketeers (accept Les Trois mousquetaires)
2022 SCOP MS 11,1,7,"Heron’s formula calculates the area of this type of shape. The orthocenter is found at the intersection of the altitudes of this shape. If the side lengths of this shape are all different, this shape is “scalene,” and if two of its sides are equal, it is called “isosceles.” If this shape has a ninety-degree angle, the relative size of its sides is described by the Pythagorean Theorem. For ten points, name this polygon with three sides.",triangles
2022 SCOP MS 11,1,8,"The Lockheed WP-3D Orion is a nicknamed a “hunter” of these systems, which cannot form near the equator due to a weak Coriolis force. The Saffir-Simpson scale classifies these weather systems, which have an eyewall that drives a storm surge onto land in instances of these system classified as “Category 5.” For ten points, name these violent, tropical Atlantic cyclones exemplified by Ida and Katrina.",hurricanes (prompt on “tropical storm” before “tropical” is read; prompt on “cyclone” before it is read; do not prompt or accept “typhoon”)
2022 SCOP MS 11,1,9,"This nation-state’s leader traditionally threw a ring from the ship Bucentaur into the Adriatic to perform the annual Marriage of the Sea. This republic was led by a Doge, and its namesake capital city contains the Rialto Bridge and Saint Mark’s Basilica. Gondolas are flat-bottomed boats that help people move around, for ten points, what Most Serene Republic in modern Italy, whose namesake capital city was built over a complex of canals?",Republic of Venice (accept Most Serene Republic of Venice; accept Serenissima Repubblica di Venezia)
2022 SCOP MS 11,1,10,"This artist painted Olive Trees in a Mountainous Landscape while staying in the village of Saint-Remy in an asylum. This artist left the Yellow House in Arles after having a falling out with his friend Paul Gauguin, and painted a series of Sunflowers after moving to France from the Netherlands. For ten points, name this artist who painted a looming cypress tree under a swirling sky in his Starry Night.",Vincent Van Gogh (accept Vincent Willem van Gogh)
2022 SCOP MS 11,1,11,"Systems composed of a pendulum and this device can be modeled by the Duffing equation. This device’s force is equal to stiffness times extension, or “kx,” according to Hooke’s law, which describes these simple harmonic oscillators. For ten points, name this device, used in trampolines and pogo sticks, that stores energy in its often-metal coils.",springs (prompt on “simple harmonic oscillators” or “harmonic oscillators” before “simple” is read)
2022 SCOP MS 11,1,12,"An unfinished work by this composer includes a “Lacrimosa” section that was completed by Franz Sussmayr after this man died at age thirty-five. This composer wrote an unfinished Requiem and forty-one symphonies, the last of which is nicknamed “Jupiter.” For ten points, name this prolific Austrian child prodigy who wrote the chamber piece Eine Kleine Nachtmusik, which is sometimes nicknamed “A Little Night Music.”",Wolfgang Amadeus Mozart (accept Johannes Chrysostomus Wolfgangus Theophilus Mozart)
2022 SCOP MS 11,1,13,"This literary character usurps the throne of King Pastoria, and is succeeded by Pastoria’s daughter after she escapes from the witch Mombi. This character travels from Omaha in a hot air balloon, and is apprenticed to Glinda to learn real magic, although he uses stage magic tricks to confront the Scarecrow and Dorothy. For ten points, name this magician who rules a fantasy land in a novel by L. Frank Baum.",The Wizard of Oz (accept either underlined name; accept Oscar Zoroaster Phadrig Isaac Norman Henkle Emmannuel Ambroise Diggs)
2022 SCOP MS 11,1,14,"According to Herodotus, the first female ruler of this civilization was the semi-mythical empress Nitocris, whom Herodotus associated with Menkaure. This civilization was ruled from Amarna by the husband of Nefertiti. Another female ruler of this civilization, Hatshepsut, wore masculine clothing to represent the sun god Ra. For ten points, name this ancient African civilization that ruled the area around the Nile river.",ancient Egyptians (accept Old Kingdom before “Amarna” is read)
2022 SCOP MS 11,1,15,"Until 1793, statues of twenty-eight kings of Judah stood along this building’s west side. Eugene Viollet-le-Duc restored this building in the 1800s, and added a spire that was destroyed in a 2019 fire. This building is known for its flying buttresses and enormous rose windows, and dominates the Île de la Cité, an island in the River Seine. For ten points, name this Catholic cathedral whose name means “Our Lady of Paris.”",Notre-Dame de Paris (accept Notre-Dame Cathedral)
2022 SCOP MS 11,1,16,"Two songs by this performer say “your silence is my favorite sound” and asks “to give your lack of interest an explanation.” With her brother, Finneas, this singer wrote “You Should See Me in a Crown,” “Wish You Were Gay,” and a song in which this woman sings “I don’t want press to put your name next to mine / we’re on different lines.” For ten points, name this singer who performed “Therefore I Am” on the album Happier Than Ever.",Billie Eillish (accept Billie Eillish Pirate Baird O’Connell)
2022 SCOP MS 11,1,17,"This deity was saved by Sigyn, who used a bowl to catch snake venom that dripped on this deity’s face. This god asked the Sons of Ivaldi to create a cap of golden hair after shaving Sif’s head. This father of the Midgard Serpent and mother of Sleipnir dressed as a maid-servant to accompany Thor on his quest to get back his hammer. For ten points, name this shape-shifting trickster god of Norse mythology.",Loki (do not accept or prompt on “Utgard-Loki”)
2022 SCOP MS 11,1,18,"This novel’s protagonist escapes from slavery with Xury, whom he immediately sells as an indentured servant. While stranded near the Orinoco River, this novel’s protagonist builds a house in a cave and rescues a man he names “Friday” from local cannibals. For ten points, name this novel by Daniel Defoe in which the title sailor is returned to England after being shipwrecked for twenty-eight years on a deserted island.","Robinson Crusoe (accept The Life and (Strange Surprizing) Adventures of Robinson Crusoe of York, Mariner: Who Lived Eight and Twenty Years, All Alone in an Un-inhabited Island on the Coast of America, Near the Mouth of the Great River of Oroonoque; Having Been Cast on Shore by Shipwreck, Wherein All the Men Perished but Himself. With an Account how he was at last as Strangely Deliver’d by Pyrates. Written by Himself.)"
2022 SCOP MS 11,1,19,"A speech by this man reflects that, if an assassination against him had succeeded, he would have been unable support the Southern Christian Leadership Conference during the Birmingham Campaign. This man gave the “I’ve Been to the Mountaintop” speech, in Memphis in 1968, the night before he was successfully assassinated by James Earl Ray. For ten points, name this civil rights leader who also gave the “I Have a Dream” speech.","Martin Luther King, Jr. (accept MLK)"
2022 SCOP MS 11,1,20,"Larvae of the insect family Agromyzidae are “miners” of these structures, where bundle-sheath cells are found. These structures can be “palmately compound,” and they have parallel veins in monocots. Carotenoid pigments that are yellow and orange become more prominent in these structures before they are shed by deciduous trees. For ten points, name these green plant structures that are the primary site of photosynthesis.",leaf (accept leaves; prompt on “plant” before “palmately” is read)
2022 SCOP MS 11,2,1,"In a short story, this author describes a frightening ebony clock owned by Prince Prospero, who hosts a lavish party in a set of colorful rooms during a plague. In another story by this author, Montressor gets revenge on Fortunato by (*) bricking him into a cellar wall. For ten points, name this American author of macabre short stories like “The Masque of the Red Death” and “The Cask of Amontillado.”",Edgar Allan Poe
2022 SCOP MS 11,2,2,"During this religious period, night-time congregational prayers include the Tarawih. Suhur and iftar are consumed before dawn and after sunset during this month. This celebration includes the Night of Power, when the first verses of the (*) Quran were revealed to Muhammad; it is followed by Eid al-Fitr [eed al fee-tur], which is celebrated with feasting. For ten points, name this Islamic holy month devoted to reflection and daytime fasting.",Ramadan
2022 SCOP MS 11,2,3,"Each of bromine and this element name a type of number used to characterize the unsaturation of fats. A common clock reaction changes color when this element complexes with starch. Pills containing potassium and this element may be issued to victims of (*) nuclear disasters. A product whose name combines this element and “beta” is a popular skin antiseptic. For ten points, name this purplish halogen that can be added to table salt for thyroid health, and that has atomic number 53 and symbol I [EYE].",iodine (accept I before it is read)
2022 SCOP MS 11,2,4,"A New York Times article about this war outlined Daniel Ellsberg’s leak of documents that described the rise of Ngo Dinh Diem [no din dee-yem] and the goal of containing Chinese influence, nicknamed the Pentagon Papers. For negotiating this war’s ceasefire, (*) Henry Kissinger controversially earned a Nobel Peace Prize. Saigon was renamed Ho Chi Minh City after, for ten points, what war in which an American-backed force was defeated by communists in Southeast Asia?",Vietnam War (accept Second Indochina War)
2022 SCOP MS 11,2,5,"Musical works of this type that are nicknamed Palindrome and Surprise are two of the one-hundred-four of these works written by their “father,” Joseph Haydn. Mahler wrote his “Song of the Earth” to avoid the “curse of the (*) ninth” associated with these works, and Brahms’s first one is nicknamed “Beethoven’s Tenth.” Four movements make up the modern form of, for ten points, what long musical works for full orchestra?",symphony (accept symphonies; accept New World Symphony or Symphony From the New World; accept Palindrome Symphony; accept Surprise Symphony; accept symphonies by Dvorak before “Palindrome” is read)
2022 SCOP MS 11,2,6,"This country was forbidden from allying with Spain in the Peace of Utrecht. Nobles of this country attempted to dethrone a boy king in a rebellion called the Fronde. This officially Catholic country persecuted the (*) Huguenots after the Edict of Fontainebleau. The palace of Versailles was once a royal residence in, for ten points, what country led by the “Sun King,” Louis XIV [fourteenth]?",France (accept Kingdom of France; accept Royaume de France)
2022 SCOP MS 11,2,7,"In 2013, guard Brandon Jennings insisted that this team would win “in six,” even though they were swept in the first round of the playoffs. This team won their first championship in 1971, led by Kareem Abdul-Jabar, and took their second in when Brook Lopez and (*) Khris Middleton did finally beat the Suns in six games. Giannis Antetokounmpo [YAH-niss on-teh-teh-KOOM-poh] plays for, for ten points, what 2021 NBA Champions from eastern Wisconsin?",Milwaukee Bucks (accept either underlined portion)
2022 SCOP MS 11,2,8,"This work’s narrator rides on the back of Geryon, hears Ugolino describe eating his children, and watches Francesca da Rimini be blown away from her lover by a whirlwind. After entering a gate under the words (*) “abandon all hope, ye who enter here,” this poem’s narrator begins following the dead poet Virgil. For ten points, name this poetic journey through the Catholic Hell, the first section of Dante’s Divine Comedy.",Inferno (prompt on “Divine Comedy” or “Divina Commedia” before it is read)
2022 SCOP MS 11,2,9,"In this city, fifteen “moonlight towers” built in the nineteenth century still operate at night. This seat of Travis County has suburbs called San Marcos and Round Rock, and hosts the (*) South by Southwest festival. This city’s namesake was defeated in an 1836 presidential election by Sam Houston. For ten points, name this city that trails San Antonio and Dallas in population, the capital of Texas.",Austin
2022 SCOP MS 11,2,10,"Xanthe-lasma is caused by deposits of this compound under the skin. It is not bile, but yellow gallstones are primarily crystals of this molecule, whose four-ring structure is the precursor of (*) steroid hormones. The best-selling drug of all time is a statin that lowers this molecule’s LDL or “bad” form. For ten points, name this lipid molecule that is concentrated in shellfish and egg yolks, and that forms plaques that harden arteries.",cholesterol (anti-prompt on “HDL” or “high density lipoprotein”; anti-prompt on “low density lipoprotein” or “LDL” before “LDL” is read)
2022 SCOP MS 11,2,11,"This man’s successful guerilla campaign in the Sierra Maestra began with only nineteen people. This man’s “History Will Absolve Me” speech became the manifesto of the Twenty-sixth of July Movement. Due to health issues, this man handed the presidency over to his brother, (*) Raul, in 2008. Fulgencio Batista’s government was overthrown by, for ten points, what revolutionary who established the Communist party in Cuba?",Fidel Castro (accept Fidel Alejandro Castro Ruz; prompt on “Castro” alone)
2022 SCOP MS 11,2,12,"This operation is typically applied to n in the binomial theorem, as well as to the time variable in the formula for compound interest. The base of this operation can be zero, unlike the base of its inverse operation, the (*) logarithm. This type of function will always, eventually, grow faster than a polynomial. The “two” in “y equals x squared” indicates, for ten points, what mathematical operation that is written above and to the right of a number?",exponentiation (accept exponents; accept descriptions of “raising a number to a power”)
2022 SCOP MS 11,2,13,"A McLeod gauge is attached to equipment operating under this condition, which minimizes heat conduction within a Dewar flask. This phenomenon exists between Magdeburg hemispheres, and is found above the mercury (*) column in a Torricelli barometer. Robert Boyle designed an air pump to prove that sound cannot travel through this medium. Aristotle said that “nature abhors,” for ten points, what condition in which a space is entirely devoid of matter?",vacuum
2022 SCOP MS 11,2,14,"An authors from this country uses the pen name “Banana,” and another wrote Confessions of a Mask and committed public seppuku [seh-poo-koo] after leading a failed coup. While looking for his cat in a novel from this country, Toru must also search for his missing wife (*) Kumiko [koo-mee-koh]. The Wind Up Bird Chronicle is from, for ten points, what home country of Yukio Mishima [yoo-kee-oh mee-shee-mah], where Haruki Murakami [hah-roo-kee moo-rah-kah-mee] once lived in Kyoto?",Japan (accept Nihon-koku or Nippon-koku)
2022 SCOP MS 11,2,15,"This artist created The Virgin of the Rocks using sfumato, a shading technique that created a mysterious atmosphere, which he also used in a portrait of Francesco del Gioconda’s wife. While studying the human body, this artist drew the (*) “Vitruvian Man” illustration, in which a nude man extends his limbs in a circle and a square. For ten points, name this Italian Renaissance artist who painted the Mona Lisa.",Leonardo da Vinci (accept either underlined portion)
2022 SCOP MS 11,2,16,"This thinker claimed that “history repeats itself, first as tragedy, then as farce” and described a “specter” that is “haunting Europe” when discussing a history of class struggle. This philosopher discussed the (*) proletariat and bourgeois [borj-wah] classes in a work co-written with Friedrich Engels. For ten points, name this German philosopher who wrote Das Kapital and co-wrote the Communist Manifesto.",Karl Marx (accept Karl Heinrich Marx)
2022 SCOP MS 11,2,17,"This deity was the mother of Zagreus and Melinoe, and raised Adonis, over whom she feuded with Aphrodite. Thsi goddess was also known by the name Kore [koh-ray], and was nearly kidnapped by (*) Pirithous. This goddess causes the changing of the seasons by spending part of each year with her mother, Demeter, and part with her abductor, Hades. For ten points, name this queen of the underworld in Greek myth.",Persephone (accept Kore before it is read; accept Proserpina before “Greek” is read)
2022 SCOP MS 11,2,18,"This astronomical body is orbited by the second most trojans in the solar system, and by the largest-known non-spherical satellite, Proteus. This planet’s surface has the solar system’s fastest winds, which create the (*) “Scooter” cloud formation as well as a now-dissipated storm nicknamed the “Great Dark Spot.” Fourteen moons, including Triton, orbit, for ten points, what vivid blue eighth planet from the Sun?",Neptune
2022 SCOP MS 11,2,19,"Two authors with this surname wrote The Tenant of Wildfell Hall and a novel in which Lockwood meets the ghost of Catherine while staying in a manor house. A member of this family wrote a novel in which (*) Rochester hires the title woman as a governess, and eventually marries her. For ten points, give the last name shared by the authors of Wuthering Heights and Jane Eyre, a group of sisters named Anne, Charlotte, and Emily.","Bronte¨ (accept Anne, Charlotte, and/or Emily Bronte¨; accept the Bronte¨s or the Bronte¨ sisters; accept Acton, Currer, and/or Ellis Bell)"
2022 SCOP MS 11,2,20,"This place was the destination of the Peoria Party, who carried flags promoting “[this region] or the grave.” This territory was the focus of a “Great Migration” in 1843. Expeditions that began in (*) Independence, Missouri, attempted to reach this territory’s Willamette Valley. For ten points, name this modern state, the endpoint of a namesake migratory Trail that carried European-Americans to the upper west coast.",Oregon (accept Oregon Territory or Oregon Country)
2022 SCOP MS 11,3,1,"On the Pauling scale, calcium’s electronegativity is this number. Racemization [RAY-suh-mah-ZAY-shun] requires this many steps. Silver’s most common oxidation state is this number, which is also the number of hydroxyl groups in phenol. A (*) methyl group contains this many carbon atoms, and halogens need this many additional electrons to reach a full valence octet. For ten points, give this group number of the alkali metals that is also hydrogen’s atomic number.",one (accept plus one or one plus)
2022 SCOP MS 11,3,2,"This historian wrote the book The Naval War of 1812 to advocate for building American naval power, which he later accomplished as a politician by funding the Great White Fleet. With the First Volunteer (*) Cavalry Regiment, this man became the “Hero of San Juan Hill” before being elected Vice President under McKinley. For ten points, name this member of the Rough Riders, who was the twenty-sixth U.S. president.",Theodore Roosevelt Jr. (accept Teddy Roosevelt; prompt on “Roosevelt” alone)
2022 SCOP MS 11,3,3,"This action can be performed by Zen Buddhists using a tsu-ku-bai. In Judaism, the limited “netilat yadayim” form of this action can be performed using a cup. This action is performed symbolically through the Christian practice of (*) baptism, and can be performed by Hindus in the Ganges River. For ten points, name this ritual action in which believers purify all or part of their bodies using water.",washing (accept equivalents like bathing; accept specific descriptions like cleaning one’s hands or washing one’s face; prompt on less specific descriptions like “purifying” or “purifying oneself” before “purify” is read)
2022 SCOP MS 11,3,4,"In this novel, Rose Maylie and Mr Brownlow collect information from Nancy shortly before she is murdered by Bill Sikes. This novel’s title orphan is recruited to a gang of pickpockets led by (*) Fagin by a boy nicknamed the Artful Dodger. For ten points, name this novel in which a young boy accidentally enters a life of crime when he is kicked out of a workhouse for asking for more gruel.","Oliver Twist; or, the Parish Boy’s Progress"
2022 SCOP MS 11,3,5,"On an episode of this show, titled “Judgment Night,” a passenger aboard the Queen of Glasgow discovers he’s actually a U-boat captain being punished for war crimes. On another episode of this show, William Shatner insists that there’s “some... (*) THING on the wing.” A 2019 remake of this show was narrated by Jordan Peele. Rod Serling created, for ten points, what 1960s anthology show known for its science fiction and supernatural twists?",The Twilight Zone
2022 SCOP MS 11,3,6,"This country’s Project 596 was part of its “Two Bombs, One Satellite” goal. This country broke with the Soviet Union over ideological differences in the application of Leninism. In 1972, this country hosted (*) Richard Nixon for a diplomatic visit organized by Zhou Enlai [zhoh en-lah-ee]. For ten points, name this communist power that, for much of the twentieth century, was led by Chairman Mao Zedong.",China (accept People’s Republic of China; accept Zhongguo Renmin Gongheguo)
2022 SCOP MS 11,3,7,"A “Wankel” [VON-kull] one of these devices uses a Reauleaux triangle rotor. This device’s “Carnot” [kar-NOH] type has perfect efficiency. A “four-stroke” type of these devices once relied on carburetors for proper air mixture. (*) Piston compression causes ignition in the “Diesel” type of these devices, which may convey rotational motion via crankshaft. For ten points, which device’s “internal combustion” type is found in most cars?","engines (accept motors; accept Wankel engine, Carnot engine, Diesel engine, or internal combustion engine)"
2022 SCOP MS 11,3,8,"A poem at the bottom of this expressionist painting describes two friends who walked on “above the blue-black / Fjord,” and who appear in this painting’s background near a railing. A red sky in this painting illuminates boats on the water in a harbor in (*) Oslo, behind a hairless human figure. For ten points, name this painting by Edvard Munch whose subject raises their hands to their face and opens their mouth wide.",The Scream (accept Der Schrei der Natur or The Scream of Nature; accept Skrik)
2022 SCOP MS 11,3,9,"In a story by this author translated by Jean de la Fontaine, one of the title characters is told to “dance” instead of eating, since she spent the summer singing. In another story by this author, a title character loses a (*) race against a slower, but more diligent, animal. For ten points, “The Ant and the Grasshopper” is attributed to what Greek slave, whose namesake fables include “The Tortoise and the Hare?”",Aesop
2022 SCOP MS 11,3,10,"A palace in this country contains the Court of the Myrtles, and was built during the Nasrid Dynasty. In this country, an eighteen-spired cathedral combining Gothic and Art Nouveau styles has been under construction since 1882, and was designed by (*) Antoni Gaud´ı. The Alhambra in Granada is within, for ten points, what European country, where the Sagrada Familia cathedral is being built in Barcelona?",Spain (accept Kingdom of Spain; accept Reino de Espana˜ )
2022 SCOP MS 11,3,11,"This composer wrote a set of Variations to help Count Keyser-lingk deal with his insomnia. This composer dedicated a set of concertos to Margrave Christian Ludwig of Brandenburg, and used all twenty-four major and minor keys to write a set of preludes and (*) fugues [fyoogs]. For ten points, name this German Baroque composer whose works for keyboard instruments include the Goldberg Variations and The Well-Tempered Clavier [klah-veer].",Johann Sebastian Bach (accept J.S. Bach)
2022 SCOP MS 11,3,12,"Tourism to this historic compound usually includes visits to the towns of Zalesye and Kopachi and a tour of the Red Forest. This compound’s New Safe Confinement was built in 2016 over a concrete sarcophagus around (*) reactor number four. This compound’s “elephant’s foot” was discovered by “liquidators” in 1986. For ten points, name this power plant near the town of Pripyat in Ukraine, the site of a massive nuclear disaster.",Chernobyl Nuclear Power Plant (accept ChNPP; accept Vladimir Lenin Nuclear Power Plant)
2022 SCOP MS 11,3,13,"This literary character stores a sixpenny birthday gift in a wooden box and eats it over several weeks. This boy receives an inheritance by outlasting a girl who falls down a trash chute and one who chews an entire meal in a (*) stick of gum and becomes a blueberry. For ten points, Veruca Salt and Violet Beauregard compete with what fictional boy who, in a book by Roald Dahl, tours Willy Wonka’s chocolate factory?",Charlie Bucket (accept either underlined name)
2022 SCOP MS 11,3,14,"In his taxonomy, Carl Linnaeus described three classifications at this level, including Regnum Lapideum, where he placed rocks. Some classification systems of living things divide one of these ranks, the (*) Monerans, into Archaea and Bacteria. This level of classification in biology is more specific than a domain, but less specific than a phylum. For ten points, name this classification level that can classify living things as protists, plants, or animals.",kingdom
2022 SCOP MS 11,3,15,"This country’s city of Maidan Shahr was briefly led by Zarifa Ghafari, its youngest female mayor. A bombing killed nearly two hundred people at this country’s Hamid Karzai Airport. This country’s last president, (*) Ashraf Ghani, fled to nearby Uzbekistan in August 2021. Two weeks of airlift evacuations followed the American withdrawal from, for ten points, what Asian country led from Kabul by the Taliban?",Afghanistan (accept Islamic Emirate of Afghanistan; accept Da Afganistan Islami Imarat; accept Emarat-e Eslami-ye Afghanestan; accept Islamic Republic of Afghanistan; accept Jumhuri-yi Islami-yi Afganistan; accept Da Afganistan Islami Jumhoryat)
2022 SCOP MS 11,3,16,"One of these religious structures has a “Cannibal Hymn” inscribed on its walls as part of a “Text” named for these places, and was built for Teti. One of these structures near Saqqara was built for Djoser [JOH-sur] by Imhotep. (*) Mastabas were a “stepped” type of these structures, three of which were built for rulers like Khafre and Khufu near Giza. For ten points, name this large, imposing kind of structure where Egyptian pharaohs were buried.","pyramids (accept pyramids of Giza; accept descriptions of specific pyramids, such as the Pyramid of Teti, Djoser, Menkaure, Khafre, and/or Khufu; prompt on more general terms like “tomb,” “necropolis,” or “burial place”)"
2022 SCOP MS 11,3,17,"When this type of angle is involved, the Law of Cosines reduces to the Pythagorean Theorem. Orthogonal lines meet at this type of angle. Triangles can contain a no more than one of either an (*) obtuse angle or an angle of this type. Perpendicular lines meet at this type of angle. For ten points, name this type of angle that measures exactly ninety degrees.",right angle (accept right alone after “angle” is read)
2022 SCOP MS 11,3,18,"During this geological period, the Sierra Nevadas formed and gymno-sperms replaced seed ferns as the dominant flora. Named for a European mountain range that contains the world’s largest dinosaur tracks, this period included the bird-like (*) Archaeopteryx [ar-kee-op-teh-rix]. This period was dominated by megafauna like Allosaurus, Stegosaurus and huge sauropods like Brontosaurus. For ten points, name this Mesozoic period between the Triassic and Cretaceous.",Jurassic period
2022 SCOP MS 11,3,19,"This thinker wrote a popular newspaper column under the pseudonym Silence Do-good, and used another false name when he published (*) Poor Richard’s Almanac. This politician created America’s first volunteer fire department, and served as the first Postmaster General in the presidential cabinet. For ten points, name this founding father whose portrait appears on the one-hundred dollar bill.",Benjamin Franklin
2022 SCOP MS 11,3,20,"In this novel, Emily de Thoux [duh TOO] meets Cassy and Emmeline after they scare a wealthy landowner to death. Eliza leaves Emily Shelby’s home to save her son, Harry, in this novel. George helps search for Chloe’s husband, who is (*) purchased from the family of Augustine St Clare in this novel, and who is beaten to death on the orders of Simon Legree. For ten points, name this novel about a peaceful American slave, written by Harriet Beecher Stowe.","Uncle Tom’s Cabin; or, Life Among the Lowly"
2022 SCOP MS 11,4,1,"This process can be accomplished graphically with vectors in the tip-to-tail method, in which the result of this process is the third side of a triangle. This operation can only be performed on two matrices if they are the (*) same size. Subtraction can be considered an application of this operation on negative numbers. Zero is the identity element of, for ten points, what mathematical operation that, when repeated, is multiplication?",addition (accept word forms like adding; accept summation; accept plus)
2022 SCOP MS 11,4,2,"In this novel, Governor Winthrop’s death is linked to the sighting of a meteor that a reverend believes represents the title object. In this novel, Roger Chillingworth tends to his wife’s lover, Arthur (*) Dimmesdale, who dies after acknowledging his illegitimate daughter, Pearl. For ten points, name this Nathaniel Hawthorne novel in which Hester Prynne is forced to wear a red “A” on her clothes.",The Scarlet Letter
2022 SCOP MS 11,4,3,"This empire conducted restoration projects on the Dome of the Rock and the walls of Jerusalem in the nineteenth century. Near the end of this empire, it was nicknamed a “sick man.” A sixteenth-century ruler of this empire known as “the (*) Lawgiver” was its longest-reigning sultan. Suleiman the Magnificent ruled, for ten points, what empire that fell in the twentieth century and was based in what is now Turkey?",Ottoman Empire (accept Devlet-i ‘Aliye-i ‘Osmaniye; do not accept or prompt on “Turkey”)
2022 SCOP MS 11,4,4,"This man won the 1904 Nobel Prize in Physiology for using vivisection and fistulas to study the digestive system. The concept of “reflex at a distance” was expanded on by this man, with a test in which a (*) buzzer being sounded at the same time as an assistant provided food; both the assistant and the buzzer sound triggered the salivation response. For ten points, name this Russian scientist who studied classical conditioning by feeding dogs.",Ivan Pavlov (accept Ivan Petrovich Pavlov)
2022 SCOP MS 11,4,5,"Zoologist Sten Bergman suggested that a very large species of this animal once lived on the Kamchatka Peninsula. Climate change has caused members of a northern species of this animal to drown while swimming between (*) ice floes, and thousands of its Kodiak subspecies are attracted to annual salmon runs. For ten points, name this omnivorous mammal with “grizzly” and “polar” species.","bears (accept Ursidae; accept distinct species of bears like “black,” “brown,” or “polar” bears)"
2022 SCOP MS 11,4,6,"This religious figure, the son of Maya, developed his theory that life is suffering after encountering illness, age, death, and religious asceticism. This man preached the (*) Middle Way, and he described the Noble Eightfold Path after meditating under the Bodhi Tree. For ten points, name this Indian religious leader who taught his followers how to escape the cycle of reincarnation and enter Nirvana.",Gautama Buddha (accept Siddhartha Gautama)
2022 SCOP MS 11,4,7,"Some historians believe that this dignitary was married to Kocoum, and her marriage to a tobacco farmer caused an eight-year cooling of hostilities nicknamed this woman’s “Peace.” This woman adopted the name (*) “Rebecca” and converted to Christianity before touring England with her husband, John Rolfe. For ten points, name this Native American woman who, according to legend, saved John Smith’s life from her father, Powhatan.",Pocahontas (accept Matoaka; accept Rebecca Rolfe before “Rebecca” is read)
2022 SCOP MS 11,4,8,"This musical work uses the melody of the folk song “At the Gate,” and it opens with the hymn “O Lord, Save thy People.” This work uses “La Marseillaise” [lah mar-sah-YEZ] to represent the invading (*) French army, and represents their defeat with the song “God Save the Tsar.” For ten points, name this work by Pyotr Illych Tchaikovsky that celebrates Russia’s victory over Napoleon in the title year, and which is often orchestrated with cannons.",The 1812 Overture (accept The Year 1812 Solemn Overture)
2022 SCOP MS 11,4,9,"This quantity and charge are used to predict bond type, according to Fajans’ rules. The Van der Waals definition of this quantity is “half the distance of closest approach,” and an unusual 4-F row reduction in this quantity results from (*) lanthanide contraction. This quantity is largest for cesium and francium, and often decreases when metals lose electrons to form cations. For ten points, name this size measurement that is half the diameter of a neutral atom.",atomic radius (accept ionic radius)
2022 SCOP MS 11,4,10,"In a poem by this author, the Bellman hires a Beaver and a Baker to help with a hunting trip that ends when the Baker is carried away by a Boojum. This author of “The Hunting of the (*) Snark” wrote a novel set in a chessboard-like land that is reached by going Through the Looking Glass. For ten points, name this author who wrote about the Cheshire Cat and the White Rabbit in Alice’s Adventures in Wonderland.",Lewis Carroll (accept Charles Lutwidge Dodgson)
2022 SCOP MS 11,4,11,"Robert Dicke’s theory of gravity assumes that this quantity is variable. The Lorentz factor includes a ratio of velocity to this quantity. A rotating mirror is used in a Fizeau-Foucault apparatus to measure this quantity, which is exceeded by (*) electrons in water to produce Cherenkov radiation. Special relativity holds this quantity to be the same for all observers. For ten points, name this theoretically maximum velocity, equal to about three hundred million meters per second.",speed of light in a vacuum (accept velocity of light; accept lightspeed; prompt on “C”)
2022 SCOP MS 11,4,12,"In 2019, this politician was beat by Mostik, an orange tabby cat, to be the first to cross the Kerch Strait Bridge. In 2021, this politician approved a change to his country’s (*) constitution that allows him to extend his presidency, which has bounced back and forth between this man and Dmitry Medvedev since 1999. For ten points, name this frequently-shirtless ex-KGB agent who is the president of Russia.",Vladimir Putin (accept Vladimir Vladimirovich Putin
2022 SCOP MS 11,4,13,"This game’s soundtrack includes “Subwoofer Lullaby” and “Stal,” works by C418 [“see” four-eighteen], whose songs can be found on in-game discs. In 2021, this game added goats in an expansion that failed to update its (*) caves or cliffs. An enemy in this game is the result of a coding error that turned what was supposed to be a pig into an elongated monster. For ten points, name this video game in which players can build structures out of digital blocks until they’re blown up by creepers.",Minecraft (accept Minecraft Java Edition; accept Minecraft Bedrock Edition; accept Minecraft Classic)
2022 SCOP MS 11,4,14,"This city’s Muddy River runs through Olmsted Park, a part of this city’s Emerald Necklace. This city’s Back Bay area is on the Charles River, across from its sister city, (*) Cambridge. This city’s MLB team plays near Kenmore Square in a park that holds the Green Monster, and one end of Beacon Hill forms this city’s namesake Common. Fenway Park hosts the Red Sox in, for ten points, what capital city of Massachusetts?",Boston
2022 SCOP MS 11,4,15,"A character in this novel battles wineskins and fights Samson Carasco disguised as the Knight of Mirrors. This novel’s title character rides the old horse (*) Rocinante and tries to honor his fictional lady-love, Dulcinea, with the help of a farmer named Sancho Panza. For ten points, name this Miguel de Cervantes novel in which the title man tilts at windmills he thinks are giants while imagining he’s a knight.",Don Quijote (accept The Ingenious Gentleman Don Quijote of La Mancha; accept El Ingenioso hidalgo Don Quixote de la Mancha)
2022 SCOP MS 11,4,16,"This civilization’s gods of death include the “Obsidian Butterfly,” Itzpapalotl [EETZ-pah-pah-lah-toll], and the bat Camazotz. The Popol Vuh was a sacred text of this civilization, and describes underworld (*) Xibalba [shee-BAL-ba]. Priests wore the pelts of jaguars in, for ten points, what meso-american civilization, whose “long count” calendar reset in 2012?",Mayan civilization (accept Mayans or Mayan Empire)
2022 SCOP MS 11,4,17,"A cast of this sculpture in Meudon sits over its creator’s grave. This bronze sculpture was intended to sit under The Three Shades at the top of the (*) Gates of Hell, and was originally named The Poet, since it depicts Dante Alighieri contemplating the sinners he wrote about in the Inferno. For ten points, name this Auguste Rodin [ow-GOOST roh-DAN] sculpture in which a seated man leans forward pensively with his chin on his hand.",The Thinker (accept Le penseur; accept The Poet or Le poete ` before “Poet” is read)
2022 SCOP MS 11,4,18,"Press Secretary Ron Ziegler described the start of this event as a “third-rate burglary attempt.” During this event, Room 419 at a Howard Johnson motel was used as a lookout post, but officers arrested James McCord and four other people at (*) DNC headquarters. A “smoking gun” tape recorded at the White House revealed the involvement of the president in, for ten points, what 1972 break-in and ensuing cover-up that led to the resignation of Richard Nixon?",Watergate burglary and/or scandal (accept any description that includes the word Watergate)
2022 SCOP MS 11,4,19,"A character in this novel learns French by listening to Felix De Lacey read while hiding behind his cottage. In this novel, the tragic death of William, a young boy, is wrongly blamed on the housekeeper (*) Justine Moritz; the murder is actually the fault of a character who also kills Henry Clerval and Elizabeth Lavenza in this novel. For ten points, name this novel in which the title scientist refuses to create a female love interest for his monster, a work by Mary Shelley.","Frankenstein; or, The Modern Prometheus"
2022 SCOP MS 11,4,20,"The inaccurate Titius-Bode Law predicted a planet at 2.8 astronomical units from the sun, inspiring the search for these objects. Ceres is both the nearest (*) dwarf planet to Earth and the largest one of these objects, which occupy a band punctuated by Kirkwood gaps. The solar system has hundreds of thousands of, for ten points, what objects in space that inhabit a namesake “belt” between Mars and Jupiter?",asteroids (accept planetoids; accept minor planets or dwarf planets before “dwarf planet” is read; do not accept or prompt on “meteor” or “meteorite;” do not accept or prompt on “planet” alone)
2022 SCOP MS 11,5,1,"This author begins a novel by claiming that “happy families are all alike” but “unhappy families are unhappy in their own way.” A novel by this man follows Stiva, Dolly, and a woman who has an affair with Count (*) Vronsky. An extremely long novel by this author follows five Russian families during Napoleon’s invasion of 1812. For ten points, name this Russian author of Anna Karenina and War and Peace.",Leo Tolstoy (accept Lev Nikoleyevich Tolstoi)
2022 SCOP MS 11,5,2,"The geometric mean of two numbers is found by multiplying them, and then performing this operation. Applying this operation to both sides of an equation usually requires a plus-minus sign. The expression “b squared minus four a c” is found within this operation in the (*) quadratic formula. An exponent of one-half is equivalent to performing, for ten points, what operation that, when applied to twenty-five, gives five?",square root (accept “raising to the one-half power” before “one-half” is read; prompt on “root;” prompt on “radical”)
2022 SCOP MS 11,5,3,"A senator from this state proposed the High Performance Computing Act of 1991. A violation of the Butler Act in this state was argued in court by (*) Clarence Darrow and Williams Jennings Bryan, and focused on a man who claimed to have taught evolution in a public school in Dayton, John Scopes. Al Gore has represented, for ten points, what state whose cities include Memphis and Nashville?",Tennessee (accept Tennessee Valley Authority; Note: David Lilienthal was nicknamed “Mr. TVA”)
2022 SCOP MS 11,5,4,"A heterodyne shifts between different ranges of this quantity, whose “cutoff” type marks the boundary between the stopband and passband. For a simple pendulum, this quantity is proportional to the square root of “little g” over (*) length, and it can be calculated as wave speed divided by wavelength. The reciprocal of the period is, for ten points, which quantity measured in hertz, the number of waves that pass a fixed point per unit of time?",frequency (prompt on “F”)
2022 SCOP MS 11,5,5,"In a close-up image of this natural feature, titled Shojin tozan, a group of pilgrims in a straw hats use a ladder to ascend this place. Fine Wind, Clear Morning is one of the (*) Thirty-Six Views of this natural feature created by the woodcut printer Hokusai, which also includes Thunderstorm Beneath the Summit. For ten points, name this mountain that appears in the background of The Great Wave off Kanagawa, a prominent mountain near Tokyo in Japan.",Mount Fuji (accept Fuji-yama or Fuji-san)
2022 SCOP MS 11,5,6,"This city’s Gerousia governing body included two jointly-ruling kings. This city’s education system, the agoge [ah-goh-gay], was established by (*) Lycurgus to induct this city’s boys into its army. The helots were a class of slaves in this city, whose king Leonidas was defeated by the Persians at the Battle of Thermopylae. For ten points, name this militaristic Greek city-state that frequently fought with Athens.",Sparta (accept Lacedaemon)
2022 SCOP MS 11,5,7,"A character in this play describes “the fairies’ midwife” to mock his friend’s love for Rosaline. A woman in this play jokes that “palm to palm is holy palmers’ kiss” at a masquerade ball. The Queen Mab speech is given in this play by (*) Mercutio, who is killed by Tybalt in a duel that is fought over the honor of the houses of Montague and Capulet. For ten points, name this Shakespeare play about “a pair of star-cross’d lovers.”",Romeo and Juliet (accept The Tragedy of Romeo and Juliet)
2022 SCOP MS 11,5,8,"Description acceptable. African spiny mice are the most capable mammals at performing this process, which requires blastema cells. Unlike other annelids, leeches cannot perform this process, which most arthropods can do until their final (*) molt. Medical researchers have tried to reverse engineer this process that is slow in starfish but rapid in salamanders that have lost limbs. For ten points, name this process that gives a lizard a replacement when it sheds its tail.",regeneration (accept regenerating; accept limb regeneration and appendage regeneration; accept any description of regrowth or the growing of new body parts; prompt on just “growth”)
2022 SCOP MS 11,5,9,"In a work about him, this philosopher compares himself to a gadfly because he stings people “in the service of truth,” and defends himself against the charge of corrupting the youth of (*) Athens in the book Apology. This philosopher was convicted of those charges and sentenced to die by drinking hemlock. For ten points, name this ancient Greek philosopher whose thoughts are recorded in dialogues written by his student, Plato.",Socrates
2022 SCOP MS 11,5,10,"In the poem Völuspá, three of the roots of Yggdrasil [igg-drah-sill] sit over this realm, which contains the home of Heimdallr. Loki transformed into a horse to distract a giant trying to build a wall around this (*) home of the Aesir. Warriors slain in battle are carried to two of this realm’s mead-halls, Fólkvangr and Valhalla. Bifrost, the rainbow bridge, connects Midgard to, for ten points, what realm of the gods in Norse myth?","Asgardr (anti-prompt on “Valhalla” by asking, “What realm contains Valhalla?”)"
2022 SCOP MS 11,5,11,"James Bruce ordered the destruction of this city’s Old Summer Palace during the Second Opium War. Ai Wei-wei designed the Bird’s Nest stadium for this city. A 1989 protest in this city became famous for a photo of a man standing in front of a line of (*) tanks. For ten points, name this city that was the site of the 2008 Summer Olympics; the location of Tiananmen Square and the Forbidden City; and the capital of China.",Beijing (accept Peking; accept Forbidden City before “Old Summer Palace” is read; accept Dadu or Beiping before “Ai Wei-wei” is read)
2022 SCOP MS 11,5,12,"A theme from this musical work’s fourth movement, titled “Thaxted,” was used for the British patriotic hymn “I Vow to Thee, My Country.” This suite’s first and second movements are named after a “Bringer of (*) War” and a “Bringer of Peace.” For ten points, named this seven-part suite by Gustav Holst that includes movements named for a particular type of object in our solar system like Neptune, Mars, and Venus.",The Planets (accept Opus 32)
2022 SCOP MS 11,5,13,"Before amylase enzyme was isolated, this compound was used to turn corn starch into glucose syrup. The “fizz test” for calcium carbonate applies a muri-atic solution of this compound to rocks. Gold will dissolve in a mixture of (*) nitric acid and this compound, called “aqua regia.” Water and table salt are the products when this compound reacts with sodium hydroxide. Stomach acid consists of, for ten points, which strong acid with formula HCl [H-C-L]?",hydrochloric acid (accept HCl before it is read; accept hydrochloric alone after “acid” is read)
2022 SCOP MS 11,5,14,"A novel made up of these written works, Lady Susan, is one of the earliest works by Jane Austen. A novel by C.S. Lewis is named for these written works created by the demons Wormwood and (*) Screwtape. A journal of an author’s time in the Achterhuis [OCK-tayr-hwees] takes the form of these written works addressed to “Kitty,” and relates a budding romance with Peter van Pels. For ten points, Anne Frank’s diary is made up of what written works that are usually sent to another person?",letters (accept epistolary novels; accept synonyms like missives or notes; accept The Screwtape Letters; do not accept or prompt on “diary” or similar answers)
2022 SCOP MS 11,5,15,"This singer asks “think of me fondly when your hands are on her” in a song that may have been inspired by Joshua Bassett. Since it took inspiration from “Misery Business,” this singer of (*) “happier” added a Hayley Williams writing credit to a song that criticizes an ex’s behavior as being “like a damn sociopath.” For ten points, name this former Disney Channel actress whose explosive 2021 album, SOUR, includes the songs “deja vu,” “good 4 u,” and “drivers license.”",Olivia Rodrigo (accept Olivia Isabel Rodrigo)
2022 SCOP MS 11,5,16,"This Christian holiday may have developed from the Roman holiday of Rosalia. During this holiday, purple decorations are replaced with white. An event witnessed by Mary Magdalene is commemorated at sunrise on this holiday, after a vigil that begins on Holy (*) Saturday. This holiday is fifty days before Pentecost, and follows the season of Lent. For ten points, name this Christian holiday that celebrates the resurrection of Jesus.",Easter Sunday (accept Pascha)
2022 SCOP MS 11,5,17,"Maurice Wilson planned to crash a plane on top of this mountain, where he died by other means. George Mallory may have summitted this mountain before disappearing on it, and legendarily declared that he would climb it (*) “because it’s there.” Tenzing Norgay coordinated the first successful climb of this mountain in 1953 with Edmund Hillary. For ten points, name this twenty-nine-thousand-foot-high peak in the Himalayan Mountains, the highest mountain on Earth.",Mount Everest (accept Sagarmatha; accept Chomolungma)
2022 SCOP MS 11,5,18,"A 2015 study of this region by coda-wave cross-correlation found that it contains spheres with iron crystals aligned at right angles to each other. This region lies under the “D double-prime” layer, and although (*) P-waves are transmitted through it, S-waves are not. Geo-dynamo theory holds that the rotation of this region’s liquid outer zone generates Earth’s magnetic field. For ten points, name this region of Earth consisting of an iron-nickel alloy found below the mantle.",Earth’s core (accept inner core before “D double-prime” is read)
2022 SCOP MS 11,5,19,"This general ordered William Shippen to inoculate all troops against variola, and used fog as cover to evacuate his troops to Manhattan after the Battle of Brooklyn Heights. A force of (*) Hessian mercenaries were routed by this man in a surprise attack after Christmas Day, 1776. For ten points, name this Commander in Chief of the Continental Army and first President of the United States.",George Washington
2022 SCOP MS 11,5,20,"This poem’s speaker imagines “Seraphim whose foot-falls tinkled on the tufted floor” and begs to “quaff this kind nepenthe” [neh-PEN-thee] to forget his dead lover. This poem’s title figure refuses to go out into the (*) “Night’s Plutonian shore,” and instead perches on a “bust of Pallas just above” a “chamber door” to taunt this poem’s speaker about his lost love, Lenore. For ten points, name this poem by Edgar Allan Poe in which the title bird seems to repeat the word “nevermore.”",The Raven
2022 SCOP MS 11,6,1,"This city’s Adams Morgan neighborhood was partially shaped by the L’Enfant and McMillan Plans. This city and its suburbs are surrounded by the Beltway, and it is across the (*) Potomac River from Arlington, Virginia. A Daniel Chester French sculpture in this city sits across a reflecting pool from an obelisk on the National Mall. For ten points, name this planned city, the location of the Lincoln Memorial, Capitol Hill, and the White House.","Washington, D.C. (accept District of Columbia; prompt on “D.C.;” do not accept or prompt on “Washington” alone)"
2022 SCOP MS 11,6,2,"An essay about this genre of play Apollonian and Dionysian types of it. The central conflict of this dramatic genre should inspire catharsis in the audience, according to Aristotle’s Poetics, which discusses the difference between satyr plays and this genre in the work of (*) Aeschylus and Euripides. For ten points, name this genre of play used to tell stories of personal flaws, fatal mistakes, and misfortune, unlike the genre of comedy.",Greek tragedy (accept tragoidia; prompt on “drama” before “dramatic genre” is read; prompt on “plays” before “satyr plays” is read)
2022 SCOP MS 11,6,3,"It is not magnetism, but this property confines the plasma in a hohlraum to fuse deuterium and tritium. A balance named for this concept can measure mass in the absence of gravity. Torque is proportional to a (*) “moment” named for this concept that explains why dishes remain in place when a tablecloth is quickly pulled away. Newton’s first law concerns, for ten points, what principle that describes the tendency of objects to remain either in uniform motion or at rest?",inertia (accept inertial)
2022 SCOP MS 11,6,4,"A disaster on this continent required lifeboats to be sent to South Georgia Island, where Sir Ernest Shackleton was able to find help for the rest of the men of the Endurance. During the (*) Terra Nova expedition, Robert Scott died on this continent. In 1911, Roald Amundsen’s team won a race for discovery on, for ten points, what continent that was discovered in 1840 and that is home to the South Pole?",Antarctica
2022 SCOP MS 11,6,5,"This god is called Nila-kantha because of a story in which he neutralizes the Hala-hala poison. This father of Kartikeya is known as Mahadeva and as Nataraja, the Lord of the Dance. After this god was separated from his wife, (*) Parvati, he cut off the head of his son, Ganesha, and replaced it with that of an elephant. For ten points, name this blue-throated Hindu destroyer god, who forms the Trimurti with Brahma and Vishnu.",Shiva (accept Siva)
2022 SCOP MS 11,6,6,"The “steam” form of this laboratory technique does not work on azeo-tropes, but is used to extract plants’ essential oils. A “fractional” type of this process partitions the hydrocarbons in crude oil. This lab technique (*) separates components of a liquid mixture according to their differences in boiling points. For ten points, name this lab technique that is used to concentrate alcohol and produce a namesake form of pure water.",distillation (accept word forms like distilling)
2022 SCOP MS 11,6,7,"This team forfeited the second game of a doubleheader after rock DJ Steve Dahl’s “Disco Demolition Night” turned into a riot at Comiskey Park. Kenesaw Mountain Landis banned eight members of this team, including (*) “Shoeless” Joe Jackson, for life after they were accused of intentionally losing the World Series. Lucas Giolito [Lucas jee-oh-lee-toh], Eloy Jimeneź [eh-LOY hih-MEH-nez], and MVP Jose Abreú [José ah-BRAY-yoo] are current players for, for ten points, what American League baseball team that has a local rivalry with the Chicago Cubs?",Chicago White Sox (prompt on “Chicago;” prompt on “Sox”)
2022 SCOP MS 11,6,8,"This event attracted immigrants to a region nicknamed “Jinshan;” the increased population prompted an attack on an outpost on the Fresno River, inciting the Mariposa War. This event began when Charles Bennett and newspaperman (*) Samuel Brannan publicized a discovery made by James Marshall at Sutter’s Mill, and instigated a mass migration. For ten points, name this 1849 event in which prospectors swarmed west to cities like San Francisco in search of a precious metal.",California gold rush (accept 1849 gold rush; accept descriptions like the discovery of gold in California)
2022 SCOP MS 11,6,9,"One of these musical works includes the patriotic song “Land of Hope and Glory” in its “trio” section. Compositions of this type include Edward Elgar’s Pomp and Circumstance ones, which are often played at (*) graduations, and ones named “The Liberty Bell” and “The Washington Post.” John Philip Sousa is the “king” of, for ten points, what musical compositions, such as the “Stars and Stripes Forever,” that help military groups walk in time?",marches (accept military marches)
2022 SCOP MS 11,6,10,"In this novel, an attack led by Pilkington and Frederick ends with the death of a stable boy, and forces Jones to abandon his land. In this novel, the Order of the Green Banner is invented for a leader who chases away a war hero named (*) Snowball after the Battle of the Cowshed. Despite being a “Hero, First Class,” Boxer is sent to a glue factory by Napoleon in this novel. For ten points, name this novel by George Orwell in which a group of pigs take over the title location.",Animal Farm
2022 SCOP MS 11,6,11,"Eight of these vehicles were involved in the failed Operation Eagle Claw. Many of these vehicles were pushed into the ocean after they evacuated civilians from Saigon. The company Sikorsky won a bid to produce these vehicles, which are called (*) Marine One when they transport the US President. During the Battle of Mogadishu, two of these vehicles called Black Hawks were shot down. For ten points, name this type of rotor-powered aircraft that can take off vertically.",helicopters (prompt on “copter(s)”; prompt on “aircraft” until it is read; do not prompt on “airplane” or similar)
2022 SCOP MS 11,6,12,"Plants found in this ecosystem are the most effective heavy metal traps for iron and copper. A slough [slew] is a type of this ecosystem that is dominated by sawgrass, and other types of this ecosystem grow sphagnum moss that accumulates as (*) peat. Rodent herbivores in this habitat include the muskrat and capybara, and it is home to wading birds like blue herons. For ten points, name this semi-aquatic ecosystem that includes the Everglades and Okefenokee Swamp.","wetlands (accept specific types of wetlands such as marsh, bog, or fen; accept swamp before “Swamp” is read)"
2022 SCOP MS 11,6,13,"This architect designed the Jacobs Hosue in the Usonian style, and built an Arizona studio to replace his Wisconsin home after it burned down. This architect used geometric art glass windows for a house in Hyde Park, Illinois. This architect of (*) Taliesin [tah-lee-ESS-in] and Robie House designed a home for Edgar Kaufmann whose patios are cantilevered over a waterfall in Pennsylvania. For ten points, name this American architect who created Prairie Style houses like Fallingwater.",Frank Lloyd Wright (accept Frank Lincoln Wright)
2022 SCOP MS 11,6,14,"Two of this agricultural industry’s “Big Four” are JBS and Cargill, which suffered large outbreaks early in the COVID-19 pandemic. In September 2021, the Biden Administration announced aid for this industry in the form of subsidies for small processors, a boost to the (*) Packers and Stockyards Act, and support for ranchers. For ten points, name this agricultural industry that has recently had a sharp rise in prices for steaks.","beef industry (accept meatpacking; accept butchering cattle or cows; prompt on “agriculture” before it is read; do not accept or prompt on answers including other types of meat, like chicken or pork)"
2022 SCOP MS 11,6,15,"This author created a character who searches for Nicholas Vedder and Brom Dutcher when he returns from playing ninepins with Henry Hudson in the Catskill Mountains. In a story from this author’s collection The (*) Sketchbook of Geoffrey Crayon, Katrina Van Tassel marries Brom Bones after his romantic rival, Ichabod Crane, is chased away by the Headless Horseman. For ten points, name this author of “Rip Van Winkle” and “The Legend of Sleepy Hollow.”",Washington Irving
2022 SCOP MS 11,6,16,"The Wei Kingdom-era mathematician Liu Hui estimated the value of this constant with a ninety-six-sided polygon. Euler’s identity [OY-ler’s identity] relates this constant to e, i, one, and zero. One-third height times the (*) radius squared times this constant equals the volume of a cone. For ten points, name this constant, the ratio of a circle’s circumference to its diameter, approximated “three-point-one-four.”",pi
2022 SCOP MS 11,6,17,"This Greek god comforted Ariadne after Theseus abandoned her. This god took mercy on Tyrrhenian pirates who had kidnapped him by turning them into dolphins so they would not drown. This god inspired his followers, the Maenads, to murder (*) Orpheus, and carried a staff topped by a pinecone called the Thyrsus. For ten points, name this “twice-born” Greek god, who was born from the thigh of Zeus, and who governed vineyards and wine.",Dionysus (accept Bacchus)
2022 SCOP MS 11,6,18,"In this novel, Tina, Minnie, and Kitty play with a language teacher who lives in Miss Kirke’s boarding house with an aspiring writer. A visit to the Hummel family causes a girl in this novel to say that her sewing needle is “heavy” as she dies of (*) scarlet fever. Another girl in this novel marries Laurie Laurence after her sister rejects him to marry Professor Bhaer. For ten points, name this novel by Louisa May Alcott about Meg, Jo, Beth, and Amy March.",Little Women
2022 SCOP MS 11,6,19,"It is not Hubble, but a telescope named for this scientist has detected the most exoplanets to date. This scientist incorrectly used regular polyhedra to map distances between planets in his book (*) Mysterium Cosmographicum, and his Astronomia Nova correctly notes that a line joining a planet and the Sun sweeps out equal areas in equal time intervals. For ten points, name this astronomer who described elliptical orbits in his first law of planetary motion.",Johannes Kepler
2022 SCOP MS 11,6,20,"The spymaster Sir Francis Walsingham served as this monarch’s Secretary of State, and stopped the Ridolfi and Babbington plots that threatened this ruler. This monarch’s navy defeated an invasion attempt by Philip II [second] with the help of Sir (*) Francis Drake. Because this monarch died childless, James Stuart inherited the throne after her 1603 death. For ten points, name this final Tudor monarch of England, the sister of Mary I [first] and daughter of Henry VIII [eighth].",Elizabeth I [first] (prompt on “Elizabeth” or “Queen Elizabeth”)
2022 SCOP MS 11,7,1,"At a New Jersey train station, this man’s older brother Edwin saved the life of a son of this man’s victim. Assisting this criminal earned harsh penalties for Doctor Samuel Mudd and boarding-house owner (*) Mary Surratt, who was hanged after housing this man. This man broke his leg by jumping down to the stage during a performance of Our American Cousin at Ford’s Theater. For ten points, name this actor and Confederate sympathizer who shot and killed Abraham Lincoln.",John Wilkes Booth
2022 SCOP MS 11,7,2,"This musical work is dedicated to Giulietta Guicciardi, and is marked “Quasi una fantasia.” Critic Ludwig Rellstab coined this musical work’s compared nickname when he compared its constant use of the (*) damper pedal to a night-time reflection on Lake Lucerne. For ten points, name this piano sonata by Ludwig van Beethoven that uses slow, muffled arpeggios to evoke a dreamy night.","Moonlight Sonata (accept Beethoven’s Piano Sonata Number 14; accept Beethoven’s Opus 27, Number 2)"
2022 SCOP MS 11,7,3,"A couple in this novella remove a picture of a woman wearing fur from their son’s room and make money by taking in three tenants. A man in this novella accidentally kills his son by lodging an apple in his back when he crawls out of his room to listen to his sister, (*) Grete, playing violin, even though it is difficult to move on his six thin legs. For ten points, name this short novel by Franz Kafka in which Gregor Samsa transforms into a giant insect.",The Metamorphosis (accept Die Verwandlung)
2022 SCOP MS 11,7,4,"These objects title a film about Isak Borg directed by Ingmar Bergman. A printed pattern of these objects covers a 2019 textile artwork by Lirika Matoshi that, in 2020, became the “dress of the summer.” With (*) cream, this food is traditionally served at Wimbledon. A Liverpool children’s home named for this food provided the title of a Beatles song that celebrates their “Fields Forever.” For ten points, in the song “Watermelon Sugar,” Harry Styles describes the taste of what fruits “on a summer evening?”",strawberry (accept Wild Strawberries; accept strawberry dress; accept Strawberry Fields Forever)
2022 SCOP MS 11,7,5,"Darwin used this word to describe the “slave” nature of worker ants that care for juveniles. The restlessness of captive-bred sparrows suggests that (*) migration has this quality, as does the fixed-action pattern of geese rolling eggs back to their nests. The palmar grasp reflex of babies is a rare human example of this unlearned type of behavior. For ten points, name this kind of innate behavior that animals know how to perform from birth.",instinct (accept instinctive behavior; prompt on “innate” before it is read; prompt on “inborn” before “birth” is read)
2022 SCOP MS 11,7,6,"This structure contains fifty-six holes nicknamed for John Aubrey, a seventeenth-century historian who claimed that this structure had been built for rituals. Aubrey suggested that this monument was used by (*) druids because parts of this structure align with the summer and winter solstices. For ten points, name this possibly-religious monument on the Salisbury Plain in southwest England, whose main body is composed of a circle of large rocks.",Stonehenge
2022 SCOP MS 11,7,7,"DNA analysis has confirmed that this ruler’s mother is KV-35-YL, also called the Younger Lady. This final monarch of the Eighteenth Dynasty abolished his father’s unpopular worship of (*) Aten. This ruler came to power at the age of nine, shortly after the death of Akhenaten, and died at the age of eighteen. For ten points, name this boy pharaoh whose tomb and elaborate, golden death mask were discovered in the Valley of the Kings by Howard Carter.",King Tut (accept Tutankhamun)
2022 SCOP MS 11,7,8,"In 1833, the Supreme Court ruled that George Wilson could refuse to accept one of these orders from Andrew Jackson. Jimmy Carter issued these for hundreds of thousands of people who dodged the draft during the (*) Vietnam War. In a White House tradition, this action is performed for one turkey per year prior to Thanksgiving. For ten points, name this executive action performed by Gerald Ford for Richard Nixon, which absolves a person accused of a crime.",presidential pardons (accept granting clemency)
2022 SCOP MS 11,7,9,"Celluloid film stock becomes brittle with age because this process affects the camphor within it. “Cold finger” purification begins with this process, which allows iodine crystals to expose latent fingerprints. A curve representing this change is below the (*) triple point on a phase diagram, and its reverse is called deposition. For ten points, name this phase change, seen when dry ice becomes carbon dioxide vapor at room temperature, in which a solid changes directly into gas.",sublimation (accept word forms like sublimating)
2022 SCOP MS 11,7,10,"This novel’s protagonist purchases a coral-and-glass paperweight from Mr Charrington’s shop, where he goes to meet a member of the Anti-Sex League. A character in this novel claims to be aligned with (*) Emmanuel Goldstein and the Brotherhood, but tortures the protagonist in Room 101 of the Ministry of Love with a cage of rats. Julia and O’Brien appear in, for ten points, what dystopian novel about Winston Smith written by George Orwell?",Nineteen Eighty-Four
2022 SCOP MS 11,7,11,"This city contains a sculpture of a warrior queen in a chariot, named Boadicea and her Daughters near its legislative offices in Portcullis House. Four lion statues that were made from melted-down (*) French cannons stand in this city’s Trafalgar Square. The treasures of Sutton Hoo, an Anglo-Saxon ship burial, are held in a museum in, for ten points, what city, the home of Westminster Palace and Big Ben, that is the capital of England?",London
2022 SCOP MS 11,7,12,"After an encounter at the Stone Table, a character in this novel uses a “deeper magic from before the dawn of time” to return to life and vanquish a woman who bribes (*) Edmund with Turkish Delight. After defeating the White Witch in this novel, the Pevensie children become kings and queens with the help of the resurrected Aslan. For ten points, name this C.S. Lewis novel in which four siblings travel through a piece of furniture to the land of Narnia.","The Lion, the Witch, and the Wardrobe"
2022 SCOP MS 11,7,13,"This quality can be described with Vickers numbers, or with a system that ranks cubic boron nitride just below its highest classification, and places alkali metals near zero. A sclerometer can be used to find this value’s (*) “scratch” form, which is measured on a scale in which talc has a rank of one. For ten points, the Mohs scale ranks diamond as ten on its measure of this property, the ability of a material to resist being scratched or dented.",hardness (accept scratch hardness; accept Mohs hardness scale; do not accept or prompt on “resilience” or similar terms)
2022 SCOP MS 11,7,14,"Description acceptable. J Robert Oppenheimer lost his Q-level security clearance after being accused of having this affiliation. Walt Disney included the Hollywood Ten in a list of employees he suspected of doing this, which he gave to the (*) House Un-American Activities Committee. Joe McCarthy’s “Red Scare” falsely accused people of being members of, for ten points, what political party that dominated the USSR?",being a communist (accept descriptions like believing in communism or being a member of the Communist party; accept descriptions of being a socialist; do not accept or prompt on “spying”)
2022 SCOP MS 11,7,15,"This artist created Rebellious Slave and Dying Slave for the tomb of Pope Julius II, and signed the sash of a sculpture in which a youthful Mary holds the body of Jesus. A contrapposto nude sculpture holding a slingshot and The (*) Creation of Adam are works by this sculptor of the Pieta`. For ten points, name this Italian Renaissance artist who sculpted a marble David and painted the ceiling of the Sistine Chapel.",Michelangelo (accept Michelangelo di Lodovico Buonarroti Simoni)
2022 SCOP MS 11,7,16,"A physicist from this country developed the “path integral” formulation of quantum mechanics. Photon scattering by charged particles was first detected in this country, where BCS super-conductivity theory was discovered. The (*) Michelson-Morley experiment was performed in this nation at a facility that became Case Western Reserve University. For ten points, name this country where Enrico Fermi built a nuclear reactor at the University of Chicago.",US (accept USA; accept either underlined portion of United States of America)
2022 SCOP MS 11,7,17,"The “Wicked Bible” is nicknamed for containing a misprint of this legal text. The first copy of this text was destroyed by the man who received them after he saw his people (*) worshipping a golden calf, and the second copy was kept in the Ark of the Covenant. Moses’s face shone with glory after he received, for ten points, what set of laws that forbids “graven images” and commands “thou shalt not kill?”","Ten Commandments (accept Decalogue; accept Aseret ha’Dibrot; prompt on “commandments;” prompt on “Dibrot;” prompt on “Bible,” “Old Testament,” “Pentateuch” or “(Book of) Exodus” before “sapphire” is read; Note: The “Wicked Bible” accidentally printed “Thou shalt commit adultery”)"
2022 SCOP MS 11,7,18,"These mathematical objects are described as secants [SEE-kants] if they intersect a curve at two points, or as tangents if they intersect a curve at one point. Euclid used the term (*) “breadth-less length” to describe these objects, which can be created by joining two opposite rays. Segments are finite sections of, for ten points, what one-dimensional geometric objects that have infinite length?",lines (accept intersecting lines; do not accept or prompt on “line segment”)
2022 SCOP MS 11,7,19,"This country surrendered Silesia to Frederick the Great’s Prussia in a conflict that ended with the Treaty of Aix-la-Chapelle [“eye”-lah-shah-pell] and began with the Pragmatic Sanction. The “War of [this country’s] Succession” resulted in the rule of (*) Archduchess Maria Theresa in this country that, under Frans Joseph I, merged with Hungary. For ten points, name this European country ruled by the Habsburgs from Vienna.",Austria (accept Osterreich ¨ ; accept Austrian Empire or Kaisertum Osterreich ¨ ; accept Austria-Hungary or Austro-Hungarian Empire after “Hungary” is read)
2022 SCOP MS 11,7,20,"This author wrote a story in which John Unger escapes from Percy Washington’s mansion, which is built on top of an enormous gem. In another story by this author, Marjorie goads her cousin into getting a haircut. This author of “The (*) Diamond as Big as the Ritz” and “Bernice Bobs Her Hair” wrote a novel in which Nick Carraway and his cousin, Daisy Buchanan, attend lavish parties in West Egg. For ten points, name this American author of The Great Gatsby.",F. Scott Fitzgerald (accept Francis Scott Key Fitzgerald)
2022 SCOP MS 11,8,1,"This god granted Caenis’s wish to be turned into a man after he raped her. This god built the walls of Troy with Apollo, and delayed Odysseus’s return to Ithaca as revenge for blinding his son, the (*) cyclops Polyphemus. This creator of the first horse was the father of Pegasus, and made Pasiphae fall in love with a bull as revenge against Minos. This god lost a competition to be the patron of Athens by giving the gift of a salt spring. For ten points, name this Greek god of the sea.",Poseidon
2022 SCOP MS 11,8,2,"The third object with this name contained faulty components that prevented it from mapping the Van Allen belt during the International Geophysical Year. A dog named (*) Laika became the first animal in space aboard the second of these objects and, in 1957, the first object with this name kicked off the Space Race. For ten points, name this series of Soviet spacecraft that included Earth’s first artificial satellite.","Sputnik program (accept Sputnik 1, 2, or 3; prompt on “satellite” before it is read)"
2022 SCOP MS 11,8,3,"One of this group’s fatalities, Karl Volfinger, was killed while burying his supplies. James Reed survived this expedition after being expelled for killing John Snyder, one of this group’s (*) wagon drivers. Other members of this group died crossing the Sierra Nevada after they used the Hastings Cutoff to leave the Oregon Trail. For ten points, name this infamous party that resorted to cannibalism while snowed-in in a namesake pass.",Donner Party
2022 SCOP MS 11,8,4,"The Beveridge curve plots the vacancy rate against this economic quantity. This quantity is called “structural” when it is caused by a gap in the skills demanded by firms and supplied by the market. The 2021 Great (*) Resignation is actually having a low impact on this because of a high retirement rate. Automation threatens to cause an increase in this quantity as certain jobs become obsolete. For ten points, name this measurement of the number of people out of work.",unemployment rate
2022 SCOP MS 11,8,5,"This play’s title character is told that “none of woman born / shall harm” him by the Weird Sisters. A woman crazily mutters “out, damned spot” while consumed with guilt for convincing her husband to kill King (*) Duncan in this play. The Thane of Cawdor sees the ghost of Banquo and is convinced he does not need to fear Macduff in, for ten points, what Shakespeare work nicknamed the “Scottish play?”",Macbeth (accept The Tragedy of Macbeth)
2022 SCOP MS 11,8,6,"In a painting by Thomas Eakins, a woman in black sobs into her sleeve while a man with this profession stands in front of a crowded theater with red-stained hands. Rembrandt painted a group of people with this job watching Nicolaes Tulp give an (*) Anatomy Lesson. For ten points, name this profession held by Hayes Agnew and Samuel Gross, who were painted demonstrating surgeries in progress.",doctors (accept equivalents like surgeons or physicians; accept answers describing professors of medicine or professors of surgery; prompt on “teachers” or “professors” by asking “what do they teach?”)
2022 SCOP MS 11,8,7,"In a game, this character teams up with an alien wisp called Yacker to stop an evil plot disguised as an amusement park. In a cartoon, this character solves problems on Seaside Island with his namesake “Team,” including (*) Miles Prower. This character’s first live-action film was significantly delayed due to backlash over his design, and features Ben Schwartz as this character. For ten points, name this speedy video game protagonist who works with Tails to save the world from Doctor Eggman.",Sonic the Hedgehog (accept Sonic Colors; accept Sonic Boom)
2022 SCOP MS 11,8,8,"The RC circuit constant, tau, is a value of this quantity, which is the independent variable when taking a dot derivative. Multiplying the square of this quantity by one-half of little g gives free fall displacement. One unit of this quantity is based on the hyperfine transition of (*) cesium-133. This quantity dilates at near-light speed, which can be calculated by dividing distance by this quantity. For ten points, name this quantity measured in minutes and seconds.",time
2022 SCOP MS 11,8,9,"This novel’s protagonist wins a guessing game by tearing out the eye of a giant. Two characters in this novel write political essays under the pseudonyms Locke and Demosthenes. In this novel, armies equipped with freeze guns battle in (*) null gravity, and the protagonist of this novel befriends Bean, who helps him use “Dr Device” to destroy the home planet of the buggers. For ten points, name this novel by Orson Scott Card in which Andrew Wiggins attends battle school.",Ender’s Game
2022 SCOP MS 11,8,10,"This structure was destroyed after Gunther Schabowski’s accidental declaration that a policy would go into effect “immediately.” Peter Fechter [fesh-ter] bled to death at this structure as guards threatened to (*) shoot potential helpers. “Brain drain” was meant to be prevented by this “anti-fascist bulwark.” Checkpoint Charlie was a border control on, for ten points, what structure that, until 1989, separated East and West Germany within a capital city?",Berlin Wall
2022 SCOP MS 11,8,11,"This musical instrument duets with Don Cherry’s cornet on the Ornette Coleman album The Shape of Jazz to Come. A player of this instrument collaborated with trumpeter Benny Harrison on the song “Ornithology,” and another player of this instrument was known for his (*) “sheets of sound” on albums like A Love Supreme and Giant Steps. Charlie “Bird” Parker and John Coltrane played, for ten points, what woodwind instrument, whose E-flat “alto” version has a bent metal body and a jazzy, raspy tone?","saxophone (accept specific types, such as alto saxophone)"
2022 SCOP MS 11,8,12,"This language was used to write works like The Labyrinth of Solitude and Sunstone. The author of The Death of Artemio Cruz wrote in this novel, which he also used for the novel The Old (*) Gringo, which describes a North American country’s twentieth-century revolution. For ten points, name this language of European origin that was used by Carlos Fuentes and Octavio Paz, two authors from Mexico.",Spanish (accept espanol ˜ ; accept Mexican Spanish or espanol ˜ mexicano)
2022 SCOP MS 11,8,13,"If n both is “one less than a power of two” and is this type of number, then n is the only odd factor of a perfect number. The Goldbach conjecture states that every even number greater than two can be written as the sum of two of these numbers; for example, “twenty equals (*) seven plus thirteen.” “Ambiguous factorization” is a reason why the number one is not considered to be, for ten points, what type of number that has only two factors: itself and one?",prime number(s)
2022 SCOP MS 11,8,14,"In 2018, Eric Greitens resigned as this state’s governor after being charged with felonies related to a love affair. Mike Parson is the current governor of this state, whose junior senator rose his fist in support of the (*) January 6th insurgency at the US Capitol and has refused to resign. Josh Hawley continues to represent, for ten points, what midwestern state whose capital is Jefferson City?",Missouri
2022 SCOP MS 11,8,15,"Many examples of these compounds begin as resins. Urea-formaldehyde forms one of these compounds that acts as a concrete binder. A Ziegler-Natta catalyst can promote the step-growth mechanism to make these compounds. Vinyl acetate is used to synthesize several (*) plastic types of these compounds, and isoprene sub-units allow latex to harden into natural rubber ones. Rayon and nylon are, for ten points, what large compounds made from chains of monomers?",polymers
2022 SCOP MS 11,8,16,"A namesake species of pink rattlesnake is endemic to this natural feature. Supai Village, the capital of the Hava-supai Indian Reservation, is located within this feature, which is the gateway to the afterlife in Hopi religion. The Kaibab Plateau is (*) bisected by this natural feature, which became a national park after John Wesley Powell mapped it in what is now Arizona. The Colorado River carved out, for ten points, what absurdly large gorge in the American southwest?",Grand Canyon (accept Ongtupqa ¨ )
2022 SCOP MS 11,8,17,"This substance and lawfulness are the domain of Asha Vahista, one of six divine beings created by Ahura Mazda. Atash Bahram is the highest classification of this substance, which is always present at an (*) agiary. Holy ones of this substance may never be extinguished, so priests must wear a face mask when handling it. Atar is, for ten points, what substance venerated as wisdom and light in Zoroastrianism, and which is kept burning in namesake temples?",holy fires (accept flames; accept Atar before it is read; accept Atash or Azar before “Atar” is read)
2022 SCOP MS 11,8,18,"One pathogen in this family causes bluecomb disease in turkeys, and another may be carried by the Asian palm civet. The National Wastewater Surveillance System tracks one of these pathogens, others of which have caused (*) MERS and SARS epidemics. Named for envelope spikes that resemble a layer of the Sun, this virus is combated by RNA vaccines from Moderna and Pfizer. For ten points, name this virus responsible for the COVID-19 pandemic.",coronavirus (accept Coronaviridae; accept SARS-CoV-2; accept COVID and COVID-19 before “COVID-19” is read; prompt on “virus” before it is read; prompt on “MERS” and “SARS” before they are read)
2022 SCOP MS 11,8,19,"A “Witness” one of these objects titles a Pulitzer-winning poetry collection by Robert Frost. In the poem “Mending Wall,” Frost argues that objects of this type cannot “get across and eat the (*) cones” under another type of these plants. In a poem titled for a type of these plants, Frost describes boys “swinging” in these things after “climbing carefully to the top branches.” For ten points, name these tall plants in the poem “Birches.”",trees (accept A Witness Tree; accept apple trees or pine trees; accept Birches; prompt on “apple” after “get across” is read)
2022 SCOP MS 11,8,20,"The last woman to be hanged in Massachusetts was Rachel Wall, who was executed for doing this. Despite angering the English by engaging in this profession, Grace O’Malley met with Elizabeth I as an equal. (*) Mary Read and Anne Bonny, who received delayed death sentences by claiming to be pregnant, performed this job for Calico Jack. Ching Shih oversaw hundreds of ships as one of the most successful members of, for ten points, what criminal profession on the high seas?",piracy (accept word forms and equivalents relating to “being a pirate”)
2022 SCOP MS 11,9,1,"An artwork of this type was destroyed on the orders of Nelson Rockefeller because it depicted Vladimir Lenin, and was called Man at the Crossroads. A work of this type that shows Plato and Aristotle walking together is Raphael’s The (*) School of Athens. A set of these artworks depicting Industry were created by Diego Rivera to line a room in the Detroit Institute of Art. These artworks that are called “frescoes” when they are painted on wet plaster. For ten points, name this type of painting done on a wall.",murals (accept frescoes before it is read; prompt on “painting” before “painted” is read; do not accept or prompt on “graffiti”)
2022 SCOP MS 11,9,2,"This measure is quantized by fractions of the Von Klitzing constant in a form of the Hall effect. A Wheatstone bridge can determine this quantity that, unlike reactance, leads to Joule heating. Finding the total value for this quantity requires summing the (*) reciprocal value of each component in a parallel circuit. Conductance is the reciprocal of this quantity, which is measured in ohms. For ten points, name this quantity, equal to voltage over current, that opposes the flow of electricity.",electrical resistance (prompt on “R”)
2022 SCOP MS 11,9,3,"This president’s train refused to stop to aid the victims of a platform collapse that killed thirteen people who were waiting to hear him speak on his “Swing Around the Circle” speaking tour, in which this man ranted against the Radical Republicans. (*) Edwin Stanton barricaded himself in his office rather than allow this man to fire him as Secretary of War. The first US president to be impeached was, for ten points, what man who succeeded Abraham Lincoln?",Andrew Johnson (prompt on “Johnson”)
2022 SCOP MS 11,9,4,"An ancient statue of this deity in Sais, sometimes believed to be Neith, wore a veil to represent the mysteries of nature. According to Plutarch, Nephthys disguised herself as this deity to conceive Anubis. After this deity’s husband was (*) cut apart by this goddess’s brother, Set, this goddess gathered the pieces from across Egypt, and reassembled his body, making him the king of the underworld. For ten points, name this queen of the Egyptian gods who was married to her brother Osiris.",Isis (accept Ase; accept Wusa)
2022 SCOP MS 11,9,5,"In a novel from this country, Bamford and Maureen Smales flee to the village of the title Black servant to escape a revolution. In another novel set in this country, Absalom is sentenced to death for the murder of Arthur Jarvis, saddening his father, (*) Stephen Kumalo. This country is the setting of Nadine Gordimer’s July’s People and an Alan Paton novel set during this country’s Apartheid era. For ten points, name this country, the setting of Cry, the Beloved Country, which takes place partially in Johannesburg.",South Africa (accept Republic of South Africa; accept RSA)
2022 SCOP MS 11,9,6,"In the steampunk space shooter game Jamestown: Legend of the Lost Colony, the seventeenth century colony of Jamestown is actually this location. In Destiny, the Cabal and Vex fought in Meridian Bay on this planet. The economic real-time strategy game (*) Offworld Trading Company is set on this planet, where Olivia Pierce opens a portal to Hell in the 2016 reboot of DOOM. The Red Faction series is set on, for ten points, what red planet that, in many video games, is the first one colonized by humans?",Mars
2022 SCOP MS 11,9,7,"This country’s Cumann na mBan [koo-mahn nah mahn] paramilitary force included sniper Constance Markievicz, who participated in an attack on Saint Stephen’s Green. The Black and Tans formed to fight for this country’s independence, which it gained in a treaty negotiated by Michael Collins. A General (*) Post Office in this country was the central site of its Easter Rising in 1916. This country gained Home Rule in 1922, leaving its northern portion in the United Kingdom. For ten points, name this country governed from Dublin.",Ireland (accept Eire; accept Republic of Ireland or Poblacht na hEireann; accept Irish Free State; do not accept or prompt on “Northern Ireland”)
2022 SCOP MS 11,9,8,"Description acceptable. Food production and this process were the goals of Egypt’s IBTS Greenhouse project. Graphene oxide membranes are the newest technology for this process, which uses ion channel traps in its electro-dialysis form. A solar (*) still achieves this process slowly, and Key West is supplied by a plant that does this by reverse osmosis. Brine is a waste product of, for ten points, what process that creates potable drinking water from seawater?",desalination (accept desalinization or desalting; accept any description of removing salt from water)
2022 SCOP MS 11,9,9,"A character in this novel carries a snuff-box filled with parmesan cheese while on a trip funded by Squire Trelawney. This novel’s protagonist follows Doctor Livesey to Ben Gunn’s cave, where he finds Smollett, the captain of the (*) Hispaniola, who had been run off by his ship’s cook, the peg-legged Long John Silver. For ten points, name this Robert Louis Stevenson adventure novel in which young Jim Hawkins survives a mutiny and finds hidden pirate gold.",Treasure Island or the Mutiny of the Hispaniola
2022 SCOP MS 11,9,10,"A planned highway across this region called BR-230 is largely unpaved between Altamira and Benjamin Constant. Most of the state of Mato Grosso is south of this region; Mato Grosso also includes some of the (*) Pantanal wetlands. Contrary to popular belief, the red-eyed tree frog is not native to this region, but piranhas and anacondas are. Dust from the Sahara Desert blows across the Atlantic Ocean to fertilize, for ten points, what massive tropical ecosystem around the longest river in South America?",Amazon rainforest
2022 SCOP MS 11,9,11,"This author wrote about a slave revolt on the San Dominick in “Benito Cereno,” and about Turkey and Nippers, whose coworker starves to death, in another story from The Piazza Tales. In a novel by this author of (*) “Bartleby, the Scrivener,” the stuttering title character is executed by Captain Vere for killing John Claggart. In another novel, this author wrote about Ishmael’s journey on the Pequod with the obsessive Captain Ahab. For ten points, name this author of Billy Budd and Moby Dick.",Herman Melville
2022 SCOP MS 11,9,12,"A repeated motif in this musical begins with a tritone that represents Bernardo’s sister. A song in this musical alternates between three-four and six-eight time to describe a place where “industry booms” but there are “twelve in a room.” In this musical, (*) “America” is sung by the Sharks, members of a Puerto Rican gang that opposes the white Jets. For ten points, name this Leonard Bernstein musical in which Tony and Maria’s doomed love retells the story of Romeo and Juliet in 1950s New York.",West Side Story
2022 SCOP MS 11,9,13,"According to “The Tale of the Heike,” an archer from this country once shot down a fan from the top of a ship’s mast. In the 1180s, two clans fought the Genpei War in this country. Seven hundred years later, another civil war in this country, the (*) Boshin War, ended with the restoration of imperial power under Emperor Meiji [may-jee]. For ten points, name this East Asian country that, during its rule by shoguns like Tokugawa Ieyasu [toh-koo-gah-wah ee-yay-ah-soo], was home to warrior aristocrats called samurai.",Japan (accept Nihon-koku or Nippon-koku)
2022 SCOP MS 11,9,14,"This book’s frontispiece includes a Latin quote from the book of Job over a print of a giant holding a sword and staff, whose body is made up of hundreds of (*) people. The final section of this book describes a “Kingdom of Darkness,” and its first part describes the state of nature as a “war of all against all.” A ruler with absolute power should engage in a “social contract” with the citizens according to, for ten points, what book by Thomas Hobbes named for a biblical sea monster?","Leviathan: Or, The Matter, Forme, and Power of a Common Wealth Ecclesiasticall and Civil"
2022 SCOP MS 11,9,15,"Sediments in these regions form top-set and bottom-set layers, and the Gilbert type of them marks locations of ancient lakes. An alluvial fan with a bird’s-foot pattern is characteristic of many of these regions, though strong tidal forces prevent the (*) St Lawrence from creating one. One of these regions occurs where the Nile meets the Mediterranean. For ten points, identify this triangular plain at a river’s mouth, shaped like the fourth letter of the Greek alphabet.",river deltas (prompt on “mouth” or “river mouth” before it is read)
2022 SCOP MS 11,9,16,"The linear type of this branch of mathematics is studied with vector spaces. The complex roots of polynomials are the subject of the fundamental theorem of this subject, whose name comes from a ninth-century book by (*) Persian mathematician al-Khwarizmi [al-kwa-RIZ-mee] about “balancing.” This subject is commonly first taught by applying arithmetic to both numbers and variables. For ten points, name this branch of mathematics that solves equations like “three x plus four equals zero.”",algebra
2022 SCOP MS 11,9,17,"This Millennialist religious denomination follows a Governing Body known as God’s “faithful and discreet slave.” This denomination celebrates Memorialization, but does not recognize Christmas, Easter, or (*) birthdays. This denomination’s Weekend Meetings use the “Study Edition” of the Watchtower magazine, and it forbids believers from engaging in military service or receiving blood transfusions. For ten points, name this Christian denomination known for preaching door-to-door.",Jehovah’s witnesses (prompt on “Bible Students” or “Bible Student movement”)
2022 SCOP MS 11,9,18,"Discovering the molecular basis for circadian rhythms in this organism earned Jeffrey Hall the 2017 Nobel Prize. The salivary glands of this organism contain large polytene chromosomes. Antenna-pedia mutants of this animal grow legs from their heads, and dumpy mutants have misshapen (*) wings. Thomas Hunt Morgan first observed sex-linked traits in white-eyed members of this species. For ten points, name this insect model organism of genetics whose common name reflects its love for sweet vegetation.",fruit fly (accept Drosophila melanogaster; accept vinegar fly; prompt on “fly”)
2022 SCOP MS 11,9,19,"In this novel, a “Voice” gives a set of scientific notebooks to Thomas Marvel, who is shocked to see bread and cheese floating in the air. While trying to start a “Reign of Terror” throughout England in this novel, (*) Griffin describes drugging a cat to reduce its ability to reflect or refract light, and reveals he has done the same to himself. For ten points, name this novel by H.G. Wells in which the title scientist creates a potion that makes him impossible to see.",The Invisible Man
2022 SCOP MS 11,9,20,"The group that chartered this ship was forced to take on passengers they called “Strangers,” who had tried to sail on the Speedwell. The journal of William Bradford describes life aboard this ship, whose passengers signed a namesake (*) Compact of laws for the colony they would establish. This ship was supposed to land in Virginia, but storms on the North Atlantic blew it northward. For ten points, name this ship in which the Pilgrims landed near Plymouth Rock.",Mayflower