Source,Round,Number,Label,Question,Answer
2020 ERIS,1,1,L,"You are the narrator of the Simon and Garfunkel song ""America"". Answer some questions about your travels, for 10 points each:",
2020 ERIS,1,1,A,It took you four days to hitchhike to Pittsburgh from this state's city of Saginaw. This state's other cities include Detroit and Grand Rapids.,Michigan
2020 ERIS,1,1,B,"You boarded a Greyhound and traveled east on I-76 through this state through its Allegheny Mountains. This state’s capital lies on the Susquehanna River, which flows through its eastern part.",Pennsylvania
2020 ERIS,1,1,C,"You're counting the cars on this state's turnpike as you realize that they've all come to look for America. Along the way, you might have driven through this state's cities of Elizabeth and Newark.",New Jersey
2020 ERIS,1,2,L,This artist depicted Saint Stephen and Saint Augustine entombing Don Gonzalo Ruiz in his painting The Burial of the Count of Orgaz. For 10 points each:,
2020 ERIS,1,2,A,"Name this artist who also painted a famous landscape of his hometown, titled View of Toledo. He is commonly known by a name indicating his country of birth.",El Greco [or Domenikos Theotokópoulos]
2020 ERIS,1,2,B,"Although he was born in Greece, El Greco lived in this country. Diego Velasquez was a court painter of this country's king Philip IV, who ruled both it and its neighboring country, Portugal.",Spain [or España]
2020 ERIS,1,2,C,This is the most famous painting by Velasquez. It shows the young Spanish princess Margaret Theresa in Velasquez's studio surrounded by an entourage including two maids as well as Velasquez himself painting on a huge easel.,"Las Meninas [or The Ladies in Waiting, or The Maids of Honor]"
2020 ERIS,1,3,L,This empire's expansion into Eastern Europe culminated with its unsuccessful 16th-century siege of Vienna. For 10 points each:,
2020 ERIS,1,3,A,Name this Islamic empire ruled by sultans such as Suleiman the Magnificent. It conquered Constantinople from the Byzantines in 1453 and was dissolved after World War I.,Ottoman Empire
2020 ERIS,1,3,B,"This modern-day Balkan country staged a decades-long revolt against Ottoman rule in the 15th century led by Skanderbeg. In the 20th century, it was ruled by the dictator Enver Hoxha (HOE-juh).",Albania [or Shqipëria]
2020 ERIS,1,3,C,"Shortly before its dissolution, the Ottoman Empire perpetrated a genocide against this ethnic group, in which around 1.5 million people were killed. This is the majority ethnic group in a modern-day country that borders Turkey to its east.",Armenians [or Hayer]
2020 ERIS,1,4,L,"Czesław Miłosz (CHESS-woff MEE-woash) wrote that ""those who expected lightning and thunder / are disappointed"" in a poem he wrote titled ""A Song on [this event]"". For 10 points each:",
2020 ERIS,1,4,A,"Describe this event which one poem predicted would occur ""not with a bang but a whimper"". Another poet wrote that ""some say [this event will occur] in fire / some say in ice"".",the end of the world [accept any alternate phrasings like the world will end or reasonable equivalents like the apocalypse or armageddon or eschaton]
2020 ERIS,1,4,B,"This American poet wrote ""Fire and Ice"". In another poem, he wrote that ""I have promises to keep / and miles to go before I sleep / and miles to go before I sleep"".",Robert [Lee] Frost
2020 ERIS,1,4,C,"This other poet wrote ""this is the way the world ends / this is the way the world ends / this is the way the world ends / not with a bang but a whimper"" in The Hollow Men. He also opened his poem The Waste Land by declaring that ""April is the cruelest month"".",T. S. Eliot [or Thomas Stearns Eliot]
2020 ERIS,1,5,L,These clouds often exhibit a characteristic anvil shape caused by wind shear in the upper atmosphere. For 10 points each:,
2020 ERIS,1,5,A,"Name these large, tall clouds which can produce extreme weather such as intense thunderstorms. Their name comes from the Latin for ""heaped rainstorm"".",cumulonimbus clouds [do NOT accept or prompt on “cumulus” or “nimbus”]
2020 ERIS,1,5,B,"In August 2020, the National Weather Service issued its first ever warning for a tornado produced by a pyrocumulonimbus cloud, a special kind of thundercloud created by the warm air given off by these events.",wildfires [accept answers like forest fires]
2020 ERIS,1,5,C,"The fire tornado occurred in this state's Lassen County. This state has been repeatedly afflicted by wildfires in recent years, especially around its Bay Area and its capital of Sacramento.",California
2020 ERIS,1,6,L,"This myth system's storm god, Susano-o, once threw a flayed horse at his sister, leading to her hiding in a cave. For 10 points each:",
2020 ERIS,1,6,A,Name this Japanese myth system. Its deities are known as kami and its shrines often feature gates called torii.,Shintoism
2020 ERIS,1,6,B,"Many Shinto shrines feature large examples of these objects, called shimenawa in Japanese, which are tied around areas in which kami are believed to reside. They are typically made of rice straw or hemp and can be several feet thick.",ropes
2020 ERIS,1,6,C,"A special shimenawa known as a tsuna is worn by yokozuna, the highest-ranked competitors in a Japanese form of this sport called sumo, during formal ceremonies in which they stomp demons out of the ring.",wrestling
2020 ERIS,1,7,L,"This poet is known for a collection in which he says ""Let my country awake."" For 10 points each:",
2020 ERIS,1,7,A,Name this poet who is best known for his collection Gitanjali. He also wrote the lyrics to the song “Jana Gana Mana”.,Rabindranath Tagore
2020 ERIS,1,7,B,"Tagore is from this country, where he was born in Kolkata and wrote in Bengali. Many novelists from this country write in either English or Hindi.",India [or Bhārat Ganarajya]
2020 ERIS,1,7,C,“Jana Gana Mana” is used as one of these songs in India. Other examples of these songs include “La Marseillaise” (mar-say-EZ) and “God Save the Queen”.,national anthems
2020 ERIS,1,8,L,"This organelle comes in ""rough"" and ""smooth"" forms. For 10 points each:",
2020 ERIS,1,8,A,Name this organelle which is continuous with the nuclear envelope. Both types of this organelle help with the synthesis of lipids.,endoplasmic reticulum [or ER]
2020 ERIS,1,8,B,"The rough endoplasmic reticulum is studded with these cell structures, which have small and large subunits and are the sites of translation.",ribosomes
2020 ERIS,1,8,C,"Ribosomes synthesize proteins based on codons, which are strings of this many DNA base pairs which encode a specific amino acid.",three
2020 ERIS,1,9,L,Albert Camus (al-BAIR cuh-MOO) wrote a philosophical essay titled for The Myth of this figure. For 10 points each:,
2020 ERIS,1,9,A,"Name this mythical king of Corinth who twice cheated Death. As punishment in Hades, Zeus condemned this man to the impossible task of rolling a boulder up a hill for eternity.",Sisyphus [or Sisyphos]
2020 ERIS,1,9,B,"In the opening scene of the film Raiders of the Lost Ark, this character escapes from a temple while being chased by a giant rolling boulder. This fedora-wearing archaeologist was played by Harrison Ford.","Indiana Jones [accept either underlined portion; accept Dr. Henry [Walton] Jones, Jr.; prompt on Henry alone; prompt on Indy]"
2020 ERIS,1,9,C,"This artist's song ""Like a Rolling Stone"" appears on his 1965 album Highway 61 Revisited. This Nobel laureate's other folk songs include ""Hurricane"" and ""The Times They Are A-Changin'.""",Bob Dylan [or Robert Allen Zimmerman]
2020 ERIS,1,10,L,"These phenomena were first discovered by the LIGO observatories in Hanford, Washington and Livingston, Louisiana. For 10 points each:",
2020 ERIS,1,10,A,Identify these disturbances in the curvature of spacetime. They are released as the energy from decaying orbits of two massive objects.,gravitational waves [or gravity waves; prompt on just waves]
2020 ERIS,1,10,B,"Gravitational waves were predicted in this man's general theory of relativity. This man is more well known for relating mass to energy in his equation e=mc^2 (""e equals m c squared"").",Albert Einstein
2020 ERIS,1,10,C,"The L in LIGO stands for this type of light-generating device, which was used in the experiment that discovered gravitational waves. These objects may undergo population inversion and create a beam of light through stimulated emission.",lasers
2020 ERIS,1,11,L,The world's largest KFC is located in this city's former Sabunçu railway station. For 10 points each:,
2020 ERIS,1,11,A,"Name this city located on the Absheron Peninsula, the capital of Azerbaijan.",Baku [or Bakı]
2020 ERIS,1,11,B,"Baku lies on this body of water, which is the largest lake in the world despite being called a ""sea"". The Volga flows into this body of water, which separates the Caucasus from Central Asia.","the Caspian Sea [or Xəzər dənizi, or Kaspiy dengizi, or Daryā-e Khazar]"
2020 ERIS,1,11,C,"Uzbekistan, a country on the eastern shore of the Caspian Sea, is a major producer of this crop. During the pre-war American South, slaves were often forced to work harvesting this crop on large plantations.",cotton
2020 ERIS,1,12,L,The third law of thermodynamics says that this value is a well-defined constant at absolute zero. For 10 points each:,
2020 ERIS,1,12,A,"Name this measure of ""disorder"" in a system. It is typically symbolized S.",entropy
2020 ERIS,1,12,B,"According to the second law of thermodynamics, the amount of entropy in a closed system must obey this general trend. A description is acceptable.","it increases [accept obvious equivalents and answers like ""it does not decrease""]"
2020 ERIS,1,12,C,"In statistical mechanics, entropy is equal to the log of the number of microstates times this man’s namesake constant, which is equal to about 1.38 times 10 -23 joules per kelvin. This scientist also co-names a distribution for particle speeds in gas with Maxwell.",Ludwig Boltzmann
2020 ERIS,1,13,L,"Answer these questions about the history of Tunisia, for 10 points each:",
2020 ERIS,1,13,A,"At the beginning of the Arab Spring, Mohamed Bouazizi performed this specific action in protest against the Tunisian dictatorship. The Vietnamese Buddhist monk Thích Quảng Đức (teek kwang deek) famously performed this action to protest the Vietnam War after covering himself in gasoline. A description is acceptable.","self-immolation [accept anything about lighting himself on fire; prompt on suicide or equivalent answers by asking ""in what manner did he kill himself?""]"
2020 ERIS,1,13,B,"Tunisia is also home to the ruins of this city, which was razed to the ground and its inhabitants sold into slavery after losing the Third Punic War to the Roman Empire. During the Second Punic War, its forces were led by Hannibal.",Carthage [or Carthago or Qrt-Hdšt or Qart-Ḥadašt]
2020 ERIS,1,13,C,"Cato the Elder, a member of the Roman Senate, argued for war with Carthage by ending all his speeches in the Roman senate with this specific phrase, regardless of whether it was relevant to the ongoing debate, for multiple years until war was eventually declared.","""Carthago delenda est"" [or ""Carthage must be destroyed"", or ""Ceterum autem censeo Carthaginem esse delendam"", or ""Furthermore, I consider that Carthage must be destroyed"", or other reasonable English translations like ""Carthage is to be destroyed""]"
2020 ERIS,1,14,L,"Benny Goodman, the ""King of Swing"", played this woodwind instrument. For 10 points each:",
2020 ERIS,1,14,A,"Name this single-reed woodwind instrument also played by Artie Shaw. Most professional players of this instrument must own two, one tuned to B-flat, the most common, and another tuned to A.",clarinet
2020 ERIS,1,14,B,The clarinet plays the opening glissando of this George Gershwin piece composed for solo piano and jazz band.,Rhapsody in Blue
2020 ERIS,1,14,C,"The clarinet was largely replaced in jazz ensembles by this iconic jazz instrument, typically featuring a U-bend and a tilted bell and made out of brass. It was played by stars such as Charlie Parker and Cannonball Adderley.","saxophone [accept alto saxophone, since Parker and Adderley both were primarily alto players, but also generously accept tenor saxophone]"
2020 ERIS,1,15,L,"Answer the following about the history of Argentina, for 10 points each:",
2020 ERIS,1,15,A,"This former Argentinian president was overthrown in a 1955 coup, only to return to power in 1973. His wife Eva was also a widely popular figure before her 1952 death.",Juan Domingo Perón
2020 ERIS,1,15,B,"Perón spent his exile in this country. This European country originally colonized Argentina, and its language is spoken there.","Kingdom of Spain [or the Spanish State, or el Reiño de España, or el Estada Español]"
2020 ERIS,1,15,C,"Juan Perón’s government was notorious for providing protection to members of this political party, such as Josef Mengele, fleeing prosecution for war crimes.","Nazi Party [or NSDAP, or the National Socialist German Worker's Party, or the Nationalsozialistische Deutsche Arbeiterpartei]"
2020 ERIS,1,16,L,The first humans to reach the summit of this peak were two Italians named Lino Lacedelli and Achille Compagnoni. For 10 points each:,
2020 ERIS,1,16,A,"Name this second-tallest mountain in the world. Found in the Karakoram range, this mountain is nicknamed ""the Savage Mountain"" because it is notoriously difficult to climb.",K2 [or Mount Godwin-Austen; accept Chogori]
2020 ERIS,1,16,B,"K2 is located at the border between China and this Muslim-majority country, in which Urdu is a lingua franca and Punjabi the most common first language.",Islamic Republic of Pakistan [or Islāmī Jumhūriyah Pākistān]
2020 ERIS,1,16,C,"The tallest mountain in the world, Mount Everest, is located in this other South Asian mountain range that lends its name to a type of pink salt. It forms the border between Nepal and China.",the Himalayas [accept Himalayan pink salt]
2020 ERIS,1,17,L,"This author's A Study in Scarlet introduced his most famous character, who works together with Dr. Watson. For 10 points each:",
2020 ERIS,1,17,A,"Identify this British author of novels and short stories such as ""The Final Problem"", in which the protagonist plunges to his death off the Reichenbach Falls along with his mortal enemy, Professor Moriarty.",Sir Arthur Conan Doyle
2020 ERIS,1,17,B,"Arthur Conan Doyle created this brilliant detective, the companion of Dr. Watson and enemy of Moriarty. He was played by Benedict Cumberbatch in a recent television adaptation of some of Doyle's stories.",Sherlock Holmes [accept either underlined portion]
2020 ERIS,1,17,C,"Public outcry after Holmes's apparent death in ""The Final Problem"" prompted Doyle to bring him back for this novel, in which Holmes and Watson investigate murders supposedly committed by a demonic animal in Dartmoor.","The Hound of the Baskervilles [do NOT accept or prompt on “The Hounds of Baskerville”— that’s an episode of the TV show Sherlock, not a novel]"
2020 ERIS,1,18,L,"During one of this general's campaigns, railroad ties were melted and twisted into loops to render them unusable. For 10 points each:",
2020 ERIS,1,18,A,"Name this US general who led a scorched-earth ""March to the Sea"" through Georgia during the Civil War.",William Tecumseh Sherman
2020 ERIS,1,18,B,"Sherman's March to the Sea began with the burning of this Southern city, the capital of Georgia.",Atlanta
2020 ERIS,1,18,C,"After the March to the Sea, Sherman issued Special Field Orders No. 15, which included orders to distribute land and farm animals to freed black families, as exemplified by this phrase which is often used as a slogan for slavery reparations.","""forty acres and a mule"""
2020 ERIS,1,19,L,These expressions can be simplified by factoring them. For 10 points each:,
2020 ERIS,1,19,A,Name these expressions which combine variables and coefficients using basic arithmetic operations. Quadratics and cubics are special cases of these expressions.,polynomials
2020 ERIS,1,19,B,This term refers to the largest exponent in a polynomial. The fundamental theorem of algebra says that a polynomial can have at most as many roots as this value for it.,degree
2020 ERIS,1,19,C,"A technique named for this man, his ""rule of signs"", can be used to find the number of positive real roots of a polynomial. This French mathematician is also the namesake of the standard coordinate plane.",René Descartes (day-CART) [accept the Cartesian plane]
2020 ERIS,1,20,L,The Talmud contains a number of tales of the wickedness and inhospitality of this city's inhabitants. For 10 points each:,
2020 ERIS,1,20,A,"Name this Biblical city. God said that he would only spare this city if ten righteous people can be found there. Along with Gomorrah, this city was destroyed by fire and brimstone.",Sodom
2020 ERIS,1,20,B,This figure's wife is turned into a pillar of salt for looking back at Sodom while fleeing the city with him and their daughters.,Lot
2020 ERIS,1,20,C,"The tales of Sodom and Gomorrah occur in this first book of the Bible, which also tells the story of the creation of the world and Noah's Ark.",Book of Genesis [or Bereshit]
2020 ERIS,2,1,L,"The Airbus A380, the largest passenger airplane in the world, underwent cold-weather testing in this territory's capital of Iqaluit. For 10 points each:",
2020 ERIS,2,1,A,"Name this northernmost territory of Canada, which separated from its Northwest Territories in 1993. It is the only Canadian province in which the majority language is neither English nor French.",Nunavut
2020 ERIS,2,1,B,"Indigenous people in Nunavut are some of the few populations in the world who still legally hunt these animals. These animals' bowhead and minke types are hunted, sometimes with instruments such as harpoons.",whales [accept any specific types of whales]
2020 ERIS,2,1,C,"Along with Yukon and the Northwest Territories, Nunavut is one of the three Canadian territories to border this northernmost ocean in the world. The North Pole is located on this ocean, much of which is covered in sea ice year-round.",the Arctic Ocean
2020 ERIS,2,2,L,Objects float if their value for this quantity is less than water's. For 10 points each:,
2020 ERIS,2,2,A,"Identify this quantity equal to the mass of an object divided by its volume, measured in units like kilograms per cubic meter. The ratio of this value for a substance to its value for water is called specific gravity.",density [accept specific mass]
2020 ERIS,2,2,B,"Objects that have a lower density than water tend to float due to this force. When an object is placed inside of a fluid, this force will push back against that object, and this force is proportional to the amount of displaced fluid.",buoyancy [accept buoyant force]
2020 ERIS,2,2,C,"This man formulated a namesake law of buoyancy which states that the upward force of buoyancy is equal to the weight of displaced fluid. Apocryphally, he proclaimed ""Eureka!"" after realizing that his understanding of buoyancy allowed him to detect counterfeit metals.",Archimedes of Syracuse
2020 ERIS,2,3,L,A 2019 mass shooting at a mosque in this country's city of Christchurch made headlines worldwide. For 10 points each:,
2020 ERIS,2,3,A,Name this country currently led by Jacinda Ardern from its capital of Wellington.,New Zealand [or Aotearoa]
2020 ERIS,2,3,B,"New Zealand is known as ""Aotearoa"" in the language of this indigenous Polynesian ethnic group, who fought each other in the Musket Wars and signed the Treaty of Waitangi in 1840 with British colonizers.",Māori
2020 ERIS,2,3,C,"In 2015 and 2016, New Zealand undertook a pair of referendums on whether it should take this specific action, with ""no"" being the eventual result. Mississippi announced in 2020 that it would take this action in order to remove Confederate symbolism. A description is acceptable.",changing the flag [accept any obvious equivalents; accept answers like getting rid of the current flag]
2020 ERIS,2,4,L,This character delivers a lecture on optimism after Lisbon is destroyed by an earthquake and fire. For 10 points each:,
2020 ERIS,2,4,A,"Name this philosopher from a 1757 Voltaire novel who repeatedly claims that he is living in ""the best of all possible worlds.""",Dr. Pangloss
2020 ERIS,2,4,B,"Pangloss appears in this novel by Voltaire subtitled ""Optimism"". Its title character rejects Pangloss's optimism in the face of numerous hardships.","Candide [accept Candide, or Optimism; accept Candide, ou l’Optimisme]"
2020 ERIS,2,4,C,"Voltaire was an author and philosopher from this country during the Enlightenment period. His remains are contained in the Panthéon, a monument in its capital, along with Victor Hugo and Alexandre Dumas, two other authors from this country.",France
2020 ERIS,2,5,L,"This composer said that he was ""forced to become original"" because he was employed by a wealthy family on a remote estate. For 10 points each:",
2020 ERIS,2,5,A,"Name this composer who wrote over 100 symphonies, including the Farewell, Surprise, and London symphonies. He is considered the father of both the symphony and the string quartet.",Joseph Haydn
2020 ERIS,2,5,B,"This other composer's Unfinished Symphony only has two movements. He wrote ""Death and the Maiden"" and the Rosamunde Overture and died at age 31 from typhoid fever or syphilis.",Franz Schubert
2020 ERIS,2,5,C,"Haydn and Schubert were both from this European country, whose cities of Salzburg and Vienna have produced several famous composers.",Austria [or Österreich]
2020 ERIS,2,6,L,"Answer the following about the political career of Franklin D. Roosevelt, for 10 points each:",
2020 ERIS,2,6,A,"Before becoming president, FDR served as governor of this state, where he led from its capital of Albany.",New York
2020 ERIS,2,6,B,"FDR was the running mate for James Cox in the 1920 presidential election, which Cox lost to this man who was later implicated in the Teapot Dome scandal.",Warren [Gamaliel] Harding
2020 ERIS,2,6,C,"In 1932, FDR defeated this man to become president. This president’s administration oversaw the beginning of the Great Depression, for which he was widely unpopular.",Herbert [Clark] Hoover
2020 ERIS,2,7,L,"In 2018, Kyrsten Sinema narrowly defeated Martha McSally in this state's U.S. Senate race. For 10 points each:",
2020 ERIS,2,7,A,Name this state where former congresswoman Gabby Giffords was shot in Tucson in 2011.,Arizona
2020 ERIS,2,7,B,"Despite McSally's loss in the election, she would be appointed to the Senate two months later after this long-time Arizona senator and 2008 Republican presidential candidate died of brain cancer.",John [Sidney] McCain [III]
2020 ERIS,2,7,C,"In 2020, McSally lost in a special election against this Democrat, a former astronaut and the husband of Gabby Giffords.",Mark [Edward] Kelly
2020 ERIS,2,8,L,"The presence of the Rh factor protein determines whether humans have a ""positive"" or ""negative"" type of this trait. For 10 points each:",
2020 ERIS,2,8,A,"Name this trait determined by which of two antigens, or both or neither, are found on the surface of certain cells.",blood type [or blood group]
2020 ERIS,2,8,B,"The antigens that determine blood type can be found on red blood cells, which carry oxygen from the lungs and this gas to the lungs. Humans exhale this gas, which has the formula CO2 .",carbon dioxide [accept CO2 before mentioned]
2020 ERIS,2,8,C,"People with this blood type are known as ""universal donors"" because, in blood transfusions, blood of this type can be given to anyone, regardless of what blood type the recipient has.","O- [or O negative or O minus; prompt on O; do not accept or prompt on ""O+"" or “O positive” or “O plus”]"
2020 ERIS,2,9,L,Alternating light and dark bands on these objects are called ogives. For 10 points each:,
2020 ERIS,2,9,A,"Identify these large structures which often form in polar regions and high mountain ranges. Their movement can leave moraines, eskers, and other geological formations.",glaciers
2020 ERIS,2,9,B,Glaciers are primarily comprised of this substance. Climate change has caused some glaciers to shrink in size as this substance melts into water and flows away.,ice
2020 ERIS,2,9,C,"These large boulders are a common feature of the landscape in regions historically covered by glaciers. They can weigh hundreds of tons, and are deposited by retreating glaciers which picked them up during their advance.",glacial erratics
2020 ERIS,2,10,L,This literary movement's works include William S. Burroughs's Naked Lunch. For 10 points each:,
2020 ERIS,2,10,A,"Name this literary ""generation"" that included Jack Kerouac and the author of the poem ""Howl,"" Allen Ginsberg.",Beat Generation [accept Beatniks]
2020 ERIS,2,10,B,"Ginsberg's ""A Supermarket in California"" mentions seeing this poet ""eyeing the grocery boys."" This poet wrote ""I Sing the Body Electric"", ""Crossing Brooklyn Ferry"", and ""O Captain! My Captain!"".",Walt Whitman
2020 ERIS,2,10,C,Whitman’s “O Captain! My Captain!” was an elegy to this president who led the U.S. through the Civil War.,Abraham Lincoln [or Abe Lincoln]
2020 ERIS,2,11,L,"The Ancient Greeks referred to the Straits of Gibraltar as the ""Pillars"" of this hero. For 10 points each:",
2020 ERIS,2,11,A,"Name this hero whom Eurystheus tasked with performing twelve seemingly impossible labors, such as cleaning the Augean Stables.",Heracles [or Hercules]
2020 ERIS,2,11,B,"Heracles' first task was to kill this beast, whose golden fur was impervious to all weapons. He defeated it by strangling, and used its fur as his armor.",the Nemean Lion [prompt on lion]
2020 ERIS,2,11,C,"Another of Heracles' labors was to kill this many-headed serpent, which would grow multiple additional heads whenever one was chopped off. He slew it by burning the stumps after beheading it so they couldn't regrow.",the Lernean Hydra
2020 ERIS,2,12,L,This character saves his wife Sita from the demon Ravana. For 10 points each:,
2020 ERIS,2,12,A,"Name this title character of a Hindu epic, the seventh avatar of Vishnu. He teams up with the monkey Hanuman to rescue his wife.",Rama [or Ram or Ramachandra]
2020 ERIS,2,12,B,"The Ramayana is from this country, where it was originally written in Sanskrit. This largest Hindu-majority country is also the origin of the Mahābhārata.",India [or Bhārāt]
2020 ERIS,2,12,C,"The island kingdom of Ravana in the Ramayana is often identified with this island to the southeast of India, with which it shares a name. This island was formerly known as Ceylon by the British.",Sri Lanka
2020 ERIS,2,13,L,"Cosmo Hill, the orphaned protagonist of this man's book The Supernaturalist, is named for the street on which he was abandoned. For 10 points each:",
2020 ERIS,2,13,A,"Name this Irish author who also wrote And Another Thing..., a sequel to Douglas Adams's Hitchhiker's Guide to the Galaxy series. He is best known for a sci-fi/fantasy series whose title character discovers a race of technologically-advanced fairies.",Eoin Colfer
2020 ERIS,2,13,B,"This supergenius is the title character of that Eoin Colfer series. He is assisted by his bodyguard, Butler, and in the first book of the series he kidnaps the elf policewoman Holly Short in an attempt to extract a ransom of gold.",Artemis Fowl II [accept either underlined portion]
2020 ERIS,2,13,C,"In Artemis Fowl and the Arctic Incident, Artemis rescues his father, who was held captive by an organized crime group in this country’s far-northern port city of Murmansk, one of the few major cities on the northern coast of this massive country which contains the sparsely populated region of Siberia.","Russia [or the Russian Federation, or Rossiya]"
2020 ERIS,2,14,L,The television series Castle Rock is based on several of this man's short stories and novels. For 10 points each:,
2020 ERIS,2,14,A,Name this American horror writer who described Jack Torrance's descent into madness in his novel The Shining. He also wrote Cujo (cue-joe) and It.,Stephen King [or Stephen Edwin King]
2020 ERIS,2,14,B,"This 1986 film was adapted from King’s novella The Body, and sees four boys in Castle Rock, Oregon hike into the woods to find the body of a missing boy. Its stars included Wil Wheaton and River Phoenix.",Stand By Me
2020 ERIS,2,14,C,"Alice Munro, an author from this country, included stories like ""No Advantages"" in her book The View from Castle Rock. In another short story from this country, ""The Hockey Sweater"", a young boy is distraught when he is mistakenly shipped a Maple Leafs hockey jersey.",Canada
2020 ERIS,2,15,L,This chef brought many items to his interview on Hot Ones to combat spiciness such as lemon and lime juice. For 10 points each:,
2020 ERIS,2,15,A,"Name this celebrity chef, the host of Hell's Kitchen and Kitchen Nightmares, who is known for his fiery temper and expletive-laden outbursts.",Gordon Ramsay
2020 ERIS,2,15,B,"On Hot Ones, host Sean Evans and Ramsay ate ten spicy wings of this animal. Buffalo, New York is the home and namesake of a popular style of preparing this animal's wings.",chicken
2020 ERIS,2,15,C,"During the interview, Ramsay shouted out Alexander Weiss, the winner of the first American installment of this cooking competition for children. Ramsay has been a judge for this competition for seven seasons, as well as its adult counterpart.",MasterChef Junior [accept Junior MasterChef; prompt on MasterChef]
2020 ERIS,2,16,L,Georg Cantor showed that ℵ0 (aleph-null) was the cardinality of the smallest sets with this property. For 10 points each:,
2020 ERIS,2,16,A,"Name this property of sets that contain more elements than the value of any integer and can be said to go on ""forever"". It is represented by a symbol resembling a sideways eight.","infinite [accept equivalent word forms, such as infinity]"
2020 ERIS,2,16,B,"Cantor proved that this set of numbers is not countably infinite, making it a ""larger"" infinity than the set of integers. This set contains all the numbers on the number line, including rational and irrational numbers, and is represented with a double-struck R.",real numbers
2020 ERIS,2,16,C,A thought experiment attributed to David Hilbert explains the equivalence of seemingly differently-sized infinite sets by considering one of these buildings with an infinite number of rooms and showing that it can accommodate more people even if every room is full.,hotels [accept Hilbert's [Grand] Hotel]
2020 ERIS,2,17,L,This nation was the birthplace of Pope John Paul II. For 10 points each:,
2020 ERIS,2,17,A,"Name this European country whose longest river, the Vistula, runs through its capital of Warsaw.",Republic of Poland [or Rzeczpospolita Polska]
2020 ERIS,2,17,B,"Poland borders this large Northern European sea, which also borders countries like Estonia and Latvia. The Kiel Canal connects this sea to the North Sea, and the Øresund (OE-ah-sohn), a strait separating Denmark and Sweden, connects it to the Kattegat.",Baltic Sea
2020 ERIS,2,17,C,"The city of Częstochowa (CHEN-stuh-KHO-vah) in southern Poland is a famous Catholic pilgrimage site thanks to its “Black” painting of this figure. A shrine in Fátima, Portugal marks a location where this figure supposedly appeared to three children.","the Madonna [or the Virgin Mary, or Our Lady of Częstochowa, or Our Lady of Fátima]"
2020 ERIS,2,18,L,"A palace in this city contains portraits of all of its rulers except one, whose portrait was replaced by a black sheet as punishment for treason. For 10 points each:",
2020 ERIS,2,18,A,Name this Italian city at the end of the Adriatic Sea which was a merchant republic ruled by doges such as Enrico Dandolo and dominated Mediterranean commerce for centuries.,"the Most Serene Republic of Venice [or Venezia, or La Serenissimà]"
2020 ERIS,2,18,B,"The island of Murano, north of the main island of Venice, is renowned for its historical leadership in the production of this good. The Venetian government ordered all the manufacturers of this material to move to Murano in 1291, fearing that their furnaces would cause fires.",glass
2020 ERIS,2,18,C,"Venice contains hundreds of these artificial waterways, which are traversed by boats such as gondolas. The ""Grand"" one of these waterways divides Venice in half.",canals
2020 ERIS,2,19,L,Dmitri Mendeleev (men-duh-lay-ev) claimed to have developed this construct based on a vision he had in a dream. For 10 points each:,
2020 ERIS,2,19,A,Name this construct which organizes the building blocks of chemistry into rows and columns based on atomic weight and electron configuration. It currently has seven full rows comprising 118 entries.,periodic table of the elements
2020 ERIS,2,19,B,"These elements make up most of the center and left of the periodic table. They are typically grey in color, conduct electricity, and can be combined to form alloys. Examples include titanium and cobalt.",metals
2020 ERIS,2,19,C,These two sections of the periodic table are not classified into any of the 18 columns; instead they are typically offset into two separate rows under the rest of the table. Name either.,lanthanides OR actinides
2020 ERIS,2,20,L,The Rashidun caliphate spread Islam throughout much of the Middle East. For 10 points each:,
2020 ERIS,2,20,A,"The caliphate was mostly composed of tribes of this ethnic group. Egypt, Iraq, and Algeria have large populations of this ethnic group, for which the peninsula containing Oman and Yemen is also named.",Arabs [generously accept word forms like Arabic or Arabian]
2020 ERIS,2,20,B,"The caliphate conquered Syria and the Levant region from this empire, ruled by Heraclius at the time. This empire was also known as the Eastern Roman Empire and was led from Constantinople.",Byzantine Empire [accept Byzantium]
2020 ERIS,2,20,C,"Following a civil war, the Rashidun Caliphate was replaced by a caliphate led by this dynasty, which eventually established itself in Spain even after its overthrow by the Abbasids.","the Umayyads [or al-ʾUmawīyūn, or Banū ʾUmayyah]"
2020 ERIS,3,1,L,"A distributed computing project called ""[this process] @home"" attempts to study how this process occurs. For 10 points each:",
2020 ERIS,3,1,A,"[10] Name this process that forms the three-dimensional structure of macromolecules such as insulin and hemoglobin. In it, long chains of peptides are assembled into complex shapes.",protein folding
2020 ERIS,3,1,B,[10] Protein folding begins with this level of protein structure which refers to its sequence of amino acids. This level precedes the secondary and tertiary structures.,primary structure
2020 ERIS,3,1,C,"[10] Mistakes in protein folding can lead to the formation of these misfolded proteins, which can cause neurodegenerative diseases such as mad cow disease or Creutzfeldt-Jakob (CROYTS-felt YAH-kub) syndrome.",prions
2020 ERIS,3,2,L,One painter from this country created The Night Watch. For 10 points each:,
2020 ERIS,3,2,A,"[10] Name this country home to artists like Rembrandt van Rijn (van RINE), who moved from Leiden to its capital of Amsterdam.",the Netherlands [or Nederland; accept Holland]
2020 ERIS,3,2,B,[10] This Dutchman depicted his hometown in his View of Delft. He also created The Milkmaid and Girl with a Pearl Earring.,Jan Vermeer
2020 ERIS,3,2,C,[10] This other Dutchman collaborated with his brother Hubert on the Ghent Altarpiece. He painted the Arnolfini Wedding.,Jan van Eyck
2020 ERIS,3,3,L,This city's suburb of Tonawanda was among the cities studied by Soviet cartographers to determine how American industry worked. For 10 points each:,
2020 ERIS,3,3,A,"[10] Name this Western New York city on the northeast corner of Lake Erie. The Peace Bridge connects this city to Fort Erie, Ontario.",Buffalo
2020 ERIS,3,3,B,"[10] This massive waterfall lies about 20 miles northwest of Buffalo, and gives its name to cities in both New York and Ontario. It is the largest waterfall in the U.S. by flow rate.",Niagara Falls
2020 ERIS,3,3,C,"[10] Sports fans in Buffalo are known for their passionate support for the Buffalo Bills, who play in this professional league which also includes the New England Patriots and the Denver Broncos.",the NFL [or the National Football League]
2020 ERIS,3,4,L,"Answer some questions about the astronomical catalog of Charles Messier (sharl ""messy""-AY), for 10 points each:",
2020 ERIS,3,4,A,"[10] Messier catalogued 110 astronomical objects, including many of these masses of trillions of stars, which can come in elliptical and irregular shapes, among others, and often have supermassive black holes at their center.",galaxies
2020 ERIS,3,4,B,"[10] The 24th entry in the catalogue is a “star cloud” located in this constellation, which is also home to the black hole at the center of the Milky Way. Its name comes from the Latin for “archer”.",Sagittarius
2020 ERIS,3,4,C,"[10] The 45th entry in the Messier catalogue, and the closest to Earth, is this star cluster easily visible to the naked eye and also called the Seven Sisters.",the Pleiades
2020 ERIS,3,5,L,"This governor attempted to block black students from enrolling at his state's flagship university in the ""Stand in the Schoolhouse Door."" For 10 points each:",
2020 ERIS,3,5,A,"[10] Name this Democrat who vowed to enforce ""segregation now, segregation tomorrow, and segregation forever"" in a 1963 inaugural address.","George Wallace [or George C[orley] Wallace, Jr.]"
2020 ERIS,3,5,B,[10] Wallace served as governor of this southern U.S. state for a total of sixteen years. Rosa Parks' arrest served as the catalyst for a bus boycott in this state's capital of Montgomery.,Alabama
2020 ERIS,3,5,C,"[10] During Wallace's first year in office, four African American girls were killed when the 16th Street Baptist Church in Birmingham was bombed by members of this organization. William J. Simmons helped revive this group in 1915.",the Ku Klux Klan [or the KKK; accept Klansmen or just the Klan]
2020 ERIS,3,6,L,"This country contains the Serengeti grassland, home to the second largest terrestrial animal migration in the world. For 10 points each:",
2020 ERIS,3,6,A,"[10] Name this nation, Kenya's southern neighbor, which also contains the highest point in its continent. Its capital was moved to Dodoma in 1996.",United Republic of Tanzania
2020 ERIS,3,6,B,[10] This dormant volcano in Tanzania is the highest mountain in Africa.,Mount Kilimanjaro
2020 ERIS,3,6,C,"[10] Tanzania has a significant coastline on this ocean, part of the greater ""Swahili Coast"" region next to it. The Bay of Bengal and the Arabian Sea are separated by the country this ocean is named for.",Indian Ocean
2020 ERIS,3,7,L,"For 10 points each, answer the following about various affairs of Zeus:",
2020 ERIS,3,7,A,"[10] Zeus abducted this woman, King Minos’s mother, in the form of a bull. Her brother Cadmus brought the alphabet to Greece.",Europa [or Eurṓpē]
2020 ERIS,3,7,B,"[10] Zeus was once married to Thetis, a leader of the Nereids who gave birth to this warrior. Thetis dipped him in the River Styx, causing him to be invulnerable except for his heel.",Achilles
2020 ERIS,3,7,C,"[10] Zeus employed this nymph to distract Hera during his affairs with lengthy conversations, leading Hera to curse her to only repeat the last words said to her. She eventually fell in love with Narcissus.",Echo
2020 ERIS,3,8,L,The area of one of these shapes can be calculated by multiplying half of the base with the height. For 10 points each:,
2020 ERIS,3,8,A,[10] Name these polygons with three sides. Their interior angles always sum to 180 degrees.,triangles [or 3-gons]
2020 ERIS,3,8,B,[10] This term refers to the line segment connecting a vertex to the midpoint of the opposite side of a triangle.,median
2020 ERIS,3,8,C,[10] This point is the intersection of the three medians of a triangle. It is also the triangle's center of gravity.,centroid
2020 ERIS,3,9,L,"This character is repeatedly taunted with declarations of ""sucks to your ass-mar"". For 10 points each:",
2020 ERIS,3,9,A,[10] Identify this character who is killed when Roger drops a boulder on him. His glasses are stolen by Jack to establish his group's power.,Piggy
2020 ERIS,3,9,B,[10] Piggy is a character in this novel by William Golding in which a group of schoolboys are stranded on a deserted island.,Lord of the Flies
2020 ERIS,3,9,C,"[10] Piggy's glasses are stolen because they are the only object on the island capable of this task. After Jack's tribe is unexpectedly successful at using the glasses for this task, a passing ship sees the resulting smoke and rescues the children.",starting a fire [accept anything indicating setting things on fire or similar descriptions]
2020 ERIS,3,10,L,H.P. Lovecraft was inspired by this author's The House of the Seven Gables. For 10 points each:,
2020 ERIS,3,10,A,[10] Name this American author who wrote about the child Pearl and Hester Prynne.,Nathaniel Hawthorne
2020 ERIS,3,10,B,"[10] This other American author said that Hawthorne ""shoots his strong New England roots into the deep soil of my Southern soul"" in one of several thinly-veiled love letters. He is better known for writing Moby-Dick.",Herman Melville
2020 ERIS,3,10,C,[10] Moby-Dick depicts the crew of the Pequod hunting a massive white one of these animals.,whales [accept sperm whales]
2020 ERIS,3,11,L,One author from this country penned The Good Soldier Švejk (shvayk). For 10 points each:,
2020 ERIS,3,11,A,"[10] Name this Central European country home to authors such as Jaroslav Hašek (YAR-oh-sloff HAH-sheck) and Milan Kundera, who wrote The Unbearable Lightness of Being, depicting life under communist rule in this country.","the Czech Republic [or Czechia, or Czechoslovakia]"
2020 ERIS,3,11,B,"[10] In The Good Soldier Švejk, the title character sells these animals. The title character of Jack London's White Fang is one of these animals.",dogs [accept wolfdog]
2020 ERIS,3,11,C,"[10] Czech author Vaclav Havel (VAHTS-loff HAH-vel) wrote a play titled for one of these events in a garden. Harold Pinter wrote an absurdist play titled for a ""birthday"" one of these events.",a party [accept The Garden Party; accept The Birthday Party]
2020 ERIS,3,12,L,"Answer the following about the American musical duo 100 Gecs, for 10 points each:",
2020 ERIS,3,12,A,"[10] The most famous 100 Gecs song is titled for a machine of this material. Types of this stuff around the world include the rupee, the peso, and the dollar.",money [or currency; accept “Money Machine”]
2020 ERIS,3,12,B,"[10] The cover of 100 Gecs's album 1000 Gecs features one of these objects located in Algonquin, Illinois. Shel Silverstein wrote a book about a ""Giving"" one of these objects.",trees [accept The Giving Tree]
2020 ERIS,3,12,C,"[10] 100 Gecs is known for their use of autotune, like bands Attack Attack! and Abandon All Ships, which belong to a subgenre of metalcore named for this animal. These animals also appear in the music video for a Noisestorm song.",crabs [or crabcore; accept “Crab Rave”]
2020 ERIS,3,13,L,August 2019 legislation passed by this nation planned to downgrade the status of Jammu and Kashmir from statehood to union territory status. For 10 points each:,
2020 ERIS,3,13,A,[10] Name this nation governed from New Delhi. Narendra Modi is this nation's current Prime Minister.,India
2020 ERIS,3,13,B,"[10] India fought this neighboring country over Jammu and Kashmir. Benazir Bhutto served as Prime Minister of this nation, and she was assassinated after a political rally held in Rawalpindi.",Pakistan
2020 ERIS,3,13,C,"[10] This is the dominant religion of Jammu and Kashmir. As chief minister of Gujarat, Narendra Modi was criticized for his role in a spate of deadly riots against members of this religion, a minority religion in India.",Islam [accept word forms like Muslims]
2020 ERIS,3,14,L,"In the mnemonic OIL RIG, OIL represents this reaction. For 10 points each:",
2020 ERIS,3,14,A,"[10] Name this type of reaction, one of the half reactions of redox reactions, along with reduction. In this reaction, electrons are lost, while in reduction, electrons are gained.",oxidation
2020 ERIS,3,14,B,"[10] In one of these objects, redox reactions occur in the cathode and the anode, converting chemical energy to electrical energy. Examples of these include the 9 volt, AA, and AAA varieties.",battery [prompt on electrochemical cell]
2020 ERIS,3,14,C,[10] Many commercial batteries use this metallic element with atomic number 3 as an anode.,lithium [prompt on Li]
2020 ERIS,3,15,L,"Protesters in this leader's country's chanted for this man to ""have some tea"" after this leader was accused of having the tea of his political opponent Alexei Navalny poisoned. For 10 points each:",
2020 ERIS,3,15,A,"[10] Name this world leader, who recently gained the power to potentially stay in office until 2036 after his country voted for constitutional changes that extended term limits.",Vladimir [Vladimirovich] Putin
2020 ERIS,3,15,B,"[10] For years, Vladimir Putin has served as the president of this largest nation in the world by area.",Russia [or the Russian Federation; accept Rossiya]
2020 ERIS,3,15,C,"[10] Amid August 2020 protests in this country, Putin gave military support to this country's leader Alexander Lukashenko, who is often called ""Europe's last dictator.""",Republic of Belarus [or Respublika Belarus’]
2020 ERIS,3,16,L,"This empire engaged in ritualized ""flower wars"" with its neighbors. For 10 points each:",
2020 ERIS,3,16,A,[10] Identify this Mesoamerican empire whose capital was Tenochtitlan. They were defeated by Hernan Cortez.,"Aztec Empire [or the Triple Alliance, or ̄Ēxcān Tlatōlōyan]"
2020 ERIS,3,16,B,[10] This Aztec emperor exchanged gifts with Cortez at Cortez's first arrival before his eventual defeat.,"Moctezuma II [or Montezuma, or Motecuhzomatzin, or Motecuhzoma Xocoyotzin]"
2020 ERIS,3,16,C,"[10] Tenochtitlan is now the location of this city, the largest city in North America and the largest Spanish-speaking city in the world.",Mexico City [or Ciudad de México]
2020 ERIS,3,17,L,"Imelda Marcos, the wife of this country's leader Ferdinand Marcos, had more than 3,000 pairs of luxury shoes at the end of his reign. For 10 points each:",
2020 ERIS,3,17,A,"[10] Rodrigo Duterte is the current leader of this country, whose capital is Manila. America took possession of it after the Spanish-American War.",Republic of the Philippines [or Republika ng Pilipinas]
2020 ERIS,3,17,B,"[10] Once Marcos was exiled, he lived in this state, formerly known as the Sandwich Islands. They became an American possession after they were ruled by 5 kings named Kamehameha.",Hawai'i
2020 ERIS,3,17,C,"[10] Both Hawaii and the Philippines were settled by Austronesians, who are generally considered to have emigrated from this Asian island, where the Dutch East India Company established Fort Zeelandia. It was historically known as Formosa.",Taiwan
2020 ERIS,3,18,L,"During this holiday, observant Jews refrain from eating leavened bread products. For 10 points each:",
2020 ERIS,3,18,A,"[10] Name this Jewish holiday commemorating the exodus of the Israelites from Egypt. On this holiday, Jews participate in large family celebrations called seders (SAY-durz) that involve a series of specific rituals.",Passover [or Pesach]
2020 ERIS,3,18,B,[10] The Seder is conducted according to a script laid out in one of these books. The most commonly used one of these books in the U.S. is published every year by Maxwell House Coffee.,Haggadah [or Haggadot]
2020 ERIS,3,18,C,"[10] During the Seder, participants remove a drop of water from their cup with a fingertip while recounting each of this many plagues that were inflicted on the Egyptians. This is also the number of commandments that Moses received on Mount Sinai.",ten
2020 ERIS,3,19,L,This man names the SI unit of force. For 10 points each:,
2020 ERIS,3,19,A,[10] What English scientist developed calculus along with Gottfried Leibniz?,Sir Isaac Newton
2020 ERIS,3,19,B,"[10] This magnum opus of Newton lays out the beginnings of classical mechanics. Another book with this name, by Bertrand Russell and Alfred Whitehead, describes the axiomatic construction of mathematics.",Philosophiæ Naturalis Principia Mathematica
2020 ERIS,3,19,C,"[10] Newton also wrote a book about, and named for, this subfield of physics. It studied the effects of prisms and lenses, and argued that light was made up of particles called corpuscles.",optics
2020 ERIS,3,20,L,"In the Great Northern War, this country fought against a Russian-led coalition. For 10 points each:",
2020 ERIS,3,20,A,[10] Name this country whose possessions of Ingria and Estonia were captured during the war. It is led from Stockholm.,Sweden [or Sverige]
2020 ERIS,3,20,B,[10] This Swedish monarch was 17 when the coalition declared war; he went into exile after the disastrous Battle of Poltava.,Charles XII [accept Carolus Rex; prompt on Charles]
2020 ERIS,3,20,C,"[10] Charles XII returned and attempted to campaign against this country under Danish personal union; he attempted to besiege its cities of Trondheim and Fredricksten, but he died in battle.",Norway [or Norge]
2020 ERIS,4,1,L,This artist created a series of paintings showing haystacks through different seasons. For 10 points each:,
2020 ERIS,4,1,A,"[10] Name this Impressionist painter well known for his Water Lilies series, a set of depictions of his flower garden in Giverny (zhee-vair-NEE).",Claude Monet [or Oscar-Claude Monet; do NOT accept “Manet”]
2020 ERIS,4,1,B,[10] This other Impressionist painter painted The Absinthe Drinker and created portraits of bathers such as After the Bath.,Edgar Degas (day-GAH)
2020 ERIS,4,1,C,"[10] Degas also made numerous paintings of people doing this activity, often while wearing tutus and other equipment used for ballet, a form of this activity.",dancing
2020 ERIS,4,2,L,"This man wrote about Pierre Bezukhov and Natasha Rostova in his novel War and Peace, set during a Napoleonic invasion of his country. For 10 points each:",
2020 ERIS,4,2,A,[10] Name this author who also wrote The Death of Ivan Ilyich.,Leo Tolstoy [or Lev [Nikolayevich] Tolstoy]
2020 ERIS,4,2,B,"[10] Tolstoy was a native of this country, which Napoleon famously attempted to invade in the winter. Other authors from this country include Fyodor Dostoyevsky and Alexander Pushkin.","Russia [or the Russian Empire, or Rossiya]"
2020 ERIS,4,2,C,"[10] The title character of this Tolstoy novel commits suicide by train. It begins by declaring ""Happy families are all alike; every unhappy family is unhappy in its own way"".",Anna Karenina
2020 ERIS,4,3,L,"Answer some questions about 4-digit numbers which contain the digits 7 and 8 exactly twice each, for 10 points each:",
2020 ERIS,4,3,A,"[10] There are this many possible such numbers, equal to the value of 4 choose 2.",6
2020 ERIS,4,3,B,"[10] Two of the numbers, 7887 and 8778, are this kind of number which is the same written both forwards and backwards.",palindromes
2020 ERIS,4,3,C,"[10] All six numbers must be divisible by this smallest odd prime, because any number whose digits sum to a multiple of this number, like 12 or 39, must be divisible by this number.",3
2020 ERIS,4,4,L,"In one scene during this novel, John the Savage states that he claims the right to be unhappy, and at the end of the novel, he commits suicide in an abandoned lighthouse. For 10 points each:",
2020 ERIS,4,4,A,"[10] Name this novel set in a futuristic dystopia engineered to ensure constant happiness, with five social classes ranging from Alpha to Epsilon. Its protagonist Bernard Marx is exiled at the end of the book.",Brave New World
2020 ERIS,4,4,B,[10] This English author wrote Brave New World. Some of his other works include The Doors of Perception and Point Counterpoint.,Aldous [Leonard] Huxley
2020 ERIS,4,4,C,"[10] This real-life American industrialist is worshipped by the society of Brave New World, whose calendar counts the number of years since this man's automobile company produced its first Model T car off the assembly line.",Henry Ford [accept After Ford]
2020 ERIS,4,5,L,"This organ contains several regions called ""lobes"", including the frontal and parietal ones. For 10 points each:",
2020 ERIS,4,5,A,"[10] Name this organ located inside the skull, the center of the body's nervous system.",brain
2020 ERIS,4,5,B,"[10] This part of the brain derives its name from the Greek word for ""seahorse"". It is responsible for converting short-term to long-term memories, and humans contain two, one for each side of the brain.",hippocampus [or hippocampi]
2020 ERIS,4,5,C,"[10] Two other parts of the brain, Broca's area and Wernicke's (VER-nick-uh’s) area, are responsible for this ability, and damage to those areas can cause aphasia, in which they are unable to perform this ability successfully, instead producing meaningless gibberish or repeated syllables.",speech [or language or talking or really anything that refers to flapping your vocal cords and making sound come out of your mouth hole]
2020 ERIS,4,6,L,"This man lost reelection to Clement Attlee, and he once served as First Lord of the Admiralty. For 10 points each:",
2020 ERIS,4,6,A,"[10] Name this British Prime Minister who led the country during World War II. In a famous 1940 speech, he said he had nothing to offer but ""blood, toil, tears, and sweat"".",Sir Winston Churchill
2020 ERIS,4,6,B,"[10] Churchill was a member of this political party, one of the two major British political parties along with the Labour Party. Its name indicates its center-right policy positions, and its recent prime ministers have included Theresa May.",Conservative Party [or the Tories]
2020 ERIS,4,6,C,[10] Churchill resigned as First Lord of the Admiralty after this failed military campaign in the Dardanelles. The anniversary of the landings in this campaign is a national holiday in Australia and New Zealand.,Gallipoli campaign [accept Battle of Gallipoli; accept Battle of Çanakkale; prompt on the Dardanelles Campaign]
2020 ERIS,4,7,L,"One of these occurred on Good Friday in 1964 in Alaska, and a devastating one of these in 1906 caused days of fires in San Francisco. For 10 points each:",
2020 ERIS,4,7,A,"[10] Name these events in which tectonic plates interact, causing the release of seismic waves. They often cause the ground to shake and destroy buildings.",earthquakes
2020 ERIS,4,7,B,"[10] Earthquakes' intensity is measured by this logarithmic scale, which has largely been replaced by the moment magnitude scale. Earthquakes with a value of above 7.0 on this scale are considered ""major"".",Richter magnitude scale
2020 ERIS,4,7,C,[10] This term is used to describe the point on the Earth's surface directly above where an earthquake started. It is contrasted with the hypocenter.,epicenter
2020 ERIS,4,8,L,"The last king of this ethnic group, Cetshwayo kaMpande (thet-shwah-yo kaam-paan-day), was defeated by a colonial army. For 10 points each:",
2020 ERIS,4,8,A,"[10] Name this ethnic group, which today is the largest in South Africa. A province of South Africa is named for this ethnic group and Natal.",Zulu people [or amaZulu]
2020 ERIS,4,8,B,"[10] This early 19th century Zulu monarch developed the ""bull horn"" formation and a shorter style of spear as part of his massive military reformation. The expansion of his realm is argued to have triggered the Mfecane (m-fay-thaa-nay), a long period of social upheaval in southern Africa.",Shaka Zulu [or Shaka kaSenzangakhona]
2020 ERIS,4,8,C,"[10] The Zulu Kingdom was eventually defeated by this colonial power, whose armies were also involved in the Boer Wars in South Africa. This country's colonial possessions also included Nigeria, Canada, and Australia.","the British Empire [or the United Kingdom of Great Britain and Northern Ireland, or the UK, or Great Britain]"
2020 ERIS,4,9,L,"For 10 points each, answer the following about the work of economist Adam Smith:",
2020 ERIS,4,9,A,"[10] In The Wealth of Nations, Smith argued that division of this term makes workers more efficient. This term, a synonym for ""work"", is the total human activity required to produce a good.",labor
2020 ERIS,4,9,B,"[10] To illustrate the division of labor, Smith began The Wealth of Nations with an anecdote about visiting a factory for these objects, where every worker had a different job.",pins
2020 ERIS,4,9,C,"[10] Smith's ideas are foundational to this economic system, in which the means of production are privately owned and operated for a profit by corporations. It is often contrasted with communism, in which the means of production are public.","capitalism [accept word forms like capitalist; accept specific types of capitalism, such as free-market capitalism]"
2020 ERIS,4,10,L,"This planet was mathematically predicted to exist by Verrier, and was directly observed by Galle. For 10 points each:",
2020 ERIS,4,10,A,"[10] Name this 8th planet, the farthest from the Sun, slightly more massive than its ""twin"", Uranus.",Neptune
2020 ERIS,4,10,B,"[10] Neptune's largest natural satellite is this moon, which unusually orbits Neptune in the opposite direction from Neptune's rotation.",Triton
2020 ERIS,4,10,C,"[10] Triton's surface is mostly made up of the solid form of this element. The liquid form of this element, which boils at -320 degrees Fahrenheit, is often used as a coolant.",nitrogen [accept liquid nitrogen; prompt on N]
2020 ERIS,4,11,L,These people believe that the land contains spiritual tracks called songlines. For 10 points each:,
2020 ERIS,4,11,A,"[10] Name these people whose mythology includes the giant Rainbow Serpent, who swallows the Wawalag sisters and then regurgitates them to create the land in one creation myth.",Aboriginal people [or Aborigines; accept specific Aboriginal groups; accept but DO NOT OTHERWISE REVEAL answers like Australian Aboriginal people]
2020 ERIS,4,11,B,"[10] The Aboriginal people, whose groups include the Guugu Yimithirr (koo-koo yih-mih-ter), are native to this country. This landmass was colonized by British explorers who first established a settlement at what is now its largest city of Sydney.",Commonwealth of Australia
2020 ERIS,4,11,C,"[10] During the colonial period, many Aboriginal groups adopted myths of a white man with this name visiting Australia and changing the social order. An actual British captain with this name made the first European landing on Australia.",James Cook [or Captain Cook]
2020 ERIS,4,12,L,Answer the following about the classical influences on the alt-rock band Muse. For 10 points each:,
2020 ERIS,4,12,A,"[10] Muse's ""United States of Eurasia"" quotes a piece by this Polish composer of many nocturnes, the Minute Waltz, and the Fantaisie-Impromptu.",Frédéric [François] Chopin
2020 ERIS,4,12,B,[10] Muse was also influenced by this minimalist composer of the operas Einstein on the Beach and Satyagraha.,Philip Glass
2020 ERIS,4,12,C,"[10] Another of Muse's influences was Heitor Villa-Lobos, a composer from this country where he was born in Rio de Janeiro.",Brazil
2020 ERIS,4,13,L,"A geyser basin in this national park is home to the bright blue Grand Prismatic Spring, the largest hot spring in the United States. For 10 points each:",
2020 ERIS,4,13,A,"[10] Name this national park, which is home to a geyser named ""Old Faithful"" because it erupts at regular, predictable intervals.",Yellowstone National Park
2020 ERIS,4,13,B,"[10] The majority of Yellowstone National Park is in this least-populous U.S. state, with capital at Cheyenne.",Wyoming
2020 ERIS,4,13,C,"[10] This national park directly south of Yellowstone, the other national park in Wyoming, contains part of a valley called Jackson Hole. This park shares its name with its tallest mountain.",Grand Teton National Park
2020 ERIS,4,14,L,"In once song, this artist sings ""I like when you get mad / I guess I'm pretty glad that you're alone.'' For 10 points each:",
2020 ERIS,4,14,A,"[10] Name this artist known for her hits ""everything i wanted"" and ""bad guy"".",Billie Eilish [or Billie Eilish Pirate Baird O’Connell]
2020 ERIS,4,14,B,"[10] Eilish's ""you should see me in a crown"" was used on the soundtrack to the 2019 edition of this popular soccer video game by EA Sports. It shares its name with the world governing body for soccer.",FIFA [accept EA Sports FIFA or FIFA 19]
2020 ERIS,4,14,C,[10] Eilish also became the youngest person to write and perform a James Bond theme song when she was hired to produce the title track from this 2020 movie starring Daniel Craig as James Bond.,No Time to Die
2020 ERIS,4,15,L,"This man founded the computer company NexT after being kicked out of his own company by John Sculley, but he was eventually brought back as CEO. For 10 points each:",
2020 ERIS,4,15,A,[10] Name this co-founder of Apple who died from cancer in 2011.,Steve Jobs
2020 ERIS,4,15,B,"[10] Jobs was also an initial investor of this animation company, which was eventually acquired by Disney. At the beginning of this company's films, a lamp squishes the letter ""I"".",Pixar Animation Studios
2020 ERIS,4,15,C,"[10] Jobs worked with this other Apple cofounder, who developed the Apple I (""one"") and II (""two"") computers. On one occasion, Jobs used this man's work to get a $5,000 bonus from Atari while only paying him $350.",Steve Wozniak [accept Woz]
2020 ERIS,4,16,L,"For 10 points each, name these Revolutionary War battles:",
2020 ERIS,4,16,A,"[10] This battle was the last of the Revolutionary War, where Lord Cornwallis was defeated by George Washington and the Count de Rochambeau.",Battle of Yorktown
2020 ERIS,4,16,B,[10] These first two battles of the Revolutionary War were fought in towns outside Boston in 1775. Name either.,Battle[s] of Lexington and Concord [accept either or both underlined portions]
2020 ERIS,4,16,C,[10] George Washington secretly crossed the Delaware River and defeated the Hessians in this battle in New Jersey which occurred the day after Christmas.,Battle of Trenton
2020 ERIS,4,17,L,"If you go to the moon, your weight changes, but this quantity does not. For 10 points each:",
2020 ERIS,4,17,A,[10] Name this quantity measured in kilograms. Weight equals this quantity multiplied by gravitational acceleration.,mass
2020 ERIS,4,17,B,"[10] This vector quantity is equivalent to mass multiplied by velocity, and impulse measures the change of this quantity.","linear momentum [do NOT accept or prompt on ""angular momentum""]"
2020 ERIS,4,17,C,[10] This principle named for a German scientist posits that more knowledge about a particle's position means less knowledge about its momentum and vice versa.,Heisenberg uncertainty principle
2020 ERIS,4,18,L,This event was promoted by W. E. B. DuBois. For 10 points each:,
2020 ERIS,4,18,A,[10] Name this event in which millions of oppressed African Americans moved North because of the South's discriminatory practices during the middle of the 20th century.,the Great Migration
2020 ERIS,4,18,B,"[10] This organization promoted the Great Migration under the leadership of W. E. B. DuBois. This organization's field secretary, Medgar Evers, was murdered by Byron De La Beckwith, and its newspaper was known as The Crisis.",the NAACP [or the National Association for the Advancement of Colored People]
2020 ERIS,4,18,C,"[10] Medgar Evers was killed in this state, also the site of Emmett Till's murder. This state's capital lies at Jackson.",Mississippi
2020 ERIS,4,19,L,"In this book, an English professor nicknamed Bando arrives at Sam's house on Christmas Eve. For 10 points each:",
2020 ERIS,4,19,A,[10] Name this Jean Craighead George book where Sam Gribley leaves the city to live self-sufficiently in a treehouse in the forest.,My Side of the Mountain
2020 ERIS,4,19,B,"[10] Sam tames a peregrine bird of this type, which he names Frightful, to hunt for him.",peregrine falcons
2020 ERIS,4,19,C,[10] Sam leaves this state's largest city for its village of Delhi in its Catskill Mountains. F. Scott Fitzgerald's novel The Great Gatsby takes place on this state's Long Island.,New York
2020 ERIS,4,20,L,"This Biblical book opens with a letter to the Seven Churches of Asia, followed by a prophecy of the events that will precede the second coming of Jesus. For 10 points each:",
2020 ERIS,4,20,A,"[10] Name this last book of the Bible. In it, seven seals are opened and seven trumpets sounded, among other visions of the end of the world.","the Book of Revelation [or the Apocalypse of John; prompt on Apocalypse; do NOT accept or prompt on just “John”; do NOT accept or prompt on ""Revelations"" in the plural]"
2020 ERIS,4,20,B,"[10] In Revelation, the Scroll of God reveals this many horsemen of the apocalypse.",four
2020 ERIS,4,20,C,"[10] This is the last of the four horsemen of the apocalypse, and the only one to be explicitly named in Revelation. He comes on a pale horse.",Death [or Thanatos]
2020 ERIS,5,1,L,"This religion's only North American House of Worship is located in the Chicago suburb of Wilmette, Illinois. For 10 points each:",
2020 ERIS,5,1,A,[10] Name this religion founded by Baha'u'llah which is based from the Universal House of Justice. This religion believes in the equal validity of all other faiths and is symbolized by a nine pointed star.,Bahá'í faith
2020 ERIS,5,1,B,[10] The aforementioned Universal House of Justice is located on Mount Carmel in this country's city of Haifa.,State of Israel [or Medinat Yisra'el]
2020 ERIS,5,1,C,"[10] Bahá'ís must do the ""obligatory"" type of this religious action once a day. Muslims perform this action five times a day at specified times, which are called out by a muezzin.",prayers
2020 ERIS,5,2,L,"Rain, rain, go away, come again another day so some kids can answer some questions about you. For 10 points each:",
2020 ERIS,5,2,A,[10] The rain-shadow effect results in very dry regions on one side of these large geographical formations. These landforms block the movement of moisture-containing clouds over them; American examples include the Sierra Nevada and the Rockies.,mountains [or mountain ranges]
2020 ERIS,5,2,B,"[10] South Asia experiences an extremely rainy season during the middle of the year, which is given this name, which also refers to seasonal winds which blow moisture from the ocean to the Indian subcontinent.",monsoon
2020 ERIS,5,2,C,"[10] This regularly-occurring phenomenon can cause wet, rainy weather in the southern United States, along with dry, warm weather in Southeast Asia. Its most obvious sign is a horizontal band of warm Pacific ocean water.","El Niño [prompt on the Southern Oscillation or the ENSO by asking ""which phase of the oscillation?""]"
2020 ERIS,5,3,L,"For 10 points each, answer these questions about the attempted and successful killings of civil rights activists by the US government:",
2020 ERIS,5,3,A,"[10] At the behest of the FBI, this city's police department drugged young black activist Fred Hampton and shot him 99 times in his sleep. More recently, this city's police department has come under fire for running an extrajudicial ""black site"" at Homan Square.","Chicago, Illinois"
2020 ERIS,5,3,B,[10] The Chicago Police Department falsely claimed to the media that Hampton had been killed during a chaotic gunfight with members of this civil rights activist organization named for a type of wild cat. No such gunfight occurred.,the Black Panther Party
2020 ERIS,5,3,C,"[10] The FBI also sent this man a blackmail letter demanding that he commit suicide. This man delivered the ""I Have a Dream"" speech during the March on Washington.",Martin Luther King Jr. [accept MLK]
2020 ERIS,5,4,L,"In this novel, Meg Murry, Calvin and Charles Wallace discover the home of Mrs. Whatsit. For 10 points each:",
2020 ERIS,5,4,A,"[10] Name this first novel in which Mrs. Whatsit, Mrs. Who, and Mrs. Which transport Meg, Calvin and Charles through Space-Time, a novel by Madeleine L'Engle.",A Wrinkle in Time
2020 ERIS,5,4,B,"[10] In A Wrinkle In Time, the characters land on the planet Camazotz where they meet this main antagonist of the novel, who kidnaps Charles Wallace.",IT
2020 ERIS,5,4,C,[10] Meg and Calvin's parents in A Wrinkle in Time both have this general occupation also held by Marie Curie and Rosalind Franklin.,they are scientists [accept specific varieties of scientists]
2020 ERIS,5,5,L,Tofu and edamame are both made from this plant. For 10 points each:,
2020 ERIS,5,5,A,"[10] Name this nitrogen-fixing legume which is the most valuable U.S. agricultural export. A ""textured vegetable product"" made from this crop is a common meat substitute.",soybeans [or the soy plant or soya]
2020 ERIS,5,5,B,"[10] This company, which has been acquired by Bayer, made a genetically modified soybean that was immune to its Roundup pesticide and the first commercial potato plants that produced the insecticide Bt.",Monsanto
2020 ERIS,5,5,C,"[10] Soybeans are primarily grown in the U.S. in the Midwest, a region which is also noted for its production of this crop. This food can be eaten ""on the cob"" or processed into a namesake ""high fructose syrup"".",corn [or maize]
2020 ERIS,5,6,L,"This object may be referred to by a Talmudic passage discussing ""a star which appears once in seventy years that makes the captains of the ships err"". For 10 points each:",
2020 ERIS,5,6,A,[10] Name this short-period comet which becomes visible from Earth once every 76 years.,Halley's Comet [accept 1P/Halley; accept Edmund Halley]
2020 ERIS,5,6,B,"[10] This author was born in 1835, the same year Halley's Comet came, and said that he expected to go out with it. He did so, dying in 1910, after creating such characters as Tom Sawyer and Huck Finn.",Mark Twain [or Samuel [Langhorne] Clemens]
2020 ERIS,5,6,C,"[10] The earliest known depiction of Halley's Comet is on the Bayeux Tapestry, which depicts this battle in which William the Conqueror defeated Harold Godwinson and cemented his conquest of England.",Battle of Hastings
2020 ERIS,5,7,L,"In 2014, the Maine Supreme Court became the first state court in the country to establish a legal right to use these facilities in accordance with one’s gender identity. For 10 points each:",
2020 ERIS,5,7,A,"[10] Identify these facilities, which trans activist Gavin Grimm also won the right to access in another state in a lawsuit against the Gloucester County school board.",bathrooms [or restrooms or toilets or other obvious equivalents]
2020 ERIS,5,7,B,"[10] Grimm is a resident of this state, whose state legislature includes trans woman Danica Roem and which passed a namesake ""Values Act"" in 2020 granting sweeping legal protections to LGBT+ people.",Virginia
2020 ERIS,5,7,C,"[10] Roem's campaign was described as ""really, really boring"" for focusing heavily not on her gender but on her commitment to fix this problem on Route 28, an important commuter artery in her suburban district. Among the solutions she proposed to fix this problem were fewer stoplights and more overpasses.",traffic [accept anything involving road congestion or traffic jams or anything else about making cars go slow]
2020 ERIS,5,8,L,These phenomena's frequency is the inverse of their period. For 10 points each:,
2020 ERIS,5,8,A,"[10] Name these phenomena, examples of which include those carrying light and sound. These phenomena also occur on bodies of water, where they can hurt ships if they are sufficiently large.",waves
2020 ERIS,5,8,B,[10] This quantity is the magnitude of the maximum displacement from the equilibrium position during an oscillation and is always positive. It effectively measures the height of waves.,amplitude
2020 ERIS,5,8,C,"[10] When two waves collide, this phenomenon occurs. It has both ""constructive"" and ""destructive"" types and involves the waves affecting each other.",interference
2020 ERIS,5,9,L,"Gaia had many children with this deity, including a set of 6 pairs of twins. For 10 points each:",
2020 ERIS,5,9,A,"[10] Name this Greek primordial deity, father of the Titans, who was defeated by his son, Kronos. He is the personification of the sky, and is the only specifically Greek deity to have a planet named after them.","Uranus [or Ouranos, do not accept or prompt on ""Caelus""]"
2020 ERIS,5,9,B,"[10] These fifty-headed, many-armed giants, another set of children of Ouranos and Gaia, helped the Olympians overthrow the Titans. They included Cottus, Gyges, and Briares.",the Hekatonkheires [or the Hundred-Handed Ones or the Centimani]
2020 ERIS,5,9,C,"[10] According to Hesiod, the fight between Kronos and Ouranos led to the birth of this Greek goddess of love and beauty after Ouranos's blood dripped into the sea.","Aphrodite [do not accept or prompt on ""Venus""]"
2020 ERIS,5,10,L,"Richard Lawrence attempted to assassinate this president, but both of his pistols misfired. For 10 points each:",
2020 ERIS,5,10,A,[10] Name this American president who issued the Specie Circular and was nicknamed 'Old Hickory'.,Andrew Jackson
2020 ERIS,5,10,B,"[10] As president, Jackson signed the Indian Removal Act, which forcibly relocated Indian tribes to Oklahoma along this route.",Trail of Tears
2020 ERIS,5,10,C,"[10] Jackson won this battle during the War of 1812, which occurred after the Treaty of Ghent had been signed.",Battle of New Orleans
2020 ERIS,5,11,L,This ballet was first performed in 1877 in Moscow's Bolshoi Theater. For 10 points each:,
2020 ERIS,5,11,A,"[10] Name this ballet featuring Prince Siegfried and his lover Odette, who has a spell put on her by Von Rothbart, causing her to transform into one of the title birds.",Swan Lake [or Lebedinoye ozero]
2020 ERIS,5,11,B,[10] This Russian composer wrote Swan Lake in addition to The Nutcracker.,Pyotr Ilyich Tchaikovsky
2020 ERIS,5,11,C,"[10] During the first act of The Nutcracker, this object grows to a massive size as mice fill the room on the stroke of midnight.",the Christmas tree [prompt on tree]
2020 ERIS,5,12,L,"You are very excited about quizbowl and want to talk about it online. Answer some questions about how you might go about that, for 10 points each:",
2020 ERIS,5,12,A,"[10] You might read r/quizbowl (""R slash quizbowl""), one of the thousands of communities on this website where posts are upvoted and downvoted, with more popular posts rising to the top.",reddit.com
2020 ERIS,5,12,B,"[10] You might use this other communications platform for discussing quizbowl. In 2020, this company changed its motto from ""Chat for Gamers"" to ""Your place to talk"".",Discord
2020 ERIS,5,12,C,"[10] If you actually want to play quizbowl online, you might use this videoconferencing software that has become widely popular during the coronavirus pandemic. After early criticism over poor digital security features, it took a 90-day break from releasing non-security features to address concerns.",Zoom
2020 ERIS,5,13,L,Diophantine equations are those in which solutions are sought from this set. For 10 points each:,
2020 ERIS,5,13,A,"[10] Name this set of numbers, which are denoted by a double-struck Z. This set of numbers includes all of the whole numbers and their negatives.",integers
2020 ERIS,5,13,B,"[10] This theorem concerns a general class of Diophantine equations. It states that if you know the remainders when a number is divided by several integers, you can uniquely determine the remainder when that number is divided by their product.",Chinese remainder theorem
2020 ERIS,5,13,C,"[10] One of the most famous Diophantine equations is the subject of this French mathematician’s “last theorem”, which states that that the equation ""a to the n plus b to the n equals c to the n"" has no solutions in the integers if n is greater than 2 and was finally proved by Andrew Wiles in 1995.",Pierre de Fermat [accept Fermat’s Last Theorem]
2020 ERIS,5,14,L,This city's St. Stephen's Green contains a rock adorned with a statue of Oscar Wilde sassily reclining. For 10 points each:,
2020 ERIS,5,14,A,"[10] Name this European capital city on the River Liffey, whose other statues include one of the folk song figure Molly Malone, as well as a memorial to the victims of an 1840s potato famine.",Dublin [or Báile Atha Cliath]
2020 ERIS,5,14,B,"[10] Dublin is the capital of this country, from which millions of people emigrated to the United States during the potato famine.","Republic of Ireland [or Poblacht na hÉireann, or Éire]"
2020 ERIS,5,14,C,[10] One of these buildings on Dublin’s O’Connell Street is famous for serving as the headquarters of the Easter Rising. One of these buildings in New York City is engraved with a motto beginning “neither rain nor snow nor heat nor gloom of night”.,"post offices [or the General Post Office, or Oifig an Phoist]"
2020 ERIS,5,15,L,"This character describes Yorick as a ""fellow of infinite jest"" in its graveyard scene while holding up the latter's skull. For 10 points each:",
2020 ERIS,5,15,A,[10] Identify this title character of a Shakespeare play who attempts to expose King Claudius's treachery.,Hamlet
2020 ERIS,5,15,B,[10] This lover of Hamlet and daughter of Polonius drowns herself in the play's 4th act. She too gives her own soliloquy after Hamlet rejects her in a fit of madness.,Ophelia
2020 ERIS,5,15,C,"[10] Hamlet is an example of a Shakespearean tragedy, a genre of play contrasted with this other genre. This genre describes plays and other works intended to cause laughter or amusement, and modern performers like John Mulaney practice its ""stand-up"" variety.",comedy
2020 ERIS,5,16,L,This emperor killed his mother Agrippina the Younger and his first wife Octavia and forced Seneca the Younger to commit suicide for his alleged involvement in the Pisonian Conspiracy. For 10 points each:,
2020 ERIS,5,16,A,"[10] Name this Roman emperor who was the first emperor to commit suicide, after learning that he had been sentenced to death in absentia.","Nero [accept Nero Claudius Caesar Augustus Germanicus, but do NOT accept Claudius, Caesar, Augustus, or Germanicus alone]"
2020 ERIS,5,16,B,"[10] After the Great Fire of Rome, Nero singled out members of this religious group for persecution. Constantine the Great was the first emperor to convert to this religion, establishing the Roman state church which would eventually give rise to this religion's Catholic and Eastern Orthodox branches.",Christianity
2020 ERIS,5,16,C,"[10] Under the rule of Emperor Nerva, Christianity was recognized as a separate religion by making Christians exempt from the annual tax placed on members of this other religion. This religion's holiday of Tisha B'Av commemorates the destruction of its temple by the Romans.",Judaism [or word forms like Jewish or Jews]
2020 ERIS,5,17,L,"This short story ends shortly after its protagonist shrieks ""Villains! Dissemble no more! I admit the deed! Tear up the planks!"" For 10 points each:",
2020 ERIS,5,17,A,[10] Name this short story in which the protagonist confesses to murdering his landlord after hearing the title object beating under his floorboards.,"""The Tell-Tale Heart"""
2020 ERIS,5,17,B,"[10] This American author penned ""The Tell-Tale Heart."" He is also known for poems such as ""Annabel Lee"" and ""The Bells.""",Edgar Allan Poe
2020 ERIS,5,17,C,[10] This other story by Poe takes place at a masquerade ball hosted by Prince Prospero in order to hide from the title plague. A mysterious figure dressed as a victim of the disease arrives at the ball and kills the guests in this story.,"""The Masque of the Red Death"""
2020 ERIS,5,18,L,An uprising in this country's city of Timișoara (TEE-mee-shwah-rah) eventually led to the toppling of this country's dictator. For 10 points each:,
2020 ERIS,5,18,A,"[10] Name this Eastern European country which was led by Nicolae Ceaușescu (chow-SHESS-koo) until 1989, when he fled its capital and was executed by firing squad.",Romania
2020 ERIS,5,18,B,"[10] Ceaușescu was executed on this holiday. A ""truce"" named for this holiday occurred when British and German troops abandoned their arms to play soccer on it during World War I.",Christmas
2020 ERIS,5,18,C,"[10] Ceaușescu banned this practice in Romania, leading to many children being abandoned. This medical procedure was the subject of the Supreme Court case Roe v. Wade.","abortion [do not accept or prompt on ""birth control""]"
2020 ERIS,5,19,L,This sculpture was first conceived as the centerpiece of a larger door frame. For 10 points each:,
2020 ERIS,5,19,A,[10] Name this sculpture whose subject is sitting with his hand supporting his chin in a contemplating pose.,The Thinker [or Le Penseur; accept The Poet]
2020 ERIS,5,19,B,"[10] The Thinker was created by Auguste Rodin for The Gates of Hell, a sculpture based off of this Italian author's Inferno.",Dante Alighieri [accept either underlined portion]
2020 ERIS,5,19,C,[10] Auguste Rodin also created this sculpture depicting six leaders of a French city that was besieged during the Hundred Years' War.,The Burghers of Calais [or Les Bourgeois de Calais]
2020 ERIS,5,20,L,"Approximately 10 percent of the population has a second, ""accessory"", copy of this organ which is much smaller than the main one. For 10 points each:",
2020 ERIS,5,20,A,[10] Name this organ which resembles an oversized lymph node and which filters blood by destroying old red blood cells.,the spleen
2020 ERIS,5,20,B,"[10] Many immune conditions, such as Hodgkin's disease and mononucleosis, can result in splenomegaly, a condition in which the spleen undergoes this kind of change. A description is acceptable.","it becomes enlarged [accept any answers indicating that it swells or grows in size or gets bigger, etc; prompt on its size changes or similar]"
2020 ERIS,5,20,C,"[10] The spleen lies against the wall of this digestive organ, which contains gastric acid and in which food is broken down and digested.",the stomach
2020 ERIS,6,1,L,Many religions have been practiced in India during its long history. For 10 points each:,
2020 ERIS,6,1,A,"[10] The emperor Akbar the Great repealed the jizya, a tax on all subjects of the Mughal Empire that did not adhere to this religion, which the Mughal Empire spread by building mosques.",Islam [accept Muslims; accept Sunni Islam or Shi'a Islam]
2020 ERIS,6,1,B,"[10] This Maurya Emperor converted to Buddhism after witnessing mass deaths in his bloody conquest of Kalinga, according to his ""rock edicts.""","Ashoka the Great [or Ashoka Maurya; accept Asoka in place of ""Ashoka""]"
2020 ERIS,6,1,C,"[10] Vasco da Gama, an explorer from this country, spread Christianity in India after sailing to it by rounding the tip of Africa. Another explorer from this country almost completed his circumnavigation of the world, but was killed by Filipino natives.",Kingdom of Portugal
2020 ERIS,6,2,L,"Answer the following about a famed Chilean poet who also happened to be a very bad person, for 10 points each:",
2020 ERIS,6,2,A,"[10] Name this poet of Canto General who recounted raping a maid in his memoirs. He also abandoned his only child due to her severe birth defects, leaving her to die in the Netherlands with his estranged wife.","Pablo Neruda [or Neftalí Reyes, or Ricardo Eliécer Neftalí Reyes Basoalto]"
2020 ERIS,6,2,B,[10] Neruda also may have participated in the first assassination plot of Leon Trotsky. Trotsky lost a power struggle to Josef Stalin after the death of this first leader of the Soviet Union.,"Vladimir [Ilyich] Lenin [or V. I. Lenin, or Vladimir Ilyich Ulyanov]"
2020 ERIS,6,2,C,"[10] Neruda also allegedly plagiarized part of a collection partially named for 20 poems about this emotion. An Elizabeth Barrett Browning poem declares, ""Let me count the ways"" in which she feels this emotion.",love [or amor; accept Twenty Love Poems and a Song of Despair; accept “How do I love thee? Let me count the ways”]
2020 ERIS,6,3,L,This event was foreseen in a queen's dream in which she saw her child as a torch causing this event. For 10 points each:,
2020 ERIS,6,3,A,"[10] Describe this event, which Aeneas flees along with its survivors to go to Italy at the beginning of Virgil's Aeneid. A prophet named Cassandra warns of this event, but because of a curse from Apollo, nobody believes her.","the fall of Troy [accept clear-knowledge equivalents such as the sacking of Troy; accept Iliupersis; accept ""Ilium"" or ""Ilion"" in place of ""Troy""; prompt on answers mentioning the end of the Trojan War]"
2020 ERIS,6,3,B,"[10] The sack of Troy occurs after Greek soldiers sneak into the city inside this large object, which they pretended to leave as a victory trophy.",the Trojan Horse [accept the wooden horse or any answers otherwise describing a gigantic horse; accept douráteos híppos or answers in Greek describing a gigantic horse; prompt on horse]
2020 ERIS,6,3,C,"[10] The Trojan Horse is discussed in the Odyssey, an epic poem by this ancient Greek author who also wrote the Iliad about the Trojan War.",Homer [or Homeros]
2020 ERIS,6,4,L,This man coined the Freeport Doctrine in response to the Dred Scott case. For 10 points each:,
2020 ERIS,6,4,A,"[10] Name this Illinois senator who supported popular sovereignty and backed the Kansas-Nebraska Act. He ran for president in 1860, receiving electoral votes only from Missouri, which he won, and a ""fusion ticket"" in New Jersey.",Stephen [Arnold] Douglas
2020 ERIS,6,4,B,[10] Douglas was a member of this political party that today opposes the Republicans.,Democratic Party
2020 ERIS,6,4,C,"[10] In 1858, Douglas ran for a Senate seat against this man, who gave the ""House Divided"" speech in a famous series of debates against him.",Abraham Lincoln
2020 ERIS,6,5,L,"The Florence Cathedral was built despite the fact that, at the time, there was no known way to produce one of these structures large enough to finish it. For 10 points each:",
2020 ERIS,6,5,A,"[10] Name this type of architectural element. Many Russian churches contain numerous examples of their ""onion"" types.",a dome
2020 ERIS,6,5,B,[10] This architect designed the dome on top of the Florence Cathedral after it had spent almost a hundred years unfinished.,Filippo Brunelleschi (broo-nuh-LESS-kee)
2020 ERIS,6,5,C,"[10] Another Italian Renaissance-era dome tops the St. Peter's Basilica, the most important church in this smallest country in the world. It is the home of the Pope and the headquarters of the Catholic Church.",Vatican City [State] [or the Holy See]
2020 ERIS,6,6,L,"The ""A"" and ""B"" examples of one set of these structures are separated by the Cassini Division, which is caused by the gravitational pull of the moon Mimas. For 10 points each:",
2020 ERIS,6,6,A,[10] Name these disks made of small chunks of rock and dust that surround certain planets.,planetary rings [accept ring systems; accept but DO NOT REVEAL rings of Saturn]
2020 ERIS,6,6,B,[10] The rings of this sixth planet from the sun are the most visible planetary rings in the Solar System.,Saturn
2020 ERIS,6,6,C,"[10] The separation between the A and F rings of Saturn is named for this French astronomer. He also names the ""limit"" inside which a planet's moon will break up into a ring system.",Édouard Roche (roash) [accept Roche limit]
2020 ERIS,6,7,L,This man's brother won a silver medal for the Danish national soccer team at the 1908 Olympics before becoming an accomplished mathematician. For 10 points each:,
2020 ERIS,6,7,A,[10] Name this Danish physicist who developed the Copenhagen interpretation. His namesake model of the atom consists of electrons orbiting a nucleus.,Niels Bohr
2020 ERIS,6,7,B,"[10] Bohr proposed his model of the atom with Ernest Rutherford, whose namesake experiment involved firing these particles at a gold foil.",alpha particles [or helium nuclei; prompt on helium atoms]
2020 ERIS,6,7,C,"[10] The Copenhagen interpretation was rejected by Erwin Schrödinger, who is better known for formulating a thought experiment in which one of these animals is both alive and dead at the same time.",a cat [accept Schrödinger's cat]
2020 ERIS,6,8,L,"Following this man's death, his empire was divided among his three sons: Lothair, Pepin, and Louis II. For 10 points each:",
2020 ERIS,6,8,A,[10] Name this ruler of the Franks who defeated the Lombards at the battle of Pavia and was crowned emperor by Pope Leo III.,Charlemagne [or Charles I or Charles the Great or Charles le Grand or Karl Karling]
2020 ERIS,6,8,B,"[10] Pope Leo III crowned Charlemagne as the leader of a ""Holy"" empire with this name. An ancient empire with this name was ruled by emperors such as Augustus and Caligula from its namesake Italian city.",Roman [or word forms like Rome]
2020 ERIS,6,8,C,"[10] Charlemagne's father, Pepin the Short, deposed the last king of this previous ruling dynasty of the Franks known for their long hair. This dynasty ruled between the 5th and 8th centuries, and its first Christian king was Clovis I.","Merovingian dynasty [or the Merovingi, or the Merohingii]"
2020 ERIS,6,9,L,"The dying words of this country's last emperor were ""Viva [this country], viva la independencia!"". For 10 points each:",
2020 ERIS,6,9,A,"[10] Name this country whose Habsburg emperor, Maximilian I, was installed by Napoleon III before being overthrown and executed in Querétaro City.",Mexico [or the Second Mexican Empire or el Segundo Imperio Mexicano]
2020 ERIS,6,9,B,[10] The death of the emperor was depicted in this artist's The Execution of Emperor Maximilian. This man also painted Luncheon on the Grass.,Édouard Manet [do NOT accept or prompt on “Monet”]
2020 ERIS,6,9,C,"[10] Both Napoleon III and Édouard Manet were from this country, which was also led by Napoleon Bonaparte.",France
2020 ERIS,6,10,L,"Buttonwoods are not part of this group of trees, but they often grow alongside them. For 10 points each:",
2020 ERIS,6,10,A,"[10] Name these halophytic trees which grow in saline and brackish water. The Sundarbans, formed by the Ganges Delta, are a very large forest of these trees.",mangroves
2020 ERIS,6,10,B,"[10] Many mangroves grow by this state's ""Keys"", which include Key West and Key Largo. This southeastern U.S. state's major cities include Miami and Orlando.",Florida
2020 ERIS,6,10,C,[10] Mangroves also grow in this massive South Florida swamp that is formed by water flowing from Lake Okeechobee.,the Everglades
2020 ERIS,6,11,L,"Answer the following about some controversies surrounding the 2020 Republican National Convention, for 10 points each:",
2020 ERIS,6,11,A,"[10] The convention featured a speech by Mark and Patricia McCloskey, two St. Louis lawyers who achieved national notoriety after taking this action during a Black Lives Matter protest. A description is acceptable.",they pointed guns at the protesters [accept any clear knowledge equivalents]
2020 ERIS,6,11,B,"[10] Donald Trump may have violated the Hatch Act, a law regulating the use of public resources for political purposes, by delivering his nomination acceptance speech from this location. This official residence of the president is known for its address, 1600 Pennsylvania Avenue.",the White House
2020 ERIS,6,11,C,"[10] The convention also was criticized for using this musician's song ""Hallelujah"" despite having explicitly been denied permission by his estate. A spokesperson for this man's estate said that if the RNC had instead requested to use his song ""You Want It Darker"", ""we might have considered approval of that song"".",Leonard Cohen
2020 ERIS,6,12,L,"In one novel by this author, the protagonist discovers that his father's job is to euthanize babies. For 10 points each:",
2020 ERIS,6,12,A,"[10] Name this author of Gathering Blue, Messenger, and Son, in addition to a book in which Jonas gains the ability to see colors over the course of the novel.",Lois Lowry
2020 ERIS,6,12,B,"[10] Lowry wrote this novel, in which Jonas is selected as the Receiver of Memory. Its sequels include the aforementioned Gathering Blue.",The Giver
2020 ERIS,6,12,C,[10] Lowry also wrote this historical fiction novel about Annemarie and her Jewish friend Ellen living in Nazi-era Denmark.,Number the Stars
2020 ERIS,6,13,L,"This man devised an algorithm to find a greatest common factor between two numbers, as well as naming a formula to find the distance between two points. For 10 points each:",
2020 ERIS,6,13,A,"[10] Name this mathematician who formulated five postulates of a certain field of math in his book Elements, in which he also proved the infinitude of the primes.",Euclid of Alexandria [or Eukleídēs]
2020 ERIS,6,13,B,"[10] Euclid's Elements was primarily concerned with proofs in this kind of math. This field of math concerns points, lines, shapes, areas, and objects like circles and triangles.",geometry
2020 ERIS,6,13,C,"[10] Non-Euclidean geometry violates this one of Euclid's postulates, which states that given a line L and a point P not on that line, exactly one line through P has the namesake property with respect to L.","parallel postulate [or Playfair's axiom, or Euclid's fifth postulate]"
2020 ERIS,6,14,L,"A traditional Catholic prayer calls this woman ""full of grace"". For 10 points each:",
2020 ERIS,6,14,A,"[10] Name this woman who was born free of original sin, according to the doctrine of the Immaculate Conception.","Mary [or Maria or Miriam or Maryam, accept but DO NOT REVEAL answers like the Virgin Mary]"
2020 ERIS,6,14,B,"[10] Catholic dogma holds that Mary was endowed ""perpetually"" with this property. Christians believe that Mary conceived Jesus through the Holy Spirit and therefore maintained this quality despite Jesus's birth.",virginity [accept any obvious equivalents like chastity or celibacy]
2020 ERIS,6,14,C,"[10] The doctrine of the Assumption, meanwhile, holds that rather than dying normally, Mary had this kind of event happen to her. Jesus and the prophet Elijah also had this sort of event happen to them at the end of their earthly lives. A description is acceptable.","they ascended bodily to heaven [accept any answers indicating that they entered heaven alive or similar; prompt on ascension by asking ""to where?""]"
2020 ERIS,6,15,L,This element is an important component of Pyrex glass. For 10 points each:,
2020 ERIS,6,15,A,"[10] Name this group 13 element that has atomic number 5, the lightest metalloid.",boron
2020 ERIS,6,15,B,"[10] Boron only needs 6 electrons in its valence shell to be stable, violating this law, which says that an element is stable when its valence shell is filled with 8 electrons.",octet rule
2020 ERIS,6,15,C,[10] The octet rule can be tracked using dot diagrams named for this chemist. This man also names a definition of acids as electron pair acceptors.,Gilbert [Newton] Lewis [accept Lewis dot diagram[s] or Lewis structure[s]]
2020 ERIS,6,16,L,"The dying words of one of this author's characters as he is crushed to death are ""More weight!"" For 10 points each:",
2020 ERIS,6,16,A,"[10] Name this American playwright of The Crucible and Death of a Salesman, the latter of which depicts Willy Loman's relationship with his family.",Arthur [Asher] Miller
2020 ERIS,6,16,B,"[10] Near the end of Death of a Salesman, Willy Loman dies in this manner. The authors Ernest Hemingway and Hunter S. Thompson both died in this manner after shooting themselves in the head.",dying by suicide [accept any answers indicating that he killed himself]
2020 ERIS,6,16,C,"[10] Joe Keller, the protagonist of this other Arthur Miller play, kills himself out of guilt after allowing defective parts to be shipped, resulting in the death of 21 pilots.",All My Sons [The name of the musical duo Twenty One Pilots is a reference to this play.]
2020 ERIS,6,17,L,"For 10 points each, name these people who signed the Declaration of Independence:",
2020 ERIS,6,17,A,"[10] Benjamin West painted a fanciful depiction of this man ""Drawing Electricity from the Sky"", in reference to his flying a kite in a thunderstorm.",Benjamin Franklin
2020 ERIS,6,17,B,"[10] As President of the Continental Congress, this person presumably signed the Declaration of Independence first, and did so in a famously large and flamboyant manner.",John Hancock
2020 ERIS,6,17,C,"[10] This signee would later become the governor of Massachusetts and the fifth vice president, and his last name would become part of a term for drawing congressional district boundaries for political aims.",Elbridge Gerry [accept gerrymandering]
2020 ERIS,6,18,L,Marbury v. Madison gave this body the power of judicial review. For 10 points each:,
2020 ERIS,6,18,A,"[10] Name this judicial body which consists of eight Associate Justices and a Chief Justice, although its composition of nine members is not actually required by the Constitution.",Supreme Court [or SCOTUS]
2020 ERIS,6,18,B,"[10] The Supreme Court establishes binding precedent according to the principle of common law, which is observed by the federal government and 49 U.S. states. This state, however, observes a civil law system based on the legal code of Napoleonic France.",Louisiana
2020 ERIS,6,18,C,"[10] The Supreme Court rules on disputes between states, such as a 2002 case finally settling a border dispute between these two states over an island in the Piscataqua River containing Portsmouth Naval Shipyard.",Maine and New Hampshire
2020 ERIS,6,19,L,"The British music magazine NME named this band’s debut album, Is This It, as the best album of the 2000s. For 10 points each:",
2020 ERIS,6,19,A,[10] Name this alt-rock band who included songs like “Brooklyn Bridge to Chorus” and “Ode to the Mets” on their aptly-named 2020 album The New Abnormal.,The Strokes
2020 ERIS,6,19,B,"[10] Strokes frontman Julian Casablancas collaborated with this French band on the song “Instant Crush”. Their other songs include “Harder, Better, Faster, Stronger”, “One More Time”, and “Get Lucky”, the latter of which appeared on their album Random Access Memories.",Daft Punk
2020 ERIS,6,19,C,"[10] Casablancas's side project The Voidz released the album Virtue in 2018, which includes a song titled for an ocean of this color. A band partially named for this color released albums such as The Dark Side of the Moon and The Wall.",pink [accept Pink Floyd; accept “Pink Ocean”]
2020 ERIS,6,20,L,"This virus is the only one in the genus Lentivirus to infect humans, and can be treated with drugs that inhibit CD4-Positive cells. For 10 points each:",
2020 ERIS,6,20,A,"[10] Name this sexually-transmitted virus. Patients who suffer from it often experience Kaposi's sarcoma, and it may eventually lead to AIDS.",HIV [or human immunodeficiency virus; accept HIV/AIDS]
2020 ERIS,6,20,B,[10] This bacterial disease is one of the most common causes of death for AIDS patients. This disease was historically known as consumption and infects the lungs.,tuberculosis [or TB]
2020 ERIS,6,20,C,"[10] HIV is a member of this class of viruses. They insert a copy of their genome into the DNA of their host cells by using reverse transcriptase, an enzyme which transcribes RNA into DNA.",retroviruses [accept retroviral]
2020 ERIS,7,1,L,Sacrifices were often made to this god in Heliopolis. For 10 points each:,
2020 ERIS,7,1,A,[10] Name this Egyptian god who piloted the solar barque and fought the serpent Apep.,Ra [or Re or Ria or Riu or Riʕuw]
2020 ERIS,7,1,B,"[10] Ra was also sometimes fused with this other falcon-headed deity, the rival of Set.",Horus [or Her or Heru or Hor or Har or Ḥaruw]
2020 ERIS,7,1,C,"[10] One of these body parts belonging to Horus was a common protective symbol in Ancient Egypt. In Greek mythology, Argus Panoptes was a giant who had a hundred of these body parts.",eyes
2020 ERIS,7,2,L,"Followers of this religion believe in 24 tirthankaras, or ""ford-makers"". For 10 points each:",
2020 ERIS,7,2,A,"[10] Identify this Indian religion whose five vows include ahimsa, or nonviolence. They believe that the last tirthankara, Mahavira, achieved salvation around 2500 years ago.",Jainism [or Jain Dharma]
2020 ERIS,7,2,B,[10] The doctrine of ahimsa leads most Jains to follow this sort of dietary restriction in order to avoid committing violence against animals.,vegetarianism [accept any obvious equivalents; accept descriptions of “not eating meat”]
2020 ERIS,7,2,C,"[10] Monks belonging to the Digambara, or ""sky-clad"", sect of Jainism generally dress in this manner. Jews are required to dress in this manner before entering a ritual bath, and many paintings of the Garden of Eden use strategically-placed fig leaves to hide the fact that Adam and Eve dressed in this manner.","they did not wear clothes [accept obvious equivalents like nudity, etc.]"
2020 ERIS,7,3,L,"Answer some questions about the life and times of William Jennings Bryan, for 10 points each:",
2020 ERIS,7,3,A,"[10] He was the lead prosecutor in the Scopes Monkey trial, which concerned John Scopes having allegedly taught this theory in school. This biological theory is opposed to creationism or intelligent design.",theory of evolution [or natural selection]
2020 ERIS,7,3,B,"[10] Bryan later served as Secretary of State under this president. This president won reelection in 1916 using the slogan ""He kept us out of war"".",[Thomas] Woodrow Wilson
2020 ERIS,7,3,C,"[10] Bryan is probably best known for giving a speech in which he defended bimetallism and which he ended by declaring ""you shall not crucify mankind upon"" one of these specific objects, for which the speech is named.",a cross of gold [accept Cross of Gold speech; prompt on cross]
2020 ERIS,7,4,L,"The film Blade Runner is based on a Philip K. Dick novel whose title question asks if these things ""Dream of Electric Sheep"". For 10 points each:",
2020 ERIS,7,4,A,"[10] Name these beings. In his short story ""Runaround"", sci-fi writer Isaac Asimov devised a set of ""Three Laws"" governing these beings.","robots [or androids, or automatons; prompt on bots or droids; accept Asimov's Three Laws of Robotics; accept Do Androids Dream of Electric Sheep?]"
2020 ERIS,7,4,B,[10] This author depicted Marvin the Paranoid Android alongside Zaphod Beeblebrox and Ford Prefect in his comedic sci-fi series The Hitchhiker’s Guide to the Galaxy.,Douglas [Noel] Adams
2020 ERIS,7,4,C,"[10] In the Hitchhiker’s Guide series, a group of alien robots attack Earth during the Ashes, a match between Australia and England in this sport. Teams compete to score the most runs in this non-baseball sport popular in the Commonwealth.",cricket
2020 ERIS,7,5,L,Fifty-two diplomats were held hostage in an embassy in this country between 1979 and 1981. For 10 points each:,
2020 ERIS,7,5,A,"[10] Name this country where that ""hostage crisis"" occurred after its Shah, Muhammad Reza Pahlavi, was overthrown in 1979 and replaced by a regime led by Ruhollah Khomeini.",Islamic Republic of Iran
2020 ERIS,7,5,B,"[10] The Iranian Revolution was strongly aligned against this country, using ""Death to [this country]"" and ""Death to Israel"" as slogans. This country's embassy was used to hold its diplomats hostage during the revolution despite the efforts of its president, Jimmy Carter, to free them.","United States of America [or the USA; accept America; if this tournament is being played in the U.S., accept any answers like ""here"" or ""this country"" or answers given in the form of pointing at the ground]"
2020 ERIS,7,5,C,[10] Ruhollah Khomeini is generally referred to using this title for high-ranking Shia Muslim clergy with the power to make far-reaching declarations about religious law.,[Grand] Ayatollah
2020 ERIS,7,6,L,Answer the following about environmental activism by technical death metal band Gojira. For 10 points each:,
2020 ERIS,7,6,A,"[10] A song on Gojira's The Way of All Flesh is named for a ""Toxic [this type of material] Island."" A ""Great Pacific Patch"" of this material lies between Hawaii and California.",garbage [accept obvious equivalents such as trash]
2020 ERIS,7,6,B,"[10] In a Gojira song titled for this phenomenon, Joe Duplantier sings ""A world is down / And none can rebuild it."" This phenomenon has greatly accelerated since the Industrial Revolution due to fossil fuel burning, and it causes ice melting and sea level rise, among other things.",global warming [or climate change]
2020 ERIS,7,6,C,"[10] Gojira is from this country, as is a chemist who discovered the vaccines for anthrax and rabies and a 17th century mathematician with a namesake ""triangle"" of binomial coefficients.",France [The chemist is Louis Pasteur and the mathematician is Blaise Pascal.]
2020 ERIS,7,7,L,"In this book, the dog Rontu led the pack that killed Ramo. For 10 points each:",
2020 ERIS,7,7,A,"[10] Name this Scott O'Dell book about Karana, a girl left alone in the title place off the California coast after the rest of her tribe sank in a boat while travelling to the mainland.",Island of the Blue Dolphins
2020 ERIS,7,7,B,"[10] Karana is a member of this general ethnic group, members of whom often live on reservations in the United States. Subsets of them include the Cherokee and Lakota.",Native Americans [accept American Indians or Indigenous Americans or First Nations or any number of answers in indigenous languages]
2020 ERIS,7,7,C,"[10] Sherman Alexie, another Native American author, set The Absolutely True Diary of a Part-Time Indian and Reservation Blues on this state’s Spokane Reservation.",Washington
2020 ERIS,7,8,L,"Answer some questions about the Greek philosopher Empedocles, for 10 points each:",
2020 ERIS,7,8,A,"[10] Empedocles proposed that there were four of these things: air, water, earth, and fire. Modern chemists recognize 118 of these, such as hydrogen and bismuth.",elements
2020 ERIS,7,8,B,"[10] Empedocles believed that the elements were controlled by two divine powers, one of which he called Strife and the other one he gave this name. The greek words ""eros"", ""philia"", and ""agape"" all describe different kinds of this emotion.",love
2020 ERIS,7,8,C,"[10] Empedocles legendarily killed himself in this fashion on Mount Etna, believing that it would prove his immortality to his followers.","he jumped into a volcano [accept any obvious equivalents; prompt on ""he jumped off a cliff"" or similar answers by asking ""what was at the bottom of the cliff?""]"
2020 ERIS,7,9,L,This country's Mount Cotopaxi lies south of its capital. For 10 points each:,
2020 ERIS,7,9,A,"[10] Identify this South American country whose capital, Quito, is the second highest in South America at over 9,000 feet above sea level. It is named for the fact that part of it is at 0 degrees latitude.",Ecuador
2020 ERIS,7,9,B,"[10] One of these places in central Quito named for Mariscal Sucre was closed and turned into a large public park in 2013. Chicago is home to two of these places named Midway and O'Hare, which are hubs for Southwest and United respectively.",airports
2020 ERIS,7,9,C,"[10] This other volcano is the highest mountain in Ecuador, and the furthest point from the Earth's center in the world, because of the equatorial bulge.",Mount Chimborazo
2020 ERIS,7,10,L,"For 10 points each, answer these questions about poetry and classical music:",
2020 ERIS,7,10,A,[10] This composer used a libretto partially written by W. H. Auden in his opera A Rake's Progress. He also composed ballets such as The Firebird and Petrushka.,Igor Stravinsky
2020 ERIS,7,10,B,"[10] The poem ""I Vow to Thee, My Country"" was set to the tune ""Thaxted"", which was written by Gustav Holst as part of this orchestral suite which included ""Mars, the Bringer of War"" and ""Neptune, the Mystic"".",The Planets
2020 ERIS,7,10,C,"[10] This German composer used a Friedrich Schiller poem in his 9th Symphony. A ""short-short-short-long"" motif features prominently in the 5th symphony by this composer, who famously went deaf later in his career.",Ludwig van Beethoven
2020 ERIS,7,11,L,This man devised a sphere-packing conjecture that posited that the tightest packing of constant radius spheres is a face centered cubic. For 10 points each:,
2020 ERIS,7,11,A,[10] Name this man who accurately explained the orbits of the celestial bodies through the use of his three laws of planetary motion.,Johannes Kepler
2020 ERIS,7,11,B,[10] Kepler's 2nd law of planetary motion is an application of the conservation of this quantity. The conservation of this quantity explains why figure skaters draw their arms closer to themselves to spin faster.,angular momentum [prompt on momentum]
2020 ERIS,7,11,C,"[10] Kepler's 1st law, meanwhile, states that planets' orbits around the Sun take this shape, which is equivalent to a stretched circle.",ellipse
2020 ERIS,7,12,L,This man was the first Roman emperor. For 10 points each:,
2020 ERIS,7,12,A,[10] Name this adopted son of Julius Caesar and member of the Second Triumvirate.,Caesar Augustus [accept Octavian or Gaius Octavius]
2020 ERIS,7,12,B,[10] Augustus defeated Marc Antony in this 31 BCE naval battle. Marcus Agrippa commanded the winning side in this battle.,Battle of Actium
2020 ERIS,7,12,C,"[10] Antony and this woman both committed suicide after the Battle of Actium. This woman was the last queen of the Ptolemaic kingdom of Egypt before it became a Roman province, and she was renowned for her knowledge of many languages.",Cleopatra VII [Philopator]
2020 ERIS,7,13,L,"The German air force bombed two of these objects during the Second World War, which amusingly led to a historical problem about them becoming solvable. For 10 points each:",
2020 ERIS,7,13,A,"[10] Name these pieces of infrastructure in a city now called Kaliningrad. Leonhard Euler formulated, and solved negatively, a famous problem asking whether it was possible to cross each of these things exactly once.","the Seven Bridges of Königsberg [prompt on just bridges by asking ""where are the bridges located?""]"
2020 ERIS,7,13,B,"[10] The Seven Bridges of Königsberg problem was the first famous problem in a field of math named for these things. Another kind of these things are used to visually represent functions on the Cartesian plane, and advanced calculators are sometimes named for being able to produce these.",graphs [accept graph theory or graphing calculators]
2020 ERIS,7,13,C,"[10] The eighth-most famous bridge in mathematics, meanwhile, is the Broom Bridge in Dublin, Ireland, into which W. R. Hamilton carved the formula for multiplying quaternions, an extension of this number system. This set contains both real and imaginary numbers and is symbolized with a double-struck C.",complex numbers
2020 ERIS,7,14,L,This vitamin is present in large amounts in citrus fruits. For 10 points each:,
2020 ERIS,7,14,A,[10] Name this vitamin whose deficiency can inhibit collagen production. It is also known as ascorbic acid.,Vitamin C
2020 ERIS,7,14,B,"[10] Insufficient amounts of Vitamin C cause this disease, which was historically a major limiting factor in long-distance travel until it was discovered that products containing Vitamin C prevent it.","scurvy [or scorbutus, or hypoascorbemia]"
2020 ERIS,7,14,C,[10] The frequency of scurvy among land-dwellers in Europe decreased drastically after the introduction of this tuber from South America rich in Vitamin C.,potatoes
2020 ERIS,7,15,L,"When these two states joined the Union, President Benjamin Harrison shuffled the statehood papers so nobody would know which one became a state first. For 10 points each:",
2020 ERIS,7,15,A,"[10] Name these two states which were admitted as the 39th and 40th states in some order. They share the Standing Rock Indian reservation,",North Dakota AND South Dakota [accept answers like both Dakotas]
2020 ERIS,7,15,B,"[10] The Dakotas are both crossed by this longest American river, which divides South Dakota into ""West River"" and ""East River"" regions and forms North Dakota's Lake Sakakawea. It is named for the central state where it flows into the Mississippi near St. Louis.",Missouri River
2020 ERIS,7,15,C,[10] The capitals of North and South Dakota both lie on the Missouri River. Name either.,"Bismarck, North Dakota OR Pierre, South Dakota"
2020 ERIS,7,16,L,The opening lines of this novel contrast the “age of wisdom” with the “age of foolishness” and the “spring of hope” with the “winter of despair”. For 10 points each:,
2020 ERIS,7,16,A,[10] Name this novel in which Sydney Carton takes the place of Charles Darnay.,A Tale of Two Cities
2020 ERIS,7,16,B,[10] This British author wrote A Tale of Two Cities. His other characters include Pip Pirrup and Oliver Twist.,Charles [John Huffam] Dickens
2020 ERIS,7,16,C,"[10] Pip is the protagonist of this rags-to-riches Dickens novel, in which he is given a large sum of money by the convict Abel Magwitch.",Great Expectations
2020 ERIS,7,17,L,"Answer some questions about a certain quarterback who has played on numerous teams with terrible defenses, for 10 points each:",
2020 ERIS,7,17,A,[10] This quarterback played on the first team in NFL history to score 50 points in a loss when his team lost 51-54 to the Rams. He was named the 2018 NFL MVP and the 2019 Super Bowl MVP after leading his team to defeat the San Francisco 49ers in Super Bowl LIV (fifty-four).,"Patrick ""Pat"" Mahomes [II]"
2020 ERIS,7,17,B,"[10] Mahomes played college football for this Big 12 school nicknamed the Red Raiders. During his junior season, they were the first team in Division I history to score 50 points in a loss twice in the same season, including a 59-66 loss to Oklahoma despite Mahomes’s astonishing 52 for 88 with 734 yards.",Texas Tech Red Raiders [or Texas Tech University; prompt on Tech; do NOT accept or prompt on “Texas” alone]
2020 ERIS,7,17,C,"[10] Mahomes is the quarterback for this AFC West team, confusingly based in Missouri despite their name. They won Super Bowl LIV and play their home games in Arrowhead Stadium.",Kansas City Chiefs [accept either underlined part]
2020 ERIS,7,18,L,"The area between two of these structures was known as ""no-man's land"" because it was completely deserted and filled with mud. For 10 points each:",
2020 ERIS,7,18,A,[10] Name these holes dug by soldiers for shelter from gunfire. A stalemate occurred in the Western Front of World War I because of a style of warfare named for these structures.,trenches
2020 ERIS,7,18,B,"[10] The introduction of these machines ended years of trench warfare in World War I, since they could shield soldiers from gunfire. Types of them such as the Panzer were used heavily in World War II.",tanks
2020 ERIS,7,18,C,"[10] Trench warfare in World War I began after this 1914 battle in France, fought at a namesake river. Thousands of Allied soldiers were transported in taxis to this battle, which marked the failure of Germany's Schlieffen Plan.",[First] Battle of the Marne
2020 ERIS,7,19,L,This compound was historically known as “oil of vitriol”. For 10 points each:,
2020 ERIS,7,19,A,"[10] Name this caustic compound used in a variety of industrial applications, with chemical formula H2SO4. It can be produced through the contact process.",sulfuric acid [do NOT accept or prompt on “sulfurous acid”]
2020 ERIS,7,19,B,"[10] In the contact process, vanadium pentoxide is used as one of these things, and in ammonia production, iron is used as one of these as well. These things lower the activation energy in reactions.",catalysts
2020 ERIS,7,19,C,"[10] Sulfuric acid can also be produced in this element's namesake chamber process. This element symbolized Pb is used for protection from X-rays, and many old houses have this element as an ingredient in their paint.",lead
2020 ERIS,7,20,L,"For 10 points, answer the following about gunpowder:",
2020 ERIS,7,20,A,"[10] Gunpowder was invented in this country. Other inventions from this East Asian country include paper, printmaking, and the compass.",China [or Zhongguo]
2020 ERIS,7,20,B,"[10] Gunpowder is made from sulfur, potassium nitrate, and this material that is made from heating wood in a low oxygen environment. When burned, this carbon-based material turns into soot.","charcoal [do NOT accept or prompt on coal, which is a naturally occurring mineral and not man-made, like charcoal]"
2020 ERIS,7,20,C,"[10] Nowadays, gunpowder has become less commonly used due to the invention of high explosives, such as this explosive composed mainly of nitroglycerin and made by Alfred Nobel.",dynamite
2020 ERIS,8,1,L,This novel takes its title from a speech from the Shakespeare play Julius Caesar. For 10 points each:,
2020 ERIS,8,1,A,"[10] Identify this John Green novel about Hazel Lancaster and Augustus Waters, who fly to Amsterdam to meet the author Peter Van Houten.",The Fault In Our Stars
2020 ERIS,8,1,B,"[10] Hazel and Augustus meet at a support group for sufferers of this disease, from which Augustus dies at the end of the book. An Eleanor Coerr book describes Sadako Sasaki folding a thousand paper cranes while undergoing treatment for leukemia, one kind of this disease.",cancer [accept specific forms of cancer]
2020 ERIS,8,1,C,"[10] Augustus also has this physical condition as a result of his bone cancer, which ended his basketball career. In Wendelin Van Draanen's The Running Dream, Jessica acquires this physical condition in a car accident.",he is an amputee [accept any obvious equivalents like he has only one leg]
2020 ERIS,8,2,L,"For 10 points each, name these poets who liked birds:",
2020 ERIS,8,2,A,"[10] This Frenchman included ""The Albatross"" and ""To the Reader"" in his most famous collection, Les Fleurs du Mal.",Charles Baudelaire
2020 ERIS,8,2,B,"[10] This man wrote the poem ""To a Skylark,"" in addition to his more famous ""Ozymandias."" His wife Mary, who shares his surname, wrote Frankenstein.",Percy Bysshe Shelley
2020 ERIS,8,2,C,"[10] This man wrote of leaving the world ""unseen"" in his ""Ode to a Nightingale"". This author also penned ""Ode on a Grecian Urn”.",John Keats
2020 ERIS,8,3,L,This man used Zacuto's charts to predict a February 1504 eclipse in Jamaica. For 10 points each:,
2020 ERIS,8,3,A,[10] Name this Genoese explorer who left Spain for the New World in 1492.,Christopher Columbus [or Cristobal Colon]
2020 ERIS,8,3,B,"[10] Columbus sailed on behalf of these two Catholic monarchs whose marriage to each other unified Spain through joining their respective kingdoms, Castile and Aragon.","Ferdinand II of Aragon [or Ferdinand V of Castile, or Ferdinand I of Spain, or Ferrando II, or Ferran II, or Errando II, or Fernando II] AND Isabella I of Castile [or Isabel I]"
2020 ERIS,8,3,C,[10] This was the largest boat of the three in Columbus’s fleet. It ran aground due to incompetent piloting and was dismantled to build the first Spanish settlement in the New World.,Santa María
2020 ERIS,8,4,L,"The Locofocos opposed this organization, whose leaders were known as ""Grand Sachems"" (SAY-chuhmz). For 10 points each:",
2020 ERIS,8,4,A,[10] Name this corrupt political machine associated with the Democratic Party that dominated New York state politics during the 1800s. Its most infamous leader was “Boss” Tweed.,Tammany Hall [accept Society of St. Tammany]
2020 ERIS,8,4,B,[10] Tammany Hall successfully elected their leader Fernando Wood to this political office on two separate occasions. This position was also held by Fiorello LaGuardia.,"Mayor of New York City [or Mayor of NYC or Mayor of the City of New York or other obvious equivalents; accept “New York, New York” in place of “New York City”; prompt on mayor alone by asking ""of what city?""]"
2020 ERIS,8,4,C,"[10] As one of its early leaders, this U.S. Vice President transformed Tammany Hall from a social club into a political machine. He is better known as the man who fatally shot Alexander Hamilton in a duel.",Aaron Burr [Jr.]
2020 ERIS,8,5,L,"In a series of iconic paintings by C. M. Coolidge, several dogs perform this activity while smoking cigars. For 10 points each:",
2020 ERIS,8,5,A,"[10] Name this hobby. Paul Cézanne painted two ""Players"" performing this activity seated at a table.","playing cards [or card games, or playing poker; accept The Card Players or Dogs Playing Poker; prompt on gambling]"
2020 ERIS,8,5,B,"[10] Excluding the two jokers, a standard poker deck contains this many playing cards.",52
2020 ERIS,8,5,C,"[10] Besides poker, another popular game at casinos is this card game in which players compete against the dealer and try to avoid causing a ""bust"". “Card-counting” is a strategy that can eliminate the house’s advantage in this game.","blackjack [prompt on 21, Vingt-Un, or Vingt-et-Un (VAHN-tay-ah)]"
2020 ERIS,8,6,L,Rolle's theorem is a special case of a calculus theorem partially named for this type of value. For 10 points each:,
2020 ERIS,8,6,A,[10] Name this quantity computed by adding all the values in a data set and then dividing by the number of values.,mean [accept average]
2020 ERIS,8,6,B,"[10] The arithmetic mean, or average, of two values is always greater than this other mean, which is calculated by multiplying two numbers by each other and taking the square root.",geometric mean
2020 ERIS,8,6,C,"[10] This other statistical measure of an ""average""-like value is the most common value in a data set.",mode
2020 ERIS,8,7,L,"Answer these questions about the food chain, for 10 points each:",
2020 ERIS,8,7,A,"[10] These organisms hunt, kill, and eat prey for food. On a food chain, these organisms are usually located directly above their prey, and the ""apex"" type of these species are located at the top of the food chain.",predators [accept apex predators]
2020 ERIS,8,7,B,"[10] Isle Royale, an island and national park in Michigan, is home to a unique ecosystem where there is only one species of large predator and one species of large prey animal. Name either.",grey wolves [or Canis lupus] OR Western moose [or Alces alces andersoni]
2020 ERIS,8,7,C,"[10] In addition to predators, some carnivores are this other type of organism that eats dead animals that have died of natural causes or been left behind by predators. Vultures and flesh flies are examples of this feeding behavior.","scavengers [do not accept or prompt on ""decomposer"" or ""detritivore""]"
2020 ERIS,8,8,L,"One of these objects in Rome was closed during peacetime, and open during wartime. For 10 points each:",
2020 ERIS,8,8,A,[10] Name these edifices which can be closed to seal off the entrance to temples or other buildings. Examples of them allowed people to pass through the walls of Rome.,gates [or doors or other synonyms]
2020 ERIS,8,8,B,[10] The Romans believed that this two-faced deity was the God of Gates. The aforementioned gate in Rome was named for him.,Janus
2020 ERIS,8,8,C,"[10] The Gates to the Underworld, meanwhile, were said to be guarded by this three-headed dog.",Cerberus [or Kerberos]
2020 ERIS,8,9,L,"This opera includes the aria ""Ritorna vincitor"", and its title character and her love interest are sealed inside a vault at its end. For 10 points each:",
2020 ERIS,8,9,A,"[10] Name this opera whose title Ethiopian princess falls in love with Radamès, the Captain of the Guard.",Aida (eye-EEH-duh)
2020 ERIS,8,9,B,[10] This Italian composer of Rigoletto and La traviata composed Aida.,Giuseppe Verdi
2020 ERIS,8,9,C,[10] Aida is set in this African country during its Old Kingdom period. The premiere performance of Aida took place in this country's capital city of Cairo.,"Arab Republic of Egypt [or Jumhūrīyat Miṣr al-ʻArabīyah, or Gomhoreyyet Maṣr el-ʿArabeyya]"
2020 ERIS,8,10,L,"This planet is tidally locked with the Sun in a 3-to-2 ratio, meaning that its day is twice as long as its year. For 10 points each:",
2020 ERIS,8,10,A,[10] Name this smallest and closest planet to the Sun.,Mercury
2020 ERIS,8,10,B,[10] Mercury's orbit has the largest value of this quantity among all planets. This quantity measures the ratio between the closest and furthest distances from the Sun; more elliptical orbits have higher values of it.,orbital eccentricity
2020 ERIS,8,10,C,[10] Mercury's Caloris Basin is one of the largest of these structures in the Solar System. A large one of these structures has caused Saturn’s moon Mimas to be nicknamed the Death Star.,impact basins [or impact craters]
2020 ERIS,8,11,L,This leader and his mistress Claretta Petacci were allegedly hung on meathooks. For 10 points each:,
2020 ERIS,8,11,A,[10] Name this former Socialist and fascist world leader. He was nicknamed “Il Duce” (eel doo-chay) and was supported by the paramilitary Blackshirts.,Benito Mussolini [or Benito Amilcare Andrea Mussolini]
2020 ERIS,8,11,B,"[10] Benito Mussolini led this country, whose other former leaders include Sergio Mattarella and Giuseppe Conte.","Italy [or the Italian Republic, or the Kingdom of Italy, or Italia, or Repubblica Italiana, or Regno d’Italia]"
2020 ERIS,8,11,C,"[10] Another European fascist leader was this Spanish generalísimo, a dictator who led the Nationalists during the Spanish Civil War and ruled until the 1970s.",Francisco Franco
2020 ERIS,8,12,L,"For 10 points each, answer the following about the global response to the COVID-19 pandemic:",
2020 ERIS,8,12,A,"[10] A UN investigation found that the novel coronavirus originated in this Central Chinese city, possibly from a wet market. This city is the capital of Hubei Province.",Wuhan
2020 ERIS,8,12,B,"[10] Public health authorities in this country released a remix of the pop song “Ghen” to inform the public about coronavirus precautions, which achieved worldwide popularity.",the Socialist Republic of Vietnam [or Cộng hòa Xã hội chủ nghĩa Việt Nam]
2020 ERIS,8,12,C,"[10] This renowned American physician and immunology expert has been a prominent figure in the coronavirus response. This man has been the director of NIAID since 1984, in which capacity he has advised every president since Ronald Reagan on matters of public health.","Dr. Anthony Fauci (rhymes with ""ouchie"") [or Anthony Stephen Fauci]"
2020 ERIS,8,13,L,This state is represented in the Senate by Patrick Leahy and Bernie Sanders. For 10 points each:,
2020 ERIS,8,13,A,"[10] Name this northeastern state nicknamed the ""Green Mountain State"" and located between New York and New Hampshire.",Vermont
2020 ERIS,8,13,B,"[10] This capital of Vermont is the least populous state capital in the U.S., with fewer than ten thousand inhabitants.",Montpelier
2020 ERIS,8,13,C,[10] This most populous city in Vermont lies on Lake Champlain. Bernie Sanders was elected mayor of this city in 1981.,Burlington
2020 ERIS,8,14,L,"This son of Akhenaten ruled with the assistance of the vizier Ay (""eye""), who eventually succeeded him after his death. For 10 points each:",
2020 ERIS,8,14,A,"[10] Name this ""Boy Pharaoh"" of Egypt, whose tomb was famously discovered nearly intact by Howard Carter.","Tutankhamun [or Tutankhaten, or King Tut, or Twt- nḫ-jmn, or Tawat ʕanḥu Aman]"
2020 ERIS,8,14,B,"[10] During his reign, Tutankhamun moved Egypt's capital from Amarna back to this other city. This city shares its name with a city-state in Greece that was legendarily founded by Cadmus.","Thebes [or Thēbai; accept Waset, even though this name technically only applies to the Thebes in Egypt and not the Thebes in Greece]"
2020 ERIS,8,14,C,"[10] According to one theory, Tutankhamun's premature death may have been caused by an accident involving one of these vehicles. In ancient Rome, spectators could watch these vehicles at the Circus Maximus.",chariots [accept quadriga]
2020 ERIS,8,15,L,"One poem by this author laments ""Water, water, everywhere / Nor any drop to drink."" For 10 points each:",
2020 ERIS,8,15,A,"[10] Name this English Romantic poet known for ""The Rime of the Ancient Mariner"" and the unfinished ""Kubla Khan"".",Samuel Taylor Coleridge [do NOT accept or prompt on “Samuel Coleridge-Taylor”]
2020 ERIS,8,15,B,"[10] Coleridge claimed to have composed ""Kubla Khan"" in a dream while high on this drug. Britain fought two wars with China over this drug, which is produced from poppies.",opium
2020 ERIS,8,15,C,"[10] ""The Rime of the Ancient Mariner"" follows a frame narrative in which the story is told to a guest at one of these events. Federico Garcíia Lorca wrote about a ""Blood"" one of these events in which the Groom and the Bride's lover kill each other.",weddings [or marriages; accept Blood Wedding]
2020 ERIS,8,16,L,"Gell-Mann and Zweig proposed the existence of these particles, which Gell-Mann named after a line from James Joyce's Finnegans Wake. For 10 points each:",
2020 ERIS,8,16,A,"[10] Name these elementary particles that come in 6 ""flavors"", such as the down and up types, and make up protons and neutrons.",quarks
2020 ERIS,8,16,B,"[10] Quarks belong in a class of particles along with leptons named after this Italian scientist, who also formulated a thought experiment asking ""where are the aliens?""",Enrico Fermi
2020 ERIS,8,16,C,"[10] Fermions are contrasted with this other type of subatomic particle named for an Indian physicist and whose types include W, Z, and one named for Higgs.",bosons
2020 ERIS,8,17,L,"Answer the following about fine art and popular music, for 10 points each:",
2020 ERIS,8,17,A,"[10] A 2016 album by Swedish djent band Meshuggah is titled The Violent Sleep of Reason, a reference to this Spanish artist's The Sleep of Reason Produces Monsters, one of his Los Caprichos etchings. He also painted The Third of May, 1808.",Francisco [José de] Goya [y Lucientes]
2020 ERIS,8,17,B,"[10] This American musical artist sang ""And how you suffered for your sanity / And how you tried to set them free"" in ""Vincent"", a song addressed to Vincent van Gogh. He is better known for singing about ""the day the music died"" in ""American Pie"".",Don McLean
2020 ERIS,8,17,C,"[10] The pioneering pop artist Richard Hamilton designed the album cover for this band's ""White Album"". John Lennon and Paul McCartney were both members of this rock band from Liverpool.",The Beatles
2020 ERIS,8,18,L,"The ""stadium effect"" commonly occurs in the center of large examples of these storms. For 10 points each:",
2020 ERIS,8,18,A,"[10] Name these cyclonic storms formed over warm oceans and measured by the Saffir-Simpson scale, which rates them from Category 1 to Category 5.","hurricanes [or tropical storms, or typhoons, or cyclones]"
2020 ERIS,8,18,B,"[10] Hurricanes in the Northern and Southern hemispheres rotate in different directions as a result of this inertial effect. Contrary to popular belief, this effect does not cause toilets to flush in opposite directions in different hemispheres.",Coriolis effect [or Coriolis force]
2020 ERIS,8,18,C,"[10] The aforementioned ""stadium effect"" causes the wall of this part of a hurricane to be slanted. This part of a hurricane typically has no cloud cover and low winds.",the eye [of the hurricane]
2020 ERIS,8,19,L,"For 10 points each, answer these questions about the categorical imperative:",
2020 ERIS,8,19,A,"[10] This Enlightenment philosopher developed the categorical imperative to argue that actions are moral only if they can be treated as universal law. He's also known for his critiques of ""pure"" and ""practical"" reason.",Immanuel Kant
2020 ERIS,8,19,B,"[10] According to the categorical imperative, it is always impermissible to take this action because if everyone did this, nobody could be trusted.",lying
2020 ERIS,8,19,C,[10] A common critique of the categorical imperative questions the morality of telling the truth to someone who arrives at your door and asks where he can find your children so that he can do this action to them. The trolley problem is often formulated as doing this to one person to save a greater number of people.,killing them [or murdering them; accept any answers which get across the point of ending their life]
2020 ERIS,8,20,L,"During the Night Journey, this man traveled to the seventh heaven and spoke with Moses and God. For 10 points each:",
2020 ERIS,8,20,A,[10] Identify this founder of an Abrahamic religion. His sayings are known as aḥadith by followers of that religion.,Muhammad [or Mohammed or Mehmet or Mahomet or any of the various other pronounciations of his name]
2020 ERIS,8,20,B,"[10] The Qur'an, the holy text of Islam, was revealed to Muhammad by this archangel.",Gabriel [or Jibril or Jibra'il]
2020 ERIS,8,20,C,"[10] After a period of time in Medina, Muhammad and his followers captured this holiest city in Islam in the year 630. Muslims must perform hajj, a pilgrimage to this city, once in their lifetime.","Mecca [or Makkah al-Mukarramah, or Makkat]"
2020 ERIS,9,1,L,"This poet wrote the Ars Amatoria, or The Art of Love. For 10 points each:",
2020 ERIS,9,1,A,Name this Roman poet who is best known for his narrative poem Metamorphoses.,Ovid [or Publius Ovidius Naso]
2020 ERIS,9,1,B,"Another Roman poet, Horace, wrote many of these poems. Friedrich Schiller wrote one of these poems ""to Joy"" which was set to music by Beethoven.",odes
2020 ERIS,9,1,C,"Ovid and Horace wrote in this language which was spoken in the Roman Empire. This language's phrase ""carpe diem"" roughly translates as ""seize the day”.",Latin
2020 ERIS,9,2,L,"Answer some questions about the myelin sheath, for 10 points each: For 10 points each:",
2020 ERIS,9,2,A,"The myelin sheath covers some cells in this body system which includes the brain, spinal cord, and its namesake structures, which transmit electrical impulses throughout the body to communicate with the brain.",the nervous system
2020 ERIS,9,2,B,"The myelin sheath covers this part of a nerve cell. Each nerve cell has one of these long protrusions which carry electrical impulses, along with many dendrites.",axons [prompt on nerve fiber]
2020 ERIS,9,2,C,"In this medical condition, the myelin sheath is degraded, inhibiting neurological function. It is typically divided into ""progressive"" and ""relapsing-remitting"" types.",MS [or multiple sclerosis]
2020 ERIS,9,3,L,"Answer the following questions about analytic geometry, for 10 points each:",
2020 ERIS,9,3,A,"Analytic geometry uses the coordinate plane, which is centered at this point. This point is the intersection of the x- and y-axes and has coordinates (0,0) (“zero comma zero”).",the origin
2020 ERIS,9,3,B,"Pick’s theorem states that for a polygon on the coordinate plane, this quantity is equal to the number of lattice points contained inside the polygon plus half the number of lattice points on the boundary. For an ellipse, this quantity is equal to pi times the product of the semimajor and semiminor axes.",the area
2020 ERIS,9,3,C,"The plane can also be described using this coordinate system, which describes points in terms of a radius r and an angle θ (theta). Graphing circles in this coordinate system involves setting the radius to a constant.",polar coordinates
2020 ERIS,9,4,L,"Answer some questions about Andy Warhol, for 10 points each:",
2020 ERIS,9,4,A,"Warhol created a diptych of this actress using silkscreen printing. She was married to Joe DiMaggio, and often appeared as a “blonde bombshell” in movies like Gentlemen Prefer Blondes.",Marilyn Monroe [or Norma Jeane Mortenson]
2020 ERIS,9,4,B,"Warhol created 32 prints of these objects with titles like ""Chicken"" and ""Tomato"".",Campbell’s soup cans [prompt on partial answers]
2020 ERIS,9,4,C,Warhol also created a series of paintings of the Mercedes-Benz type of these things. He was also commissioned to paint examples of these things manufactured by BMW and Daimler.,cars [or automobiles or other obvious equivalents]
2020 ERIS,9,5,L,These wars were fought between two cadet branches of the house of Plantagenet. For 10 points each:,
2020 ERIS,9,5,A,"Name this lengthy English civil war between the Houses of York and Lancaster, named for the flowers that formed each house's emblem.",Wars of the Roses
2020 ERIS,9,5,B,The Wars of the Roses were largely decided by this 1485 battle in which the forces of Henry Tudor defeated King Richard III.,Battle of Bosworth Field
2020 ERIS,9,5,C,"The House of York was represented by a rose of this color during the Wars of the Roses. Along with blue and red, this color makes up the British flag.",white
2020 ERIS,9,6,L,"For 10 points each, name these African-American poets:",
2020 ERIS,9,6,A,"This poet asked ""what happens to a dream deferred?"" in his poem ""Harlem."" In another poem, he wrote “my soul has grown deep like the rivers”.",[James Mercer] Langston Hughes
2020 ERIS,9,6,B,"This poet read her poem ""On the Pulse of Morning"" at Bill Clinton's inauguration. She wrote an autobiography titled I Know Why the Caged Bird Sings.",Maya Angelou [or Marguerite Annie Johnson]
2020 ERIS,9,6,C,"This African-American poet of ""The Bean Eaters"" also wrote ""We / Jazz June. We / Die soon."" in her poem ""We Real Cool.""",Gwendolyn [Elizabeth] Brooks
2020 ERIS,9,7,L,"For 10 points each, name these Texas cities home to major universities:",
2020 ERIS,9,7,A,This Texas city is home to the state's flagship university and hosts a Formula 1 Grand Prix. It has been the capital of Texas since 1837.,Austin
2020 ERIS,9,7,B,"Texas Christian University is located in this North Texas city which makes up the state's largest metro area along with Dallas, which is located just east of it.",Fort Worth [accept Dallas-Fort Worth metro[politan] area]
2020 ERIS,9,7,C,Texas Tech is found in this Northwest Texas city which is also known as the birthplace of Buddy Holly and the home of the National College Baseball Hall of Fame. Interstate 27 runs north from this city to Amarillo.,Lubbock
2020 ERIS,9,8,L,This comedian worked on The Daily Show as a correspondent with both Jon Stewart and Trevor Noah. For 10 points each:,
2020 ERIS,9,8,A,"Name this Indian Muslim comedian who hosted a weekly TV show, Patriot Act, on Netflix, before it was cancelled in summer 2020.",Hasan Minhaj
2020 ERIS,9,8,B,"Minhaj was the featured speaker at the 2017 edition of this event, where he called Donald Trump the ""liar in chief"". This annual event is traditionally hosted by a comedian and features the president delivering a routine where he makes fun of himself.",the White House Correspondents' Dinner [or WHCD]
2020 ERIS,9,8,C,"Perhaps the most famous Correspondents' Dinner speech was this comedian’s 2006 roast of George W. Bush. This man hosted a satirical namesake ""Report"" (rih-POR) before replacing David Letterman as the host of The Late Show.",Stephen Colbert (kohl-BAIR) [accept The Colbert Report; accept The Late Show with Stephen Colbert]
2020 ERIS,9,9,L,"This man's composition ""Lazy Bird"" may have been harmonically inspired by the Tadd Dameron standard ""Lady Bird."" For 10 points each:",
2020 ERIS,9,9,A,"Name this jazz saxophonist whose albums include Giant Steps, A Love Supreme, and Ascension.","John [William] Coltrane [prompt on ""Trane""]"
2020 ERIS,9,9,B,"On a 1961 album, Coltrane recorded a modal jazz version of ""My Favorite Things"", a song from this Rodgers & Hammerstein musical about the Von Trapp family.",The Sound of Music
2020 ERIS,9,9,C,"John's wife, Alice Coltrane, was an accomplished jazz musician in her own right who played piano and this other instrument, similar to a lyre. The concert variety of this large stringed instrument has pedals and is played by plucking.",pedal harp [or concert harp]
2020 ERIS,9,10,L,"In 2020, several fan sites dedicated to this author's work announced that they would stop promoting her personally. For 10 points each:",
2020 ERIS,9,10,A,Name this British author who has been criticized recently for transphobic comments she made on Twitter. She used a pseudonym to write about the detective Cormoran Strike.,"J. K. Rowling [or Joanne [Kathleen] Rowling; accept Robert Galbraith, which was the aforementioned pseudonym]"
2020 ERIS,9,10,B,"Rowling is best known for writing this series, whose title character goes to the magic school Hogwarts and fights the evil Voldemort.",Harry Potter series
2020 ERIS,9,10,C,Rowling has also been criticized for her use of anti-Semitic stereotypes in Harry Potter to depict the goblin employees of one of these businesses which is revealed to be the location of the Cup of Hufflepuff.,banks
2020 ERIS,9,11,L,"This man was one of the leaders of the capture of Fort Ticonderoga, and he married Peggy Shippen, a Loyalist and close friend of British military leader John André. For 10 points each:",
2020 ERIS,9,11,A,"Name this Revolutionary War traitor who intended to surrender West Point to the British in exchange for 20,000 pounds.",Benedict Arnold
2020 ERIS,9,11,B,Arnold led the capture of Fort Ticonderoga with this Vermonter and leader of the Green Mountain Boys.,Ethan Allen
2020 ERIS,9,11,C,"After the capture of Fort Ticonderoga, Henry Knox led a team that hauled sixty tons of heavy artillery across New York and Massachusetts to this city, Massachusetts’s largest city.",Boston
2020 ERIS,9,12,L,"For 10 points each, answer the following about the nation of Lebanon:",
2020 ERIS,9,12,A,"Lebanon lies on the east bank of this large sea that divides Northern Africa from Southern Europe. Sicily, Sardinia, Corsica, and Cyprus are large islands in this sea, which is connected to the Atlantic Ocean by the Straits of Gibraltar.",Mediterranean Sea
2020 ERIS,9,12,B,"Lebanon's second largest city shares its name with this other Mediterranean city, the capital of Libya.",Tripoli
2020 ERIS,9,12,C,"The flag of Lebanon depicts one of these trees, the national emblem of Lebanon. Mesopotamian mythology identified a forest of these trees in modern-day Lebanon as the home of the gods.","cedar trees [or the Lebanon cedar, or Cedrus libani; prompt on evergreen or conifer; do not accept or prompt on ""pine"" or ""fir"" or other specific non-cedar conifers]"
2020 ERIS,9,13,L,"Answer some questions about chemistry lab techniques, for 10 points each:",
2020 ERIS,9,13,A,"This technique separates substances by boiling point and includes fractional, steam, and short-path versions. This process is also used in the manufacture of hard liquor to remove water and increase the alcohol content.",distillation [or word forms like distilling]
2020 ERIS,9,13,B,A common lab demo involving separating different dyes in pen ink usually uses this lab technique where a mobile phase flows past a stationary phase. It is derived from the greek word for color.,chromatography
2020 ERIS,9,13,C,"Filtration, a technique used to separate suspended solids from liquids, is often achieved with the help of one of these devices. Another kind of these devices are used as household cleaning appliances, and operate by creating a region in which there is no air in order to suck material through them.",vacuums [or vacuum cleaners]
2020 ERIS,9,14,L,"In one story, an Ulsterian hero prevented Queen Medb (mave) from stealxing one of these animals by fighting her entire army in a series of single combats. For 10 points each:",
2020 ERIS,9,14,A,"Name these animals which included Donn Cuailnge (don cool-nuh). In Greek mythology, the three-headed Geryon owned a magnificent red herd of these livestock animals.",cattle [or cows]
2020 ERIS,9,14,B,"This hero defended Ulster during the cattle raid. Born Setanta, this hero wielded the fearsome spear Gae Bolg and received his name after killing a guard dog.",Cú Chulainn (coo KHOO-lin)
2020 ERIS,9,14,C,Cú Chulainn is a central figure in the mythology of this island. Fionn Mac Cumhaill (finn mac cool) consumes the Salmon of Knowledge in another myth from this Celtic island.,Ireland [or Éire]
2020 ERIS,9,15,L,Light is frequently described as the propagation of both this quantity and it's magnetic counterpart. For 10 points each:,
2020 ERIS,9,15,A,Name this vector quantity equal to the gradient of electric potential. Faraday's law states that a change in magnetic field causes this quantity to be nonzero.,electric field
2020 ERIS,9,15,B,Electric field lines are drawn pointing away from charges with this property and towards negative charges.,positive charge
2020 ERIS,9,15,C,"Within a conductor, the electric field is always equal to this value.",zero
2020 ERIS,9,16,L,"For 10 points each, answer some questions about the presidency of John F. Kennedy:",
2020 ERIS,9,16,A,"In 1963, Kennedy gave a speech in this city in which he famously declared “Ich bin ein [resident of this city]”. During the Cold War, a wall separated the East and West halves of this German capital city.",Berlin [accept “Ich bin ein Berliner”]
2020 ERIS,9,16,B,"The Kennedy administration approved this failed 1961 invasion of Cuba led by Cuban exiles, which increased tensions, leading to the Cuban Missile Crisis.",Bay of Pigs invasion
2020 ERIS,9,16,C,"Kennedy gave a speech in which he compared this action to Rice University playing Texas in football, saying that ""we choose to"" do this action ""and the other things, not because they are easy, but because they are hard"".",“we choose to go to the Moon” [accept any obvious equivalents like putting a man on the Moon or answers about the Apollo mission[s]]
2020 ERIS,9,17,L,"Despite its lack of precision, this scale is often used among geologists. For 10 points each:",
2020 ERIS,9,17,A,"Name this scale used to measure the hardness of various minerals. It works on a scale of 1 to 10, with 1, the softest on the scale, being talc.",Mohs scale
2020 ERIS,9,17,B,"At 9 on the Mohs scale is this mineral, a crystalline form of aluminum oxide. Ruby and sapphire are varieties of this mineral.",corundum
2020 ERIS,9,17,C,"This mineral is found at 10 on the hardness scale. Made of pure carbon, its hardness means it is often used in heavy-duty drills and other machinery.",diamond
2020 ERIS,9,18,L,"This country's imperial family claims to be the oldest continuous hereditary monarchy in the world, dating back to the legendary Emperor Jimmu in 660 BC. For 10 points each:",
2020 ERIS,9,18,A,"Name this Asian country whose emperors are said to be the “symbol of the State” by its constitution. In 2019, its emperor became the first since 1817 to abdicate while alive.","Japan [or Nippon, or Nihon]"
2020 ERIS,9,18,B,"The Imperial Regalia of Japan consist of a jewel, a mirror, and a “Grass-Cutting” one of these weapons. A traditional Japanese form of this weapon is the katana.","a sword [or the Grass-Cutting Sword, or Kusanagi no Tsurugi, or nihontō, or tō]"
2020 ERIS,9,18,C,"Emperor Jimmu is said to have received the Imperial Regalia through his descent from this Japanese sun goddess, who hid in a cave from her brother and was lured out by the mirror and jewel, later being given the sword as an apology gift.","Amaterasu [or Amaterasu-ōmikami, or Ōhirume-no-muchi-no-kami]"
2020 ERIS,9,19,L,"Answer these questions about Samoa, for 10 points each:",
2020 ERIS,9,19,A,"This pioneering anthropologist wrote Coming of Age in Samoa about sexual repression in Samoan culture, a book that was criticized by Derek Freeman.",Margaret Mead
2020 ERIS,9,19,B,"This is the national sport of Samoa, which is regularly ranked among the top 20 nations in the world at this sport. Teams of 15 players compete to score tries and goals in this football-like sport, and New Zealand's ""All Blacks"" are one of the best national teams in the world at it.","rugby union [do NOT accept or prompt on “rugby sevens”, as the question explicitly says 15 players a side]"
2020 ERIS,9,19,C,"Samoa is the most recent country to change to driving on this side of the road. In Britain and many of its former colonies, people drive on this side of the road, unlike in the United States.",the left side of the road
2020 ERIS,9,20,L,This religious denomination produces tracts such as The Watchtower. For 10 points each:,
2020 ERIS,9,20,A,"Name this fringe denomination of Christianity founded by Charles Taze Russell. Its members reject the Holy Trinity, refuse to celebrate holidays with supposed pagan origins like Christmas, and engage in ""disfellowshipping"" and shunning of members who misbehave.",Jehovah's Witnesses [prompt on Watch Tower Society or Bible Student movement]
2020 ERIS,9,20,B,Russell founded the Jehovah's Witnesses in this state's city of Pittsburgh.,Pennsylvania [or the Commonwealth of Pennsylvania]
2020 ERIS,9,20,C,"Jehovah's Witnesses refuse blood transfusions based on their interpretation of this book's fifteenth chapter. Believed to have been written by the same author as the Book of Luke, it is the fifth book in the New Testament and describes the lives of the apostles after Jesus's death, including the conversion of Paul.","Book of Acts [or the Acts of the Apostles, or Práxeis Apostólōn]"
2020 ERIS,10,1,L,"The Serbian writer Milorad Pavić (pah-veech) wrote a mostly-plotless ""lexicon novel"" titled for one of these works ""of the Khazars"". For 10 points each:",
2020 ERIS,10,1,A,"Name these works, a satirical ""Devil's"" one of which was written by Ambrose Bierce. The “Petit Larousse” is a famous French one of these works.",dictionaries [accept The Devil’s Dictionary; accept Dictionary of the Khazars or Hazarski rečnik]
2020 ERIS,10,1,B,"Henry Black wrote the first two editions of an authoritative dictionary used by people with this profession. In order to become part of this profession, prospective members must pass the ""bar exam"", for which each state has a different version.",lawyers [or attorneys; accept anything relating to practicing law]
2020 ERIS,10,1,C,"This board game also maintains its own dictionary, which lists all the words which may be played in it. Players in this board game take turns playing tiles on a 15-by-15 board to form words, scoring more points for using rarer letters like the Q and Z.",Scrabble
2020 ERIS,10,2,L,The primary goals of this social cause were achieved through the passing of the Volstead Act and the 18th Amendment. For 10 points each:,
2020 ERIS,10,2,A,"Identify this social cause which sought to ban the consumption of beverages like beer, rum, and bourbon in the United States.",temperance movement [or prohibitionist movement; accept teetotalism; accept any descriptive answers like banning alcoholic drinks]
2020 ERIS,10,2,B,"Carrie Nation, a radical temperance activist, was infamous for violently attacking saloons and bars using one of these weapons to destroy kegs of alcohol.",hatchets [or axes]
2020 ERIS,10,2,C,"During the prohibition era, this Chicago gangster built an empire on the sale of illegal alcohol, a practice known as bootlegging. Nicknamed ""Scarface"", this perpetrator of the St. Valentine's Day Massacre would later be jailed at Alcatraz after his conviction for tax evasion.",Al Capone [or Alphonse [Gabriel] Capone]
2020 ERIS,10,3,L,"Answer the following about gay characters in young adult literature, for 10 points each:",
2020 ERIS,10,3,A,This headmaster of Hogwarts in the Harry Potter series had an affair with Gellert Grindelwald. He was murdered by Severus Snape in the sixth Harry Potter novel.,Albus Percival Brian Wulfric Dumbledore [accept either underlined portion]
2020 ERIS,10,3,B,"In the Percy Jackson series, Nico di Angelo, a son of this Greek god, is forced by Cupid to come out as gay. This member of the Big Three put Nico and his sister Bianca in the Lotus Hotel.",Hades
2020 ERIS,10,3,C,"This author wrote Two Boys Kissing and Boy Meets Boy, two books featuring gay characters. This author also cowrote Will Grayson, Will Grayson with John Green, a book that centers around the fact that a straight boy and a gay boy both share the title name.",David Levithan
2020 ERIS,10,4,L,This empire's first ruler was Genghis Khan. For 10 points each:,
2020 ERIS,10,4,A,"Name this largest contiguous land empire in world history. It stretched from Siberia to Eastern Europe, eventually fracturing into several smaller realms such as the Chagatai Khanate.",Mongol Empire [or Ilk Mongol Uls]
2020 ERIS,10,4,B,"This grandson of Genghis established the Yuan Dynasty in China, becoming the first non-Han emperor to control all of China after his conquest of the Song Dynasty and accession to the imperial throne.",Kublai Khan [or Hubilai]
2020 ERIS,10,4,C,This successor state of the Mongol Empire was founded by Batu Khan and ruled over the steppes of Eastern Europe and Central Asia. It was eventually defeated by Muscovy at the Great Stand on the Ugra River.,"the Golden Horde [or Altan Ord, or Altın Urda, or Ulug Ulus, or the Ulus of Jochi, or the Kipchak Khanate; prompt on the Great Horde]"
2020 ERIS,10,5,L,This composer's preludes include The Girl With the Flaxen Hair. For 10 points each:,
2020 ERIS,10,5,A,Name this French composer who is best known for pieces like La mer and Clair de lune.,Claude Debussy [or Achille-Claude Debussy]
2020 ERIS,10,5,B,"Debussy was influenced by Inayat Khan, a Sufi mystic and musician from this country. Ravi Shankar is a musician who plays the sitar, a traditional instrument from this country, and its classical music is based on the principles of raga and tala.",India [or Bhārāt]
2020 ERIS,10,5,C,"Debussy was known for his musical integration of silence, something that was taken perhaps a bit too far by this American minimalist composer in his work 4'33"", in which the performer sits still for the title amount of time.",John Cage
2020 ERIS,10,6,L,"This city's Eisbach contains standing waves for surfers to practice, despite this city being far inland. For 10 points each:",
2020 ERIS,10,6,A,"What capital of Bavaria, located on the River Isar, is noted for its many breweries, such as the 800-year-old Augustiner Keller, as well as its yearly Oktoberfest beer festival?",Munich [or München]
2020 ERIS,10,6,B,"Munich is located in the southeast portion of this country, whose other cities include Hamburg and Frankfurt. It is the most populous country located entirely in Europe.",Federal Republic of Germany [or Bundesrepublik Deutschland]
2020 ERIS,10,6,C,"Munich's Nymphenburg Park contains one of these buildings. Elsewhere in Bavaria, Ludwig II built the famous Neuschwanstein (noy-SHVAAN-shtine) one of these buildings atop a hill, which remains a popular tourist attraction.",a castle [or schloss]
2020 ERIS,10,7,L,"In this book, a character named Dolphus Raymond fakes alcoholism. For 10 points each:",
2020 ERIS,10,7,A,"Name this book set in Maycomb, Alabama in which Tom Robinson is falsely convicted of raping Mayella Ewell despite the defenses of the lawyer Atticus Finch.",To Kill a Mockingbird
2020 ERIS,10,7,B,This American author who died in 2016 wrote To Kill a Mockingbird.,Harper Lee
2020 ERIS,10,7,C,Lee's friendship with Truman Capote inspired this character in To Kill a Mockingbird. This character visits Maycomb every summer from Meridian and quickly becomes friends with Scout and Jem.,Dill Harris [or Charles Baker Harris; accept any underlined portion]
2020 ERIS,10,8,L,Answer some questions about computer components. For 10 points each:,
2020 ERIS,10,8,A,"These components were the focus of the race to 5 gigahertz, and can have one or multiple cores. Manufacturers of these components include Intel.",processors [accept central processing units or CPUs]
2020 ERIS,10,8,B,"Primary manufacturers of these components include NVidia and AMD, and later iterations of these components have included hardware-accelerated ray tracing.",graphics cards [accept graphics processing units or GPUs]
2020 ERIS,10,8,C,"Computers use these devices to display things to users. In laptop computers, these screens are typically attached to the rest of the computer, while desktop computers often have separate versions.",monitors
2020 ERIS,10,9,L,"In a dispute over where to build this city, its eventual founder claimed to have seen twelve auspicious birds to his brother's six. For 10 points each:",
2020 ERIS,10,9,A,"Name this city in modern-day Italy, named for the brother of Remus. It eventually became the center of an empire whose gods included Jupiter, Mars, and Pluto.",Rome
2020 ERIS,10,9,B,"Romulus and Remus were legendarily raised by one of these creatures, who were honored in the festival of Lupercalia.",a female wolf [accept wolves]
2020 ERIS,10,9,C,"After Romulus and Remus were abandoned on the banks of this river, its god saved them. This third-longest river in Italy flows through Rome.",the Tiber river [accept Tiberinus]
2020 ERIS,10,10,L,"The current holder of this position, Tenzin Gyatso, is one of only two living people who were heads of state during World War II. For 10 points each:",
2020 ERIS,10,10,A,"Name this position held by the spiritual leader of Tibetan Buddhism, currently occupied in exile in Dharamsala, India due to oppression by the Chinese government.",Dalai Lama
2020 ERIS,10,10,B,"Tibetan Buddhists often worship by repeatedly chanting these sacred phrases, which include ""om mani padme hum"".",mantras [or sngags]
2020 ERIS,10,10,C,"Tibetan Buddhists are split into schools named after ""Red"" and ""Yellow"" types of these garments. Muslims often wear one of these garments called a taqiyah during prayer.",hats [accept specific types of hats like skullcaps]
2020 ERIS,10,11,L,"In Parkinson's disease, the body produces lower amounts of this neurotransmitter. For 10 points each:",
2020 ERIS,10,11,A,Name this neurotransmitter often associated with pleasure and emotional highs. Anticipation of rewards increases the amount of this chemical in the brain.,dopamine
2020 ERIS,10,11,B,"This other neurotransmitter is believed to play major roles in mood and appetite, among other things. Its reuptake is inhibited by SSRIs.",serotonin
2020 ERIS,10,11,C,"SSRIs are often prescribed to treat this mental health condition which may be caused by a lack of serotonin. It can cause low self-esteem, a prolonged lack of happiness, or a loss of interest in previously enjoyable activities.",clinical depression [or major depressive disorder or MDD]
2020 ERIS,10,12,L,"For 10 points each, answer the following about unusual self-portraits.",
2020 ERIS,10,12,A,"This man depicted himself with the title features in his Self-Portrait with Seven Fingers. He depicted a burning synagogue in his depiction of the Crucifixion, and his most famous work, I and the Village, was inspired by a village in Belarus.",Marc Chagall
2020 ERIS,10,12,B,"This man depicted himself thrice in his Triple Self-Portrait. He also painted for the Saturday Evening Post, and depicted Ruby Bridges walking to school escorted by National Guardsmen in The Problem We All Live With.",Norman Rockwell
2020 ERIS,10,12,C,"Rockwell also created a series of paintings depicting this many freedoms. In another unusual self-portrait, Belgian surrealist René Magritte painted himself with this many arms, two more than the usual number.",four
2020 ERIS,10,13,L,"This number is so large that if a perfectly efficient computer the size of the Earth were to store its value, it would collapse into a black hole. For 10 points each:",
2020 ERIS,10,13,A,"Identify this number equal to the value of an extremely large exponentiation tower, which was popularized in a 1977 column by Martin Gardner, at which point it was the largest number ever used in a serious mathematical proof.",Graham's number
2020 ERIS,10,13,B,"Graham's number is the upper bound to a problem from Ramsey theory, a subfield of graph theory which involves doing this process to graphs in certain ways. A famous computer-assisted proof by Haken and Appel showed that any map can have this process done to it with only four different labels.",graph coloring
2020 ERIS,10,13,C,"Specifically, the problem asked for the smallest dimension n in which a complete graph on the vertices of an n-dimensional hypercube, if each edge were colored red and blue, must contain a mono-colored one of these shapes. These shapes have four equal sides and four right angles.",squares [prompt on rectangles or quadrilaterals]
2020 ERIS,10,14,L,"Over 250 of these things are currently being stored in Moses Lake, Washington. For 10 points each:",
2020 ERIS,10,14,A,Name these things which were withdrawn from service worldwide in March 2019 following two deadly accidents in 6 months caused by a faulty MCAS system which the manufacturer of these things failed to mention in their manuals.,737 MAX airplanes [prompt on airplanes or passenger airplanes or 737 airplanes; accept but DO NOT OTHERWISE REVEAL answers like Boeing 737 MAX]
2020 ERIS,10,14,B,"This American aircraft manufacturer founded in Seattle produces the 737 MAX. Their primary competitor is Airbus, and their other planes include the double-decker 747.",Boeing
2020 ERIS,10,14,C,"A recent Boeing 737 crash that was not caused by manufacturing faults, meanwhile, occurred in January 2020 when Ukraine International Airlines flight 752 was shot down shortly after departing from Tehran, the capital of this country, by its military.",Islamic Republic of Iran
2020 ERIS,10,15,L,"Answer the following about oceanic trenches, for 10 points each:",
2020 ERIS,10,15,A,"Ocean trenches are formed by this geological process, in which one tectonic plate slides under another at a convergent plate boundary.",subduction
2020 ERIS,10,15,B,"The regions near subduction zones often contain large numbers of this type of mountain, examples of which include Mount St. Helens in Washington and Kilauea in Hawaii. These mountains typically eject large amounts of magma when they erupt.",volcanoes
2020 ERIS,10,15,C,"These other undersea formations are caused by volcanic activity, usually at divergent plate boundaries. They may form “black smokers” or “white smokers”, and release warm, nutrient-rich water through the seabed, creating habitats for animals like the giant tube worm.",hydrothermal vents [prompt on thermal vents]
2020 ERIS,10,16,L,Isaac Newton first formulated a universal law of this force. For 10 points each:,
2020 ERIS,10,16,A,"Name this force whose magnitude is equal to the product of the masses of two objects, times a namesake constant, divided by the square of the distance between them.",gravity [accept word forms like gravitation]
2020 ERIS,10,16,B,A common system involving Newton's laws of gravitation is a problem involving this many bodies orbiting each other. Newton also formulated this many laws of motion.,three
2020 ERIS,10,16,C,"Lagrange found special cases of the three-body problem in which the bodies could exist in stable or unstable versions of this state. When the net force on an object is zero, it's in this state.",equilibrium
2020 ERIS,10,17,L,"This prime minister was nicknamed ""Milk Snatcher"" after cutting school meal benefits. For 10 points each:",
2020 ERIS,10,17,A,Name this first female European Prime Minister who was almost killed in an IRA bombing in Brighton.,Margaret Thatcher
2020 ERIS,10,17,B,"Thatcher was the prime minister of this country, whose regions include Wales and Scotland and which has also been led recently by David Cameron.","United Kingdom of Great Britain and Northern Ireland [accept the UK or Great Britain; do NOT accept or prompt on ""England""]"
2020 ERIS,10,17,C,"Thatcher successfully ended a nationwide strike of people in this profession led by Arthur Scargill. This profession was concentrated in northern England and the Welsh mountains, and is also common in the U.S. in states like West Virginia.",coal mining [accept word forms; prompt on mining by asking “for what resource?”]
2020 ERIS,10,18,L,"In this movie, the main character kills his girlfriend after a Ferris wheel breaks down. For 10 points each:",
2020 ERIS,10,18,A,Name this 2017 movie adaptation of a manga and anime series about Light Turner finding a book with the power to kill.,Death Note
2020 ERIS,10,18,B,"The Death Note adaptation was headed by this streaming service after they bought the rights to the movie from Warner Bros. This streaming service's first original TV series, House of Cards, achieved widespread popularity.",Netflix
2020 ERIS,10,18,C,"In summer 2020, Netflix brought this animated series to its online streaming services. This series depicts Aang (rhymes with “bang”), who has the power to perform four different kinds of magic.",Avatar: The Last Airbender [or ATLA; prompt on Avatar alone]
2020 ERIS,10,19,L,"Aristotle tutored this man, who died in Babylon at age 32, leaving his empire to be split among the Diadochi. For 10 points each:",
2020 ERIS,10,19,A,"Name this king of Macedon who built an empire spanning from Greece to India. He named many cities after himself, including one in Egypt home to a famous lighthouse.","Alexander the Great [or Alexander III of Macedon, or Alexandros ho Megas, or Alexandros III ho Makedon; prompt on Alexander or Alexandros]"
2020 ERIS,10,19,B,This man was Alexander the Great's father. He was assassinated by one of his bodyguards and led the League of Corinth.,Philip II of Macedon [or Philippos II ho Makedon; prompt on Philip]
2020 ERIS,10,19,C,"In the Battles of Issus and Gaugamela, Alexander defeated Darius III, the ruler of this large empire centered on modern-day Iran.","the First Persian Empire [or the Achaemenid Empire, or Xšāça]"
2020 ERIS,10,20,L,"This collection includes tales told by the Pardoner and the Nun's Priest. For 10 points each,",
2020 ERIS,10,20,A,Name this collection in which pilgrims tell stories on a pilgrimage to the tomb of Thomas Becket.,The Canterbury Tales
2020 ERIS,10,20,B,This British author wrote The Canterbury Tales and was a contemporary of Giovanni Bocaccio.,Geoffrey Chaucer
2020 ERIS,10,20,C,"This character in The Canterbury Tales tells a tale about Arcite and Palamon, who both fall in love with Emily upon seeing her. This character's tale follows the work's general prologue.",the Knight
2020 ERIS,11,1,L,"This novel's lesser characters include 'party enemy' Emmanuel Goldstein, who may or may not actually exist, and a philologist named Syme. For 10 points each:",
2020 ERIS,11,1,A,"Name this dystopian novel by George Orwell about Winston Smith's life under the repressive regime of Big Brother, named for the year in which it takes place.",Nineteen Eighty-Four [or 1984]
2020 ERIS,11,1,B,"In 1984, Winston has a secret affair with a woman with this name. Mario Vargas Llosa (YO-sa) wrote a novel partially titled for a character with this first name ""and the Scriptwriter"".","Julia [accept Aunt Julia and the Scriptwriter; also, I guess you can accept pronunciations that say ""HOO-lia"" because Vargas Llosa wrote in Spanish]"
2020 ERIS,11,1,C,"Early in the novel, Winston's suspicions that Julia is a member of a resistance group are confirmed when she hands him a note containing this three-word confession.","""I love you"" <Kang, Literature>"
2020 ERIS,11,2,L,Benjamin Edes printed a famous engraving of this event. For 10 points each:,
2020 ERIS,11,2,A,Identify this 1770 event in which British soldiers shot and killed several people protesting colonial laws in the capital of Massachusetts.,Boston Massacre [accept the Incident on King Street from traitorous royalists]
2020 ERIS,11,2,B,This dock worker was the first victim of the Boston Massacre. Most historians agree he is both of African and Native American descent.,Crispus Attucks
2020 ERIS,11,2,C,The Boston Massacre was depicted in an engraving by this silversmith. This freedom fighter orchestrated a signal to light one lantern if British forces were advancing by land and two if by sea in one of his most famous feats.,"Paul Revere <Tisdale, History>"
2020 ERIS,11,3,L,"Answer some questions about words prefixed with re-, for 10 points each:",
2020 ERIS,11,3,A,"This word refers to an item defined based on itself, such as a sequence where each number is defined as a function of previous numbers in the sequence.",recursion [or recursive or other word forms]
2020 ERIS,11,3,B,"This term can describe an election to remove a politician in the middle of their term, a notice not to use a certain product, or your ability to remember things like the answer to this bonus.",recall
2020 ERIS,11,3,C,"This word means compensation paid by a government for a historical wrong. Ta-Nehisi Coates wrote an essay in the Atlantic titled ""The Case For"" this word, arguing that Black Americans should be paid to compensate for a history of oppression.","reparations <McAvoy-Bickford, Miscellaneous>"
2020 ERIS,11,4,L,The pivotal event of this play comes after Hally spits in Sam's face and orders him to call him by the title name. For 10 points each:,
2020 ERIS,11,4,A,"Name this play about the increasing mistreatment of two black servants by their master's teenage son, the magnum opus of Athol Fugard.",Master Harold ...and the Boys
2020 ERIS,11,4,B,"Fugard was from this country, where authors like Nadine Gordimer and Alan Paton wrote about apartheid.","Republic of South Africa [or RSA, or Republiek van Suid-Afrika, or iRiphabhuliki yaseNingizimu Afrika, or answers in any of South Africa’s other eight official languages -- consult Wikipedia if you actually need to]"
2020 ERIS,11,4,C,Alan Paton wrote this novel about the elderly Zulu priest Stephen Kumalo who travels to Johannesburg and deals with his son Absalom's murder of Arthur Jarvis.,"Cry, the Beloved Country <Farra, Literature>"
2020 ERIS,11,5,L,"You are the Lorax. Speak for some trees, for 10 points each:",
2020 ERIS,11,5,A,"Most trees are covered in these objects, at least during the summer. These flat green structures allow the trees to ""breathe"", and during the fall they may change color.",leaves [or a leaf]
2020 ERIS,11,5,B,"Trees whose leaves change color and fall off every winter are referred to by this term, which is contrasted with ""evergreen"".",deciduous trees
2020 ERIS,11,5,C,"Many evergreen trees fall into this category of plants which bear exposed seeds, whose name comes from the Greek for ""naked seed"". They are contrasted with angiosperms.","gymnosperms [or Acrogymnospermae] <Gollamudi, Science>"
2020 ERIS,11,6,L,"After one man performed this action in 1865, he jumped onto the stage of a theatre and shouted ""Sic Semper Tyrannis"". For 10 points each:",
2020 ERIS,11,6,A,"Identify this action, which was also performed on November 22, 1963 in Dallas, Texas. A description is acceptable.","assassinating the President of the United States [accept any answers which involve killing or murdering or shooting the President; accept POTUS in place of “the President”; prompt on just murder or assassination or similar answers by asking ""who was the victim?""]"
2020 ERIS,11,6,B,"This actor shouted ""Sic Semper Tyrannis"", or ""thus always to tyrants"", after shooting Abraham Lincoln in 1865.",John Wilkes Booth
2020 ERIS,11,6,C,"After the assassination of William McKinley, Congress passed a law to task the Secret Service with protecting the president. The Secret Service was originally a branch of the Treasury Department tasked with preventing this crime.","counterfeiting money [accept obvious equivalents like making fake money] <Singh, History>"
2020 ERIS,11,7,L,A bay in this island contains the smaller Gonave Island. For 10 points each:,
2020 ERIS,11,7,A,"Name this Caribbean island split between two countries, the French-colonized Haiti in the west and a larger Spanish-speaking country in the east.","Hispaniola [or La Española, or Ispayola; note that the indigenous name for the island is ""Haiti"" but we cannot accept that as it's already in the question]"
2020 ERIS,11,7,B,"This country occupies the eastern portion of Hispaniola. Its tourist attractions include Pico Duarte and Lake Enriquillo, and its capital is Santo Domingo.","Dominican Republic [or Repúblicana Dominicana, do NOT accept or prompt on Dominica as that is a completely different Caribbean island country]"
2020 ERIS,11,7,C,"This is the most popular sport in the Dominican Republic. David Ortiz, Sammy Sosa, Bartolo Colón, and Albert Pujols are among the many Dominicans who have achieved success as professional athletes in this sport.","baseball [or beisból] <Stewart, Geography>"
2020 ERIS,11,8,L,Benoît Mandelbrot (ben-WAH MAN-del-broh) argued that Great Britain's coastline was one of these things. For 10 points each:,
2020 ERIS,11,8,A,"Name these self-similar figures which include the Sierpiński triangle, the Cantor set, the dragon curve, and others.",fractals
2020 ERIS,11,8,B,"A fractal named for Niels von Koch and this kind of figure can be constructed by starting with a triangle, then adding triangles with smaller bases onto the straight lines, and repeating infinitely.",snowflake
2020 ERIS,11,8,C,"Fractals have a ""Hausdorff"" variety of this concept which can be a non-integer and measures the complexity of a fractal. Shapes like circles and squares exist in a plane, which has two of these, whereas solid objects like cubes have three of them.","dimensions <Karpov, Mathematics>"
2020 ERIS,11,9,L,"During a study at Yale University, subjects demonstrated an unexpected willingness to take this action. For 10 points each:",
2020 ERIS,11,9,A,"Describe this action, the focus of Stanley Milgram’s obedience experiment. In that experiment, subjects were instructed to do this to “learners” who failed at a word-memorization task, and generally did so despite being told that it could be extremely painful.",giving them an electric shock [accept any answers indicating shocking them or electrocuting them; prompt on hurting them or causing pain or similar answers by asking “in what manner?”]
2020 ERIS,11,9,B,"Milgram was inspired to conduct the experiment to determine whether the millions of people involved in perpetrating this atrocity could have been merely ""following orders"". During this event, over six million Jews were killed and millions more forced to flee Europe.","the Holocaust [or the Shoah, or HaShoah; prompt on World War II]"
2020 ERIS,11,9,C,"This German-American Jewish philosopher also explored the motivations of Holocaust perpetrators, coining the phrase ""the banality of evil"" to explain it. She also wrote the books Eichmann in Jerusalem and The Origins of Totalitarianism.","Hannah Arendt <Gunter, Social Science>"
2020 ERIS,11,10,L,"This man depicted a skull in the title object in his painting Eye, and he depicted two hands drawing each other in his Drawing Hands. For 10 points each:",
2020 ERIS,11,10,A,Name this Dutch artist known for his tessellations and depictions of paradoxes such as waterfalls which flow into themselves.,M. C. Escher [or Maurits Cornelis Escher]
2020 ERIS,11,10,B,"Escher's Hand with Reflecting Sphere is an unusual form of this type of artwork, in which the artist depicts themselves.",self-portraits
2020 ERIS,11,10,C,"Escher also painted a paradoxically infinite one of these structures in Ascending and Descending. Marcel Duchamp produced a painting of a ""Nude Descending"" one of these structures.","a staircase [accept obvious equivalents like a stairwell or stairway or just stairs] <Young, Fine Arts>"
2020 ERIS,11,11,L,"For 10 points each, answer some questions about very badly named military operations:",
2020 ERIS,11,11,A,"The goal of Operation Chattanooga Choo Choo was to bomb tracks for these vehicles, which passengers on the Trans-Siberian Railroad used.",trains [accept equivalents such as locomotives]
2020 ERIS,11,11,B,"Operations Breakfast, Lunch, Snack, Dinner, Supper, and Dessert were launched to bomb this country neighboring Vietnam during the Vietnam War.","Kingdom of Cambodia [or le Royaume du Cambodge, or Prĕəh Riəciənaacak Kampuciə; accept Democratic Kampuchea or Kâmpŭchéa Prâcheathippadey; accept Srok Khmae]"
2020 ERIS,11,11,C,"The U.S. occupied New Georgia in Operation Toenails in this war, which also included the battles of Iwo Jima and Okinawa.","World War II [or the Second World War] <Kher, History>"
2020 ERIS,11,12,L,"For 10 points each, answer the following about geographical locations related to the song ""Take Me Home, Country Roads"":",
2020 ERIS,11,12,A,"""Take Me Home, Country Roads"" is the official state anthem of this U.S. state. The song claims that this state is ""almost heaven"" and compares its mountains to a motherly figure.",West Virginia
2020 ERIS,11,12,B,"This is the last name of the singer of ""Take Me Home, Country Roads."" This is also the name of a city nicknamed the ""Mile High City"", the capital of Colorado.",Denver [accept John Denver]
2020 ERIS,11,12,C,"The second line of ""Take Me Home, Country Roads"" mentions both the Blue Ridge Mountains and this Virginia river, the largest tributary of the Potomac. A folk song with the same name as this river says ""we're bound away / across the wide Missouri"".","Shenandoah River [accept “Oh, Shenandoah”] <Kher, Geography>"
2020 ERIS,11,13,L,"People who construct these puzzles are sometimes referred to as ""cruciverbalists"". For 10 points each:",
2020 ERIS,11,13,A,"Name these word puzzles which contain ""Across"" and ""Down"" clues, and consist of a grid in which words must be filled in all the empty squares.",crossword puzzles
2020 ERIS,11,13,B,"This other kind of crossword more popular in Britain uses clues that contain complex puzzles like anagrams and other wordplay, and typically contains many more black squares than standard crosswords.",cryptic crosswords
2020 ERIS,11,13,C,"A well-known crossword is published every week in the Sunday edition of this newspaper. Its slogan is ""All the News that's Fit to Print"".","The New York Times [or the NYT; prompt on The Times] <McAvoy-Bickford, Miscellaneous>"
2020 ERIS,11,14,L,The stew cholent (kho-lent) is traditionally eaten for one meal on this day. For 10 points each:,
2020 ERIS,11,14,A,Name this Jewish observance that falls on the seventh day of the week. Observant Orthodox Jews often refrain from work on this day.,Shabbat [or Shabbos or the Sabbath; prompt on Saturday]
2020 ERIS,11,14,B,"The challah bread is covered while this blessing is recited during Shabbat. This blessing is recited over wine or grape juice during the first meal of the Shabbat, on Friday night.","kiddush [do NOT accept or prompt on ""kaddish"", which is a different Jewish prayer]"
2020 ERIS,11,14,C,Wine or grape juice is also used to extinguish one of these objects at the end of Shabbat. One of these objects is lit on each day of Hanukkah.,"candles <McAvoy-Bickford, Religion>"
2020 ERIS,11,15,L,"Answer some questions about carbon-12's role in chemical measurement, for 10 points each:",
2020 ERIS,11,15,A,This unit of quantity is equal to the number of particles in 12 grams of carbon-12. The mass of one of these units for a specific element is that element's molecular weight.,mole
2020 ERIS,11,15,B,"One mole is equal to 6.02 x 10 23 , a number named for this Italian scientist.",Amedeo Avogadro [or Lorenzo Romano Amedeo Carlo Avogadro; accept Avogadro's number]
2020 ERIS,11,15,C,"One mole of the ""ideal"" form of this state of matter will occupy a volume of 22.4 liters at standard temperature and pressure. This state of matter expands to fill its containers and is the least dense of the three primary phases.","gas [or gaseous] <Sethi, Science>"
2020 ERIS,11,16,L,Anorthosite is a rock comprised almost entirely of this mineral. For 10 points each:,
2020 ERIS,11,16,A,What mineral which forms the continuous branch of Bowen's reaction series is the most common mineral in the Earth's crust?,feldspar
2020 ERIS,11,16,B,"Feldspar's molecular structure includes eight atoms of this element, which comprises almost half of the Earth's crust. The primary component of sand is a compound of silicon and this element called silica.",oxygen [prompt on O]
2020 ERIS,11,16,C,"Feldspar typically contains silicon, oxygen, an alkali metal, and this element, the most common metal in the Earth's crust. It is symbolized Al, and is commonly used to make foil.","aluminum [or aluminium; prompt on Al] <Sethi, Science>"
2020 ERIS,11,17,L,"Some of America's most celebrated writers were terribly shy people. For 10 points each, answer the following about some reclusive American authors:",
2020 ERIS,11,17,A,"There is only one known surviving photograph of this Massachusetts poet who spent much of her adult life in isolation. Her poems include ""I'm Nobody! Who are you?"" and ""I heard a Fly buzz— when I died”.",Emily [Elizabeth] Dickinson
2020 ERIS,11,17,B,This postmodernist author of The Crying of Lot 49 has managed to stay out of the public eye for six decades. He wrote about Tyrone Slothrop and the V-2 rocket in Gravity's Rainbow.,"Thomas Pynchon [or Thomas Ruggles Pynchon, Jr.]"
2020 ERIS,11,17,C,"Novels by the reclusive Cormac McCarthy include Blood Meridian and All the Pretty Horses, two examples of this literary genre. Actor John Wayne is also associated with this broad genre of fiction which frequently involves cowboys, sheriffs, and outlaws.","Western fiction [or Westerns; accept Wild West; accept American Old West] <Kang, Literature>"
2020 ERIS,11,18,L,"One star in this constellation experienced a drastic dimming during winter 2020, believed to have been caused by ""starspots"" covering over half its surface. For 10 points each:",
2020 ERIS,11,18,A,Name this constellation depicting a hunter from Greek mythology. Its most famous feature is the three stars that make up its belt.,Orion
2020 ERIS,11,18,B,"This supergiant variable star, which experienced the aforementioned dimming, is usually the second brightest star in Orion. It forms one of Orion's ""shoulders"".",Betelgeuse [accept Alpha Orionis]
2020 ERIS,11,18,C,"Astronomers believed that Betelgeuse's dimming could be a sign that it will undergo one of these events soon. In these events, a massive star collapses in on itself and explodes.","supernovae <Sethi, Science>"
2020 ERIS,11,19,L,"This event occurred after a driver made a wrong turn to a street where, according to popular legend, its perpetrator had stopped to get a sandwich. For 10 points each:",
2020 ERIS,11,19,A,Describe this event was perpetrated by Gavrilo Princip in Sarajevo by a Serbian nationalist group.,"assassination of Archduke Franz Ferdinand [accept any obvious equivalents, prompt on but DO NOT OTHERWISE REVEAL answers like the start of World War I]"
2020 ERIS,11,19,B,Franz Ferdinand's death sparked the beginning of this war which lasted from 1914 to 1918.,"World War I [or the First World War, or the Great War; accept The War to End All Wars]"
2020 ERIS,11,19,C,"This country was the first to mobilize forces to support Serbia, although it withdrew from the war after a 1917 revolution deposed its king Nicholas II.","Russian Empire <Kher, History>"
2020 ERIS,11,20,L,"Answer these questions about livestock in mythology and folktales, for 10 points each:",
2020 ERIS,11,20,A,"After this Mesopotamian love goddess is rejected by Gilgamesh, she unleashes the Bull of Heaven on him, leading to the death of his friend Enkidu.",Ishtar [accept Inanna]
2020 ERIS,11,20,B,This giant lumberjack in American folklore is accompanied by Babe the Blue Ox.,Paul Bunyan
2020 ERIS,11,20,C,"The goat Heiðrún (HAY-dhroon) grazes from the tree Læraðr (LIE-rah-dhur) atop this location, and produces vast quantities of mead. This giant hall owned by Odin is the final resting place for the einherjar (AIN-hair-yaar), the souls of fallen warriors, who are led to this place by valkyries.","Valhalla [or Valhöll] <Gjesfjeld, Mythology>"
2020 ERIS,12,1,L,"Seven small kingdoms fought for control of this country during the Warring States period, which resulted in the state of Qin (chin) emerging supreme. For 10 points each:",
2020 ERIS,12,1,A,Name this country whose capital during the Qin Dynasty was located at Xi'an (SEE-ahn).,China [or Zhongguo]
2020 ERIS,12,1,B,"This first emperor of the Qin dynasty united China, ending the Warring States period. He is traditionally held to have perpetrated a burning of books and mass murder of scholars, which may not have actually happened.","Qin Shi Huang [or Qin Shi Huangdi, or Zhao Zheng, or Ying Zheng, or Zheng, King of Qin; prompt on Zheng; prompt on First Qin Emperor]"
2020 ERIS,12,1,C,Qin Shi Huang (chin shur hwahng) ordered the construction of a massive army of sculptures of soldiers made of this substance to protect him in the afterlife.,terracotta [prompt on ceramic or clay or pottery]
2020 ERIS,12,2,L,"This man penned an elegy for himself, writing that “I hope to see my Pilot face to face / when I have crossed the bar”. For 10 points each:",
2020 ERIS,12,2,A,"Name this British poet of ""Crossing the Bar"". Another of his poems is set during the Crimean War and describes a cavalry unit at the Battle of Balaclava.","Alfred, Lord Tennyson"
2020 ERIS,12,2,B,"This Tennyson poem opens ""Half a league, half a league / half a league onward”. Its final stanza asks ""When can their glory fade? / O the wild charge they made!"".","""The Charge of the Light Brigade"""
2020 ERIS,12,2,C,“The Charge of the Light Brigade” describes the cavalry riding into the “valley of” this concept. An Emily Dickinson poem begins “Because I could not stop for [this concept] -- / He kindly stopped for me”.,death
2020 ERIS,12,3,L,This painting depicts James Monroe holding up an American flag. For 10 points each:,
2020 ERIS,12,3,A,Name this Emmanuel Leutze (LOYT-zuh) painting depicting the first president of the United States sailing a boat across a river during the Revolutionary War.,Washington Crossing the Delaware [do not accept or prompt on “George Washington Crossing the Delaware”]
2020 ERIS,12,3,B,"This American regionalist artist painted Daughters of Revolution, a work that depicts three people who may be Ben Franklin, Thomas Jefferson and George Washington in drag standing in front of Leutze's Washington Crossing the Delaware.",Grant [DeVolson] Wood
2020 ERIS,12,3,C,"Grant Wood also created this painting, depicting a farmer standing next to his daughter and holding a pitchfork in front of a house in Eldon, Iowa.",American Gothic
2020 ERIS,12,4,L,"Answer some questions about the work of Italian biologist Camillo Golgi, for 10 points each:",
2020 ERIS,12,4,A,Golgi discovered a large organelle which is named for him and which packages these molecules. These molecules are made up of amino acids and are a nutrient provided in food like nuts and meat.,proteins
2020 ERIS,12,4,B,Golgi also invented a form of this technique that allows neurons to be visualized. Hans Christian Gram names another form of this technique that can be used to classify bacteria.,staining [accept Gram staining]
2020 ERIS,12,4,C,"Gram staining classifies organisms based on the thickness of this organelle, which surrounds the cells of some organisms. It is made of cellulose in plants and is not present in animal cells.","cell wall [do not accept or prompt on ""cell membrane""]"
2020 ERIS,12,5,L,"This event will be preceded by Fimbulwinter, a series of three successive winters that will kill all humans except for Líf and Lífþrasir (LEEF-thraa-seer). For 10 points each:",
2020 ERIS,12,5,A,"Identify this event whose name means ""Fate of the Gods"" in Old Norse. During this event, Odin will be swallowed whole by the wolf Fenrir.",Ragnarök
2020 ERIS,12,5,B,"During Ragnarök, this god of thunder will kill and be killed by the sea serpent Jörmungandr (YOR-moon-gahn-der). He is probably better known for wielding the weapon Mjölnir (myol-neer).",Thor
2020 ERIS,12,5,C,"Heimdallr will blow the Gjallarhorn (GYAH-lar-horn) to warn the occupants of this home of the gods about Ragnarök starting. In another myth, a giant and his horse attempted to build walls around this location.",Asgard
2020 ERIS,12,6,L,"This event was described by Franklin Delano Roosevelt as ""a day which will live in infamy"". For 10 points each:",
2020 ERIS,12,6,A,Name this event in which the USS Arizona was sunk in an American naval base by a surprise attack.,the attack on Pearl Harbor
2020 ERIS,12,6,B,Pearl Harbor is a naval base in this U.S. state consisting of a volcanic archipelago in the Pacific Ocean. Its capital of Honolulu is near Pearl Harbor.,Hawaii [or Moku'āina o Hawai'i]
2020 ERIS,12,6,C,This Japanese admiral commanded the pilots at Pearl Harbor. His plane was shot down on Bougainville Island during Operation Vengeance in 1943.,"Isoroku Yamamoto [or Yamamoto Isoroku, since Japanese names are traditionally written in reverse order]"
2020 ERIS,12,7,L,The protagonist of this novel is transported to a planet called Tralfamadore which contains toilet-plunger shaped aliens. For 10 points each:,
2020 ERIS,12,7,A,"Name this novel in which Billy Pilgrim is ""unstuck in time.""",Slaughterhouse-Five
2020 ERIS,12,7,B,Slaughterhouse-Five was written by this American author who depicted an apocalypse caused by ice-nine in his novel Cat's Cradle.,Kurt Vonnegut [Jr.]
2020 ERIS,12,7,C,"Vonnegut also wrote about car dealer Dwayne Hoover and science fiction author Kilgore Trout in a novel titled for “[this meal] of Champions”, inspired by the slogan for Wheaties, a cereal often eaten at this meal.",breakfast [accept Breakfast of Champions]
2020 ERIS,12,8,L,"Answer the following about recent winners of the Tony award for Best Musical, for 10 points each:",
2020 ERIS,12,8,A,"This Lin-Manuel Miranda musical retelling the stories of the Founding Fathers with a nonwhite cast won a whopping 11 Awards at the 2016 Tonys, including Best Musical. It recounts the life and death of the title ""Bastard orphan"".",Hamilton: An American Musical
2020 ERIS,12,8,B,"Hadestown, the most recent best musical winner, is a jazzy retelling of the tale of this Greek mythological figure, who has to rescue his wife Eurydice from the underworld.",Orpheus
2020 ERIS,12,8,C,2018's winner was this musical following the experience of the Alexandria Police Orchestra’s trip to a remote Israeli town for a day after a clerk misunderstands their accent and sells them bus tickets to the wrong destination.,The Band's Visit
2020 ERIS,12,9,L,"Answer some questions about Chinese traditional astrology, for 10 points each:",
2020 ERIS,12,9,A,"This Chinese practice, named from the words for ""wind-water"", is used to harmonize buildings with their surroundings using qi (chee).",feng shui [prompt on geomancy]
2020 ERIS,12,9,B,"In Chinese astrology, this cycle of animals is supposed to determine one's personality, as primarily assigned by year. Its Western counterpart assigns people to one of twelve constellations representing parts of the year.",Chinese zodiac
2020 ERIS,12,9,C,"This is the only fictitious animal in the zodiac. Chinese examples of these animals do not typically have wings, unlike Western examples.",dragons
2020 ERIS,12,10,L,"These mathematical concepts can be classified as ""inconsistent"" whenever any solutions to them would produce an illogical result, such as 1 = 2. For 10 points each:",
2020 ERIS,12,10,A,"Name these collections of constraints, which can be solved using elimination, substitution, or Cramer's rule.",systems of linear equations [prompt on equations; prompt on systems]
2020 ERIS,12,10,B,"Cramer's rule is a method for solving systems of equations using these mathematical objects. These rectangular arrays of numbers can have determinants, and their multiplication is not commutative.","matrices [accept word forms like matrix, obviously]"
2020 ERIS,12,10,C,"An elimination method named for this man performed on matrices can be used to assist in solving systems of linear equations. As a child, this man amazed his teachers by summing the numbers from 1 to 100 in his head.",Carl Friedrich Gauss [accept Gaussian elimination]
2020 ERIS,12,11,L,A large volcanic plateau on this planet is home to some of the largest volcanoes in the Solar System. For 10 points each:,
2020 ERIS,12,11,A,"Name this planet that contains the Tharsis region. This ""red planet"" is the fourth planet from the Sun.",Mars
2020 ERIS,12,11,B,"Mars also contains this largest volcano in the Solar System, with a base about 370 miles wide and a height two and a half times that of Mount Everest.",Olympus Mons [do NOT accept or prompt on “Mount Olympus”]
2020 ERIS,12,11,C,"Olympus Mons is so tall that it is the only Martian structure still visible during planet-wide examples of these events, one of which blanketed Mars when it was first observed by the Mariner spacecraft. These events occur frequently on Earth in the Bodélé Depression.",dust storms [or sandstorms]
2020 ERIS,12,12,L,"Trains crossing this country's large ""outback"" include the Indian Pacific and the Ghan, the latter of which is named in honor of Afghan camel herders. For 10 points each:",
2020 ERIS,12,12,A,"Name this large island country south of Asia. Its largest city, Sydney, is home to an iconic Jørn Utzon-designed opera house.",Australia
2020 ERIS,12,12,B,This capital and largest city of Western Australia lies where the Swan River meets the Indian Ocean. Attractions in this city include Kings Park and a botanical garden on Mount Eliza.,Perth
2020 ERIS,12,12,C,"This massive sandstone monolith in Australia's Northern Territory holds spiritual significance to indigenous people, prompting a 2019 ban on climbing it. One of the outback's best known tourist attractions, it is located near the city of Alice Springs.",Uluru [begrudgingly accept Ayers Rock]
2020 ERIS,12,13,L,"For 10 points each, answer some questions about social contract theory:",
2020 ERIS,12,13,A,The Greek thinker Socrates proposed an early version of the social contract; he believed that his contract with the Athenian state obligated him to take this action by drinking hemlock.,suicide [accept any answers referring to dying or being executed]
2020 ERIS,12,13,B,"This English philosopher's book Leviathan contained the first modern formulation of the social contract, which he said people would enter into because otherwise life would be ""nasty, brutish, and short"".",Thomas Hobbes
2020 ERIS,12,13,C,"For John Locke, social contracts existed to protect rights such as life, this concept, health, and property. Thomas Jefferson grouped this concept with life and the pursuit of happiness in the Declaration of Independence.",liberty
2020 ERIS,12,14,L,"Answer some questions about the early colonization of New England, for 10 points each:",
2020 ERIS,12,14,A,"The Plymouth Colony was founded by the Pilgrims, who sailed to America aboard this vessel. The first governing document of the colony was a “Compact” signed aboard, and named for, this vessel.",the Mayflower
2020 ERIS,12,14,B,This Puritan minister founded Rhode Island after being expelled from Massachusetts. He was one of the first abolitionists and wrote the first book about Native American languages.,Roger Williams
2020 ERIS,12,14,C,"This other New England state was formed out of three colonies, including the New Haven and Saybrook Colonies. In 1687, its charter was hidden in a large oak tree to avoid it being seized by the English governor-general.",Connecticut
2020 ERIS,12,15,L,This quantity is the measure of the average kinetic energy of molecules in a substance. For 10 points each:,
2020 ERIS,12,15,A,"Name this quantity that describes how hot or cold an object is. It can be measured on the Fahrenheit, Celsius, or Kelvin scales.",temperature [prompt on heat]
2020 ERIS,12,15,B,This cycle named for a French chemist is a thermodynamic process through which heat can be converted to usable work. It transfers heat through hot and cold reservoirs.,Carnot cycle [accept Carnot engine]
2020 ERIS,12,15,C,"Reversing the Carnot cycle can produce an idealized example of this kind of appliance. This kind of appliance acts as a reverse heat pump, forcing heat out of itself, and they now use HFC-134a instead of Freon as a coolant.","a refrigerator [or a fridge, or a freezer because that's the same thing just stronger]"
2020 ERIS,12,16,L,"After this country’s King Stephen I defeated a rival claimant to the throne, that claimant's body was drawn and quartered, and the four pieces were displayed at the gates of its four largest cities. For 10 points each:",
2020 ERIS,12,16,A,"Name this state which was established after Árpád, the son of Álmos (AHL-mohsh), led the Magyars (MAH-jars) into the Pannonian Basin, where they built a capital on the Danube River.","the Principality of Hungary [or the Kingdom of Hungary, or Magyarország]"
2020 ERIS,12,16,B,"King Stephen was given this honor after his death. In order to be given this honor in the Catholic Church, two miracles must be ascribed to one’s intercession, and beatification is a prerequisite step.",canonization [accept any answers indicating that he was made a saint]
2020 ERIS,12,16,C,"Saint Stephen of Hungary was crowned by a holder of this title named Sylvester. This title, the head of the Roman Catholic Church, is currently held by Francis.",pope [or pápa; accept Bishop of Rome]
2020 ERIS,12,17,L,"Despite being given 5000-to-1 odds to win the Premier League before the 2015-2016 season started, this team won its first-ever title that year under manager Claudio Ranieri. For 10 points each:",
2020 ERIS,12,17,A,Name this club that plays at the King Power Stadium. They were led to their league title by players such as Jamie Vardy.,"Leicester City F.C. [prompt on the Foxes; Leicester is pr. “LESTER”, but be lenient]"
2020 ERIS,12,17,B,The Premier League is the highest division of club soccer in this constituent country of the United Kingdom. This country’s players have included David Beckham and Wayne Rooney.,England
2020 ERIS,12,17,C,"Kasper Schmeichel, who played goalkeeper during Leicester's title-winning season, is the son of Peter Schmeichel, a former goalkeeper for this other club. This northern English club was managed for many years by Sir Alex Ferguson.","Manchester United F.C. [accept Man United or Man U; prompt on Manchester or United; prompt on the Red Devils; do NOT accept or prompt on ""Manchester City""]"
2020 ERIS,12,18,L,The wirewound type of these objects can be constructed using a conductive wire around a non conductive core. For 10 points each:,
2020 ERIS,12,18,A,Identify these objects whose strength is measured in ohms. Their strength is usually indicated on them with a series of lines following a standard color code.,resistors
2020 ERIS,12,18,B,"The ohm is defined as this quantity per ampere, and is the difference in electric potential between two points. This quantity is equal to energy over charge.",voltage
2020 ERIS,12,18,C,"This color represents the digit 2 in the resistor color code. It also has the highest wavelength of any color of visible light, appearing at the opposite end of the rainbow from violet as a result.",red
2020 ERIS,12,19,L,"In this book, a librarian describes the Littmus Lozenge candies that were mixed with melancholy. For 10 points each:",
2020 ERIS,12,19,A,"Opal Buloni moves to Naomi, Florida, to live with her preacher father in this children's book, named after the dog she finds there.",Because of Winn-Dixie
2020 ERIS,12,19,B,Because of Winn-Dixie was written by this American author of The Tale of Despereaux.,"Katrina Elizabeth ""Kate"" DiCamillo"
2020 ERIS,12,19,C,"The title character of The Tale of Despereaux is one of these cheese-loving rodents, as is E. B. White's Stuart Little.",a mouse
2020 ERIS,12,20,L,"Answer some questions about the cuisine of Mexico, for 10 points each:",
2020 ERIS,12,20,A,"This dish consists of a tortilla folded over filling and is smaller than a burrito. During the 2016 presidential election, Donald Trump was associated with a claim that a Clinton win would lead to trucks selling this food ""on every corner"".",tacos
2020 ERIS,12,20,B,"This type of Mexican sauce, particularly its poblano variety, is often made with cacao and chiles.",mole (moe-lay)
2020 ERIS,12,20,C,"This crop, considered part of the ""three sisters"" of traditional Mexican agriculture, is made into a ""refried"" variety that uses its pinto type in much of Mexico.",pinto beans [or refried beans; accept frijoles (free-HOLE-ays)]
2022 SANDS,1,1,L,The vast majority of volcanoes that erupt this substance can be found in the Gobustan State Reserve in Azerbaijan. For 10 points each:,
2022 SANDS,1,1,A,Name this substance that floods areas in namesake “slides” as lahars after volcanic events. This substance that typically forms after rainfall is a mixture of soil and water.,mud
2022 SANDS,1,1,B,"The mud volcanoes at Gobustan State Reserve can be found near Azerbaijan’s coastline on this body of water. The Volga River has its mouth in this inland sea, which is technically the world’s largest lake.",Caspian Sea
2022 SANDS,1,1,C,"The town of Armero, which was affected by the world’s deadliest ever lahars in 1985, is located near the city of Bogota in this South American country.",Colombia <Geography–Sareddy>
2022 SANDS,1,2,L,This quantity is symbolized “E sub a” and is measured in joules per mole. For 10 points each:,
2022 SANDS,1,2,A,"Name this quantity, the minimum amount of energy required for a reaction to occur.",activation energy
2022 SANDS,1,2,B,This related quantity has a namesake constant symbolized k. It is the speed at which a chemical reaction occurs.,rate [accept rate constant]
2022 SANDS,1,2,C,The rate constant is related to the activation energy in this equation named for a Swedish chemist. This equation also contains a pre-exponential factor.,Arrhenius equation <Chemistry–Chae>
2022 SANDS,1,3,L,The protagonist of this novel is caught stealing silverware from Bishop Myriel. For 10 points each:,
2022 SANDS,1,3,A,Name this novel by Victor Hugo about the ex-convict Jean Valjean.,Les Miserables
2022 SANDS,1,3,B,This police inspector pursues Valjean throughout Les Miserables. This character drowns himself after Valjean decides to spare his life.,Inspector Javert
2022 SANDS,1,3,C,Jean Valjean is initially imprisoned for stealing a loaf of this food. Sourdough and whole wheat are some types of this food.,bread <European Literature–Ganguli>
2022 SANDS,1,4,L,The “Dancing Girl” statue was found at this civilization’s site of Mohenjo-daro. For 10 points each:,
2022 SANDS,1,4,A,"Name this Bronze Age civilization, alternatively called the Harappan Civilization, which was centered on a river in modern-day Pakistan.",Indus River Valley Civilization [accept Harappan Civilization before mentioned]
2022 SANDS,1,4,B,"Mohenjo-daro was home to a “Great” one of these public locations, which was used for religious purification ceremonies and cleansing.",bath [accept Great Bath]
2022 SANDS,1,4,C,Seals from Mohenjo-daro indicate that these birds may have been first domesticated there. Male examples of these birds called roosters are used in cockfighting.,chicken <Ancient/Other History–Kapadia>
2022 SANDS,1,5,L,This god’s lover breaks a promise saying she will never look upon him and injures him with hot oil. For 10 points each:,
2022 SANDS,1,5,A,"Name this lover of Psyche, the Roman counterpart of Eros.",Cupid
2022 SANDS,1,5,B,Cupid is often depicted with wings and a bow to shoot these weapons. Cupid uses a gold-tipped variety of these weapons to make people fall in love.,arrows
2022 SANDS,1,5,C,"After Psyche enters a coma, Cupid begs Jupiter to grant Psyche immortality, resulting in her being given this food of the gods. It's not nectar, but those who consume this food typically bleed ichor instead of blood.",ambrosia <Mythology–Ganguli>
2022 SANDS,1,6,L,Fiji’s first Olympic medal was a gold at the sevens variant of this sport. For 10 points each:,
2022 SANDS,1,6,A,"Name this sport that has “union” and “league” types. One national team of this sport, the All Blacks, are best known for performing a Māori ritual before games.",rugby
2022 SANDS,1,6,B,The All Blacks are the national rugby team of this country home to the Māori people. Auckland is the largest city in this island country surrounded by the Pacific Ocean.,New Zealand
2022 SANDS,1,6,C,The aforementioned ritual performed by the New Zealand All Blacks is the haka type of these performances. The hula type of these performances is common among Hawaiian natives.,dance <Geography–Sareddy>
2022 SANDS,1,7,L,An increase in this quantity is associated with economic growth in a country. For 10 points each:,
2022 SANDS,1,7,A,Name this quantity that is a measure of the total value of goods and services produced in a country. This value is typically used by economists as a rough measure of how a country’s economy is performing.,gross domestic product [or GDP]
2022 SANDS,1,7,B,"Dividing GDP by this value for a country gives the GDP per capita, which is used to measure the standard of living of the country’s citizens. This is the measure of the number of people in a country.",population size
2022 SANDS,1,7,C,"GDP can be calculated via the expenditures method by summing consumption, investment, net exports, and this value. The national debt increases when this value exceeds tax revenue. A description is acceptable.",government spending [or government expenditures; accept any description that indicates the amount that the government spends; prompt on just “spending” or “expenditures”] <Social Science–Sareddy>
2022 SANDS,1,8,L,A “respiratory blanket” composed of this substance helps humidify inhaled air. For 10 points each:,
2022 SANDS,1,8,A,Name this substance secreted by goblet cells which traps dust and bacteria before they enter the lungs and which is routinely cleared from the body by cilia.,mucus
2022 SANDS,1,8,B,"This disease, caused by a delta F508 mutation on the CFTR protein, results in an overproduction of mucus in the airways.",cystic fibrosis [accept CF]
2022 SANDS,1,8,C,One place where mucociliary clearance occurs is in this sense organ which contains olfactory bulbs for smell.,nose <Biology–Kodali>
2022 SANDS,1,9,L,This leader initiated the Empty Chair Crisis after protesting the use of foreign levies in one policy initiative. For 10 points each:,
2022 SANDS,1,9,A,"Name this former French president who names Paris’s international airport. During World War II, this man commanded the forces of Free France that fought against the Vichy government.",Charles de Gaulle
2022 SANDS,1,9,B,"During the Empty Chair Crisis, de Gaulle protested the CAP of this multinational organization that succeeded the European Coal and Steel Community. This organization was established by the 1992 Treaty of Maastricht.",European Union
2022 SANDS,1,9,C,The CAP was a group of policy initiatives and laws surrounding this industry. Productivity in this industry increased after the introduction of new technology like GMOs and chemical fertilizers in the Green Revolution.,agriculture [or farming] <European History–Sareddy>
2022 SANDS,1,10,L,These processes involve particles or radiation deviating from their trajectory. For 10 points each:,
2022 SANDS,1,10,A,Name these types of processes that have types named after Compton and Rayleigh.,Scattering
2022 SANDS,1,10,B,Compton scattering involves a photon interacting with a particle with this property.Coulomb's law describes the force between two particles with this property.,Charged [accept answers about having charge]
2022 SANDS,1,10,C,Rayleigh scattering causes the sky to appear this color. Large bodies of water often appear to be this color.,Blue <Physics–Chae>
2022 SANDS,1,11,L,Inheritance named for this man can be visualized through Punnett Squares. For 10 points each:,
2022 SANDS,1,11,A,"Name this Austrian monk who published his results on pea plant hybridization. He introduced the laws of Segregation, Dominance, and Independent Assortment.",Gregor Mendel
2022 SANDS,1,11,B,Mendel coined this term to describe alleles that are often masked by their dominant counterparts. Two copies of these alleles are required to express their trait.,Recessive alleles
2022 SANDS,1,11,C,"This scientist’s work related to the ideas of Mendelian inheritance showed that genes are carried on chromosomes. He studied Drosophila melanogaster, the fruit fly.",Thomas Hunt Morgan <Biology–Chae>
2022 SANDS,1,12,L,This company’s board chairman stepped down in 2018 when a recording of him saying a racial slur during sensitivity training was leaked. For 10 points each:,
2022 SANDS,1,12,A,Name this company founded by John Schnatter. This company’s motto claims that “better ingredients” make its signature product better.,Papa John’s
2022 SANDS,1,12,B,Papa John’s and its main competitor Domino’s are best known for selling this food product.,pizza
2022 SANDS,1,12,C,"From 2010 to 2018, Papa John’s was the official pizza of this organization. This organization recently partnered with Tide to promote cold water washing, which they claim works well on their uniforms.",NFL [National Football League] <Other Academic/Miscellaneous–Kapadia>
2022 SANDS,1,13,L,Both Liebniz and Newton name notations for performing this operation. For 10 points each:,
2022 SANDS,1,13,A,Name this operation that can find the slope of the tangent line at a point for a function. This operation can also be described as finding a function’s instantaneous rate of change.,differentiation [accept derivative]
2022 SANDS,1,13,B,"The Fundamental Theorem of Calculus states that the inverse of differentiation is integration, which can find this quantity under a curve. For a square, this quantity can be found by multiplying two of its side lengths together.",area
2022 SANDS,1,13,C,"For a function to be differentiable at a point, that point must have this property. Functions with this property obey the Intermediate Value Theorem.",continuous <Other Science–Chae>
2022 SANDS,1,14,L,The tritone and the minor second are the most dissonant of these things. For 10 points each:,
2022 SANDS,1,14,A,"Name this musical concept defined as the perceived distance between two notes, such as the major third between C and E.",intervals
2022 SANDS,1,14,B,"This interval is widely considered to be the least dissonant, and is named for its width of eight scale degrees. C up to the next C is an example of this interval.",octave
2022 SANDS,1,14,C,"Like chords, intervals can have this process applied to them. When chords undergo this process, the order their notes appear in changes. Changing a “C-E-G” chord to “E-G-C” is an example of this process.",inversion [accept inverting] <Auditory Fine Arts–Maiorana>
2022 SANDS,1,15,L,"Despite being recalled, Nicholas Trist continued to negotiate the Treaty of Guadalupe-Hidalgo, which ended this conflict. For 10 points each:",
2022 SANDS,1,15,A,Name this conflict fought from 1846 to 1848 between the U.S. and its southern neighbor.,Mexican-American War
2022 SANDS,1,15,B,"During the war, the U.S. was led by man, the first “dark horse” president. This president became associated with the slogan “Fifty-Four Forty or Fight” during the Oregon Boundary Dispute.",James Polk
2022 SANDS,1,15,C,Polk used the war as an excuse to secretly encourage the “Bear Flag Revolt” that freed this west coast state from Mexican control.,California <American History–Kapadia>
2022 SANDS,1,16,L,Hypnosis is used to send the mind of this film’s protagonist to a dark void called the “Sunken Place.” For 10 points each:,
2022 SANDS,1,16,A,"Name this film, whose protagonist, Chris, discovers that the Armitage family is transplanting the brains of old white people into the bodies of young black people.",Get Out
2022 SANDS,1,16,B,"Get Out was directed by this man, who directed Us shortly after. This man achieved initial fame through the sketch comedy duo he formed with Keegan-Michael Key.",Jordan Peele
2022 SANDS,1,16,C,"Both Get Out and Us are films in this general genre. Jump scares are frequently employed in this film genre, which is similar to the “suspense” and “thriller” genres.",horror <Popular Culture–Kapadia>
2022 SANDS,1,17,L,One of this leader’s self-bestowed titles called him “Lord of All the Beasts of the Earth and Fishes of the Seas.” For 10 points each:,
2022 SANDS,1,17,A,Name this erratic and allegedly cannibalistic African dictator who overthrew Milton Obote to come to power in 1971.,Idi Amin Dada
2022 SANDS,1,17,B,"Amin faced the Entebbe Raid after he harbored members of the PFLP, who committed this type of crime by unlawfully seizing an airplane.",hijacking [prompt on kidnapping]
2022 SANDS,1,17,C,"Another of Amin’s self-bestowed titles called him the conqueror of this empire, whose former African colonies include Egypt and Sudan.",British Empire [accept United Kingdom or Great Britain] <World History–Kapadia>
2022 SANDS,1,18,L,"This character is disappointed to find that Bentley Drummle has married his childhood love, Estella. For 10 points each:",
2022 SANDS,1,18,A,"Name this character who is beaten by his sister, Mrs. Joe. This character visits the wedding gown-wearing Ms. Havisham at the Satis House.",Philip “Pip” Pirrip [accept any underlined part]
2022 SANDS,1,18,B,"Pip appears in this rags-to-riches novel, where Abel Magwitch acts as his benefactor.",Great Expectations
2022 SANDS,1,18,C,"Great Expectations is by this author, who also wrote about Ebenezer Scrooge in A Christmas Carol.",Charles Dickens <British Literature–Ganguli>
2022 SANDS,1,19,L,A critic compared this painting to “wallpaper in its embryonic state”. For 10 points each:,
2022 SANDS,1,19,A,"Name this Claude Monet painting of the port of Le Havre, set at dawn. This painting gives its name to the movement that Monet is most commonly associated with.","Impression, Sunrise"
2022 SANDS,1,19,B,"Monet painted multiple scenes of a “Japanese” one of these structures at his home in Giverny, as well one of these structures crossing the River Thames in London.",bridges
2022 SANDS,1,19,C,One of these vehicles arrives at the Gare Saint-Lazare in another Monet painting. A J.M.W. Turner painting subtitled The Great Western Railway depicts one of these vehicles steaming across a bridge.,trains <Visual Fine Arts–Maiorana>
2022 SANDS,1,20,L,"This man instructs a friend to “hang a lantern” in a poem that takes place “on the eighteenth of April, in Seventy-Five.” For 10 points each:",
2022 SANDS,1,20,A,Name this American revolutionary who delivers a “midnight message” in one poem.,Paul Revere
2022 SANDS,1,20,B,"That poem, “Paul Revere’s Ride” is by this poet, who also described a place “by the shores of Gitchee Gumee'' in “The Song of Hiawatha.”",Henry Wadsworth Longfellow
2022 SANDS,1,20,C,"In “The Song of Hiawatha,” the title hero, Hiawatha, and his killer, Pearl-Feather, both belong to this cultural group. People belonging to this general cultural group have origins in the continental U.S and have tribes including the Ojibwe and Cherokee.",Native Americans [accept American Indians or Indigenous Americans] <American Literature–Ganguli>
2022 SANDS,2,1,L,"In 2021, Post Malone released a cover of “Only Wanna Be with You” for this franchise’s 25th Anniversary. For 10 points each:",
2022 SANDS,2,1,A,"[E] Name this franchise, whose first Red and Blue games feature Charizard and Pikachu.",Pokémon
2022 SANDS,2,1,B,"[M] During Pokémon25, the remakes Brilliant Diamond and Shining Pearl were announced for this console. Pokémon Legends: Arceus was also announced for this console.",Nintendo Switch
2022 SANDS,2,1,C,"[H] Pokémon Legends: Arceus takes place in an ancient version of this Pokémon region based on Hokkaido, called Hisui. The Generation IV games Pokémon Diamond and Pearl are also based in the region, home to Pokémon like Palkia and Dialga.",Sinnoh
2022 SANDS,2,2,L,Le Châtelier’s principle states that any system in this state will attempt to counteract any changes applied to it. For 10 points each:,
2022 SANDS,2,2,A,"[M] Name this balanced state, which has a constant “K”.",equilibrium
2022 SANDS,2,2,B,[E] The law of mass action can describe systems in equilibrium and relates the rate of a chemical reaction to the concentration of these things. They are present at the start of chemical reactions and can react to form products.,reactants
2022 SANDS,2,2,C,[H] This equation can relate the standard electrode potential and the equilibrium constant of a redox reaction. It is named for a German and is often used to calculate the reduction potential of a reaction.,Nernst equation
2022 SANDS,2,3,L,Protestors in this country took over the President and Prime Ministers residences in Colombo. For 10 points each:,
2022 SANDS,2,3,A,"[M] Name this island nation off the tip of India, where protests over economic mismanagement toppled the government of Gotabaya Rajapaksa in July 2022.",Sri Lanka
2022 SANDS,2,3,B,"[E] Rajapaksa’s government blamed COVID-19’s effects on this industry, Sri Lanka’s main economic driver, for the poor economy. This industry involved foreigners going to a country to view its landmarks and attractions.",tourism [or tourist]
2022 SANDS,2,3,C,"[H] This financial institution is working on a 3 billion dollar bailout package for Sri Lanka. This financial institution was founded, along with the World Bank, at the Bretton Woods Conference.",International Monetary Fund [or IMF]
2022 SANDS,2,4,L,Gerda tries to save Kai from the title character in this author’s story “The Snow Queen.” For 10 points each:,
2022 SANDS,2,4,A,"[M] Name this Danish author of fairy tales, who also wrote about a character who gives up her voice to become human in “The Little Mermaid.”",Hans Christian Andersen
2022 SANDS,2,4,B,[E] Andersen wrote about an “ugly” one of these animals that grows up to be a swan in another story.,duck [accept “The Ugly Duckling”]
2022 SANDS,2,4,C,"[H] In another story by Andersen, one person with this title is told he is naked by a child while marching through the city. That story is titled for the “new clothes” of a person with this title.",emperor [accept “The Emperor’s New Clothes”]
2022 SANDS,2,5,L,This province's sovereignty movement grew stronger during its “Quiet Revolution.” For 10 points each:,
2022 SANDS,2,5,A,"[M] Name this largest Canadian province, the only majority French-speaking one.",Quebec
2022 SANDS,2,5,B,"[E] Under Pierre, a prime minister from this family, Quebec separatists caused a crisis by kidnapping two government officials. The current Canadian Prime Minister, Justin, is from this family.",Trudeau [accept Pierre Trudeau or Justin Trudeau]
2022 SANDS,2,5,C,"[H] The kidnappings caused a crisis named for this month. It's not November, but, in another country, a revolution named for this month ended the provisional government of Alexander Kerensky.",October [accept October Crisis or October Revolution]
2022 SANDS,2,6,L,"According to this religion, Ahura Mazda spreads asha, or truth, while his counterpart Ahriman spreads druj, or lies. For 10 points each:",
2022 SANDS,2,6,A,[H] Name this dualistic religion founded by its namesake ancient Persian prophet.,Zoroastrianism
2022 SANDS,2,6,B,"[E] In Zoroastrianism, a “sky” form of this service places its subject in a Tower of Silence. Following this service, the dead body is left exposed to be eaten by scavenger birds.",funeral [or burial or sky burial]
2022 SANDS,2,6,C,[M] Zoroastrian temples are named for this substance. Zoroastrians believe that this purifying substance reveals asha in “trials by [this substance].”,"fire [accept ""trial by fire” or fire temple]"
2022 SANDS,2,7,L,A period of violence in this state saw the influx of many “border ruffians” and “free-staters.” For 10 points each:,
2022 SANDS,2,7,A,[M] Name this midwestern state where opponents and supporters of slavery clashed during a conflict called “Bleeding [this state]” in the leadup to the Civil War.,Kansas
2022 SANDS,2,7,B,[H] This violent abolitionist perpetrated the Pottawatomie Massacre during “Bleeding Kansas.” This man was later hanged for his failed raid on Harper’s Ferry.,John Brown
2022 SANDS,2,7,C,"[E] Abolitionist fighters in “Bleeding Kansas” were supplied with these weapons nicknamed, “Beecher’s Bibles,” which were loaded with bullet cartridges near the end of their barrels.",guns [or rifles]
2022 SANDS,2,8,L,The synaptonemal complex forms in one stage of this process. For 10 points each:,
2022 SANDS,2,8,A,"[M] Name this process that results in the formation of gametes. This process results in a haploid cell, unlike a similarly named process in somatic cells that creates new diploid cells.",meiosis
2022 SANDS,2,8,B,"[E] The anaphase stage of both mitosis and meiosis pulls apart these X shaped structures in the cells that contain genes, normally found in the nucleus.",chromosomes
2022 SANDS,2,8,C,"[H] One aspect of meiosis is the “crossing over” of genes, which adds genetic variability. This phenomenon is when a pair of genes are close together and are usually inherited together, explaining why people with freckles often have red hair.",gene linkage
2022 SANDS,2,9,L,Lake St. Clair and Lake Erie are connected by a river named after this city. For 10 points each:,
2022 SANDS,2,9,A,"[E] Name this center of the American automotive industry, the largest city in Michigan.",Detroit
2022 SANDS,2,9,B,"[H] Detroit is linked by the Ambassador Bridge to Windsor, a city in this Canadian province. This province is home to Canada's most populous city, Toronto, and its capital, Ottawa.",Ontario
2022 SANDS,2,9,C,"[M] Before passing under the Ambassador Bridge, the Detroit River is joined by the River Rouge, which names a large factory for this automotive company, a longtime rival of General Motors.",Ford Motor Company
2022 SANDS,2,10,L,This poem begins “should auld acquaintance be forgot.” For 10 points each:,
2022 SANDS,2,10,A,"[M] Name this song,which is often sung on New Year's Eve.",“Auld Lang Syne”
2022 SANDS,2,10,B,"[H] “Auld Lang Syne” is by this Scottish poet, who also wrote “To a Mouse.”",Robert Burns
2022 SANDS,2,10,C,"[E] Burns describes a “red, red” one of these flowers in another poem. These flowers are often given to express love.",roses
2022 SANDS,2,11,L,This speech commanded “You shall not press down upon the brow of labor this crown of thorns.” For 10 points each:,
2022 SANDS,2,11,A,"[H] At the 1896 Democratic National Convention, what William Jennings Bryan speech supporting bimetallism declared that “you shall not crucify mankind upon [the title entity of this speech]?”",Cross of Gold Speech or [“this Cross of Gold”]
2022 SANDS,2,11,B,[E] Proponents of bimetallism advocated for a monetary standard based on gold and this other precious metal.,silver
2022 SANDS,2,11,C,"[M] Achieving bimetallism was one of the goals of this party, whose policies would benefit farmers and the common folk.",Populist Party [or People’s Party]
2022 SANDS,2,12,L,The index of this phenomenon in a medium can be calculated using the speed of light in that medium and the speed of light in a vacuum. For 10 points each:,
2022 SANDS,2,12,A,"[M] Name this phenomenon, in which a wave’s direction changes as it moves between two different media.",Refraction
2022 SANDS,2,12,B,[E] One of these things can be measured between an incident ray and a perpendicular line. They can be measured in radians or degrees.,angles
2022 SANDS,2,12,C,[H] This law relates the angles of incidence and indexes of refraction for two mediums. It can be written as “n1 times the sine of theta-one equals n2 times the sine of theta-two”.,Snell’s Law
2022 SANDS,2,13,L,This writing system was based on Charles Barbier’s “night writing” system. For 10 points each:,
2022 SANDS,2,13,A,[M] Name this tactile writing system created by a French educator that the blind use to read.,braille
2022 SANDS,2,13,B,"[H] This woman once claimed “we the blind are as indebted to Braille as mankind is to Gutenberg”. This author of The Story of My Life attended the Perkins Institute, where she met Anne Sullivan.",Helen Keller
2022 SANDS,2,13,C,"[E] Since Helen Keller was blind and deaf, Anne Sullivan taught her a language of this type by pressing her hands. These languages used by the deaf include ASL and utilize body and hand movements.",sign languages [accept American Sign Language]
2022 SANDS,2,14,L,A giant crab was sent to distract a hero and his nephew Iolaus while they were fighting this creature. For 10 points each:,
2022 SANDS,2,14,A,[M] Name this creature that inhabited a lake in Lerna. This creature was defeated when flaming arrows prevented its heads from regenerating.,Hydra [or Lernean Hydra]
2022 SANDS,2,14,B,[E] Defeating the Hydra was part of the Twelve Labors of this hero.,Hercules [or Heracles]
2022 SANDS,2,14,C,"[H] Another of the Labors involved capturing one of these creatures from Erymanthos, which Hercules accomplished by first driving it into the snow. Another of these creatures ravaged Calydon before Meleager killed it.",boar [or swine or pig]
2022 SANDS,2,15,L,"In this novel, Roger Chillingworth's wife has an affair with Arthur Dimmesdale. For 10 points each:",
2022 SANDS,2,15,A,"[M] Name this novel by Nathaniel Hawthorne, in which Hester Prynne wears the title symbol.",The Scarlet Letter
2022 SANDS,2,15,B,[E] This letter represents adultery in The Scarlet Letter. This letter is also the first letter of the English alphabet.,A
2022 SANDS,2,15,C,[H] This character is the daughter of Hester and Dimmesdale. This character shares a name with a precious gemstone.,Pearl Prynne
2022 SANDS,2,16,L,"This country’s emperor, Menelik II, stopped an Italian invasion of his country at the Battle of Adwa. For 10 points each:",
2022 SANDS,2,16,A,"[M] Along with Liberia, what nation in the Horn of Africa led from Addis Ababa is considered to be the only African nation not to be colonized?",Ethiopia
2022 SANDS,2,16,B,"[H] Emperor Halie Selassie protested a later Italian attempt to colonize Ethiopia with an impassioned speech to this international organization, which Woodrow Wilson called for in his Fourteen Points.",League of Nations
2022 SANDS,2,16,C,"[E] In his speech to the League of Nations, Selassie decried the use of these kinds of weapons against his people. Examples of these weapons include nerve gas and mustard gas.",chemical weapons
2022 SANDS,2,17,L,"Ella Fitzgerald, a performer of this type, released an album covering George Gershwin’s Porgy and Bess. For 10 points each:",
2022 SANDS,2,17,A,[E] What kind of performers typically use handheld microphones and perform lyrics?,vocalists [accept singers or vocal artists]
2022 SANDS,2,17,B,[M] Fitzgerald was known for her ability to sing with this technique. This technique consists of singing nonsense syllables to a melodic line.,scat singing [accept scatting]
2022 SANDS,2,17,C,[H] This musician collaborated with Fitzgerald on multiple albums. This musician sang about “skies of blue and clouds of white” in one song.,Louis Armstrong
2022 SANDS,2,18,L,The tropopause separates this layer from the troposphere. For 10 points each:,
2022 SANDS,2,18,A,"[M] Name this second lowest layer of Earth’s atmosphere, above the Troposphere but lower than the Mesosphere.",stratosphere
2022 SANDS,2,18,B,"[E] These kinds of vehicles usually fly in the lower parts of the Stratosphere to avoid turbulence in the Troposphere. The jet engines of these vehicles generate thrust, and their wings create lift.",planes [accept jets or airliners or aircrafts]
2022 SANDS,2,18,C,"[H] The Ozone layer in the Earth’s stratosphere absorbs most of this type of electromagnetic radiation from the Sun. It ranges from wavelengths of 10 nanometers to 400 nanometers, shorter than the wavelength of visible light.",ultraviolet [accept UV]
2022 SANDS,2,19,L,"In one novel, Mr. Beaver describes this son of the Emperor-Beyond-The-Sea as “the king of the beasts” and “king of the wood."" For 10 points each:",
2022 SANDS,2,19,A,"[M] Name this “Great Lion,"" who is the creator of a world that is accessed through a wardrobe by the Pevensie children.",Aslan
2022 SANDS,2,19,B,"[E] Aslan creates this fictional world in The Magician’s Nephew, a prequel to a collection by C.S. Lewis titled for its “chronicles,"" which includes The Lion, the Witch, and the Wardrobe and Prince Caspian,",Narnia [accept The Chronicles of Narnia]
2022 SANDS,2,19,C,"[H] When asked how to save this character in The Lion, the Witch, and the Wardrobe, Aslan says “all shall be done."" The White Witch capitalizes on this character's greed for Turkish delight.",Edmund Pevensie [prompt on Pevensie]
2022 SANDS,2,20,L,Practitioners of this medium often use spray paint and are commonly charged with vandalism. For 10 points each:,
2022 SANDS,2,20,A,[E] What artistic medium typically involves painting on public surfaces?,graffiti [accept street art]
2022 SANDS,2,20,B,[H] This graffiti artist advocated against drug use in the New York City mural Crack is Wack. This artist’s signature style features simple human figures surrounded by motion lines.,Keith Haring
2022 SANDS,2,20,C,"[M] Blek le Rat, a French graffiti artist, frequently used these tools when painting. These templates mask part of a surface while allowing paint through predetermined areas, and are often used to paint signs.",stencils
2022 SANDS,3,1,L,Neil Bartlett was the first to synthesize a square planar molecule with one member of this group of elements at its center. For 10 points each:,
2022 SANDS,3,1,A,[E] Name this group that is often labeled as “inert.” They are located on the far right of the periodic table.,noble gasses [accept Group 18]
2022 SANDS,3,1,B,"[H] Neil Bartlett experimented with a reaction involving platinum hexafluoride and this element, which resulted in the first noble gas compound to be synthesized. This element was isolated by Sir William Ramsay and has atomic number 54.",Xenon
2022 SANDS,3,1,C,[M] All noble gasses except Helium have a filled subshell of this type of orbital. These orbitals can fit up to six electrons.,p orbital <Chemistry–Chae>
2022 SANDS,3,2,L,Two of these people are thought to be the dedicatees of the songs “Pastime with Good Company” and “Greensleeves.” For 10 points each:,
2022 SANDS,3,2,A,"[E] Name this group of six women, who were each married to a Tudor King of England at one point. A popular rhyme used to memorize the fates of these people goes “Divorced, beheaded, died; Divorced, beheaded, survived.”",wives of Henry VIII [or queen consorts of Henry VIII; accept spouses of Henry VIII or people married to Henry VIII until mentioned; prompt on wives of Henry]
2022 SANDS,3,2,B,"[M] Three of Henry’s wives shared this first name. Henry’s first wife, a princess of Aragon, had this name, as did two wives from the Parr and Howard families.",Catherine [accept Catherine of Aragon or Catherine Parr or Catherine Howard]
2022 SANDS,3,2,C,[H] The annulment of Henry and Catherine of Aragon’s marriage was secured by an advisor with this surname. A Lord Protector of England with surname jointly led the New Model Army.,Cromwell [accept Thomas Cromwell or Oliver Cromwell] <European History–Kapadia>
2022 SANDS,3,3,L,This character is described as having “sharp teeth” and “pointed ears” in a novel that begins with Jonathan Harker’s journey to his castle. For 10 points each:,
2022 SANDS,3,3,A,"[M] Name this title character of a Bram Stoker novel. This Transylvanian noble bites Lucy Westenra, causing her to become one of the “un-dead.”",Count Dracula
2022 SANDS,3,3,B,[E] Dracula is one of these creatures that are said to feed on human blood. Garlic is said to ward off these creatures that avoid sunlight.,Vampires
2022 SANDS,3,3,C,[H] An invisible Brazilian vampire is the subject of this author’s story “Le Horla.” This author described Mathilde Loisel losing the title object in “The Necklace.”,Guy de Maupassant <European Literature–Ganguli>
2022 SANDS,3,4,L,This country’s regime likely published the article “Muddle Instead of Music”. For 10 points each:,
2022 SANDS,3,4,A,"[M] Name this country that criticized the music of Dmitri Shostakovich in favor of that of others, like Nikolai Myaskovsky.","Soviet Union [accept USSR, prompt on Russia]"
2022 SANDS,3,4,B,"[H] The USSR had a love-hate relationship with this Armenian composer of the ballet Gayane, which includes a “Sabre Dance”.",Aram Khachaturian
2022 SANDS,3,4,C,"[E] Despite his denunciation, Shostakovich later received the Stalin prize for his Leningrad Symphony, which premiered in 1942, during this war.",World War II [accept clear equivalents] <Auditory Fine Arts–Maiorana>
2022 SANDS,3,5,L,Gustav Kirchhoff names a set of laws that can be used to solve for quantities in DC examples of these systems. For 10 points each:,
2022 SANDS,3,5,A,"[E] Name these electronic systems which consist of electrical components, such as batteries and resistors, connected by wires.",circuits
2022 SANDS,3,5,B,[H] One of Kirchhoff’s laws states that the current into these parts of the circuit is equal to the current leaving them. It can be used alongside the loop rule to solve complex circuits.,junction [accept node or point; prompt on descriptive answers like intersections]
2022 SANDS,3,5,C,"[M] If a circuit consists only of resistors and a battery, it can be solved by creating an equivalent resistor. Resistances can be added directly if they are in this conformation, which contrasts with parallel.",series <Physics–Kodali>
2022 SANDS,3,6,L,The game of chunkey was created by a civilization named for this river. For 10 points each:,
2022 SANDS,3,6,A,"[H] Name this river, which names an ancient culture known for their multiple burial mounds, including one at Cahokia.",Mississippi River [or Mississippian Culture]
2022 SANDS,3,6,B,"[E] The Mississippian Culture was located in this present-day country, whose indigenous groups include the Sioux and Cherokee.",United States of America [or U.S.A. or U.S. or America]
2022 SANDS,3,6,C,"[M] Like chunkey, this sport was also created by Native Americans. Modern players of this game use a stick with a hoop net at its end to carry and shoot a hard rubber ball into goals.",lacrosse <Ancient/Other History–Sareddy>
2022 SANDS,3,7,L,"In this film, a movie producer wakes up to find the severed head of his prized stallion in his bed after he doesn’t comply with “an offer he can’t refuse.” For 10 points each:",
2022 SANDS,3,7,A,"[M] Name this 1972 film by Francis Ford Coppola, starring Al Pacino and Marlon Brando, that centers on the Corleone crime family. Michael takes on the title role of this film from his father, Don Vito.",The Godfather
2022 SANDS,3,7,B,"[E] The Godfather depicts the life of members of this Italian crime organization originating from Sicily. Members of this organization refer to it as La Cosa Nostra, or “our thing.”",the Sicilian Mafia [or the Mob; accept La Cosa Nostra before mentioned]
2022 SANDS,3,7,C,"[H] This other mafia film, which stars Ray Liotta, Joe Pesci, and Robert De Niro, depicts the rise and fall of mobster Henry Hill, who goes into Witness Protection at the end of the film.",Goodfellas <Popular Culture–Kapadia>
2022 SANDS,3,8,L,A sculpture featuring one of these animals in St. Petersburg’s Senate Square depicts Peter the Great. For 10 points each:,
2022 SANDS,3,8,A,[E] What animals are featured being ridden by humans in equestrian statues?,horses
2022 SANDS,3,8,B,[H] That aforementioned sculpture was created by Étienne Falconet out of this material. Artists who sculpt in this material may use plaster molds and the “lost wax” method to “cast” it.,bronze
2022 SANDS,3,8,C,"[M] Along with Falconet, this other French artist often sculpted in bronze. This artist’s bronzes include The Burghers of Calais and The Thinker.",Auguste Rodin <Other Fine Arts–Maiorana>
2022 SANDS,3,9,L,Answer the following questions about European clock towers. For 10 points each:,
2022 SANDS,3,9,A,"[M] The Elizabeth Tower is the official name of this clock tower, which lies at the north end of London’s Palace of Westminster. This clock tower is commonly known by a nickname that refers to its largest bell.",Big Ben [accept Elizabeth Tower before mentioned]
2022 SANDS,3,9,B,"[H] This city’s clock tower, in the north of its Piazza San Marco, features the winged lion of its patron saint, Mark, with an open book against a blue background with gold stars.",Venice
2022 SANDS,3,9,C,[E] The astronomical clock in this city’s Old Town Hall is the oldest clock still in operation. This city is the capital of the Czech Republic.,Prague [or Praha] <Geography–Kapadia>
2022 SANDS,3,10,L,One member of this profession is a drag queen who takes care of Prior Walter. For 10 points each:,
2022 SANDS,3,10,A,"[E] Name this profession of Belize in Angels in America. It’s not a doctor, but, in Ken Kesey’s One Flew Over the Cuckoo’s Nest, Ratched has this profession, whose members take care of patients in hospitals.",nurse
2022 SANDS,3,10,B,"[H] Angels in America is by this playwright, who also wrote A Bright Room Called Day.",Tony Kushner
2022 SANDS,3,10,C,[M] An epidemic regarding this disease is central to Angels in America. Roy Cohn hoards AZT to treat this disease.,AIDS <American Literature–Ganguli>
2022 SANDS,3,11,L,This general’s “neckties” were formed using railroad rails he destroyed in one campaign. For 10 points each:,
2022 SANDS,3,11,A,"[M] Name this general, who made use of scorched earth tactics in his “March to the Sea”.",William Tecumseh Sherman
2022 SANDS,3,11,B,"[H] The “March to the Sea” ended in this city. During the Revolutionary War, Casimir Pulaski died while leading a cavalry charge during a siege of this large port city.",Savannah
2022 SANDS,3,11,C,"[E] Sherman’s “March to the Sea” took place primarily in this Confederate state, whose capital of Atlanta was burned down during the campaign.",Georgia <American History–Sareddy>
2022 SANDS,3,12,L,This author wrote a collection of stories narrated by pilgrims at the Tabard Inn. For 10 points each:,
2022 SANDS,3,12,A,[M] Name this author of The Canterbury Tales.,Geoffrey Chaucer
2022 SANDS,3,12,B,[E] A “middle” form of this language was used to write The Canterbury Tales. William Shakespeare used an “early modern” form of this language.,Middle English [accept Early Modern English]
2022 SANDS,3,12,C,"[H] In The Canterbury Tales, the Wife of Bath relates the story of one of these people who are told to find “what women most desire.” Another of these people tell a story about Arcite and Palamon.",knights [accept “The Knight’s Tale”] <British Literature–Ganguli>
2022 SANDS,3,13,L,"In his pseudo-historical book 1421, Gavin Menzies claimed that an explorer from this dynasty visited the Americas before Christopher Columbus. For 10 points each:",
2022 SANDS,3,13,A,"[M] Name this Chinese dynasty, renowned for its blue and white porcelain, which succeeded the Yuan dynasty and preceded the Qing dynasty.",Ming dynasty
2022 SANDS,3,13,B,"[H] The aforementioned explorer, Zheng He, brought exotic animals to China from the East African coast with this name. The Bantu language of this name is the most widely spoken in Africa.",Swahili [or Kiswahili; accept Swahili Coast]
2022 SANDS,3,13,C,"[E] Zheng He made his massive voyages using junks, a type of this vessel. Lateen sails helped merchants and sailors cross the Indian Ocean in these vessels during monsoon season.",ships [or boats] <World History–Sareddy>
2022 SANDS,3,14,L,"At the end of this process, the subject either continues to the Field of Reeds or their soul is devoured by Ammit. For 10 points each:",
2022 SANDS,3,14,A,"[H] Name this process in the Egyptian afterlife, where one of the subject’s organs is compared against the feather of Maat.",weighing of the heart [or judging the dead]
2022 SANDS,3,14,B,"[M] The weighing of the heart is overseen by this jackal-headed Egyptian god of the afterlife, who also presides over the mummification process.",Anubis
2022 SANDS,3,14,C,"[E] Ammit, the devourer of souls, has the head of one of these reptiles, whose snout shape differentiates them from alligators.",crocodile [or croc] <Mythology–Kapadia>
2022 SANDS,3,15,L,Dogs were likely the first species to undergo this process. For 10 points each:,
2022 SANDS,3,15,A,"[M] Name this process, in which animals adapt to a sustained relationship with humans. This process is very similar to, but not to be confused with, taming an animal.",domestication
2022 SANDS,3,15,B,[E] This domestic species of mammal was valuable to early humans due to their ability to hunt rodents. They are often heard purring or meowing.,cats [accept Felis catus]
2022 SANDS,3,15,C,[H] Cats and foxes have a slit type of these features. The slit type of these features allow cats to focus on bright lights without the effect of chromatic aberrations.,slit pupils [prompt on eyes] <Biology–Chae>
2022 SANDS,3,16,L,"Two members of this family named Bertrand and Beatrice are part of the Volunteer Fire Department, or V.F.D. For 10 points each:",
2022 SANDS,3,16,A,[H] Name this fictional family. Count Olaf is the enemy of three children in this family.,Baudelaire
2022 SANDS,3,16,B,[M] The Baudelaires appear in this collection of novels by Lemony Snicket. This collection includes The Bad Beginning and The Reptile Room.,A Series of Unfortunate Events
2022 SANDS,3,16,C,"[E] Violet, Klaus, and Sunny Baudelaire are this type of person because of a fire that burned down their home. One becomes this type of person after both of their parents have died.",orphans <Other Literature–Ganguli>
2022 SANDS,3,17,L,"In this game, players control 16 “pieces” that can move along the 64 square board in certain patterns. For 10 points each:",
2022 SANDS,3,17,A,"[E] Name this game that features pieces such as the pawn and the rook, played by Grandmasters such as Magnus Carlsen and Bobby Fischer.",chess
2022 SANDS,3,17,B,[H] This chess move allows a pawn to capture another pawn that has advanced two squares in the same turn. This is the only capturing move in chess where the capturing piece moves to a square not occupied by the captured piece.,en passant
2022 SANDS,3,17,C,"[M] This other move used by chess players involves the king and the rook. In this move, a player’s king can move two squares in one turn. It can be performed either kingside or queenside.",castling [accept castle] <Other Academic/Miscellaneous–Chae>
2022 SANDS,3,18,L,"These structures have “do while”, “while”, and “for” varieties in one language. For 10 points each:",
2022 SANDS,3,18,A,[M] Name these programming constructs that allow for the repetition of a specified block of code.,loops
2022 SANDS,3,18,B,"[E] In Java, a “while” loop will end if the given condition has this property. Statements with this property, such as “1 == 2”, are contrasted with true statements.",being false
2022 SANDS,3,18,C,"[H] “For” loops are often used to iterate over these data structures, which in Java can be indexed using square brackets.",arrays [prompt on List] <Other Science–Maiorana>
2022 SANDS,3,19,L,"The Guinness Storehouse is the origin of the dry stout, one type of this drink. For 10 points each:",
2022 SANDS,3,19,A,"[M] Name this beverage, which is typically brewed by fermenting malted wheat or barley.",beer
2022 SANDS,3,19,B,"[E] The breweries of the Guinness Storehouse can be found in Dublin, the capital of this island country west of Great Britain.",Ireland
2022 SANDS,3,19,C,[H] Over 7 million liters of beer are served annually at the Oktoberfest beer festival in this southeast German city. This city is the capital of the state of Bavaria.,Munich [or Munchen] <Geography–Sareddy>
2022 SANDS,3,20,L,A variant of this thought experiment involving pushing a “fat man” was created by Judith Thompson. For 10 points each:,
2022 SANDS,3,20,A,"[E] Name this philosophical dilemma, in which pulling a lever can make the namesake vehicle kill only one person instead of five.",trolley problem
2022 SANDS,3,20,B,[M] Proponents of this ethical theory based on the “greatest happiness for the greatest number” would argue to pull the lever. This school of philosophy is supported by John Stuart Mill and Jeremy Bentham.,utilitarianism
2022 SANDS,3,20,C,"[H] Unlike utilitarianism, proponents of deontological ethics would argue to do nothing. This German thinker used the categorical imperative as the basis for deontology in The Groundwork of the Metaphysics of Morals.",Immanuel Kant <Philosophy–Ganguli>
2022 SANDS,4,1,L,"The crew of this ship used a dove to safely pass through a pair of clashing rocks, the Symplegades. For 10 points each:",
2022 SANDS,4,1,A,"[M] Name this ship that was used by, and provided the name of, a group of heroes led by Jason in search of the Golden Fleece.",Argo [or Argonauts]
2022 SANDS,4,1,B,"[E] Because he once saved her, Jason was aided by this goddess when passing through the rocks and during the challenges for the fleece. This goddess was the wife of Zeus.",Hera
2022 SANDS,4,1,C,"[H] To obtain the fleece, Jason was challenged to sow some of these items belonging to a dragon into the ground. Similarly, Cadmus sowed some of these items into the ground at the site where he founded Thebes.",teeth [prompt on bone]
2022 SANDS,4,2,L,"In one novel, Hassan shouts “For you, a thousand times over” to Amir as he runs off to retrieve one of these toys. For 10 points each:",
2022 SANDS,4,2,A,[M] A “Runner” of what toys titles a 2003 Khaled Hosseini novel? Participants attempt to cut their opponents’ strings in “fights” between these flying toys.,kite [or The Kite Runner]
2022 SANDS,4,2,B,"[H] While retrieving a kite, Hassan is assaulted by Assef, who goes on to join this group. The author of the autobiography I Am Malala recounts how she was shot by this group for advocating for female education.",Taliban
2022 SANDS,4,2,C,"[E] In The Kite Runner, Amir and his father flee to this country. At the end of the novel, Amir flies a kite with Hassan's orphan son at a park in this country’s city of San Francisco.",America [or U.S.A. or United States of America]
2022 SANDS,4,3,L,"This singer repeats the phrase “don’t go yet” in a song from her 2022 album, Familia. For 10 points each:",
2022 SANDS,4,3,A,"[M] Name this former Fifth Harmony member, who claims that “I wish I could pretend I didn’t need ya” in a song with Shawn Mendes, where she says she loves it when she's called the title name.",Camila Cabello
2022 SANDS,4,3,B,"[E] The title of the aforementioned song, “Señorita,” comes from this language. Cabello uses this official language of her birth country, Cuba, in songs like “Hasta Los Dientes” and “La Buena Vida”.",spanish
2022 SANDS,4,3,C,"[H] In a song titled for this period of time, Mendes and Cabello repeatedly say “I know, I know, I know”. The line “can’t seem to hold you close” is repeated in that song titled “I Know What You Did Last [this period of time]”.",summer [accept” I Know What You Did Last Summer”]
2022 SANDS,4,4,L,Wade’s rules describe hydrides of this element. For 10 points each:,
2022 SANDS,4,4,A,[H] Name this lightest metalloid. This element often violates the octet rule by having just six electrons around it.,Boron
2022 SANDS,4,4,B,"[E] Hydrides, by definition, contain at least one atom of this element. This is the lightest element.",Hydrogen
2022 SANDS,4,4,C,"[M] In hydrides, Hydrogen usually acts as one of these chemical species. These species have negative charge and form ionic bonds with cations.",anions
2022 SANDS,4,5,L,"God allowed this figure to regain his super strength one last time so he could collapse the Temple of Dagon, killing the people gathered within. For 10 points each:",
2022 SANDS,4,5,A,[M] Name this Biblical judge who originally loses his super strength when his lover Delilah cuts his hair.,Samson
2022 SANDS,4,5,B,"[E] Samson was constantly at odds with the Philistines, who were later defeated when David killed this giant with a slingshot.",Goliath
2022 SANDS,4,5,C,[H] Samson once destroyed an entire Philistine army with the jawbone of one of these animals. Balaam owned a talking one of these animals.,donkey [or jackass]
2022 SANDS,4,6,L,A long hiking trail named after this mountain range starts at Springer Mountain in Georgia and ends at Mt. Katahdin in Maine. For 10 points each:,
2022 SANDS,4,6,A,[E] Name this long mountain range spanning the eastern United States.,Appalachian Mountains
2022 SANDS,4,6,B,"[M] Many hikers along the Appalachian Trail take cautionary measures to protect against the “deer” type of these arachnid pests, which spread Lyme disease.",ticks
2022 SANDS,4,6,C,"[H] Hiking is also popular in this subrange of the Appalachians, that names a national park in Tennessee and North Carolina.",Smoky Mountains [or Smokies; accept Great Smoky Mountains National Park]
2022 SANDS,4,7,L,A thunderstorm is depicted in one movement of this suite. For 10 points each:,
2022 SANDS,4,7,A,"[M] Name this collection of four violin concertos, including “Spring” and “Winter”.",The Four Seasons [accept Le Quattro Stagioni]
2022 SANDS,4,7,B,"[E] The Four Seasons was composed by Antonio Vivaldi, a composer from this modern-day country. Vivaldi lived and worked in this country’s city of Venice for much of his life.",Italy
2022 SANDS,4,7,C,[H] The only remaining piece in this genre composed by Vivaldi is titled Juditha Triumphans. Handel’s Messiah is an example of this genre.,oratorio
2022 SANDS,4,8,L,"All but one of this man’s laws were repealed by his successor, Solon. For 10 points each:",
2022 SANDS,4,8,A,"[H] Name this man, who developed a harsh Athenian law code. This man’s name is often used to describe laws that are excessively severe.",Draco [or Draconian laws]
2022 SANDS,4,8,B,"[M] Under Solon, all Athenian citizens were allowed to participate in the ekklesia assembly that met in a building southwest of this elevated part of the city, which is home to the Parthenon.",Acropolis
2022 SANDS,4,8,C,"[E] Another lawgiver, Cleisthenes, is known as the father of the Athenian form of this system of government, in which the people have a say in the government.",democracy
2022 SANDS,4,9,L,Christiaan Huygens invented a clock using this type of simple harmonic oscillator. For 10 points each:,
2022 SANDS,4,9,A,"[E] Name these devices, consisting of a suspended mass on a string that swings back and forth.",pendulums
2022 SANDS,4,9,B,"[M] Another type of simple harmonic oscillator is a mass on this type of device, which stores mechanical energy in a coil. These devices usually obey Hooke’s Law.",springs
2022 SANDS,4,9,C,"[H] The Spring constant in Hooke’s law is typically symbolized with this letter, which also can symbolize Boltzmann’s constant.",k
2022 SANDS,4,10,L,Answer the following questions related to conflicts between Native Americans and colonists in early colonial America. For 10 points each:,
2022 SANDS,4,10,A,[H] “The Great Swamp Fight” occurred during this conflict with the Wampanoag. This conflict’s namesake changed his name from Metacomet to an English name after his father died.,King Philip’s War [or Metacomet’s War before mentioned]
2022 SANDS,4,10,B,"[E] The Great Swamp fight occurred in this New England colony, which later became the U.S.’s smallest state.",Colony of Rhode Island and Providence Plantations
2022 SANDS,4,10,C,"[M] The namesake tribe of the earlier Pequot War was from this state, whose colony was founded by Thomas Hooker when he merged the Saybrook and New Haven colonies.",Connecticut
2022 SANDS,4,11,L,"Protesters for this cause held up banners like “Kaiser Wilson, have you forgotten your sympathy” while picketing the White House. For 10 points each:",
2022 SANDS,4,11,A,[H] Alice Paul’s NWP organized the Silent Sentinels to protest for what cause?,women’s suffrage
2022 SANDS,4,11,B,[E] Women’s suffrage was officially granted by what amendment to the Constitution?,19th Amendment
2022 SANDS,4,11,C,"[M] Women’s suffrage was first granted in the territory that became this western state, also home to the U.S.’s first national park.",Wyoming
2022 SANDS,4,12,L,This collection of stories includes the tiger Shere Khan. For 10 points each:,
2022 SANDS,4,12,A,[E] Name this collection of stories about animals that includes “Rikki-Tikki-Tavi”. Mowgli and Baloo also appear in this collection.,The Jungle Book
2022 SANDS,4,12,B,"[M] The Jungle Book is by this author, who also wrote “The White Man’s Burden.”",Rudyard Kipling
2022 SANDS,4,12,C,"[H] In “Rikki-Tikki-Tavi,” the title mongoose kills two of these animals, named Nag and Nagaina.",snakes
2022 SANDS,4,13,L,The final holder of this title was Tokugawa Yoshinobu. For 10 points each:,
2022 SANDS,4,13,A,"[M] Prior to an 1868 restoration of imperial rule, what title was held by military rulers of Japan?",Shogun
2022 SANDS,4,13,B,"[H] Following the aforementioned restoration, Emperor Meiji moved his capital from this city to Tokyo. This city was the imperial capital of Japan for nearly one thousand years prior.",Kyoto
2022 SANDS,4,13,C,"[E] Upon taking the throne, Meiji promulgated the Charter Oath, considered to be Japan’s first one of these governing documents of a country.",constitution
2022 SANDS,4,14,L,"This author wrote about Bunny Ross in his novel Oil!, which inspired the film There Will Be Blood. For 10 points each:",
2022 SANDS,4,14,A,"[H] Name this author, who described how Jurgis Rudkis goes to jail after attacking Phil Connor in one novel.",Upton Sinclair
2022 SANDS,4,14,B,[M] Jurgis Rudkis appears in this muckraking novel by Upton Sinclair that exposed the horrors of the meatpacking industry. This novel inspired the passage of the Food and Drug Act.,The Jungle
2022 SANDS,4,14,C,[E] The Jungle ends with the declaration that “[this city] will be ours!” This largest city in Illinois is described as the “hog butcher of the world” in a Carl Sandburg poem.,Chicago [accept “Chicago will be ours!”]
2022 SANDS,4,15,L,"The background of this painting was modeled on a house in Eldon, Iowa. For 10 points each:",
2022 SANDS,4,15,A,[M] Name this Grant Wood painting of a man holding a pitchfork and a sideways-glancing woman.,American Gothic
2022 SANDS,4,15,B,"[E] The title of American Gothic refers to a Gothic-style one of these architectural elements, which can be seen behind the central figures. Churches often feature “stained-glass” examples of these elements.",windows [accept stained-glass windows]
2022 SANDS,4,15,C,"[H] American Gothic won $300 for placing third in a competition hosted by this midwestern art museum, where the painting now resides. This art museum on Michigan Avenue also houses Edward Hopper’s Nighthawks.",Art Institute of Chicago
2022 SANDS,4,16,L,"In 2020, this organization brought its “worm” logo out of retirement, though it still uses the “meatball” as its primary logo. For 10 points each:",
2022 SANDS,4,16,A,"[E] Name this US agency, known for its research in space.",NASA [accept National Aeronautics and Space Administration]
2022 SANDS,4,16,B,"[H] In 2022, the first full color photograph from this NASA telescope was released. Also known as the Next Generation Space Telescope, it was launched in December 2021.",James Webb Space Telescope
2022 SANDS,4,16,C,"[M] As a part of NASA’s Commercial Crew Program, this company designed the CST-100 Starliner. This corporation is best known for manufacturing airplanes, including the 737 and 747.",Boeing
2022 SANDS,4,17,L,"Nodules in these structures can harbor Rhizobia bacteria, which aid in nitrogen fixation. For 10 points each:",
2022 SANDS,4,17,A,"[E] Name these plant structures, that are contrasted with shoots. These structures anchor the plant in the ground and aid in water absorption.",roots
2022 SANDS,4,17,B,"[H] Roots can associate with the hyphae of another kingdom of organisms to form these symbiotic associations, which can be divided into “arbuscular” and “ecto” varieties.",mycorrhizae
2022 SANDS,4,17,C,[M] Mycorrhizae are composed of plants and organisms from this kingdom. A unicellular organism from this kingdom is known commonly as baker’s yeast.,fungus [accept fungi]
2022 SANDS,4,18,L,"Madonna purchased an NFT, or non-fungible token, named for one of these animals for over $500,000. For 10 points each:",
2022 SANDS,4,18,A,[M] Name these animals that are called “bored” in a NFT collection titled for their “yacht club.” That NFT collection of these animals was built on the Ethereum blockchain.,Apes [accept Bored Ape Yacht Club; prompt on monkeys with “what type of monkey?”]
2022 SANDS,4,18,B,[E] Ethereum generates one type of this currency as a reward to miners for adding blocks to the blockchain. Other examples of this type of currency include Bitcoin.,cryptocurrency
2022 SANDS,4,18,C,"[H] A bridge between Ethereum and this cryptocurrency has been proposed by its co-founder, Billy Markus, to enable non-fungible purchases. This cryptocurrency, which was originally created to poke fun at Bitcoin, uses an image of a Shiba Inu as its logo.",Dogecoin
2022 SANDS,4,19,L,Georg Cantor's diagonal argument claims that this set of numbers is uncountable. For 10 points each:,
2022 SANDS,4,19,A,"[M] Name this set of numbers, that includes both rational and irrational numbers.",real numbers
2022 SANDS,4,19,B,"[E] The imaginary part of a complex number is a real number multiplied by this number, which is equal to the square root of negative one.",i [accept imaginary unit]
2022 SANDS,4,19,C,"[H] This theorem states that every non-constant, single-variable polynomial with coefficients that are complex has one or more complex roots.",the Fundamental Theorem of Algebra [accept d'Alembert's theorem]
2022 SANDS,4,20,L,This organization’s Article 5 considers an attack on one of its members to be an attack on all of its members. For 10 points each:,
2022 SANDS,4,20,A,[M] Name this military alliance formed by the United States and its allies in Western Europe in order to counter Soviet aggression during the Cold War.,NATO [or North Atlantic Treaty Organization]
2022 SANDS,4,20,B,"[E] In response to NATO, the Soviet Union formed its own military alliance with Eastern Bloc countries, a “Pact” named for this capital of Poland.",Warsaw [accept Warsaw Pact]
2022 SANDS,4,20,C,"[H] NATO was criticized for high civilian casualties during its 1999 intervention in this former country. This country, which encompassed many modern Balkan nations, was led by Josip Tito for much of its existence.",Federal Republic of Yugoslavia
2022 SANDS,5,1,L,The Barringer one of these geographical features in Arizona is one of the best preserved ones in the U.S. For 10 points each:,
2022 SANDS,5,1,A,[E] Name these geographical features present at sites where asteroids and meteors strike the Earth’s surface.,impact crater
2022 SANDS,5,1,B,"[M] The Vredefort Crater, the largest certified impact crater in the world, is located southwest of Pretoria in this African country, which has three capitals.",South Africa
2022 SANDS,5,1,C,[H] The K-T extinction was caused by an asteroid that created the Chicxulub Crater beneath this peninsula. The popular tourist destination Cancún is located on this Mexican peninsula.,Yucatán <Geography–Kapadia>
2022 SANDS,5,2,L,Answer the following questions related to factions of the Republican Party in the 19th Century. For 10 points each:,
2022 SANDS,5,2,A,"[E] The Radical Republicans pushed for the harshest punishments for supporters and members of this government, which rebelled against the Union in the Civil War.",Confederate States of America [accept CSA or Confederacy]
2022 SANDS,5,2,B,[H] The Stalwarts favored this system of awarding government positions as favors to supporters and friends rather than based on merit.,patronage [or spoils system]
2022 SANDS,5,2,C,"[M] Civil service reform was enacted by the Pendleton Act, passed by Chester Arthur after this president was assassinated by a Stalwart supporter in 1881.",James A. Garfield <American History–Kapadia>
2022 SANDS,5,3,L,Emergency meetings called in this game can result in players being ejected into space. For 10 points each:,
2022 SANDS,5,3,A,[E] Name this social deduction game created by Innersloth in which crewmates are hunted by imposters.,Among Us
2022 SANDS,5,3,B,"[M] In addition to killing crewmates and sabotaging, imposters have the ability to perform this action in Among Us. The new Engineer role allows players to perform this action to move around the map.",venting
2022 SANDS,5,3,C,"[H] Imposters may fake tasks like swipe card in Admin on this Among Us map. Maps like Polus, MIRA HQ, and the Airship were added after this first map of Among Us, which is set on a spaceship.",The Skeld <Popular Culture–Ganguli>
2022 SANDS,5,4,L,One character in this work urinates on five pillars that are actually fingers. For 10 points each:,
2022 SANDS,5,4,A,"[H] Name this classic novel, in which Sun Wukong accompanies the monk Xuanzang on the title trip.",Journey to the West
2022 SANDS,5,4,B,"[M] The Monkey King Sun Wukong travels to this country in Journey to the West. Another monkey, Hanuman, appears in this country’s Sanskrit epic about the abduction of Sita, the Ramayana.",India
2022 SANDS,5,4,C,"[E] In Journey to the West, Sun Wukong is trapped under one of these objects for 500 years.To save Lakshmana in the Ramayana, Hanuman carries one of these geographical features, the tallest of which is Everest.",mountains <World Literature–Ganguli>
2022 SANDS,5,5,L,A 20th-century artist popularized a technique known as “drip” using this substance. For 10 points each:,
2022 SANDS,5,5,A,[E] Name this art material that comes in types such as oil and tempera and is applied using brushes.,paint
2022 SANDS,5,5,B,[H] Drip painting achieved mainstream success during this 20th-century art movement led by artists like Jackson Pollock and Mark Rothko.,Abstract expressionism
2022 SANDS,5,5,C,"[M] Helen Frankenthaler, an Abstract expressionist, popularized the “soak stain” technique, which is similar to this common painting technique in which pigments are suspended in water.",watercolor [accept aquarelle] <Visual Fine Arts–Maiorana>
2022 SANDS,5,6,L,Users of this language must start their documents with the <!DOCTYPE> tag. For 10 points each:,
2022 SANDS,5,6,A,[H] Name this programming language whose users use “tags” such as “<p>” and “<title>”. This language is often paired with CSS.,HTML [accept HyperText Markup Language]
2022 SANDS,5,6,B,"[E] HTML and CSS are frequently used to design these digital entities, which are accessed via URLs on the World Wide Web.",websites [accept web pages or other clear equivalents]
2022 SANDS,5,6,C,[M] HTML websites utilize this “protocol” to communicate with servers. This protocol has a four-letter abbreviation that often precedes “www.” in URLs.,HTTP [accept HyperText Transfer Protocol] <Other Science–Maiorana>
2022 SANDS,5,7,L,"Karl Lindner offers money to the central family in this play to convince them not to move into Clybourne Park, a white neighborhood. For 10 points each:",
2022 SANDS,5,7,A,[H] Name this play about the Younger family that takes its title from a Langston Hughes poem.,A Raisin in the Sun
2022 SANDS,5,7,B,"[M] In A Raisin in the Sun, Asagai asks Beneatha Younger to move to this African country. The novels Americanah and Half of a Yellow Sun were written by an author from this country, Chimamanda Ngozi Adichie.",Nigeria
2022 SANDS,5,7,C,"[E] In A Raisin in the Sun, Beneatha is accused of “mutilating” this physical feature when she straightens it. Beneatha shows off the “natural” form of this feature with her new afro.",hair <American Literature–Ganguli>
2022 SANDS,5,8,L,"With a vacuum, a Büchner funnel can be used to execute this technique. For 10 points each:",
2022 SANDS,5,8,A,[M] Name this technique that can separate liquid and solid components. This process often utilizes a semipermeable membrane such as paper.,filtration
2022 SANDS,5,8,B,"[H] The optimum velocity and theoretical plate height for this other separation technique can be calculated using the van Deemter equation. In the GC-MS method, its gas type is paired with mass spectrometry.",chromatography
2022 SANDS,5,8,C,"[E] Chromatography is sometimes demonstrated using these substances, which can be used to color paper and fabrics. Certain types of them can also be used to change hair color or food color.",dyes <Chemistry–Chae>
2022 SANDS,5,9,L,"After Ampelos was killed, his body was transformed into a vine and his blood was used to make the first of this substance. For 10 points each:",
2022 SANDS,5,9,A,[E] Name this alcoholic substance that is made from fermented grapes. Dionysus is the Greek god of this substance.,wine
2022 SANDS,5,9,B,"[M] During one of their frenzies, Maenads, crazed female followers of Dionysus, tore apart this musician, who journeyed into the Underworld to save his wife Eurydice.",Orpheus
2022 SANDS,5,9,C,"[H] Dionysus is said to have experienced a second one of these events after Zeus saved him by sewing him into his thigh. For Athena, this event occurred when Zeus split his head open to stop painful headaches.",birth [or being born] <Mythology–Kapadia>
2022 SANDS,5,10,L,Answer the following questions related to domestic terrorism in the 1990s. For 10 points each:,
2022 SANDS,5,10,A,[H] A field of empty chairs commemorates what attack on the Alfred P. Murrah Federal building perpetrated by Timothy McVeigh in the capital of a midwestern state?,Oklahoma City Bombing [or OKC Bombing]
2022 SANDS,5,10,B,[M] McVeigh carried out the bombing to retaliate for the government’s attack on one of these groups in Waco. A “UFO” one of these fanatical religious groups called Heaven's Gate committed mass suicide in 1997.,cults [accept UFO cults]
2022 SANDS,5,10,C,"[E] In 1996, Eric Rudolph bombed Atlanta’s Centennial Park, while it was hosting the “Summer” one of these international sporting events that occur every four years.",Olympic Games [accept Summer Olympics or Summer Olympic Games] <American History–Kapadia>
2022 SANDS,5,11,L,This scientist’s namesake thought experiment demonstrates the idea of superposition. For 10 points each:,
2022 SANDS,5,11,A,[E] Name this man who names a thought experiment involving a hypothetical cat which may be simultaneously considered dead and alive.,Erwin Schrödinger
2022 SANDS,5,11,B,[H] Schrödinger proposed his thought experiment to illustrate his problems with this interpretation of quantum mechanics. It is named after a European city.,Copenhagen interpretation
2022 SANDS,5,11,C,"[M] In 1927, a proponent of the Copenhagen interpretation introduced this principle, which limits the accuracy at which complementary variables can be measured, such as position and momentum.",Heisenberg uncertainty principle <Physics–Chae>
2022 SANDS,5,12,L,"The most famous photo of this creature, the so-called “surgeon’s photograph,” was revealed to be an elaborate hoax. For 10 points each:",
2022 SANDS,5,12,A,"[M] Name this long-necked, humped cryptid that is named for and supposedly inhabits a lake in the Scottish highlands.",Loch Ness Monster [or Nessie]
2022 SANDS,5,12,B,[E] The Patterson-Gimlin film supposedly shows this North American cryptid turning to face the camera as it runs away. This cryptid’s name comes from the large tracks it leaves behind.,Bigfoot [accept Sasquatch]
2022 SANDS,5,12,C,"[H] This reptilian-like cryptid, first purportedly sighted in Puerto Rico, is known for drinking the blood of goats and other livestock.",Chupacabra <Other Academic/Miscellaneous–Kapadia>
2022 SANDS,5,13,L,A novel by this author follows the Bundren family as they go to bury their matriarch Addie. For 10 points each:,
2022 SANDS,5,13,A,"[M] Name this author of As I Lay Dying, who wrote another novel that follows the Compson family called The Sound and the Fury.",William Faulkner
2022 SANDS,5,13,B,"[E] William Faulkner was a leading figure of a “Gothic” movement named after this broad region in the United States, which is composed of states like Mississippi and Virginia, who seceded in the American Civil War.",the South [accept Southern Gothic; prompt on the Confederacy by asking “what general region did the Confederacy encompass?”]
2022 SANDS,5,13,C,"[H] Another Southern Gothic author was Flannery O’Connor, who wrote this short story where the Grandmother encounters The Misfit while on a road trip.",“A Good Man Is Hard to Find” <American Literature–Kodali>
2022 SANDS,5,14,L,Edward III began the first phase of this conflict by attempting to claim the French throne. For 10 points each:,
2022 SANDS,5,14,A,"[E] Name this lengthy conflict between the English and the French that, despite its name, lasted 116 years.",Hundred Years’ War
2022 SANDS,5,14,B,"[M] During the Hundred Years’ War, this woman was inspired by several visions to take up arms and relieve the siege of Orléans. This woman was burned at the stake but canonized hundred of years later.",Joan of Arc [or Jeanne d'Arc or Saint Joan]
2022 SANDS,5,14,C,[H] The English turned the tides of war after winning this battle on Saint Crispin’s Day. English longbows played a crucial role in this victory for Henry V.,Battle of Agincourt <European History–Kapadia>
2022 SANDS,5,15,L,Celexa and Prozac are examples of SSRIs which are commonly used to treat this condition. For 10 points each:,
2022 SANDS,5,15,A,[E] Name this mood disorder which has symptoms including low self-esteem and loss of interest in normal activities.,clinical depression [accept MDD or major depressive disorder]
2022 SANDS,5,15,B,[H] SSRIs inhibit the reuptake of this neurotransmitter which is secreted from enterochromaffin cells.,serotonin [accept selective serotonin reuptake inhibitors; accept 5-hydroxytryptamine or 5-HT]
2022 SANDS,5,15,C,[M] SSRIs prevent serotonin from being absorbed by the cell that precedes this structure. This structure is the gap between two neurons which neurotransmitters travel across to continue the transmission of a nerve signal.,chemical synapse [Accept Synaptic Cleft] <Biology–Kodali>
2022 SANDS,5,16,L,"When asked how to find a job, this leader of En Marche! once said “cross the street. I’ll find you something.” For 10 points each:",
2022 SANDS,5,16,A,[H] Name this politician being investigated by NUPES for his links to lobbying after the release of the “Uber Files.” This politician defeated Marine Le Pen for a second term in his current position.,Emmanuel Macron
2022 SANDS,5,16,B,"[M] During the 2022 elections, Macron condemned Le Pen for her proposal to ban these objects in public, saying it would “divide the country.” These headcoverings, often worn by Muslim women, are less restrictive than burkas.",hijabs
2022 SANDS,5,16,C,[E] Macron is currently the president of this country. Yellow vest protesters stormed this country’s capital of Paris to demand social justice.,France <Current Events–Ganguli>
2022 SANDS,5,17,L,"During this period, religious images are often covered with purple veils. For 10 points each:",
2022 SANDS,5,17,A,[M] Name this approximately 40-day period where Christians fast or give up some luxuries to imitate the 40 days Jesus spent avoiding temptation in the desert.,Lent
2022 SANDS,5,17,B,"[H] Lent begins on this day. This day’s namesake substance is used to mark crosses on the foreheads of participants and is accompanied by the phrase “thou art dust, and to dust thou shalt return” from the Book of Genesis.",Ash Wednesday
2022 SANDS,5,17,C,[E] The solemn period of Lent leads up to this Sunday celebration of Jesus’s resurrection.,Easter [or Pascha] <Religion–Kapadia>
2022 SANDS,5,18,L,Some of these musical compositions were later harmonized and incorporated into polyphonic music.,
2022 SANDS,5,18,A,[M] Name these monophonic “chants” named for a pope.,Gregorian chants
2022 SANDS,5,18,B,[H] The “church” variety of these musical scales developed from Gregorian chants. Jazz musicians often use scales of this type such as the Dorian or Mixolydian ones.,modes [accept Dorain mode or Mixolydian mode]
2022 SANDS,5,18,C,"[E] Gregorian chants later developed into these religious songs, which in Christianity typically end with “amen”. Examples of these songs include “Amazing Grace”.",hymns <Auditory Fine Arts–Maiorana>
2022 SANDS,5,19,L,These compounds can be produced through step-growth and chain-growth reactions. For 10 points each:,
2022 SANDS,5,19,A,[M] Name these compounds made of repeating units called monomers. Nylon and PVC are examples of these macromolecules.,polymers
2022 SANDS,5,19,B,"[E] PVC is a “thermo” one of these materials that can be molded easily. These materials, which are made up of polymers, are used to produce objects like water bottles and straws.",plastics [accept thermoplastics]
2022 SANDS,5,19,C,"[H] This compound, which is also a thermoplastic, is a polymer composed of tetrafluoroethylene monomers. This compound is often used in non-stick cookware",Teflon [accept PTFE or polytetrafluoroethylene] <Chemistry–Ganguli>
2022 SANDS,5,20,L,"This ethnic group names an empire, whose ruler Suryavarman II built a complex meant to resemble Mount Meru. For 10 points each:",
2022 SANDS,5,20,A,[H] Name this majority ethnic group of a certain Southeast Asian country. Pol Pot ruled over a Communist government named after this ethnic group and “Rouge”.,Khmer [accept Khmer Empire or Khmer Rouge]
2022 SANDS,5,20,B,"[E] The Khmer are native to this country. This country’s Khmer Rouge was toppled from its capital of Phnom Penh after an invasion from its eastern neighbor, Vietnam.",Cambodia
2022 SANDS,5,20,C,[M] This was the aforementioned complex built by the Khmer emperor Suryavarman II. This large Hindu temple complex appears on Cambodia’s flag.,Angkor Wat <World History–Sareddy>
2022 SANDS,6,1,L,One play by this author ends with the sound of trees being cut down by Lopakhin. For 10 points each:,
2022 SANDS,6,1,A,[M] Name this Russian playwright of The Cherry Orchard. This playwright also wrote Uncle Vanya and The Three Sisters.,Anton Chekhov
2022 SANDS,6,1,B,"[H] In this Chekhov play, Konstantin Treplev commits suicide many years after shooting the title bird as a gift for Nina.",The Seagull
2022 SANDS,6,1,C,"[E] Treplev kills the title seagull with one of these weapons. Chekhov claimed that if one of these weapons, which fire bullets, is on stage, it must be fired.",guns [accept Chekhov’s gun or rifle]
2022 SANDS,6,2,L,"Camille Saint-Saëns allegedly stormed out of this piece’s premiere, but was not actually there. For 10 points each:",
2022 SANDS,6,2,A,[M] Name this ballet with music composed by Igor Stravinsky that caused a riot at its first performance.,The Rite of Spring
2022 SANDS,6,2,B,"[E] The Rite of Spring unusually opens with a high solo for this instrument. This large, double-reed instrument is the lowest-ranged woodwind in a typical orchestra.",bassoon
2022 SANDS,6,2,C,"[H] Some of the outrage at the premiere of The Rite of Spring may have been directed at the ballet’s choreography, which was created by this Russian ballet dancer.",Vaslav Nijinsky
2022 SANDS,6,3,L,"In a “Free State” with this name, the Force Publique terrorized workers extracting rubber. For 10 points each:",
2022 SANDS,6,3,A,[M] Give the name of that colony personally owned by Leopold II. The colony shared this name with two modern-day nations led from Kinshasa and Brazzaville.,Congo [accept Congo Free State or Republic of the Congo or Democratic Republic of the Congo]
2022 SANDS,6,3,B,"[H] Leopold II ruled this European country, whose 1830 independence movement was kicked by a performance of the opera La muette de Portici.",Belgium
2022 SANDS,6,3,C,[E] The Force Publique cut these body parts off of workers who failed to meet rubber quotas. The workers used these body parts to hold their knives when tapping rubber trees.,hands
2022 SANDS,6,4,L,One poem by this author opens with the question “What happens to a dream deferred?” For 10 points each:,
2022 SANDS,6,4,A,[M] Name this poet who claims “my soul has grown deep like the rivers” in “The Negro Speaks of Rivers.”,Langston Hughes
2022 SANDS,6,4,B,[E] Hughes belonged to a literary movement named for a “renaissance” of this New York City neighborhood.,Harlem
2022 SANDS,6,4,C,[H] A man drones a “drowsy syncopated tune” in a poem by Hughes titled for the “Weary” form of this kind of music.,blues
2022 SANDS,6,5,L,Description acceptable. The last time this task was achieved in men’s singles was by Rod Laver in 1969. For 10 points each:,
2022 SANDS,6,5,A,[H] Name this task which was almost achieved by a Serbian athlete until he lost in the finals of the 2021 U.S. Open to Russian player Daniil Medvedev.,calendar-year Grand Slam [accept Calendar Slam; accept answers that suggest winning all four majors or Grand Slams in a single-year]
2022 SANDS,6,5,B,[E] The U.S. Open and Wimbledon are two of the four Grand Slam events in this racket-and-ball sport played by Roger Federer and Rafael Nadal.,tennis
2022 SANDS,6,5,C,"[M] This Serbian athlete almost achieved the calendar-year Grand Slam in 2021, but his bid for the 2022 season was ended when he was deported just before the Australian Open for being unvaccinated.",Novak Djokovic [accept Djoker or Nole]
2022 SANDS,6,6,L,These substances can be classified into monoprotic and polyprotic types. For 10 points each:,
2022 SANDS,6,6,A,"[E] Name these substances with a low pH value, often contrasted with bases.",acids
2022 SANDS,6,6,B,[M] This scientist defined acids as electron acceptors. His namesake dot diagrams can help visualize bonding between two atoms.,Gilbert Lewis
2022 SANDS,6,6,C,"[H] This acid was created in high concentrations through the Lead chamber process before it was replaced with the contact process. This acid is the only diprotic strong acid, and it often acts as the electrolyte in lead-acid batteries.",Sulfuric acid [accept H2SO4]
2022 SANDS,6,7,L,Julius Caesar used this method of execution to kill a group of pirates that had kidnapped him. For 10 points each:,
2022 SANDS,6,7,A,[E] Name this method used by Pontius Pilate to execute Jesus.,crucifixion [or crucify or nailed to cross]
2022 SANDS,6,7,B,[H] Crasuss executed this man’s followers along the Appian Way. This former gladiator led a major slave revolt against the Roman Republic beginning in 73 BC.,Spartacus
2022 SANDS,6,7,C,"[M] Shortly after beginning his revolt, Spartacus and his men set up a position on this volcano, where they used vines to descend on Roman soldiers. The eruption of this volcano destroyed Pompeii in 79 AD.",Mount Vesuvius [or Vesuvio]
2022 SANDS,6,8,L,These weather phenomena typically form over warm water. For 10 points each:,
2022 SANDS,6,8,A,[H] Name these weather phenomena rated from 1 to 5 on the Saffir–Simpson scale. They are classified as a 12 of the Beaufort scale.,hurricanes [accept cyclones or typhoons] [prompt tropical storms]
2022 SANDS,6,8,B,[M] This region of a hurricane is characterized by calm weather. It occurs in the center of tropical cyclones such as hurricanes.,the eye
2022 SANDS,6,8,C,[E] The lowest value of this quantity for a hurricane typically occurs in its eye. It is measured with a barometer.,atmospheric pressure
2022 SANDS,6,9,L,This city’s Pritzker Pavilion was designed by Frank Gehry. For 10 points each:,
2022 SANDS,6,9,A,"[E] Name this Midwestern city home to a sculpture known as “the Bean”, as well as the Willis Tower.","Chicago, Illinois"
2022 SANDS,6,9,B,"[H] “The Bean”, which is officially titled Cloud Gate, was designed by this British-Indian artist, who has received criticism for his exclusive licensing of colors like Vantablack.",Anish Kapoor
2022 SANDS,6,9,C,"[M] This sculptor’s Flamingo is located in Chicago’s Federal Plaza and painted in his namesake shade of red. Flamingo is a “stabile”, unlike this sculptor’s “mobiles”.",Alexander Calder
2022 SANDS,6,10,L,In a political cartoon one of these institutions led by Nicholas Biddle was depicted as a many-headed monster being slayed by the president. For 10 points each:,
2022 SANDS,6,10,A,"[E] In 1833, mistrust of the “Second [one of these institutions] of the United States” led federal money to be deposited in “pet” examples of what financial institutions?",banks [accept Second Bank of the United States or pet banks]
2022 SANDS,6,10,B,"[M] This president, the first one from the Democratic Party, sought to destroy the Second Bank of the United States by vetoing its recharter bill.",Andrew Jackson
2022 SANDS,6,10,C,"[H] Earlier in its existence, the Second Bank was taxed by this state. This state was the defendant in the ensuing Supreme Court Case, which ruled that the Elastic Clause grants the government the “implied powers.”",Maryland [accept McCulloch v. Maryland]
2022 SANDS,6,11,L,Answer the following questions about protests against the Vietnam War. For 10 points each:,
2022 SANDS,6,11,A,"[H] It was observed that students don’t “shed their constitutional rights to freedom of speech…at the schoolhouse gate,” in this Supreme Court case involving students wearing black armbands to protest the war.",Tinker v. Des Moines
2022 SANDS,6,11,B,"[E] A photo taken during an anti-war march on this building shows a protester placing a flower in the barrel of a soldier’s gun. Abbie Hoffman failed to levitate this five-sided government building in Arlington, Virginia.",the Pentagon
2022 SANDS,6,11,C,"[M] A symbolic form of protesting against the war involved burning these pieces of paper, which are issued to those registered in Selective Service.",draft cards
2022 SANDS,6,12,L,"UNIVAC I, the first early computer to be used for business applications, aided in the completion of the 1950 iteration of this project. For 10 points each:",
2022 SANDS,6,12,A,"[M] Name this nationwide survey conducted every 10 years in the U.S. Because of the COVID-19 pandemic, the 2020 iteration of this survey was the first that allowed participants to respond online or by phone.",population census
2022 SANDS,6,12,B,"[E] Besides counting the population, the census results are used to reapportion seats in this legislative body that makes up Congress along with the Senate.",House of Representatives
2022 SANDS,6,12,C,"[H] The U.S. Census Bureau is under this government department. Gina Raimondo currently leads this department, which split from the Department of Labor in 1913.",Department of Commerce
2022 SANDS,6,13,L,Saprotrophic fungi are an example of this kind of organism. For 10 points each:,
2022 SANDS,6,13,A,[H] Name these types of organisms which absorb nutrients from decaying matter . More common examples of these organisms consist of earthworms which consume detritus.,decomposers [accept word forms]
2022 SANDS,6,13,B,[E] Some xylophagus fungi evolved with the ability to digest lignin found in this material. Termites can digest this material which is found in the bark of trees.,wood
2022 SANDS,6,13,C,[M] Soft-rot fungi secrete an enzyme that can digest this glucose polymer found in plant cell walls.,cellulose
2022 SANDS,6,14,L,This actress blamed her dog after being accused of defecating in the bed she shared with her former husband. For 10 points each:,
2022 SANDS,6,14,A,[M] Name this actress who repeatedly described her former husband as a “monster” in a defamation case. This actress saw very limited screen time in Aquaman 2 for reported abuse.,Amber Heard
2022 SANDS,6,14,B,"[E] Amber Heard was once the wife of this actor. This actor, who played Jack Sparrow in The Pirates of the Caribbean series, won his most recent defamation lawsuit against Amber Heard.","John Christopher ""Johnny"" Depp II"
2022 SANDS,6,14,C,"[H] In 2019, Depp sued Heard for defamation for her opinion piece published by this newspaper that is titled “I spoke up against sexual violence - and faced our culture’s wrath. That has to change.” This newspaper uses the slogan “democracy dies in darkness.”",The Washington Post
2022 SANDS,6,15,L,Milo Minderbinder buys the world’s supply of Egyptian cotton in this novel. For 10 points each:,
2022 SANDS,6,15,A,[M] Name this novel by Joseph Heller whose title is a paradoxical rule.,Catch-22
2022 SANDS,6,15,B,[H] Catch-22 focuses on this bombardier’s desire to leave the military. This protagonist of Catch-22 is inspired by his tentmate Orr’s escape to Sweden.,John Yossarian [or John]
2022 SANDS,6,15,C,"[E] In Catch-22, Yossarian questions whether this figure is all-powerful and all-good. This figure is the father of Jesus.",God
2022 SANDS,6,16,L,"One thinker argued that social harmony arises when behavior matches what is entailed by these words, a concept called the “rectification of [these words]. For 10 points each:",
2022 SANDS,6,16,A,"[E] What words are used to identify people? In China, the most common “family” type of these words is Wang.",name [or last name or surname or first name; prompt on title]
2022 SANDS,6,16,B,"[H] The rectification of the names was promoted by this ancient Chinese philosopher, whose sayings are compiled in the Analects.",Confucius [or Kong Fuzi or Master Kong]
2022 SANDS,6,16,C,"[M] Confucius argued that one should respect these people, a virtue called filial piety. Examples of filial piety include bringing honor to these people and taking care of them in their later years.",parents [or elders or ancestors or older people; prompt on family]
2022 SANDS,6,17,L,The Saraiva-Cotegipe Law and the Rio Branco Law began this process in one country. For 10 points each:,
2022 SANDS,6,17,A,[M] Name this process completed by the Golden Law in that country. The U.S. completed this process by passing the 13th Amendment. A description is acceptable.,abolishing slavery [or ending slavery; prompt on abolition with “what was abolished?”]
2022 SANDS,6,17,B,"[E] The Golden Law was passed in this largest South American country, the only one with Portuguese as its official language.",Brazil
2022 SANDS,6,17,C,[H] The Golden Law was passed by a monarch with this name. Two monarchs with this name ruled Brazil immediately after its independence from Portugal.,Pedro [accept Dom Pedro I or Dom Pedro II]
2022 SANDS,6,18,L,The Aye-Aye species of this primate is the largest nocturnal primate in the world. For 10 points each:,
2022 SANDS,6,18,A,[H] Name these primates whose most widely recognized species is the “ring-tailed” one. This primate is endemic to an island also home to most species of the baobab tree and the Malagasy people.,lemur
2022 SANDS,6,18,B,"[M] Lemurs are endemic to this extremely biodiverse island nation, separated from mainland Africa by the Mozambique Channel.",Madagascar
2022 SANDS,6,18,C,"[E] Lemurs are the only primates other than humans to possess blue features in these organs. Lemurs possess large examples of these organs, allowing them to see well at night.",eyes
2022 SANDS,6,19,L,"In 2012, this particle was found at the Large Hadron Collider. For 10 points each:",
2022 SANDS,6,19,A,[H] Name this particle whose namesake mechanism explains how W and Z bosons acquired mass.,Higgs Boson
2022 SANDS,6,19,B,"[M] The Higgs Boson is thought to have a value of 0 for this property. Bosons typically have integer values of this property, an intrinsic form of angular momentum.",spin
2022 SANDS,6,19,C,[E] The Large Hadron Collider is based in Switzerland at this facility. This facility currently hosts 23 member states and is the largest particle physics lab in the world.,CERN [accept European Organization for Nuclear Research]
2022 SANDS,6,20,L,Izanagi created some of these geographical features by drippin brine off the tip of a jeweled spear. For 10 points each:,
2022 SANDS,6,20,A,[E] Name these geographical features exemplified by Honsu and Hokkaido. 6852 of these geographical features make up the Japanese archipelago.,islands
2022 SANDS,6,20,B,[M] Amaterasu and Susanoo were born from Izanagi’s eyes while he performed this general action in a river. Visitors to Shinto shrines use water to perform this purifying action before presenting themselves to kami.,bathing [or cleaning or washing or cleansing]
2022 SANDS,6,20,C,"[H] When Susanoo once insulted Amaterasu, she hid in one of these locations, plunging the world into darkness. Amalthea raised the infant Zeus in one of these locations on Mount Ida.",cave
2022 SANDS,7,1,L,This poet declares “you must change your life” in “The Archaic Torso of Apollo.” For 10 points each:,
2022 SANDS,7,1,A,"[H] Name this poet, who wrote The Duino Elegies.",Rainer Maria Rilke
2022 SANDS,7,1,B,"[E] Rilke wrote in this language, as did the Weimar classicist Goethe. This is the main language spoken in a country whose capital is Berlin.",German
2022 SANDS,7,1,C,"[M] In the first Duino Elegy, Rilke claims every one of these beings are terror, and begins by asking “who, if I cried out, would hear me” among the orders of these beings. These heavenly beings attempt to overthrow God in another work.",angels [the unnamed novel is The Revolt of the Angels]
2022 SANDS,7,2,L,"Answer the following about headaches, for 10 points each:",
2022 SANDS,7,2,A,"[E] Some types of headaches are accompanied by sensitivity to sound and this other stimulus, emitted from sources like LEDs and fluorescent varieties.",light
2022 SANDS,7,2,B,[H] This condition results in severe headaches accompanied by light and sound sensitivity. People with this condition may present with an “aura” that signals its onset.,migraine headaches
2022 SANDS,7,2,C,[M] Other types of headaches can be caused by an inflammation of these four paranasal air cavities located in the skull.,sinuses [accept sinusitis]
2022 SANDS,7,3,L,One of these people was usually designated to lead call-and-response style songs to synchronize their movements during routine nautical tasks. For 10 points each:,
2022 SANDS,7,3,A,"[E] Name these people who performed tasks like scrubbing the deck and hoisting the sails, while singing shanties.",sailor [accept seamen or pirates]
2022 SANDS,7,3,B,"[H] The “Wellremen” shanty, repopularized by Nathan Evans in 2021, is about sailors in this industry awaiting the supplies from the titular merchants. Before kerosene, oil lamps were fueled by blubber from this industry.",whaling [accept whaler; prompt on fishing or hunting]
2022 SANDS,7,3,C,[M] One of the most popular mainstream shanties asks “What shall we do with a [sailor in this condition]?” and later says to “Put him in a long boat till he’s sober.”,drunken [accept intoxicated or inebriated]
2022 SANDS,7,4,L,"A lyric in this song states that “I’d get him to swap our places,” which reflects one character’s desire to switch places with her dead brother Billy. For 10 points each:",
2022 SANDS,7,4,A,"[H] Name this 1985 song by Kate Bush which allows Max Mayfield to escape Vecna's curse in an episode of a hit show, whose fourth season released in May of 2022.",“Running up that Hill” (A Deal With God)
2022 SANDS,7,4,B,"[E] “Running up that Hill” was made popular again by this show. Millie Bobby Brown plays Eleven on this show, whose characters live in Hawkins, Indiana and fight monsters from the “Upside Down.”",Stranger Things
2022 SANDS,7,4,C,"[M] Vecna’s name was derived from this game, which Will plays with his friends before he disappears in season 1. Game masters run this RPG where players form parties to complete campaigns.",Dungeons and Dragons [accept D&D]
2022 SANDS,7,5,L,"This man’s British contact, Major Andre, was executed after this man’s treason was discovered. For 10 points each:",
2022 SANDS,7,5,A,"[M] Name this traitorous Revolutionary War general, who attempted to surrender West Point to the British.",Benedict Arnold
2022 SANDS,7,5,B,"[H] Earlier, Arnold played a crucial role in the American victory at this battle in upstate New York, whose result convinced the French to aid the Americans in the war.",Battle of Saratoga
2022 SANDS,7,5,C,"[E] At the Battle of Saratoga, Arnold received his final in a series of injuries to this body part that gave his walk a permanent limp.",leg [prompt on foot with “What larger body part is foot part of?”]
2022 SANDS,7,6,L,A floating apple obscures the face of a man wearing a bowler hat in one painting from this movement. For 10 points each:,
2022 SANDS,7,6,A,"[H] Name this art movement, a Belgian member of whom created artworks such as The Son of Man.",surrealism
2022 SANDS,7,6,B,"[M] Son of Man was created by this surrealist, who, in The Treachery of Images, declared “this is not a pipe”.",René Magritte
2022 SANDS,7,6,C,[E] Many Magritte paintings feature a background of this subject. Magritte’s depictions of this subject were usually blue and often featured clouds.,the sky
2022 SANDS,7,7,L,One of these objects is said to make King Solomon “pluck at his beard from envy.” For 10 points each:,
2022 SANDS,7,7,A,[H] Name this type of object that James Dillingham Young owns a gold variety of. That object is later sold for a set of hair combs.,watch
2022 SANDS,7,7,B,[M] Jim sells his watch to buy hair combs for Della in this short story by O. Henry.,“The Gift of the Magi”
2022 SANDS,7,7,C,"[E] “The Gift of the Magi” sees Jim and Della buy each other gifts for this holiday. Santa Claus is associated with this holiday, which is celebrated on December 25th.",Christmas
2022 SANDS,7,8,L,The luxury cashmere brand NAADAM is named after an annual sports festival in this country. For 10 points each:,
2022 SANDS,7,8,A,"[M] Name this country that names a legendary “death worm” that supposedly inhabits the Gobi Desert, which this country shares with China.",Mongolia
2022 SANDS,7,8,B,"[H] The Naadam festival includes contests in wrestling, archery, and racing using these animals. The undomesticated Przewalski type of this animal is endemic to Mongolia, where this animal is important in the daily life of nomads.",horses
2022 SANDS,7,8,C,"[E] Most Mongolian nomads live in yurts, a type of this form of housing. Most campers in America sleep in this type of housing at night.",tents
2022 SANDS,7,9,L,This man refused to recant his writings at the Diet of Worms. For 10 points each:,
2022 SANDS,7,9,A,"[M] Name this German theologian, who, angered by the Catholic Church’s use of indulgences, launched the Protestant Reformation by publishing his Ninety-FIve Theses.",Martin Luther
2022 SANDS,7,9,B,"[E] Luther objected to the saying about indulgences beginning “as soon as [one of these items] in the coffer rings.” In the Middle Ages, the cheapest of these circular items of currency were often made from copper.",coins
2022 SANDS,7,9,C,[H] The Church responded to the Protestant Reformation by holding this ecumenical council. This council condemned Protestant teachings and launched the Counter-Reformation.,Council of Trent
2022 SANDS,7,10,L,The brightest one of these objects in the night sky is Sirius. For 10 points each:,
2022 SANDS,7,10,A,"[E] The Sun is what type of object, which can be sorted into types like dwarf and giant?",star
2022 SANDS,7,10,B,[H] The brightest star in a constellation is often denoted with this letter. Sirius and Betelguese are stars that are both denoted with this letter.,alpha [prompt on a]
2022 SANDS,7,10,C,"[M] While the Alpha star of this constellation is Betelgeuse, Rigel, its Beta star, often outshines it. A recognizable three star asterism is called its “belt.”",Orion [accept Orion’s Belt]
2022 SANDS,7,11,L,"The Balfour Declaration supported the creation of a “national home” for members of a certain religion, which became this country. For 10 points each:",
2022 SANDS,7,11,A,[M] Name this country that was invaded by five Arab nations shortly after its creation in 1948.,Israel
2022 SANDS,7,11,B,[H] Theordor Herzl founded this movement in the late 19th Century to advocate for the establishment of a Jewish homeland. This movement was named after a word in the Bible that referred to the Land of Israel as a whole.,Zionism [or Zionist Movement; accept Zion]
2022 SANDS,7,11,C,[E] The land that became Israel was a territory with this name. A territory with this name claims Gaza and the West Bank in an ongoing conflict with Israel.,Palestine [accept Mandatory Palestine]
2022 SANDS,7,12,L,This thinker defined one concept as “personality writ large” in her work Patterns of Culture. For 10 points each:,
2022 SANDS,7,12,A,[H] Name this thinker and student of Franz Boas who analyzed the “shame” and “guilt” cultures of one country in her work The Chrysanthemum and the Sword.,Ruth Benedict
2022 SANDS,7,12,B,"[E] Benedict’s work The Chrysanthemum and the Sword focused on this East Asian island country. Hiragana, katakana, and kanji are all scripts used to write this country’s main language.",Japan
2022 SANDS,7,12,C,"[M] Benedict and Boas were both scholars in this discipline, which is the scientific study of human societies and cultures.",anthropology
2022 SANDS,7,13,L,"When in thermal equilibrium, these objects emit their namesake radiation. For 10 points each:",
2022 SANDS,7,13,A,[H] Name these objects that absorb all incident electromagnetic radiation.,black bodies [accept black body]
2022 SANDS,7,13,B,"[E] Since they do not reflect light, black bodies have an albedo value of this number. Dividing by this number on a calculator typically gives an error.",zero
2022 SANDS,7,13,C,[M] This man’s namesake law describes the electromagnetic radiation emitted by black bodies. This scientist’s namesake constant is symbolized h and equals 6.63 times 10 to the negative 34th.,Max Planck
2022 SANDS,7,14,L,Long John Silver searches for Captain Kidd’s treasure in this novel. For 10 points each:,
2022 SANDS,7,14,A,[M] Name this novel by Robert Louis Stevenson about a voyage to the title location.,Treasure Island
2022 SANDS,7,14,B,[E] Long John Silver is one of these seafaring bandits in Treasure Island. Calico Jack and Blackbeard are two of these people who plunder at sea.,pirates
2022 SANDS,7,14,C,[H] This protagonist of Treasure Island serves as a cabin boy on the Hispaniola.,Jim Hawkins [accept either underlined portion]
2022 SANDS,7,15,L,The beating of Marquette Fry sparked the Watts Riots in this city. For 10 points each:,
2022 SANDS,7,15,A,"[M] Name this city in southern California, where another set of race riots in 1992 spread to neighboring Inglewood, Compton, and Long Beach.",Los Angeles
2022 SANDS,7,15,B,[E] The beatings that sparked the Watts Riots and 1992 riots in Los Angeles were the use of excessive force by these law enforcement officials.,police officers [accept cops]
2022 SANDS,7,15,C,[H] The 1992 Los Angeles Riots were sparked by the beating of this man during a traffic stop. This man later asked “can we all get along?” in an effort to stop the riots.,Rodney King
2022 SANDS,7,16,L,"After Hydrogen and Helium, this element is the most abundant in the universe. For 10 points each:",
2022 SANDS,7,16,A,[E] The second most abundant gas in Earth’s atmosphere consists of two atoms of this element. This element has atomic number 8 and symbol O.,Oxygen
2022 SANDS,7,16,B,"[M] Carbon dioxide, another abundant gas in Earth’s atmosphere, is one of these substances that contribute to global warming. These substances trap solar radiation in Earth’s atmosphere, contributing to their namesake effect.",Greenhouse gases
2022 SANDS,7,16,C,"[H] This compound is another potent greenhouse gas, which is 25 times more effective at trapping heat in the atmosphere as carbon dioxide. It is the simplest alkane and the simplest hydrocarbon.",Methane
2022 SANDS,7,17,L,Some myths about the invention of one of these items credits Hermes with making it using a tortoise’s shell and entrails. For 10 points each:,
2022 SANDS,7,17,A,"[M] Name these items, which were used in a contest where Midas was given donkey ears for ruling against one god. That god, the son of Leto, often used one of these items called a lyre.",musical instrument
2022 SANDS,7,17,B,"[E] The lyre was a favorite instrument of this Greek god of music, the twin brother of Artemis.",Apollo
2022 SANDS,7,17,C,"[H] The aforementioned musical contest was between Apollo and one of these beings. Another one of these hybrid beings, Marsyas, was flayed when he lost a music contest to Apollo because he couldn't play his flute upside down.",satyr [or faun]
2022 SANDS,7,18,L,"In a speech where he made car noises, this politician complained about how Daddy Pig holds a negative stereotype. For 10 points each:",
2022 SANDS,7,18,A,"[M] Name this politician, who resigned as prime minister of the U.K. in 2022. This politician is often referred to as “BoJo”.",Boris Johnson
2022 SANDS,7,18,B,"[E] During the 2019 General Election, Boris Johnson ran on the slogan “Get [this action] done.” This term refers to Britain leaving the European Union in 2020.",Brexit [accept Get Brexit Done]
2022 SANDS,7,18,C,"[H] This politician, who resigned over Brexit, attacked Johnson and the Partygate scandal in a speech after he announced his resignation. Johnson succeeded this woman as prime minister.",Theresa May
2022 SANDS,7,19,L,One of these figures named Ofglen hangs herself to avoid being tortured by the Eyes of God. For 10 points each:,
2022 SANDS,7,19,A,"[H] Name this group, which includes the Commander’s concubine Offred. These figures are considered essential to the survival of the human race in Gilead.",handmaids
2022 SANDS,7,19,B,"[M] The handmaid Offred is the protagonist of The Handmaid’s Tale, a novel by this author. This author also wrote The Testaments and Oryx and Crake.",Margaret Atwood
2022 SANDS,7,19,C,"[E] In The Handmaid’s Tale, Offred plays this forbidden game with the Commander. Players of this board game form words using lettered tiles.",Scrabble
2022 SANDS,7,20,L,This piece was completed by Franz Süssmayr following its composer’s death. For 10 points each:,
2022 SANDS,7,20,A,[H] Name this “mass for the dead” that was left unfinished by an Austrian composer.,"Requiem in D minor [accept, but do not reveal Wolfgang Amadeus Mozart’s Requiem in D Minor]"
2022 SANDS,7,20,B,"[E] That Requiem was never completed by this former child prodigy, who is known for pieces such as Eine Kleine Nachtmusik.",Wolfgang Amadeus Mozart
2022 SANDS,7,20,C,"[M] The double fugue in the Requiem’s “Kyrie” movement begins with this vocal part, the lowest in a traditional chorus.",bass
2022 SANDS,8,1,L,"Answer the following about life-saving procedures for cardiac arrest, for 10 points each.",
2022 SANDS,8,1,A,You may need to use an AED to deliver this stimulus to restart the heart. This stimulus is transmitted by Purkinje cells in the heart and synchronizes the heartbeat.,electricity [accept electric shock; prompt on automated external defibrillation by asking “what stimulus does defibrillation provide?”]
2022 SANDS,8,1,B,The first course of action should be to perform this procedure on the patient. This procedure requires compressing down on the chest over the heart at least 2 inches in an adult.,cardiopulmonary resuscitation [accept CPR]
2022 SANDS,8,1,C,"When the EMTs arrive, they may perform a procedure to open the airway by cutting into the neck and inserting a breathing tube into this structure, colloquially called the windpipe.",trachea
2022 SANDS,8,2,L,"The title character of this play calls life “a walking shadow” and delivers the “tomorrow, and tomorrow, and tomorrow” soliloquy. For 10 points each:",
2022 SANDS,8,2,A,"Name this play, in which the title king murders King Duncan. It is prophesied that Fleance, the son of Banquo, will rule one country in this play.",Macbeth
2022 SANDS,8,2,B,"Three of these beings, called the “weird sisters,” make three prophecies in Macbeth. These beings are often said to wear black cloaks and ride broomsticks.",witches
2022 SANDS,8,2,C,"Since this Thane of Fife is “untimely ripped” from the womb of his mother, this character is able to circumvent a prophecy made by the Three Witches and murder Macbeth.",Macduff
2022 SANDS,8,3,L,This figure is punished by being bound with the entrails of one of his sons below a snake whose venom drips onto this figure's face. For 10 points each:,
2022 SANDS,8,3,A,Name this trickster god from Norse myth.,Loki
2022 SANDS,8,3,B,"To hamper the construction of Asgards walls, Loki became one of these animals and mated with another of these animals, which produced an eight-legged one of these animals named Sleipnir, who belongs to Odin.",horse [or mare]
2022 SANDS,8,3,C,"After Loki causes the death of Baldr, he prevents Baldr’s resurrection by disguising as a giant and refusing to perform this action. When her husband is absent, a red gold substance results from Freyja performing this action.",cry [or weep or tearing]
2022 SANDS,8,4,L,This leader was nicknamed the “Iron Chancellor” for conducting diplomacy using the strategy of Realpolitik. For 10 points each:,
2022 SANDS,8,4,A,"Name this Prussian statesman, who masterminded the Unification of Germany.",Otto von Bismarck
2022 SANDS,8,4,B,"Two answers required. In a speech arguing for an increase in military spending, Bismarck proclaimed that the “great questions of the day [would] be decided” by these two substances, which title the speech. Name both.",blood and iron [accept “Blood and Iron” Speech; DO NOT PROMPT ON PARTIAL ANSWERS]
2022 SANDS,8,4,C,Bismarck correctly predicted this conflict by saying that trouble in the Balkans would set off a major European war. This conflict was sparked by the assassination of Franz Ferdinand in 1914.,World War I [or WWI or the Great War]
2022 SANDS,8,5,L,This event has been won 27 times by the New York Yankees. For 10 points each:,
2022 SANDS,8,5,A,"Name this annual championship series of the MLB, played between an AL and NL team.",MLB World Series
2022 SANDS,8,5,B,"Jackie Robinson played for this MLB team when it was located in Brooklyn. This Los Angeles team has won 7 World Series titles, most recently in 2020.",Los Angeles Dodgers
2022 SANDS,8,5,C,"After he won the 2021 World Series, the Dodgers signed Freddie Freeman, who plays this position. Lou Gehrig also played this position, which is often denoted number three.",first baseman
2022 SANDS,8,6,L,The lithosphere contains all of this layer and a portion of the outer mantle. For 10 points each:,
2022 SANDS,8,6,A,"Name this outermost layer of Earth, which lies above the mantle.",crust
2022 SANDS,8,6,B,This process that takes place in the mantle causes tectonic plates to move on Earth’s surface. This process is the transfer of heat through the movement of particles in a fluid.,Mantle convection
2022 SANDS,8,6,C,The phrases “Slab Pull” and “Ridge Push” can describe the movement of these structures. These structures move on the Earth’s crust and are created from mid ocean ridges in the process of seafloor spreading.,tectonic plates
2022 SANDS,8,7,L,"A memorial to victims of the Holocaust located in this country consists of 2,711 concrete slabs. For 10 points each:",
2022 SANDS,8,7,A,"Name this country, where the Bauhaus school existed until 1933.",Germany
2022 SANDS,8,7,B,Bauhaus artist Herbert Bayer designed one of these systems based on the Bauhaus aesthetic. These systems have serif and sans-serif varieties.,fonts [accept typefaces]
2022 SANDS,8,7,C,The Bauhaus was essentially forced to close in 1933 following the seizure of power by this Adolf Hitler-led regime.,Nazi Party [accept Nazis; accept The Third Reich]
2022 SANDS,8,8,L,"These institutions are often found in namesake “towns,” exemplified by Ann Arbor and Berkeley. For 10 points each:",
2022 SANDS,8,8,A,"Name these academic institutions such as Rutgers and Ohio State, which are part of the Big 10.",colleges [accept university or universities or collegetownes]
2022 SANDS,8,8,B,"Purdue University, another Big 10 school, is located in this state. Purdue has a rivalry with the University of Notre Dame, which is also located in this state.",Indiana
2022 SANDS,8,8,C,"In 2022, UCLA and this nearby university announced that they will leave the PAC-12 for the Big 10. This school’s athletic teams are known as the Trojans.",University of Southern California [or USC]
2022 SANDS,8,9,L,"Ibn Battuta documented much of this region’s namesake trade route, which connected West African empires to the Mediterranean Sea. For 10 points each:",
2022 SANDS,8,9,A,"Name this largest sand desert in the world, which occupies much of northern Africa.",Sahara Desert
2022 SANDS,8,9,B,Merchants from this empire and the later Songhai Empire partook in the trans-Saharan trade. This empire’s ruler Mansa Musa disrupted the Egyptian economy by handing out gold during his trip to Mecca.,Mali Empire
2022 SANDS,8,9,C,The trans-Saharan trade centered on gold and this other commodity. Much of the Songhai’s wealth came from mining this commodity at Taghaza.,salt
2022 SANDS,8,10,L,A character in this story screams “it isn’t fair!” after her name is drawn out of a wooden box. For 10 points each:,
2022 SANDS,8,10,A,"Name this short story, in which Tessie Hutchinson is stoned to death during the title event.",“The Lottery”
2022 SANDS,8,10,B,"“The Lottery” is by this author of gothic horror, who also wrote The Haunting of Hill House.",Shirley Jackson
2022 SANDS,8,10,C,A slip of paper with a spot of this color indicates death in “The Lottery.” Cats of this color are considered an omen of bad luck in gothic literature.,black
2022 SANDS,8,11,L,An expensive dye of this color was cultivated from Murex snails. For 10 points each:,
2022 SANDS,8,11,A,Name this color of togas worn by Roman generals celebrating a triumph. This “royal” color was eventually worn exclusively by the Roman Emperor.,purple
2022 SANDS,8,11,B,The purple dye was alternatively named for this civilization or its city of Tyre. This seafaring civilization from modern-day Lebanon founded cities like Byblos and Carthage.,Phonecian Civilization
2022 SANDS,8,11,C,The Phoenicians are credited with developing the first modern one of these systems. The English one of these systems has 26 letters.,alphabet
2022 SANDS,8,12,L,Ernest Rutherford oversaw an experiment often named for a foil of this metal in which the atomic nucleus was discovered. For 10 points each:,
2022 SANDS,8,12,A,Name this malleable metal with the atomic symbol Au.,gold
2022 SANDS,8,12,B,Rutherford's gold foil experiment disproved the “plum pudding model” of the atom created by this scientist. This man discovered the electron using cathode ray tubes.,Joseph John Thomson
2022 SANDS,8,12,C,"To produce a beam of alpha particles, the Rutherford gold foil experiment used Radon, which decays into this element. This element with atomic number 82 is the heaviest with stable isotopes.",lead
2022 SANDS,8,13,L,"Twelve avenues radiate out from the Place de l'Étoile, which contains one of these structures at its center. For 10 points each:",
2022 SANDS,8,13,A,"Name this kind of monumental structure exemplified by a “Triumphal” one in Paris. Paris’s La Défense district contains a “Grand” one of these structures, which evokes a giant passageway.",arch [accept Grand Arch or Triumphal Arch or Arc de Triomphe]
2022 SANDS,8,13,B,France’s “Tomb of the Unknown [type of these people]” lies directly beneath the Arch de Triomphe. The tomb is dedicated to these people whose remains have not been found after they fought and died in World War I.,soldier [accept Tomb of the Unknown Soldier]
2022 SANDS,8,13,C,"This avenue radiates out from the Arch de Triomphe’s eastward face. This avenue, named for a paradise in the Greek afterlife, is the site of the annual Bastille Day parade and is known for its luxury shops.",Avenue des Champs-Élysées [prompt on Elysian Fields]
2022 SANDS,8,14,L,"On “Black Sunday” during this period, so-called “black blizzards” swept through the plains states. For 10 points each:",
2022 SANDS,8,14,A,“Okies” migrated west during what period of severe drought and agriculture damage in the 1930s?,Dust Bowl
2022 SANDS,8,14,B,"The Dust Bowl exacerbated this extended period of economic downturn, which began with a stock market crash in 1929.",Great Depression
2022 SANDS,8,14,C,"During the Great Depression, many homeless people erected and live in these shanty towns, derisively named for the president under whose term the depression began.",Hoovervilles
2022 SANDS,8,15,L,Ben Rogers offers one character an apple to do this task after he is convinced that this task is better than swimming. For 10 points each:,
2022 SANDS,8,15,A,"Name this task assigned by Aunt Polly, which one character convinces his friends to do for him.",whitewashing a fence [or painting a fence]
2022 SANDS,8,15,B,"Aunt Polly originally tells this character to whitewash the fence. This character, who witnesses Injun Joe’s murder of Muff Potter, gets lost in a cave with his love interest, Becky Thatcher.",Tom Sawyer [accept either underlined part]
2022 SANDS,8,15,C,"Tom Sawyer was created by this author, who also wrote about his friend’s travels with Jim down the Mississippi river in The Adventures of Huckleberry Finn.",Mark Twain [or Samuel Langhorne Clemens]
2022 SANDS,8,16,L,These objects are typically featured in Memento mori paintings. For 10 points each:,
2022 SANDS,8,16,A,Name these human remains that frequently symbolize death in art. This skeletal structure protects the brain and supports the face.,skulls
2022 SANDS,8,16,B,"This American artist painted skulls of horses, cows, and deer. After living in New York, she moved to New Mexico and painted many depictions of its landscape.",Georgia Totto O’Keeffe
2022 SANDS,8,16,C,Skulls were sometimes featured in paintings of this genre. More popular subjects in this genre include flowers and baskets of fruit.,still lifes
2022 SANDS,8,17,L,This crime was discovered when security guard Frank Willis noticed tape on some of the door latches of this crime’s central building. For 10 points each:,
2022 SANDS,8,17,A,What crime involved members of the Committee for the Re-Election of the President infiltrating the DNC’s headquarters in a Washington D.C. hotel?,Watergate break-in [accept Watergate spying or Watergate Scandal]
2022 SANDS,8,17,B,"The Watergate Scandal affected the presidency of what man, who resigned in its aftermath?",Richard Nixon [accept Tricky Dick]
2022 SANDS,8,17,C,"In the ensuing case U.S. v. Nixon, Nixon claimed that executive privilege allowed him to withhold these entities. The “Rosemary Stretched” erased nearly 18 minutes from these entities.",White House tapes [or White House recordings]
2022 SANDS,8,18,L,A store that provided this kind of service declined in the face of a competitor that provided this service through the mail via red envelopes. For 10 points each:,
2022 SANDS,8,18,A,Name this service once provided by the now-defunct store Blockbuster.,video rental [or movie rental or DVD rental or video game rental; prompt on selling]
2022 SANDS,8,18,B,"The aforementioned competitor to Blockbuster was this company, which is now the most successful streaming service in the world with shows like The Witcher and Stranger Things.",Netflix
2022 SANDS,8,18,C,"The automated kiosks of this video rental company can be found in places like grocery stores, gas stations, and pharmacies.",Redbox
2022 SANDS,8,19,L,Hess's law can be used to calculate the total change of this quantity in a reaction. For 10 points each:,
2022 SANDS,8,19,A,"Name this quantity, which is equal to the internal energy plus the product of pressure and volume. It is symbolized H.",enthalpy
2022 SANDS,8,19,B,This quantity can be calculated by subtracting the product of temperature and entropy from enthalpy. This quantity is named for an American scientist and can be used to determine if a reaction is spontaneous.,Gibbs free energy [prompt on free energy]
2022 SANDS,8,19,C,The change in Gibbs free energy can be calculated by taking the negative product of this function of the equilibrium constant and RT. This function is symbolized “ln” and is a logarithm with the base of e.,natural logarithm
2022 SANDS,8,20,L,Thomas Hobbes stated that humans existed in a state of “war of all against all” prior to this concept. For 10 points each:,
2022 SANDS,8,20,A,"Name this so-called “contract” between a government and individuals, in which the individuals agree to give up some rights in exchange for protection of other rights.",social contract
2022 SANDS,8,20,B,"The phrase “Man is born free, yet everywhere is in chains” opens The Social Contract, a work by this Swiss Enlightenment philosopher, who also wrote Emile and Discourse on Inequality.",Jean-Jacques Rousseau
2022 SANDS,8,20,C,"In Discourse on Inequality, Rousseau discussed the rise of the “private” form of this concept. John Locke’s natural rights included life, liberty, and this concept, which refers to something owned by someone.",property [accept possession]
2022 SANDS,9,1,L,"In some myths, this figure gives his son Deucalion the knowledge to survive a world-ending flood. For 10 points each:",
2022 SANDS,9,1,A,"[M] Name this Titan who stole fire from the gods to gift to humanity, resulting in a punishment where his liver is eaten and regenerates everyday in an eternal cycle.",Prometheus
2022 SANDS,9,1,B,[H] The creature that ate Prometheus’s liver each day was one of these creatures. Zeus took the form of this creature to abduct Ganymede.,eagle [prompt on bird]
2022 SANDS,9,1,C,[E] Prometheus was chained to one of these geographical features in the Caucasus. The Greek gods lived on one of these geographical features called Olympus.,mountain
2022 SANDS,9,2,L,The split between “Old Lights” and “New Lights” occurred during this period. For 10 points each:,
2022 SANDS,9,2,A,[M] Evangelists like George Whitfield and Jonathan Edwards were active during what period of intense religious fervor in early colonial America?,First Great Awakening [prompt on Great Awakening]
2022 SANDS,9,2,B,"[E] During the First Great Awakening, Whitfield and Edwards traveled around to deliver fiery examples of these religious speeches that address moral and Biblical topics.",sermons
2022 SANDS,9,2,C,"[H] Edwards’s most notable sermon analogized these people to a spider hanging over the fiery pit of Hell, and was titled for “[these people] in the Hands of an Angry God.”",sinners
2022 SANDS,9,3,L,An amphitheater at the natural entrance to Carlsbad one of these locations in New Mexico allows visitors to watch bat swarms emerge during certain months. For 10 points each:,
2022 SANDS,9,3,A,"[E] Name these underground locations, often formed by erosion, where stalactites and stalagmites can be found.",caves [or caverns]
2022 SANDS,9,3,B,"[M] This state’s Wind Cave was the first cave in the world to be designated a national park. The Black Hills are in this Great Plains state, also home to Mount Rushmore.",South Dakota
2022 SANDS,9,3,C,"[H] This cave system in Kentucky is the longest known one in the world. This cave system is named for a certain large extinct mammal, though no fossils of it have been found in the cave.",Mammoth Cave
2022 SANDS,9,4,L,A spot in Carlos Danieri’s cellar shows every point in the universe in this author’s story “The Aleph.” For 10 points each:,
2022 SANDS,9,4,A,"[M] Name this blind Argentinian author, who included “The Garden of Forking Paths” in his collection Ficciones.",Jorge Luis Borges
2022 SANDS,9,4,B,[H] A Wycliffe Bible is traded for one of these objects “of sand” in another Borges story. Purifiers destroy these objects in a Borges story where millions of them are stored in hexagonal rooms.,books
2022 SANDS,9,4,C,"[E] It’s not a tower, but that story by Borges is titled after [one of these places] of Babel. These buildings, which often have reading rooms, are full of books to borrow.",libraries [or library; accept “The Library of Babel”]
2022 SANDS,9,5,L,"At standard temperature and pressure, only two elements are liquid. For 10 points each:",
2022 SANDS,9,5,A,"[E] Name this metal, which is liquid at room temperature. Also known as quicksilver, this metal is symbolized Hg.",Mercury
2022 SANDS,9,5,B,"[H] Bromine, the only other element that is liquid at STP, is in this group of elements. This group features the element with the highest electronegativity.",Halogens
2022 SANDS,9,5,C,"[M] Halogens typically feature seven of these electrons, which are in the outer shell of an atom.",valence electrons
2022 SANDS,9,6,L,"The 2028 Olympics will be the first to feature Ultimate, a sport centered on the use of this object. For 10 points each:",
2022 SANDS,9,6,A,"[H] Name this plastic object, whose official name is trademarked by the toy company Wham-O. The presence of a lip on this object’s edge allows it to glide.",Frisbee [accept flying disc or disc]
2022 SANDS,9,6,B,"[E] Families often use Frisbees when playing with these pet animals. Common breeds of these animals include the beagle, poodle, and German shepherd.",dogs
2022 SANDS,9,6,C,[M] Frisbees are also used in a variant of this sport called “disc [this sport]”. Lower scores indicate better play in this sport whose tours are organized by PGA Tour.,golf [accept disc golf]
2022 SANDS,9,7,L,This composer collaborated with Martha Graham on his most famous ballet. For 10 points each:,
2022 SANDS,9,7,A,[M] Name this 20th-century American composer of the music for Appalachian Spring and Billy the Kid.,Aaron Copland
2022 SANDS,9,7,B,"[E] In one piece, Copland depicted a dance hall in this country that he visited with Carlos Chávez. Genres of music from this country include Jalisco and Mariachi.",Mexico
2022 SANDS,9,7,C,[H] This other ballet composed by Copland features sections such as “Hoe-Down” and “Buckaroo Holiday”.,Rodeo
2022 SANDS,9,8,L,"One member of this family, who is gifted a piano by Mr. Laurence, dies of scarlet fever. For 10 points each:",
2022 SANDS,9,8,A,"[H] Name this fictional family that includes Beth, Meg, Amy, and Jo.",March family
2022 SANDS,9,8,B,[M] The March family are the titular female group of this novel by Louisa May Alcott.,Little Women
2022 SANDS,9,8,C,"[E] In Little Women, Jo starts one of these institutions for boys called Plumfield. Children are taught in classrooms in these institutions.",schools
2022 SANDS,9,9,L,"A certain city’s boule oversaw the process for dealing this kind of punishment, which required 6000 votes to be carried out. For 10 points each:",
2022 SANDS,9,9,A,"[M] Name this kind of punishment,which was dealt to people who were ostracized in ancient Athens.",exiled [or banished or expelled; accept ostracized before mentioned]
2022 SANDS,9,9,B,"[H] This man’s father, Xanthippus, was recalled from exile during the Second Persian invasion of Greece. This leader during Athen’s Golden Age delivered a notable funeral oration during the Peloponnesian War.",Pericles
2022 SANDS,9,9,C,[E] Voting on ostracisms was done using shards of this material. This material is fired in kilns to make artworks like pots and vases.,pottery [accept ceramics or clay]
2022 SANDS,9,10,L,Herpetologists often study this class of animals. For 10 points each:,
2022 SANDS,9,10,A,"[M] Name this class of cold-blooded animals, which lay eggs.",Reptiles [accept Reptilia]
2022 SANDS,9,10,B,"[E] While some of these reptiles are venomous, most hunt their prey by using constriction. These reptiles include the Black mamba and the King cobra.",Snakes
2022 SANDS,9,10,C,"[H] Snakes often undergo this process where they shed their skin, also known as ecdysis.",molting
2022 SANDS,9,11,L,"In this series, the Scout Regiment maneuvers with ODM gear to strike the napes of the beings that partially title this series. For 10 points each:",
2022 SANDS,9,11,A,"[H] Name this manga series, whose protagonist is Eren Jaeger. In this series, humanity is pushed to the brink of extinction by the large humanoid steam-emitting beings that partially title this series.",Attack on Titan [or AOT or Shingeki no Kyojin]
2022 SANDS,9,11,B,"[E] The remaining humans live behind Maria, Rose, and Sina, concentric examples of these large defensive structures, typically made out of stones or bricks.",wall
2022 SANDS,9,11,C,"[M] The appearance of the largest and most recognizable titan, the Colossal, completely lacks this feature, which is removed in the process of flaying.",skin [or skinned or skinless]
2022 SANDS,9,12,L,This novel begins by declaring “a single man in possession of a good fortune must be in want of a wife.” For 10 points each:,
2022 SANDS,9,12,A,"[M] Name this novel, in which members of the Bennett family marry George Wickham and Charles Bingley.",Pride and Prejudice
2022 SANDS,9,12,B,"[E] Pride and Prejudice is by this author, who also wrote Emma.",Jane Austen
2022 SANDS,9,12,C,"[H] This character, who owns Pemberley, marries Elizabeth Bennett at the end of Pride and Prejudice.",Fitzwilliam Darcy [accept either underlined part]
2022 SANDS,9,13,L,"The first of these campaigns was called for with chants of “Deus Vult,” which translates to “God wills it!” For 10 points each:",
2022 SANDS,9,13,A,[E] Name these military campaigns that saw Christian forces retake control of the Holy Land from Muslims.,Crusades
2022 SANDS,9,13,B,[H] The First Crusade ended when Christian soldiers captured and massacred the defenders of this city. Saladin’s reconquest of this city in 1187 sparked the Third Crusade.,Jerusalem
2022 SANDS,9,13,C,"[M] During the Third Crusade, English forces were led by the first English king of this name, nicknamed “the Lionheart.” The third English king of this name supposedly murdered the “Princes in the Tower.”",Richard [accept Richard I or Richard III]
2022 SANDS,9,14,L,The Second Law of Thermodynamics is violated by this thought experiment. For 10 points each:,
2022 SANDS,9,14,A,[H] Name this entity that controls a massless door between two chambers.,Maxwell’s Demon
2022 SANDS,9,14,B,"[M] The Second Law of Thermodynamics states that, in a closed system, this quantity cannot decrease. Symbolized S, this quantity is a measure of disorder in a system.",entropy
2022 SANDS,9,14,C,[E] The First Law of Thermodynamics is a restatement of the law of conservation of this quantity. This quantity has kinetic and potential varieties.,energy
2022 SANDS,9,15,L,"In one opera, a character who participates in this sport sings the “Toreador Song.” For 10 points each:",
2022 SANDS,9,15,A,"[M] Name this sport, whose practitioners use a red cloth to attract a large animal.",bullfighting
2022 SANDS,9,15,B,"[H] The “Toreador Song” appears in this opera, where it is sung by Escamillo. Escamillo confesses his love for the title woman in Act IV of this opera.",Carmen
2022 SANDS,9,15,C,"[E] After being given one of these objects by Carmen, Don José sings a song named for them. In Léo Delibes' opera Lakmé, two characters sing a duet named for these plants, including roses, which they pick by a river.",flowers
2022 SANDS,9,16,L,Hand-carved terraces for this crop were made by the Ifugao people at a site called Banaue. For 10 points each:,
2022 SANDS,9,16,A,"[E] Name this crop often grown in paddies. The basmati and sticky varieties of this crop are popular in Indian and Thai cuisines, respectively.",rice
2022 SANDS,9,16,B,"[H] The Banaue Rice Terraces can be found in the Cordilleras, a mountain range on this country’s island of Luzon. The Moro Insurgency is an ongoing conflict on this country’s island of Mindanao.",The Philippines
2022 SANDS,9,16,C,[M] Many rice terraces can also be found on the island of Bali in this large country. A critically endangered species of orangutan is endemic to this country’s island of Sumatra.,Indonesia
2022 SANDS,9,17,L,"Rachel Elizabeth Dare kisses this character in The Last Olympian and tells him to “go kill some monsters for me."" For 10 points each:",
2022 SANDS,9,17,A,"[E] Name this son of Poseidon, who suffers from ADHD and dyslexia. This character “and the Olympians” titles a series by Rick Riordan that begins with The Lightning Thief.",Percy Jackson [accept either underlined portion]
2022 SANDS,9,17,B,"[M] This daughter of Athena is Percy’s girlfriend and calls him “seaweed brain."" This character was brought to Camp Half-Blood by Thalia Grace and Luke Castellan.",Annabeth Chase [prompt on Chase]
2022 SANDS,9,17,C,"[H] Percy considered this daughter of Atlas to be his “biggest what if."" This character, condemned to live on the island of Ogygia for eternity, can’t help but fall in love with heroes, including Leo Valdez and Odysseus.",Calypso
2022 SANDS,9,18,L,"In 1610, Simon Marius independently discovered the Galilean moons. For 10 points each:",
2022 SANDS,9,18,A,[E] Name this planet orbited by the Galilean moons. This largest planet in the Solar System features a Great Red Spot.,Jupiter
2022 SANDS,9,18,B,"[H] This assistant of Tycho Brahe suggested the names for the individual Galilean moons. His second law is a result of the conservation of angular momentum, and he determined that the orbits of the planets resemble ellipses.",Johannes Kepler
2022 SANDS,9,18,C,[M] Kepler and Galileo both name one of these devices that utilize refraction. Kepler improved Galileo’s design for these devices by utilizing a convex lens.,telescope
2022 SANDS,9,19,L,This day comes ten days after Rosh Hashanah and is the holiest day in Judaism. For 10 points each:,
2022 SANDS,9,19,A,"[M] Name this Jewish holiday, a “Day of Atonement,” during which fasting is practiced.",Yom Kippur
2022 SANDS,9,19,B,"[E] Yom Kippur ends with the blowing of one of these items called the shofar, which is made from the curled bone on a ram’s head.",horn
2022 SANDS,9,19,C,"[H] During Yom Kippur, the entirety of this book from the Hebrew Bible is read. This book’s namesake fails to prophesize the destruction of Nineveh when he flees to Tarshish.",Book of Jonah
2022 SANDS,9,20,L,This country’s Prime Minister Kevin Rudd apologized to the “stolen generations” of its indigenous people. For 10 points each:,
2022 SANDS,9,20,A,[E] Name this country that was discovered by Europeans after James Cook’s expedition landed at Botany Bay in present-day Sydney.,Australia
2022 SANDS,9,20,B,[M] This was the name given to the indigenous people of Australia.,Aborigines [or Aboriginal Australians]
2022 SANDS,9,20,C,"[H] The Aborigines often conflicted with these specific people, who were first brought to Australia by the First Fleet. After becoming one of these people, Alfred Dreyfus was sent to live on Devil's Island.",convicts [or prisoners or convicted criminal; prompt on criminal alone]
2022 SANDS,10,1,L,"After the Sword in the Stone is broken in a fight, one figure receives this sword from an enchantress. For 10 points each:",
2022 SANDS,10,1,A,[M] Name this magical sword wielded by a King of Camelot who is advised by Merlin.,Excalibur
2022 SANDS,10,1,B,"[E] Excalibur is wielded by this mythical British king, who is served by the Knights of the Round Table.",Arthur Pendragon
2022 SANDS,10,1,C,"[H] Arthur received Excalibur from this figure. After Arthur is mortally wounded, the sword is thrown back into the water where this figure resides, and this figure helps carry Arthur to Avalon.",Lady of the Lake [or Nimue]
2022 SANDS,10,2,L,This poem attempts to “justify the ways of God to man.” For 10 points each:,
2022 SANDS,10,2,A,[M] Name this epic poem by John Milton about “man's first disobedience.”,Paradise Lost
2022 SANDS,10,2,B,"[H] This character builds the city of Pandemonium in Paradise Lost. This character, served by Beelzebub, tricks Uriel into showing him the way to Paradise.",Satan [accept the Devil or Lucifer]
2022 SANDS,10,2,C,[E] These two characters are expelled from the Garden of Eden in Paradise Lost. These two characters are considered the first humans on Earth in Christianity.,Adam and Eve
2022 SANDS,10,3,L,Dmitri Mendeleev is credited with creating the first version of these things. For 10 points each:,
2022 SANDS,10,3,A,"[E] Name this display that sorts elements based on their atomic numbers, organized into groups and periods.",periodic table
2022 SANDS,10,3,B,"[H] Along with the actinides, this series of fifteen elements is usually displayed below the other elements in the periodic table. They feature elements 57–71, and all but one of them progressively fill the 4f shell.",lanthanides
2022 SANDS,10,3,C,"[M] Lanthanides and actinides are also part of this group of metals, which includes those with partially filled d-shells. Most of these metals have multiple oxidation states.",transition metals
2022 SANDS,10,4,L,Zephyrus blows the central figure of this painting towards the shore. For 10 points each:,
2022 SANDS,10,4,A,"[H] Name this painting depicting the creation of the title goddess, who rides a seashell.",The Birth of Venus [or Nascita di Venere]
2022 SANDS,10,4,B,[M] This Italian artist painted The Birth of Venus as well as various mythological figures frolicking in an orange grove in Primavera.,Sandro Botticelli [or Alessandro di Mariano di Vanni Filipepi]
2022 SANDS,10,4,C,"[E] Botticelli’s Mystical Nativity is set shortly after the birth of this religious figure, and features the Virgin Mary and Joseph.",Jesus Christ [accept either name]
2022 SANDS,10,5,L,The speaker of this poem implores the title figure to “get thee back into the tempest and the Night’s Plutonian shore!” For 10 points each:,
2022 SANDS,10,5,A,"[M] Name this poem, in which the title figure “perched upon a pallid bust of Pallas” and repeats the line “nevermore.”",“The Raven”
2022 SANDS,10,5,B,"[H] The speaker of “The Raven” laments this “rare and radiant maiden,” who may have been the author’s wife, Virginia.",Lenore
2022 SANDS,10,5,C,[E] “The Raven” is a poem by this American author who wrote the first modern detective story: “Murders in the Rue Morgue.”,Edgar Allan Poe
2022 SANDS,10,6,L,"In one song, this rapper declares “say that you a lesbian, girl, me too”. For 10 points each:",
2022 SANDS,10,6,A,"[M] Name this Canadian rapper who released Certified Lover Boy in 2021. His most recent album, Honestly, Nevermind, includes songs like “Sticky” and “Massive”.",Drake [accept Aubrey Graham]
2022 SANDS,10,6,B,"[E] The cover for Drake’s album Certified Lover Boy features twelve pregnant women as these pictograms. These small images, often used to express feelings over text, include the “tears of joy” and “thumbs up sign”.",emojis
2022 SANDS,10,6,C,"[H] This artist and Project Pat appear on Drake’s song “Knife Talk” in Certified Lover Boy. This rapper of “Bank Account” claims that if he was “Will Smith [he] would’ve slapped him with a stick” on “Jimmy Cooks”, a single from Honestly, Nevermind.",21 Savage [accept Shéyaa Bin Abraham-Joseph]
2022 SANDS,10,7,L,"This committee is led by Mississippi’s Bennie Thompson and began its first in a series of new public televised hearings on June 9, 2022. For 10 points each:",
2022 SANDS,10,7,A,"[M] Name this select House committee formed to investigate the storming of the U.S. Capitol Building, which occurred two weeks before Joe Biden’s inauguration in 2021.",January 6th Committee [or United States House Select Committee on the January 6 Attack]
2022 SANDS,10,7,B,[H] Adam Kizinger and this woman are the only two Republicans on the committee. This representative from Wyoming was removed as head of the House Republican Conference for supporting Donald Trump’s impeachment.,Elizabeth “Liz” Cheney
2022 SANDS,10,7,C,"[E] The hearings revealed that, during the Capitol Riots, Trump's chief of staff wanted to “kill the narrative” that this man was in charge. This man was Trump’s Vice President.",Mike Pence
2022 SANDS,10,8,L,The murders of the “canonical five” victims are believed to be linked and the work of this man. For 10 points each:,
2022 SANDS,10,8,A,"[M] Name this unknown serial killer, who committed murders in the White Chapel district of London during the late 1800s.",Jack the Ripper
2022 SANDS,10,8,B,[E] One of the theories regarding Jack the Ripper’s identity claims he was a physician serving this queen. This queen had the longest reign of any British monarch until Elizabeth II recently surpassed her.,Queen Victoria
2022 SANDS,10,8,C,[H] Theories about Jack being a physician are supported by the fact that he removed some of these general items from his victims. Jack attached one of these general items to his “From Hell” letter.,organ [accept kidney or uterus; prompt on body parts]
2022 SANDS,10,9,L,Deposits from the GCF onto these structures cause the buildup of hardened plaque called tartar. For 10 points each:,
2022 SANDS,10,9,A,"[M] Name these anatomical structures, which have canine,molar and incisor types.",teeth
2022 SANDS,10,9,B,[H] This mineralized substance on the teeth is composed primarily of hydroxyapatite and can be degraded by dental caries.,enamel
2022 SANDS,10,9,C,"[E] Dental cavities can be prevented by using toothpaste enriched with an anion of this most electronegative element, with symbol F.",fluorine [accept fluoride]
2022 SANDS,10,10,L,This geographical region is known as the “fertile crescent.” For 10 points each:,
2022 SANDS,10,10,A,"[M] Name this region in the Middle East between the Tigris and the Eurphrates, where some of the first civilizations, like Akkad, originated.",Mesopotamia
2022 SANDS,10,10,B,"[E] The Tigris and Euphrates are two of these geographical features, whose confluence flows into the Persian Gulf.",rivers [accept Tigris River or Euphrates River]
2022 SANDS,10,10,C,"[H] This Mesopotamiam civilization is the earliest known human civilization. This civilization, whose city-states included Ur, developed the cuneiform writing system.",Sumerian Civilization
2022 SANDS,10,11,L,One person with this last name participated in the Rainbow Tour and was nicknamed Evita. For 10 points each:,
2022 SANDS,10,11,A,"[H] Give this last name of Isabel and Juan, two leaders of a South American country.",Perón [accept Eva Perón or Isabel Perón or Juan Perón]
2022 SANDS,10,11,B,[M] Juan Perón was the president of this South American country. This country fought against the British over control of a nearby archipelago in the Falklands War.,Argentina
2022 SANDS,10,11,C,"[E] In 1973, Left-wing supporters of Perón awaiting his return from exile were massacred while his plane landed at the Ezeiza International one of these locations.",airports
2022 SANDS,10,12,L,This man’s namesake diagrams can help visualize subatomic interactions. For 10 points each:,
2022 SANDS,10,12,A,"[M] Name this Caltech professor, who worked on quantum electrodynamics.",Richard Feynman
2022 SANDS,10,12,B,"[E] In Feynman diagrams, antiparticles are displayed as moving backwards with respect to this quantity. This quantity is measured in seconds.",time
2022 SANDS,10,12,C,"[H] Feynman proposed a parton model of these particles, which are composed of two or more quarks. These particles include mesons and baryons.",hadrons
2022 SANDS,10,13,L,"At the end of one novel, a member of this family breastfeeds an old starving man. For 10 points each:",
2022 SANDS,10,13,A,"[H] Name this fictional family that includes Rose of Sharon. One member of this family, Tom, is friends with the former preacher Jim Casy.",Joad family
2022 SANDS,10,13,B,[M] The Joad family appears in this author’s novel The Grapes of Wrath. This author also wrote about the migrant workers George and Lennie in Of Mice and Men.,John Steinbeck
2022 SANDS,10,13,C,"[E] The Joad family travels from Oklahoma to this state in The Grapes of Wrath. Salinas Valley is the setting of many works by Steinbeck in this state, which was the site of an 1849 gold rush and has its capital at Sacramento.",California
2022 SANDS,10,14,L,This creature had the strongest bite force of any terrestrial animal ever. For 10 points each:,
2022 SANDS,10,14,A,"[M] Name this carnivorous dinosaur from the Cretaceous period, whose name translates to “King of the Tyrant Lizards.”",Tyrannosaurus rex [or T. Rex]
2022 SANDS,10,14,B,"[H] One of the most complete T. Rex skeletons, named Sue for its discoverer, resides in this natural history museum in Chicago.",Field Museum of Natural History.
2022 SANDS,10,14,C,"[E] Despite their depiction in films, the skin of the T. Rex and most dinosaurs were covered in these features, which cover the skin of their modern descendents, birds.",feathers
2022 SANDS,10,15,L,One religion requires its members to follow this kind of diet to comply with its principle of non-violence called ahimsa. For 10 points each:,
2022 SANDS,10,15,A,[E] Name this kind of diet that excludes meat.,vegetarian [or vegan or lacto-vegetarian]
2022 SANDS,10,15,B,"[H] The aforementioned religion is this one originating from India, which venerates tirthankaras. This religion’s two major schools are Digambara and Svetambara.",Jainism
2022 SANDS,10,15,C,"[M] Since Digambara translates to “sky-clad,” some Digambara Jains do not own or use these items. Their practice of not using these items violates India’s public indecency laws in most places.",clothes [or clothing]
2022 SANDS,10,16,L,"After this character receives $1,000 of “Mom Bucks,"" he decides to buy some heavy-metal magazines. For 10 points each:",
2022 SANDS,10,16,A,[M] Name this character who “rules” in one novel. This character is the drummer and founder of the band Löded Diper.,Rodrick Heffley [prompt on Heffley]
2022 SANDS,10,16,B,[E] Rodrick appears in this book series by Jeff Kinney. Greg Heffley is the protagonist of this book series that includes Dog Days and Cabin Fever.,Diary of a Wimpy Kid
2022 SANDS,10,16,C,"[H] In Diary of a Wimpy Kid, this character is the main love interest of Greg. This character asks if Greg is named “Fregley” and is considered the most popular girl in her grade.",Holly Hills [prompt on Hills]
2022 SANDS,10,17,L,This composer critiqued music under the pseudonyms Florestan and Eusebius and was editor-in-chief for the New Journal For Music for ten years. For 10 points each:,
2022 SANDS,10,17,A,"[H] Name this composer, who included those pseudonyms as characters in his piece Carnaval. Symphonies by this composer include the “Spring” and “Rhenish” ones.",Robert Schumann
2022 SANDS,10,17,B,"[E] In 1840, Schumann married Clara Wieck, a composer and player of this instrument, which contains 88 black and white keys.",pianoforte
2022 SANDS,10,17,C,"[M] The Schumanns engaged in the “War of the Romantics”, during which they sided with this other German composer, who composed A German Requiem and a famous lullaby.",Johannes Brahms
2022 SANDS,10,18,L,This woman took the name Rebecca after converting to Christianity and later married John Rolfe. For 10 points each:,
2022 SANDS,10,18,A,"[M] In a heavily embellished account, John Smith credited what daughter of Chief Powhatan with saving him from an execution?",Pocahontas [accept Matoaka]
2022 SANDS,10,18,B,"[E] John Rolfe and John Smith were both men from this Virginia colony, the first permanent English settlement in the Americas.",Jamestown
2022 SANDS,10,18,C,[H] John Rolfe introduced this cash crop to Jamestown. King James I wrote “A Counterblaste to [this crop]” to express how much he despised it.,tobacco
2022 SANDS,10,19,L,"In 1978, Arno Penzias and Robert Wilson were awarded the Nobel Prize in Physics for discovering this “relic radiation.” For 10 points each:",
2022 SANDS,10,19,A,[H] Name this remnant radiation dating back to the early ages of the universe. It has a temperature of around 2.7 Kelvin.,Cosmic Microwave Background Radiation [accept CMBR]
2022 SANDS,10,19,B,"[E] The CMBR provides evidence for this event that occurred 13.8 billion years ago, which is thought to mark the beginning of the universe. This event’s namesake theory is the prevailing model in explaining the origin and development of the early universe.",Big Bang
2022 SANDS,10,19,C,"[M] After the Big Bang, the universe is thought to have begun undergoing this process, which causes galaxies to become more distant from one another. Dark energy may cause the acceleration of this process.",cosmic expansion [do not accept inflation]
2022 SANDS,10,20,L,"Many buildings in the Arab-Norman style can be found in this island’s largest city, Palermo. For 10 points each:",
2022 SANDS,10,20,A,"[H] Name this island, which is separated from the region of Calabria by the Strait of Messina. This is the largest island in the Mediterranean Sea.",Sicily
2022 SANDS,10,20,B,"[E] Both Sicily and Calabria are part of this peninsular European country. This country’s capital, Rome, completely surrounds Vatican City",Italy
2022 SANDS,10,20,C,"[M] Sicily is also home to one of the most active of these geographical features, Etna. One of these geographical features called St. Helens caused major damage in northwestern Washington.",volcanoes [prompt on mountains]
2022 SANDS,11,1,L,"In one of this man’s dialogues, he claimed that the classical elements were composed of his namesake solids. For 10 points each:",
2022 SANDS,11,1,A,"[H] Name this Greek philosopher who names a group of five convex, regular polyhedra including the tetrahedron and the cube.",Plato
2022 SANDS,11,1,B,"[E] An Octahedron, one of the Platonic solids, has this many faces. An octagon has this many sides.",eight
2022 SANDS,11,1,C,[M] The faces of regular polyhedra have this property. The sides of regular polygons also have this property.,congruence [accept similar or identical]
2022 SANDS,11,2,L,Answer the following questions about U.S. government relations with Native Americans in the late 19th century. For 10 points each:,
2022 SANDS,11,2,A,"[E] The Dawes Severalty Act broke the system of these locations, which are held and governed by federally recognized Native American tribes.",reservations
2022 SANDS,11,2,B,"[M] At this 1876 battle, George Custer’s 7th Cavalry Regiment was annihilated by the forces of Sitting Bull and Crazy Horse.",Battle of Little Bighorn
2022 SANDS,11,2,C,"[H] Fearing the rise of the Ghost Dance movement, the U.S. army massacred nearly one hundred Lakota Indians in 1890 at this site in South Dakota.",Wounded Knee [or Wounded Knee Massacre]
2022 SANDS,11,3,L,The French name for this process translates to “to speak the truth.” For 10 points each:,
2022 SANDS,11,3,A,"[H] Name this process, whose subjects may be dismissed for cause or by peremptory challenges if they are believed to be impartial.",jury selection [or voir dire]
2022 SANDS,11,3,B,"[M] In most criminal cases, trial juries must reach a verdict in this manner. Trial juries are called “hung” if they cannot reach a verdict in this manner.",unanimous [accept everyone agrees]
2022 SANDS,11,3,C,"[E] The voir dire process is also used to select the “expert” type of these people, who provide testimony in trials. The “eye” type of these people provide testimony of firsthand accounts.",witnesses
2022 SANDS,11,4,L,One of these places in Philadelphia is named for Reading Terminal. For 10 points each:,
2022 SANDS,11,4,A,"[E] Name these retail facilities such as Seattle’s Pike Place one, which sell products such as fresh produce and meats. As opposed to traditional grocery stores, goods at these facilities are sold by their producers.",public markets [accept farmer’s markets]
2022 SANDS,11,4,B,[H] The West Side Market is located in this city’s “Ohio City” neighborhood. This city’s Flats neighborhood is located on the Cuyahoga River.,Cleveland
2022 SANDS,11,4,C,"[M] The Ferry Building Marketplace can be found along this city’s Embarcadero. Near the Ferry Building, passengers can take boat rides to Oakland across this city’s namesake bay.",San Francisco
2022 SANDS,11,5,L,Dr. Pangloss claims that “all is for the best in the best of all possible worlds” in this novel. For 10 points each:,
2022 SANDS,11,5,A,"[H] Name this satirical novel, in which the title character travels to El Dorado with his valet Cacambo.",Candide
2022 SANDS,11,5,B,"[M] Candide is by this French author. This Enlightenment thinker, who was imprisoned in the Bastille, is known for his advocacy of freedom of religion and use of satire.",Voltaire
2022 SANDS,11,5,C,"[E] Candide tells Cacambo that this attitude “is the obstinacy of maintaining that everything is best when it is worst.” This viewpoint, often contrasted with pessimism, is a subtitle of Candide.",optimism
2022 SANDS,11,6,L,Photo 51 was instrumental in discovering this structure of a certain molecule. For 10 points each:,
2022 SANDS,11,6,A,"[M] Name this shape, which was theorized by James Watson and Francis Crick for a macromolecule that contains nucleotides like adenine and guanine.",double helix structure of DNA [accept equivalents; prompt on helix]
2022 SANDS,11,6,B,"[H] Watson and Crick utilized Photo 51, which was taken by this female scientist to support the idea of the double helix model.",Rosalind Franklin
2022 SANDS,11,6,C,[E] Franklin used diffraction of this portion of the electromagnetic spectrum to image the double helix of DNA. This portion of the spectrum is used to image bones by radiologists.,X-rays
2022 SANDS,11,7,L,"This empire, whose traditions were recorded in the Florentine Codex, was conquered by Hernan Cortes. For 10 points each:",
2022 SANDS,11,7,A,[E] Name this Mesoamerican empire that was based in central Mexico. This empire’s last king was Montezuma II.,Aztec Empire
2022 SANDS,11,7,B,"[H] This was the capital of the Aztec Empire. This ancient city, where an eagle legendarily landed on a cactus, is the present-day site of Mexico City.",Tenochtitlan
2022 SANDS,11,7,C,[M] Prisoners from “Flower Wars” were often used in this practice to appease the Aztec gods. This practice involved priests using a knife to remove the heart of victims.,human sacrifice [prompt on sacrifice or ritual sacrifice]
2022 SANDS,11,8,L,"One character in this play prohibits his son, Cory, from accepting a football scholarship. For 10 points each:",
2022 SANDS,11,8,A,[H] Name this play by August Wilson about the black garbage truck driver Troy Maxson. Denzel Washington plays Troy in a film adaptation of this play.,Fences
2022 SANDS,11,8,B,"[E] Fences is part of the “Pittsburgh Cycle,” which includes a play titled for “[this instrument’s] Lesson.” This keyboard instrument often has black and white keys.",piano [accept The Piano Lesson]
2022 SANDS,11,8,C,"[M] In Fences, Troy Maxson is a former player of this sport. This sport is the subject of The Natural and “Casey at the Bat.”",baseball
2022 SANDS,11,9,L,One experiment at this university that tested delayed gratification was known as its namesake “marshmallow experiment”. For 10 points each:,
2022 SANDS,11,9,A,"[H] Name this private university home to psychologists Albert Bandura and Philip Zimbardo, the latter of whom conducted an experiment that ended early due to abuse among the subjects.",Stanford University
2022 SANDS,11,9,B,[E] Zimbardo is best known for an experiment simulating one of these institutions in a basement at Stanford. Subjects of that experiment were either assigned as guards or incarcerated criminals.,prisons
2022 SANDS,11,9,C,[M] Bandura ran an experiment where children beat up the “Bobo” type of these objects. The Clark couple devised that children preferred to play with a white-colored type of these humanoid toys rather than a black-colored one.,dolls
2022 SANDS,11,10,L,This ensemble is one of the most common in chamber music. For 10 points each:,
2022 SANDS,11,10,A,"[E] Name this ensemble consisting of four musicians: two violins, a viola, and a cello.",string quartet
2022 SANDS,11,10,B,"[M] This composer, who wrote 106 symphonies, is considered “the father of the string quartet”. This composer’s “London” symphonies include the “Farewell” and “Surprise” symphonies.",Franz Joseph Haydn
2022 SANDS,11,10,C,"[H] This royally-named string quartet by Haydn, the third in his Opus 76, was adapted into the German national anthem.","“Emperor” Quartet, Opus 76 No. 3"
2022 SANDS,11,11,L,This character asks “do I dare to eat a peach?” in one poem. For 10 points each:,
2022 SANDS,11,11,A,"[H] Name this subject of a “love song” in which “women come and go, talking of Michelangelo.”",J. Alfred Prufrock
2022 SANDS,11,11,B,"[M] “The Love Song of J. Alfred Prufrock” is by this poet, who also wrote “The Wasteland.”",Thomas Stearns Eliot
2022 SANDS,11,11,C,[E] Prufrock claims to hear these figures singing “each to each” but laments that they will not sing to him. These mythological figures have the torso of a woman and the tail of a fish.,mermaids
2022 SANDS,11,12,L,"This soccer player claimed to have “peace of mind” after winning the 2021 Copa America against his former teammate, Neymar. For 10 points each:",
2022 SANDS,11,12,A,"[M] Name this soccer player, who left F.C. Barcelona and joined PSG in 2021. This forward recently won his seventh Ballon d’Or.",Lionel Messi
2022 SANDS,11,12,B,"[E] Messi won the 2021 Copa America with this country’s national team, which is known as the Albiceleste. Teams including Boca Juniors and River Plate have stadiums in this country’s capital of Buenos Aires.",Argentina
2022 SANDS,11,12,C,"[H] Messi is often compared to this soccer legend, who led Argentina to win the World Cup in 1986. This soccer player, who scored the infamous “Hand of God” goal, died of heart failure in 2020.",Diego Maradona
2022 SANDS,11,13,L,A powerful family that ruled this city included men like Lorezno the Magnificent. For 10 points each:,
2022 SANDS,11,13,A,[M] Name this Italian city once ruled by the Medici family. This city is the most populous one in Tuscany.,Florence [or Firenze]
2022 SANDS,11,13,B,"[E] In 1378, Florence was the site of the Ciompi Revolt, initiated by disgruntled producers of this textile good, which comes from sheep.",wool
2022 SANDS,11,13,C,"[H] While de facto ruler of Florence, Girolama Savonarola ordered one of these specific events to purge the city of sinful items like books, paintings, and musical instruments.",Bonfire of the Vanities [prompt on Bonfire]
2022 SANDS,11,14,L,A Medal of Freedom was given to New York nurse Sandra Lindsay for being the first American to get one of these things. For 10 points each:,
2022 SANDS,11,14,A,"[M] Name these things that can be given to anyone over the age of 6 months, according to the CDC. Companies like BioNTech make it possible to get these things at local clinics and pharmacies.",COVID-19 Vaccines [prompt on vaccine with “for what disease?”]
2022 SANDS,11,14,B,"[E] In addition to getting the COVID vaccine, the CDC advises to wear these objects indoors in public or if at high risk for COVID. These objects, which include the N95, cover the mouth and reduce the chance of spreading COVID.",masks
2022 SANDS,11,14,C,"[H] At the end of 2021, this new variant of COVID was first detected in Botswana, and its BA.5 variant has spread to become the most dominant strain in the U.S. This variant of COVID spreads more easily than all other variants, including Delta.",Omicron
2022 SANDS,11,15,L,Explanations for the color of the sky in this painting include a volcanic eruption and nacreous clouds. For 10 points each:,
2022 SANDS,11,15,A,[M] What painting by Edvard Munch features a ghastly figure under a red-orange sky with its hands on its face?,The Scream
2022 SANDS,11,15,B,"[H] Two versions of The Scream were created in this medium, in which artists use sticks consisting of pigment and binder.",pastel
2022 SANDS,11,15,C,[E] Multiple versions of The Scream have been victims of this crime. An Italian museum worker committed this crime in 1931 by attempting to take the Mona Lisa back to Italy.,theft [accept stealing or stolen]
2022 SANDS,11,16,L,This figure accidently pulled the Hawaiian islands from the ocean floor while fishing with his magic fish hook. For 10 points each:,
2022 SANDS,11,16,A,[H] Name this Polynesian trickster demigod.,Maui
2022 SANDS,11,16,B,[E] Maui produced the first tree of this fruit by killing and burying an eel. A type of crab named for this fruit climbs palm trees to reach this fruit and drops it from a height to crack its hard exterior.,coconut
2022 SANDS,11,16,C,"[M] In another story, because his mother never had enough time to finish making kapa clothes, Maui lassoed this object and bargained with it to not sink into the underworld as quickly each day.",sun
2022 SANDS,11,17,L,The Miller-Urey experiment was able to produce these molecules. For 10 points each:,
2022 SANDS,11,17,A,"[M] Name these molecules, which can combine through peptide bonds to form proteins. An ""essential"" variety of these molecules are required by the human body, such as tryptophan.",amino acids
2022 SANDS,11,17,B,[E] The Miller-Urey experiment used electrical sparks to simulate this phenomenon occurring on prehistoric Earth. This natural phenomenon is often accompanied by thunder.,lightning
2022 SANDS,11,17,C,"[H] The Miller-Urey experiment hoped to investigate this process. Spontaneous generation was an early candidate for this process, which could have occurred in a “primordial soup.""",abiogenesis [accept related answers such as the origin of life]
2022 SANDS,11,18,L,This disease is the subject of Peter Van Houten’s The Imperial Af liction. For 10 points each:,
2022 SANDS,11,18,A,"[E] Name this disease, which Augustus Waters and Hazel Grace Lancaster suffer from in one novel. This disease is often treated with radiation and chemotherapy.",cancer
2022 SANDS,11,18,B,[M] The cancer patients Augustus Waters and Hazel Grace Lancaster appear in this novel by John Green.,The Fault in Our Stars
2022 SANDS,11,18,C,"[H] In The Fault in Our Stars, Hazel and Augustus go to a house named for this author in Amsterdam. This author claimed that “in spite of everything” she believes “people are really good at heart” in a work written while hiding in the “secret annex.""",Anne Frank [accept either underlined portion; accept Anne Frank House]
2022 SANDS,11,19,L,The Tigris River apocryphally ran black with ink when this city’s House of Wisdom was sacked in 1258. For 10 points each:,
2022 SANDS,11,19,A,"[E] Name this medieval center of Islamic learning, the modern-day capital of Iraq",Baghdad
2022 SANDS,11,19,B,"[H] Baghdad was once the capital of this Islamic caliphate, which came to power following Abu Muslim’s revolution against the Umayyad Caliphate.",Abbasid Caliphate
2022 SANDS,11,19,C,[M] Mills for producing this substance emerged in Baghdad after the methods were divulged by Chinese prisoners. This substance was among China’s Four Great Inventions.,paper
2022 SANDS,11,20,L,This state is the most common form of ordinary matter in the universe. For 10 points each:,
2022 SANDS,11,20,A,"[E] Name this “fourth” state of matter, which consists of ionized gas and charged particles.",plasma
2022 SANDS,11,20,B,[M] Mass ejections from this part of the Sun’s atmosphere release a significant amount of plasma. This is the outermost layer of the Sun’s atmosphere,solar corona
2022 SANDS,11,20,C,"[H] These particles, along with quarks, form their namesake plasma, which filled much of the early universe. They are the gauge bosons for the strong force, which bind quarks together.",gluons
2022 SANDS,12,1,L,The Meissner effect involves the expulsion of a magnetic field from a material with this property. For 10 points each:,
2022 SANDS,12,1,A,[H] Name this property described with Cooper pairs in BCS theory. Materials with this property are separated in type I and type II varieties.,superconductivity [accept superconductor]
2022 SANDS,12,1,B,"[E] Superconductors have a value of zero for this quantity, which is measured in Ohms. This quantity measures a circuit’s opposition to the flow of electrical current.",resistance
2022 SANDS,12,1,C,[M] Ohm's law states that this quantity equals resistance times current. This quantity can be measured in Joules per Coulomb and is defined as the difference in electric potential between two locations.,voltage
2022 SANDS,12,2,L,"To become members of this force, candidates must pass BUD/S training at this force’s West Coast base in Coronado, California. For 10 points each:",
2022 SANDS,12,2,A,"[E] Name this primary special operations force of the U.S. Navy. This force’s name indicates their ability to fight on the seas, land, and in the air.",Navy SEALs
2022 SANDS,12,2,B,"[M] In 2011, SEAL Team Six carried out Operation Neptune Spear to take out this al-Qaeda terrorist, who was hiding in Abbottabad, Pakistan.",Osama Bin Laden
2022 SANDS,12,2,C,[H] This Navy SEAL became the deadliest sniper in U.S. military history during his service in the Iraq War. This man was the subject of the autobiography American Sniper.,Chris Kyle
2022 SANDS,12,3,L,These substances display the Tyndall effect when light is scattered within them. For 10 points each:,
2022 SANDS,12,3,A,"[M] Name these cloudy substances, in which insoluble particles are suspended in another substance.",Colloids
2022 SANDS,12,3,B,"[H] Because colloids often appear as cloudy mixtures, they often have high values for this quantity . This quantity describes the relative clarity of a liquid",Turbidity
2022 SANDS,12,3,C,"[E] Another type of mixture, solutions, involve a solute being dissolved in this other type of substance. Water is considered the “universal” type of this substance because of its ability to dissolve solutes.",solvents
2022 SANDS,12,4,L,Oberon and Titania are considered the king and queen of these beings in one play. For 10 points each:,
2022 SANDS,12,4,A,"[E] Name these mythical beings. J.M Barrie created one of these beings, named Tinker Bell, in Peter Pan.",fairy [or fairies]
2022 SANDS,12,4,B,[M] The fairies Oberon and Titania appear in this play by William Shakespeare. This play ends with the double wedding of Hermia and Lysander and Helena and Demetrius.,A Midsummer Night’s Dream
2022 SANDS,12,4,C,[H] This mischievous fairy from A Midsummer Night’s Dream serves as Oberon’s jester. This character transforms Nick Bottom’s head into that of a donkey.,Puck
2022 SANDS,12,5,L,A revolt of members of this religious group ended with a mass suicide in the Masada fort. For 10 points each:,
2022 SANDS,12,5,A,[E] Name this oft-persecuted religious group that led multiple revolts against Roman rule. This religious group preceded Christianity and Islam as the first Abrahamic religion.,Jews [accept Judaism]
2022 SANDS,12,5,B,"[M] During the reign of this emperor, the siege of the Masada ended the First Jewish Revolt. This emperor is said to have fiddled during the Great Fire of Rome.",Nero
2022 SANDS,12,5,C,"[H] Simon Bar Kokhba led another major Jewish revolt during the reign of this Roman emperor, who named a defensive wall south of the Antonine Wall that separates Scotland and England.",Hadrian [accept Hadrian’s Wall]
2022 SANDS,12,6,L,Former Japanese Navy member Tetsuya Yamagami confessed to murdering this man. For 10 points each:,
2022 SANDS,12,6,A,"[H] Name this former Japanese Prime Minister, who was assassinated on July 8, 2022, while campaigning for a fellow LDP party member in Nara.",Shinzo Abe
2022 SANDS,12,6,B,"[E] The assassin claimed his actions were motivated by Abe’s connection to the South Korea-based “Unification” one of these religious institutions, whose beliefs differ from the more mainstream Roman Catholic one of these institutions.",church
2022 SANDS,12,6,C,"[M] Due to Japan’s strict gun control laws, the gun used to kill Abe had this quality, evidenced by the fact that it was composed of two pipes strapped together with electrical tape.",homemade [or makeshift or DIY or improvised]
2022 SANDS,12,7,L,Answer the following about the number one-half. For 10 points each:,
2022 SANDS,12,7,A,[H] This mathematician’s namesake “zeta function” has nontrivial roots with a real part of one-half.,Georg Friedrich Bernhard Riemann
2022 SANDS,12,7,B,[E] Raising a number to an exponent of one-half is the equivalent of using this other function. This function undoes multiplying a number by itself.,square root [prompt on just root]
2022 SANDS,12,7,C,"[M] Heron’s formula uses the semiperimeter, or one-half of a polygon’s perimeter, to calculate the area of this shape.",triangle
2022 SANDS,12,8,L,"After losing the 1800 election, John Adams attempted to appoint dozens of pro-Federalist examples of these people to newly created positions. For 10 points each:",
2022 SANDS,12,8,A,"[E] Commissions were not delivered in time to the so-called “midnight” type of what people, who preside over a court?",judge [accept justice of the peace]
2022 SANDS,12,8,B,[M] The issue of the “midnight judges” led to this 1803 Supreme Court Case that struck down the Judiciary Act of 1789 and established the principle of judicial review.,Marbury v. Madison
2022 SANDS,12,8,C,"[H] The majority opinion in Marbury v. Madison was written by this man, the longest-serving Chief Justice of the Supreme Court.",John Marshall
2022 SANDS,12,9,L,"This author recited her poem, “On the Pulse of Morning,” at the inauguration of Bill Clinton. For 10 points each:",
2022 SANDS,12,9,A,"[H] Name this author who describes her life in the town of Stamps, Arkansas in I Know Why the Caged Bird Sings.",Maya Angelou
2022 SANDS,12,9,B,[E] I Know Why the Caged Bird Sings is one of these works. Authors typically describe the story of their life in this type of work.,autobiography [accept memoir]
2022 SANDS,12,9,C,"[M] Despite its title, an autobiography of this man, which details how he changed his last name, was written by Alex Haley. This civil rights activist was assassinated after breaking away from the Nation of Islam.",Malcolm X [or Malcolm Little; or El-Hajj Malik El-Shabazz]
2022 SANDS,12,10,L,"The Umrah is a “lesser” form of this practice, which can be undertaken at any point in the year. For 10 points each:",
2022 SANDS,12,10,A,"[M] Name this annual pilgrimage to Mecca, which all Muslims must complete at least once in their lifetime.",hajj
2022 SANDS,12,10,B,"[E] A common ritual during the hajj is the “Stoning of [this figure].” This evil figure, called Shaitan or Iblis by Muslims, tempted Ibrahim to disobey Allah.",Devil [or Satan; accept Shaitan or Iblis before mentioned or The Stoning of the Devil]
2022 SANDS,12,10,C,"[H] Another hajj ritual, running between the hills of Safa and Marwa, symbolizes Hajar’s search for this substance. The angel Jibreel provided this substance to Hajar by striking the ground with his heel.",water
2022 SANDS,12,11,L,This conflict started when Franciso Solano Lopez invaded the Mato Grosso region of a neighboring country. For 10 points each:,
2022 SANDS,12,11,A,[H] What 19th century conflict saw a coalition of South American countries defeat Paraguay?,War of the Triple Alliance [accept Paraguayan War until mentioned]
2022 SANDS,12,11,B,"[M] With the fighting-age population depleted, Lopez sent these people into battle with fake beards. The use of these people as soldiers is most prevalent in Africa militias.",children [or kids; accept youths before “young”]
2022 SANDS,12,11,C,"[E] For arbitrating in their favor in the war’s aftermath, Paraguay named the Hayes Department after a holder of this position, Rutherford B. Hayes.",U.S. President [or American President; prompt on President with “of what country?”]
2022 SANDS,12,12,L,"While the wave-particle duality of light is now accepted, this experiment’s namesake believed the wave theory of light to be true. For 10 points each:",
2022 SANDS,12,12,A,[H] Name this experiment where light was shone through its namesake openings. It helped disprove the corpuscular theory of light.,Young’s double-slit experiment
2022 SANDS,12,12,B,[M] A pattern due to this phenomenon appears in Young’s double-slit experiment. It has constructive and destructive types.,interference
2022 SANDS,12,12,C,"[E] While Young’s double-slit experiment was typically reproduced using beams of light, Claus Jönsson used a beam of these negatively charged particles which orbit the atomic nucleus.",electrons
2022 SANDS,12,13,L,A man freezes to death after failing to complete the title action of this author’s “To Build a Fire.” For 10 points each:,
2022 SANDS,12,13,A,"[M] Name this author, who wrote about Buck in The Call of the Wild.",Jack London
2022 SANDS,12,13,B,[E] Buck is one of these canine animals that pulls a sled for John Thorton in The Call of Wild.,dogs
2022 SANDS,12,13,C,[H] The dog Lip-Lip torments the protagonist of another novel by London about a wolfdog. That novel is titled for a “fang” of this color.,white [accept White Fang]
2022 SANDS,12,14,L,The first of the “retro” type of these buildings that were built as part of a 1990s architectural movement is located in Camden Yards. For 10 points each:,
2022 SANDS,12,14,A,[H] Name these buildings. One of these buildings in Boston is home to a wall called the “Green Monster”.,baseball stadiums [or baseball parks; prompt on just “stadiums” with “of what sport?”]
2022 SANDS,12,14,B,[M] The Orioles retro baseball stadium in Camden Yards is located near this city’s Inner Harbor. This city on Chesapeake Bay is located just northeast of Washington D.C.,Baltimore
2022 SANDS,12,14,C,"[E] Baltimore is the largest city in this state, whose capital is Annapolis. This state is the “M” in the DMV region.",Maryland
2022 SANDS,12,15,L,A man appears slumped over in a bathtub in one painting created during this event. For 10 points each:,
2022 SANDS,12,15,A,"[H] Name this general historical event, which inspired paintings such as The Death of Marat and Liberty Leading the People.",French Revolution
2022 SANDS,12,15,B,"[M] Liberty Leading the People was painted by this artist, whose other historically-inspired paintings include The Death of Sardanapalus and The Massacre at Chios.",Eugène Delacroix
2022 SANDS,12,15,C,"[E] The central figure in Liberty Leading the People holds one of these objects, the tricolour. One of these objects nicknamed the “Stars and Stripes” waves in the wind in Washington Crossing the Delaware.",flags [accept more specific answers]
2022 SANDS,12,16,L,"Two of these beings, Brokkr and Eitri, competed against another group of them, the Sons of Ivaldi, to see who could forge the best items. For 10 points each:",
2022 SANDS,12,16,A,[M] Name these diminutive master craftsmen from Norse mythology.,Dwarves
2022 SANDS,12,16,B,"[E] Brokkr and Eitri made Draupnir, one of these items that could self-replicate. These round metal bands are worn as jewelry on fingers.",rings
2022 SANDS,12,16,C,"[H] For Odin, the Sons of Ivaldi crafted one of these weapons called Gungnir that never misses its target.",spear
2022 SANDS,12,17,L,Answer the following questions related to the Seven Years’ War. For 10 points each:,
2022 SANDS,12,17,A,"[E] The Diplomatic Revolution, a reversal of traditional alliances prior to the war, allied this country with France. This country was ruled by the Hapsburgs from Vienna.",Austria
2022 SANDS,12,17,B,[H] The so-called “Miracle of the House of Brandenberg” saved this ruler’s country from defeat during the war. This Prussian ruler was an enlightened despot and known for his military successes.,Frederick the Great [or Frederick II; prompt Frederick]
2022 SANDS,12,17,C,"[M] The American theater of the Seven Years’ War is commonly known by this name, which references the two main enemies that the British colonists fought during the war.",French and Indian War
2022 SANDS,12,18,L,"This virus attaches to the ACE2 receptor on type II alveolar cells, causing a cytokine storm. For 10 points each:",
2022 SANDS,12,18,A,[M] Name this respiratory virus which can be detected through an RT-LAMP procedure obtained from a nasal swab. This virus is a strain of another one that caused an outbreak in 2002.,SARS-Cov-2 [accept equivalents like coronavirus 19; accept COVID-19 or COVID even though it’s the disease; prompt on coronavirus alone by asking “what specific strain of coronavirus?”]
2022 SANDS,12,18,B,"[H] This largest glycoprotein on the SARS-Cov-2 virus is responsible for the rise of the delta and omicron variants of COVID-19. Many mRNA COVID vaccines, like Pfizer, use a modified RNA that encodes this protein.",spike glycoprotein
2022 SANDS,12,18,C,[E] Type II alveolar cells are located in this respiratory organ which is responsible for gas exchange.,lungs
2022 SANDS,12,19,L,The official video for this song opens with the seemingly disembodied heads of its four singers asking “Is this the real life? Is this just fantasy?” For 10 points each:,
2022 SANDS,12,19,A,"[H] Name this nearly 6-minute song. 180 separate overdubs were used in this song’s operatic section, in which the word “Galileo” is repeated in alternating high and low octaves.",“Bohemian Rhapsody”
2022 SANDS,12,19,B,[M] “Bohemian Rhapsody” is a song by this British band led by Freddie Mercury. This band also wrote songs like “We Are the Champions” and “Another One Bites the Dust.”,Queen
2022 SANDS,12,19,C,[E] The ballad and operatic sections of “Bohemian Rhapsody” are bridged by a Brian May solo on the “electric” variety of this six-stringed instrument.,guitar
2022 SANDS,12,20,L,"In one opera by this composer, Prince Calaf must complete three riddles to marry the title figure. For 10 points each:",
2022 SANDS,12,20,A,[M] What Italian composer wrote the music for Turandot and Madama Butterfly?,Giacomo Puccini
2022 SANDS,12,20,B,"[E] Both Turandot and Madama Butterfly both take place on this continent. Turandot uses several traditional Chinese melodies, such as “Mò Li Hūa,” to emulate music from this continent.",Asia
2022 SANDS,12,20,C,[H] This aria from Turandot became popular following a performance during the 1990 World Cup by Luciano Pavarotti. The title of this aria means “None shall sleep.”,“Nessun Dorma”
2022 SCOP MS 11,1,1,L,"The prediction of W and Z bosons in the 1960s was a major breakthrough on the path to a “Theory of Everything.” Answer these questions about unified field theory, for ten points each.",
2022 SCOP MS 11,1,1,A,"W and Z particles mediate this fundamental force responsible for beta decay. The physicists Glashow, Weinberg, and Salam successfully unified this force with electromagnetism.",weak nuclear force
2022 SCOP MS 11,1,1,B,"Most attempts at a unified theory fail because of this force, which Newton used to explain the motion of planets around the Sun. In relativity, this force is a distortion in spacetime around an object.",gravity (accept gravitational force)
2022 SCOP MS 11,1,1,C,"The observed decay of these positively-charged particles would be good evidence for several unified theories, but experiments suggest it may take 1035 years [ten to the thirty-fifth years] to occur.",protons
2022 SCOP MS 11,1,2,L,"This leader had his uncle executed for treason in 2013 and likely ordered the assassination of his half-brother in early 2017. For ten points each,",
2022 SCOP MS 11,1,2,A,Name this leader who met with Donald Trump to discuss denuclearization at a 2018 summit in Singapore.,Kim Jong-un (prompt on “Kim”)
2022 SCOP MS 11,1,2,B,"Kim Jong-un is the Supreme Leader of the northern, communist half of this peninsula. The southern, democratic half of this peninsula is led by President Moon Jae-in.",Korean Peninsula (accept North and/or South Korea)
2022 SCOP MS 11,1,2,C,"After the Korean War, one of these areas was established along the thirty-eighth parallel, the border between North and South Korea. Despite its name, both sides of this area are heavily guarded by soldiers.",Demilitarized Zone (accept DMZ)
2022 SCOP MS 11,1,3,L,"In Sergei Prokofiev’s Peter and the Wolf, specific instruments and instrument sections represent each character in the story. Answer the following about the instrumentation of Peter and the Wolf, for ten points each.",
2022 SCOP MS 11,1,3,A,"Peter himself is represented by this section of the orchestra, which includes the violins, violas, and cellos.",strings (accept equivalents like string section)
2022 SCOP MS 11,1,3,B,The wolf is represented by these brass instruments. Players balance these coiled instruments by putting a hand in the bell.,French horns
2022 SCOP MS 11,1,3,C,"The Grandfather is represented by this instrument, which plays an unusually high-pitched solo at the beginning of Stravinsky’s The Rite of Spring.",bassoons
2022 SCOP MS 11,1,4,L,"A 2020 HBO series titled [this man] Country starred Michael K. Williams in his final TV role. For ten points each,",
2022 SCOP MS 11,1,4,A,"Name this racist horror and speculative fiction author who created horrifically unimaginable, impossibly ancient gods called the “Great Old Ones,” including Yog-Sothoth, in the magazine Weird Tales.",H.P. Lovecraft (accept Howard Phillips Lovecraft)
2022 SCOP MS 11,1,4,B,"Perhaps the most famous of H.P. Lovecraft’s “Great Old Ones” is this underwater creature, who is often depicted with enormous wings and a face full of tentacles.","Cthulhu ([kah-THOO-loo], but be lenient with pronunciation)"
2022 SCOP MS 11,1,4,C,Lovecraft Country’s producers included this longtime collaborator of Keegan-Michael Key. This man’s directorial debut was the 2017 horror smash hit Get Out.,Jordan Peele (accept Jordan Haworth Peele)
2022 SCOP MS 11,1,5,L,"This poem’s title figure sails between Scylla and Charybdis, and tricks the cyclops Polyphemus by pretending to be named “Nobody.” For ten points each,",
2022 SCOP MS 11,1,5,A,Name this epic poem attributed to Homer. A Greek hero has a ten-year journey home to Ithaca in this poem.,The Odyssey (accept Odysseia; do not accept or prompt on “Odysseus”)
2022 SCOP MS 11,1,5,B,"Seven of the ten years of Odysseus’s journey home are spent on the island of this nymph, the daughter of Helios.",Calypso
2022 SCOP MS 11,1,5,C,"Despite his long stay with Calypso, Odysseus eventually manages to return to this woman, his wife. Odysseus prevents this woman from having to marry one of her obnoxious suitors, who wish to replace Odysseus.",Penelope
2022 SCOP MS 11,1,6,L,"This political activist publicly derided a “Covenant with Death” made by the American people in his Boston-based newspaper. For ten points each,",
2022 SCOP MS 11,1,6,A,Name this Massachusetts publisher who declared “I will not retreat a single inch–AND I WILL BE HEARD” in the first issue of The Liberator.,William Lloyd Garrison
2022 SCOP MS 11,1,6,B,"William Lloyd Garrison used The Liberator to champion this political cause, and had a falling out with Frederick Douglass over how to achieve this goal.",abolitionism (accept word forms like abolitonists; accept emancipation and word forms like emancipating slaves; accept descriptions of abolishing slavery or freeing American slaves)
2022 SCOP MS 11,1,6,C,Garrison publicly burned a copy of this document in 1854. He called this document a “Covenant with Death” and an “Agreement with Hell” for failing to outlaw slavery in its Bill of Rights or any of its amendments.,United States Constitution
2022 SCOP MS 11,1,7,L,"Answer the following about prayer in Abrahamic religions, for ten points each.",
2022 SCOP MS 11,1,7,A,"Members of this faith are encouraged to engage in five daily personal prayers, which should be performed facing the qibla, the direction of the Kaaba, whenever possible.",Islam (accept equivalents like Muslims)
2022 SCOP MS 11,1,7,B,"In Catholicism, prayers are often performed with the help of this beaded object, which is separated into decades representing holy Mysteries.",Rosary (accept Rosaries; accept Holy Rosary; accept Dominican Rosary; prompt on “prayer beads”)
2022 SCOP MS 11,1,7,C,"This Abrahamic religion’s three Obligatory Prayers were revealed by Baha’u’llah, who founded this religion in the 1800s.",Baha’i faith (accept Baha’iism)
2022 SCOP MS 11,1,8,L,"Prior to this controversy-plagued event, fifty-five percent of polled citizens believed it was unsafe to host it due to COVID, which spiked to over one hundred thousand daily cases for the first time during and after this event. For ten points each,",
2022 SCOP MS 11,1,8,A,"Name this international sporting competition that, after a one-year delay, ran in wards like Shibuya and Shinjuku.","2020 Olympic games (accept 2020 Summer Olympics; accept Tokyo Olympics; accept Games of the 32nd Olympiad; accept “2021” instead of “2020” in any previous answer; prompt on answers like “Olympics” or “Summer Olympics” that do not mention “2020,” “2021,” “Tokyo,” or “32”)"
2022 SCOP MS 11,1,8,B,"Despite confirmations of widespread, state-sponsored athletic doping, the athletes from a particular country were controversially allowed to compete at the Tokyo Olympics, although they were forced to use a modified flag and this acronym as their team name.","ROC (Note: Although ROC stands for “Russian Olympic Committee,” the team was not allowed to use the full name to compete because it included the word “Russia.”)"
2022 SCOP MS 11,1,8,C,"On top of all of their other controversies, the Tokyo Olympics experienced one of the most intense heat waves ever to hit the Summer Olympics. As a result, some events were moved to this city on Hokkaido, which also hosted the 1972 Winter Olympics.",Sapporo
2022 SCOP MS 11,1,9,L,"During a seventy-year period called the Maunder Minimum, very few dark fluctuations were observed on this astronomical object. For ten points each,",
2022 SCOP MS 11,1,9,A,"Name this astronomical object that can experience namesake “spots,” dark regions on its surface caused by magnetic activity.",sun (accept sunspots)
2022 SCOP MS 11,1,9,B,"Sunspots are still very bright; they only look dark compared to this layer, the “visible” surface of the sun, where energy is released as light.",photosphere
2022 SCOP MS 11,1,9,C,"This other phenomenon can make parts of the sun appear dark. In these events, a syzygy, or the lining-up of three astronomical objects, causes the moon to block out the Earth’s view of the sun.",solar eclipse
2022 SCOP MS 11,1,10,L,"The last ruler with this title was overthrown by the Bolsheviks. For ten points each,",
2022 SCOP MS 11,1,10,A,"Give this title for rulers of Russia prior to the October Revolution. The last man to hold this title was Nicholas II, who was executed along with his family.",Tsar (accept Czar)
2022 SCOP MS 11,1,10,B,This youngest daughter of Nicholas II was rumored to have survived the royal family’s execution. Many women impersonated this girl in attempts to claim her fortune.,Anastasia Romanov (accept Anastasiya Nikolayevna Romanov; prompt on “Romanov”)
2022 SCOP MS 11,1,10,C,"This mystic and advisor to Nicholas II avoided being executed along with the imperial family because he had already been poisoned, stabbed, shot, and drowned.",Grigori Rasputin (accept Grigori Yefimovich Rasputin; accept Grigori Novykh)
2022 SCOP MS 11,1,11,L,"When this literary character uses a brass knob from a fire grate to propose, he is rejected because his love interest is angry that he has already been engaged to Amy Lawrence. For ten points each,",
2022 SCOP MS 11,1,11,A,"Name this fictional boy from Missouri who, in an adventure novel named for him, finds Injun Joe’s treasure hidden in McDougal’s Cave.",Tom Sawyer (accept either underlined name; accept Thomas Sawyer; accept The Adventures of Tom Sawyer)
2022 SCOP MS 11,1,11,B,"Tom Sawyer’s proposal is rejected by this girl, the daughter of a local judge. Later in the novel, she and Tom get lost together in McDougal’s Cave.",Becky Thatcher (accept Becky Thatcher; prompt on “Thatcher” alone)
2022 SCOP MS 11,1,11,C,The Adventures of Tom Sawyer is by this American author of The Adventures of Huckleberry Finn.,Mark Twain (accept Samuel Langhorne Clemens)
2022 SCOP MS 11,1,12,L,"Answer the following about the mythical daughter of Priam and Hecuba, for ten points each.",
2022 SCOP MS 11,1,12,A,"This princess in Greek mythology had the gift of being able to see the future, but was cursed so that people would never believe her prophecies.",Cassandra
2022 SCOP MS 11,1,12,B,"Cassandra received the ability to see the future from this Greek god of light and prophecy, who was the twin brother of Artemis. He cursed her after she turned down his romantic advances.",Apollo (accept Apollon; accept Phoebus Apollo)
2022 SCOP MS 11,1,12,C,Cassandra was a princess from this city. She foresaw its fall to Agamemnon’s Greek army.,Troy (accept Troia; accept Ilium or Ilion or Ilios)
2022 SCOP MS 11,1,13,L,"On the Allred-Rochow scale, elements in this group have electro-negativities between 1.8 and 2.2. For ten points each,",
2022 SCOP MS 11,1,13,A,"Name this group of roughly six elements that includes boron, arsenic, and germanium. This group’s name reflects that its properties are between those of elements like gold and oxygen.",metalloids (accept semimetals)
2022 SCOP MS 11,1,13,B,The semiconductor industry relies heavily on germanium and this element with symbol Si to build components like transistors and microchips.,silicon (do not accept or prompt on “silicone” or “silica”)
2022 SCOP MS 11,1,13,C,"When the metalloid antimony is blended with tin, the result is this alloy, traditionally used to make dishes, pitchers, and beer tankards.",pewter
2022 SCOP MS 11,1,14,L,"In a novel by this author, Abel Magwitch is deported to Australia for fighting in prison, although the man he fought is given a lighter punishment because of his well-bred manner. For ten points each,",
2022 SCOP MS 11,1,14,A,Name this English author who highlighted Victorian social inequality in works like David Copperfield and A Christmas Carol.,Charles Dickens (accept Charles John Huffam Dickens)
2022 SCOP MS 11,1,14,B,"Abel Magwitch appears in this Charles Dickens novel, in which he makes a fortune in Australia and uses it to help the young orphan Pip become a gentleman and befriend Magwitch’s estranged daughter, Estella.",Great Expectations
2022 SCOP MS 11,1,14,C,"In Great Expectations, Estella is raised not by her father, but by Miss Havisham, who tries to mold Estella into a cruel heartbreaker. Miss Havisham wears a tattered dress and keeps the clocks in her house stopped at twenty minutes to nine to remind herself of this event, during which she was left at the altar.",her wedding (accept similar terms like marriage; accept descriptions of her being abandoned or left by her fiancé)
2022 SCOP MS 11,1,15,L,"Introductory algebra classes often focus on the factoring of these expressions, such as “x squared minus four x plus four.” For ten points each,",
2022 SCOP MS 11,1,15,A,Give this term for an expression that includes coefficients and variables that are combined by addition and multiplication.,polynomials
2022 SCOP MS 11,1,15,B,"Polynomials can be classified based on their number of terms; for example, “two x” is a monomial, and “two x plus two” is one of these.",binomials
2022 SCOP MS 11,1,15,C,"Polynomials can also be classified by this quantity, the largest exponent on any of its terms. For example, for “x to the one-hundredth power, minus three x cubed, plus one,” this quantity is one hundred.",degree
2022 SCOP MS 11,1,16,L,"Give the following about Interstate 10 in the American southeast, for ten points each.",
2022 SCOP MS 11,1,16,A,"I-10’s eastern terminus is this massive metropolis, found on the St. John’s River in Duval County in northeast Florida.",Jacksonville
2022 SCOP MS 11,1,16,B,"After leaving Florida, I-10 intersects I-65 in this Alabama city on a namesake bay. This city’s Mardi Gras celebrations are the oldest in the US, predating New Orleans.",Mobile (accept Mobile Bay)
2022 SCOP MS 11,1,16,C,"Continuing west from Alabama, I-10 passes through Biloxi in this state before reaching New Orleans in Louisiana.",Mississippi
2022 SCOP MS 11,1,17,L,"In a speech to Protestant ministers in Houston, this man remarked “I am not the Catholic candidate for president. I am the Democratic Party’s candidate for president, who happens also to be a Catholic.” For ten points each,",
2022 SCOP MS 11,1,17,A,Name this politician who became the first Catholic American president when he defeated Richard Nixon in 1960.,John Fitzgerald Kennedy (accept JFK; prompt on “Kennedy”)
2022 SCOP MS 11,1,17,B,"In 1960, the Kennedy campaign was particularly worried about anti-Catholic sentiment in the South, so they selected this Texan protestant as Kennedy’s running mate.",Lyndon Baines Johnson (accept LBJ; prompt on “Johnson”)
2022 SCOP MS 11,1,17,C,"Nixon supporters worried that this mayor of Chicago had committed voter fraud to push Illinois in Kennedy’s favor, but Nixon refused to challenge the election results.",Richard Joseph Daley
2022 SCOP MS 11,1,18,L,"The increasing frequency of dark-colored moths in nineteenth-century England that coincided with the spread of pollution from factories can be considered a directional example of this process. For ten points each,",
2022 SCOP MS 11,1,18,A,Name this mechanism of evolution in which individuals with favorable traits for an environment survive longer and pass those traits to their offspring.,natural selection
2022 SCOP MS 11,1,18,B,"Unlike “directional” selection, this type of natural selection favors two extreme phenotypes. This type of selection explains why finches on Santa Cruz island have either small or large beaks, with very few having medium-sized beaks.",disruptive selection (accept diversifying selection)
2022 SCOP MS 11,1,18,C,"In some African countries like Mozambique, this trait has increased in elephant populations from five to thirty-five percent in two generations. Pressure from poachers has created a directional selection for this trait, especially in female elephants.",tuskless (accept any description of elephants having no tusks)
2022 SCOP MS 11,1,19,L,"This country is home to the playwright of The Glass Menagerie and The Rose Tattoo. For ten points each,",
2022 SCOP MS 11,1,19,A,"Name this country, which is also the home country of playwright Eugene O’Neill, who set the play Long Day’s Journey Into Night in Connecticut.",US (accept USA; accept either underlined portion of United States of America)
2022 SCOP MS 11,1,19,B,"The Glass Menagerie and The Rose Tattoo are by this American playwright, who set many of his works in the American South.",Tennessee Williams (accept Thomas Lanier Williams III [third])
2022 SCOP MS 11,1,19,C,"In this Tennessee Williams play set in New Orleans, Blanche DuBois loses her family’s home, Belle Reve, and moves into an apartment with her sister and brother-in-law, Stella and Stanley Kowalski.",A Streetcar Named Desire
2022 SCOP MS 11,1,20,L,"This artist frequently used his wife, Jo, as a model for paintings of women in city settings. For ten points each,",
2022 SCOP MS 11,1,20,A,Name this American painter of Automat and Chop Suey.,Edward Hopper
2022 SCOP MS 11,1,20,B,"In this often-parodied painting by Edward Hopper, two men and a woman in a red dress sit at a brightly-lit lunch counter on a dramatically dark street.",Nighthawks
2022 SCOP MS 11,1,20,C,"Hopper’s paintings frequently emphasize the crowds and isolation of this American city. Hopper died in Manhattan, a borough of this east coast city.",New York City (accept NYC)
2022 SCOP MS 11,2,1,L,"This function is the “CAH” [kah] portion of the popular mnemonic “SOHCAHTOA” [soh-kah-toh-ah]. For ten points each,",
2022 SCOP MS 11,2,1,A,"Name this function whose input values are typically angles; for example, this function of zero degrees is one.",cosine function (accept cos)
2022 SCOP MS 11,2,1,B,"Sine and cosine are two elementary functions of this branch of mathematics, which studies the relationships between the angles and side lengths of triangles.",trigonometry (accept trig; do not accept or prompt on “geometry”)
2022 SCOP MS 11,2,1,C,This trigonometric function is the reciprocal of the cosine function.,secant function (accept sec)
2022 SCOP MS 11,2,2,L,"Humus [HYOO-muss], a dark organic matter made of the decomposed remains of dead plants and animals, forms much of the top layer of this substance. For ten points each,",
2022 SCOP MS 11,2,2,A,"Name this substance made of organic matter and sand, silt, or clay, in which plants can grow.",soil (accept topsoil; accept dirt; accept earth)
2022 SCOP MS 11,2,2,B,"By one estimate, each gram of soil contains one million organisms from this kingdom, which does much of the work of decomposition. This kingdom includes mold and yeast.",fungi (accept fungus)
2022 SCOP MS 11,2,2,C,"In the tundra and taiga biomes, the most abundant animal life in the soil is worms from this phylum that includes the model organism C. elegans.",Nematoda (accept nematodes; accept roundworms)
2022 SCOP MS 11,2,3,L,"Following this man’s death, hundreds of Spaniards died trying to flee during La Noche Triste [noh-chay tris-tay]. For ten points each,",
2022 SCOP MS 11,2,3,A,Name this leader who was allegedly stoned to death by his own people after being taken hostage by conquistadors.,Montezuma II (accept Moctezuma II; prompt on “Montezuma” or “Moctezuma” alone)
2022 SCOP MS 11,2,3,B,This Spaniard led the conquistadors who captured Montezuma.,Hernan´ Cortes´ (accept Hernan´ Cortes´ y Pizarro Altamirano)
2022 SCOP MS 11,2,3,C,"Montezuma II was a leader of this Mesoamerican empire, which was based in modern-day Mexico and conquered by the Spanish after the fall of their capital, Tenochtitlan [tay-nohch-teet-lahn].",Aztec Empire (accept Aztecs)
2022 SCOP MS 11,2,4,L,"Answer the following about English author Virginia Woolf, for ten points each.",
2022 SCOP MS 11,2,4,A,"Virginia Woolf is the author of Orlando, which narrates the life of a three-hundred-year-old person who grows from a boy in the 1600s to a woman in the 1900s. Woolf described Orlando as a “fictional” work in this non-fiction genre, which describes a person’s life.",biography (accept fictional biography; do not accept “autobiography”)
2022 SCOP MS 11,2,4,B,"In her essay “A Room of One’s Own,” Woolf contrasts the tragic life of a fictional Elizabethan writer named Judith with that of her “brother,” this real-life author of Twelfth Night and A Midsummer Night’s Dream.",William Shakespeare
2022 SCOP MS 11,2,4,C,"This novel by Virginia Woolf follows the Ramsey family on vacation before and after the first World War. At the end of this novel, the surviving family members complete the title journey.",To the Lighthouse
2022 SCOP MS 11,2,5,L,"This author justified revolution in Rights of Man, and declared “these are the times that try men’s souls.” For ten points each,",
2022 SCOP MS 11,2,5,A,Name this early American pamphleteer who attempted to inspire rebelling colonists during the American Revolution with his pamphlet series “The American Crisis.”,Thomas Paine
2022 SCOP MS 11,2,5,B,"Thomas Paine argued that it was absurd for a continent to be ruled by an island in this pamphlet, which advocated for the separation of the American colonies from Britain.",Common Sense
2022 SCOP MS 11,2,5,C,"Common Sense was published in this year, the same year that the United States declared independence.",1776
2022 SCOP MS 11,2,6,L,"Answer the following about the work of Artemisia Gentileschi, the Italian painter of a Self Portrait as the Allegory of Painting, for ten points each.",
2022 SCOP MS 11,2,6,A,"Artemisia painted Judith and her maidservant killing the general Holofernes in this way. She also painted the princess Salome holding the evidence of John the Baptist’s execution, which was carried out in this manner.",beheading (accept descriptions like cutting off his head; accept Judith Beheading Holofernes; prompt on answers describing “using a knife;” prompt on “amputation”)
2022 SCOP MS 11,2,6,B,Artemisia used this color for the dresses of Judith and Salome to highlight her main characters. Her namesake tone of this color mimics the rich color of a precious metal.,gold (accept Artemisia gold; accept yellow)
2022 SCOP MS 11,2,6,C,Artemisia worked during this seventeenth- and eighteenth-century artistic period that followed the Renaissance and preceded Rococo. Art in this period commonly had ornate and dramatic themes and lush textures.,Baroque
2022 SCOP MS 11,2,7,L,"This god was the son of Geb and Nut, and was the brother of Nephthys and Set. For ten points each,",
2022 SCOP MS 11,2,7,A,"Name this green-skinned, Egyptian god of the dead who became the lord of the underworld when he was brought back to life after Set killed him.",Osiris (accept Asar or Usire)
2022 SCOP MS 11,2,7,B,"Osiris’s son was this falcon-headed Egyptian god of justice and power. This god avenged his father’s murder by killing his uncle, Set.",Horus (accept Hor or Her or Har; accept Heru)
2022 SCOP MS 11,2,7,C,Osiris’s daughter-in-law was this wife of Horus and the goddess of love and fertility. She was depicted with a headdress resembling two cow horns flanking a Sun disk.,Hathor
2022 SCOP MS 11,2,8,L,"Above eight thousand meters, this layer is called the “death zone” because its effective oxygen percentage is just eight percent, compared to twenty-one percent at sea level. For ten points each,",
2022 SCOP MS 11,2,8,A,"Name this lowest region of Earth’s atmosphere, where all weather occurs.",troposphere
2022 SCOP MS 11,2,8,B,"The troposphere over large urban areas like Los Angeles and Mexico City tends to trap this visible, toxic form of air pollution that consists of nitrogen and sulfur oxides.",smog
2022 SCOP MS 11,2,8,C,"Urban air tends to trap smog close to the ground because of an inversion of this quantity, which normally decreases with altitude toward the top of the troposphere, where it can drop below negative fifty Celsius.",temperature
2022 SCOP MS 11,2,9,L,"In this novel’s sequel, Go Set a Watchman, Scout sees her father attend a pro-segregation council meeting in the same courthouse where he once defended an unfairly accused Black man. For ten points each,",
2022 SCOP MS 11,2,9,A,"Name this Harper Lee novel that follows Scout and Atticus Finch through the trial of Tom Robinson in the predominantly racist town of Maycomb, Alabama.",To Kill A Mockingbird
2022 SCOP MS 11,2,9,B,"In To Kill a Mockingbird, Scout and her friends spread rumors that this character eats bats because they never see him leave his house. She later changes her opinion about this character when he saves her and Jem from Bob Ewell after a Halloween pageant.",Boo Radley (accept either underlined name; accept Arthur Radley)
2022 SCOP MS 11,2,9,C,"Scout attends church with this character, the Finch family’s cook and a mother figure to Scout.",Calpurnia
2022 SCOP MS 11,2,10,L,"Answer the following about films directed by Ridley Scott, for ten points each.",
2022 SCOP MS 11,2,10,A,"In this 2021 Ridley Scott film, set in medieval France, Adam Driver and Matt Damon prepare for the final officially-sanctioned instance of trial by combat in French history.",The Last Duel
2022 SCOP MS 11,2,10,B,"In this Ridley Scott film, Ripley is the sole survivor of the Nostromo, the rest of the crew having been killed by a monster that bursts out of the chest of a crew member.",Alien
2022 SCOP MS 11,2,10,C,"The “Tears in Rain” speech is given in this Ridley Scott film, in which the bounty hunter Deckard hunts down rogue cyborgs who are looking to extend their lifespans. Harrison Ford starred in this film and appears in its 2017 sequel, set in the year 2049.",Blade Runner (accept Blade Runner 2049)
2022 SCOP MS 11,2,11,L,"Name some ballets by Pyotr Illych Tchaikovsky, for ten points each.",
2022 SCOP MS 11,2,11,A,"In this ballet, Odette and Prince Siegfried kill themselves to escape a curse placed by the evil sorcerer Rothbart, who transforms Odette into the title bird.",Swan Lake (accept Lebed´ınoye ozero ´ )
2022 SCOP MS 11,2,11,B,"The heroine of this Christmastime ballet is usually called Marie or Clara. She defeats the evil Mouse King by hitting him on the head with her slipper, and meets the Sugar Plum Fairy in a magical land of sweets in this ballet.",The Nutcracker (accept Shchelkunchik)
2022 SCOP MS 11,2,11,C,"Marius Petipa choreographed Tchaikovsky’s version of this story, in which the Lilac Fairy weakens a curse placed on Aurora by the evil fairy Carabosse.",The Sleeping Beauty (accept Spyashchaya krasavitsa; accept La belle au bois dormant)
2022 SCOP MS 11,2,12,L,"In Basile’s version of this story, Zezolla is helped by a fairy living in a fig tree. In the German version, Aschenputtel is helped by a bird who lives in a tree planted on her mother’s grave. For ten points each,",
2022 SCOP MS 11,2,12,A,"Name this folk tale in which the title girl is forced to be a servant in her family’s house, but marries a prince after her fairy godmother gives her a pair of glass slippers.",Cinderella (accept Cenerentola; accept Aschenputtel before it is read)
2022 SCOP MS 11,2,12,B,A German version of “Cinderella” appears in the Children’s and Household Tales collected by these folk-tale-obsessed brothers.,Grimm brothers (accept Brothers Grimm; accept Jacob Ludwig Karl and/or Wilhelm Carl Grimm)
2022 SCOP MS 11,2,12,C,"In addition to studying fairy tales and German mythology, Jacob Grimm worked in this field of study; he is the namesake of Grimm’s Law, a rule that describes a shift between Proto-Indo-European and German.",linguistics (accept word forms like linguists)
2022 SCOP MS 11,2,13,L,"The Dalai Lama has repeatedly undergone this process, through which he has chosen a new body after death fourteen times. For ten points each,",
2022 SCOP MS 11,2,13,A,"Name this cycle of birth, death, and rebirth that is common in Indian religions.",reincarnation (accept samsara; accept descriptions like transmigration of souls or metempsychosis; prompt on “rebirth” before it is read by asking “what process is rebirth a part of?”)
2022 SCOP MS 11,2,13,B,"A being’s status and species following reincarnation are determined by their positive and negative actions in life, which are collectively known by this term, meaning “deeds.”",karma (accept kamma)
2022 SCOP MS 11,2,13,C,"This Indian religion’s texts say that a person will be reincarnated into one of four realms of existence, called gatis. Followers of this religion practice ahimsa, or extreme non-violence.",Jainism (accept Jain Dharma)
2022 SCOP MS 11,2,14,L,"Give the following about the particularly small town of Monowi, for ten points each.",
2022 SCOP MS 11,2,14,A,"Monowi is in this state, which is the only US state whose state government is unicameral. This state’s legislature meets in the capital of Lincoln.",Nebraska
2022 SCOP MS 11,2,14,B,"Elsie Eiler is the mayor and only resident of Monowi, but data collected in 2020 by this governmental procedure claimed that Monowi’s population was actually two. Article One of the Constitution requires that this process take place every ten years.",United States Census (prompt on descriptions like “counting people”)
2022 SCOP MS 11,2,14,C,"The Census’ official policy is to occasionally shift respondents between nearby census blocks to preserve privacy in low population areas. So, while Monowi’s block is inaccurate, the data is still accurate at the level of these geographic divisions. These 435 divisions are redrawn - and possibly gerrymandered - after every census.",Congressional districts (prompt on partial answers that don’t include both underlined words)
2022 SCOP MS 11,2,15,L,"Along with a flame test, elements in solution can be identified using qualitative analysis. Answer these questions about the process, for ten points each.",
2022 SCOP MS 11,2,15,A,Much of qualitative analysis depends on this kind of reaction in which two ions combine to form a solid that sinks to the bottom of a test tube.,precipitation (accept precipitate)
2022 SCOP MS 11,2,15,B,"Lead [led], silver, and mercury can be identified quickly because they precipitate with this anion found in table salt.",chloride ion (prompt on “Cl−”; do not accept “chlorine”)
2022 SCOP MS 11,2,15,C,"Because it behaves so much like iron, this metal is difficult to identify in solution, requiring eight steps to form a rose red precipitate. This element has chemical symbol Ni [N-I].",nickel
2022 SCOP MS 11,2,16,L,"In this novel, little Antanas drowns in a puddle, and a teenager named Stanislovas is eaten by rats in a factory. For ten points each,",
2022 SCOP MS 11,2,16,A,"Name this novel about Lithuanian immigrant Jurgus Rudkis [YUR-gus RUD-kus], whose publication inspired the passage of the 1906 Pure Food and Drug Act with its depiction of the meatpacking industry.",The Jungle
2022 SCOP MS 11,2,16,B,The Jungle describes the extreme poverty of meatpackers in this American city on Lake Michigan. A Carl Sandburg poem about this Illinois city describes it as the “Hog Butcher for the world.”,Chicago
2022 SCOP MS 11,2,16,C,This muck-raking author of The Brass Check intended The Jungle to inspire reform of working conditions in the meatpacking industry.,"Upton Sinclair (accept Upton Beall Sinclair, Jr)"
2022 SCOP MS 11,2,17,L,"This organization’s COINTELPRO, or Counter Intelligence Program, carried out illegal surveillance of “subversives” like anti-war activists, feminists, environmentalists, and civil rights activists from 1956 to 1971. For ten points each,",
2022 SCOP MS 11,2,17,A,"Name this government agency, tasked with domestic security and law enforcement, that largely ignored white supremacist terror in the 1950s and 60s.",Federal Bureau of Investigation (accept FBI)
2022 SCOP MS 11,2,17,B,"This longest-serving director of the FBI ordered much of COINTELPRO’s activities. When Martin Luther King criticized the FBI for ignoring white terror, this man responded by calling King the “most notorious liar” in America.",J. Edgar Hoover (accept John Edgar Hoover)
2022 SCOP MS 11,2,17,C,"As Attorney General under his brother John, this man personally authorized some of the FBI’s requests, including wiretapping phones to spy on Martin Luther King.",Robert Francis Kennedy (accept RFK; accept Bobby Kennedy; prompt on “Kennedy” alone)
2022 SCOP MS 11,2,18,L,"Give the following about rivers of the American west, for ten points each.",
2022 SCOP MS 11,2,18,A,This river forms the Mexican-American border for over eight hundred miles in Texas.,Rio Grande (accept Rio Bravo del Norte)
2022 SCOP MS 11,2,18,B,"Hydroelectric dams on this river are a source of environmental controversy, since they make breeding difficult for its massive salmon population. This river flows through Hells Canyon on the border between Idaho and Oregon.",Snake River
2022 SCOP MS 11,2,18,C,"An intermittent river of this name runs mostly underground for one hundred miles in southern California. This river flows under, and shares its name with, the hottest desert in America.",Mojave River (accept Mojave Desert)
2022 SCOP MS 11,2,19,L,"A boat’s outboard motor in water produces this type of motion, which is contrasted with laminar flow. For ten points each,",
2022 SCOP MS 11,2,19,A,Name this type of fluid movement in which particles experience unpredictable changes in velocity and pressure. Airplanes experience this phenomenon at the boundaries of air masses moving at different speeds.,turbulence (accept turbulent flow)
2022 SCOP MS 11,2,19,B,"The transition from laminar to turbulent flow can be predicted using this dimensionless number named for a British physicist. For a circular water pipe, turbulence occurs when this number is greater than four thousand.",Reynolds number (accept Re; accept Osborne Reynolds)
2022 SCOP MS 11,2,19,C,"The dimples on this type of ball increase its Reynolds number to about fifty thousand, greatly reducing air resistance and increasing distance when it is struck with a club such as a three-iron.",golf ball
2022 SCOP MS 11,2,20,L,"Tsar Nicholas II and this man sent each other a series of ten telegrams in summer 1914 as their countries teetered on the brink of war. For ten points each,",
2022 SCOP MS 11,2,20,A,"Nicholas II corresponded with this man, his cousin and the last Kaiser of Germany.",Kaiser Wilhelm II (prompt on “Willy;” prompt on “Wilhelm”)
2022 SCOP MS 11,2,20,B,"The “Willy-Nicky” telegrams discussed each one’s fears that the other country was beginning this process of readying troops and supplies for war. This process was seen as an act of war, even though “Willy” and “Nicky” tried to convince each other it was not.",mobilization (accept word forms like mobilize)
2022 SCOP MS 11,2,20,C,"Wilhelm II and Nicholas II were related through - among many, many other royals - this English queen who was known as the “Grandmother of Europe.” This woman’s record as longest-serving British monarch was broken by Elizabeth II.",Queen Victoria (accept Alexandrina Victoria)
2022 SCOP MS 11,3,1,L,"A modified type of this structure called a tableau [tab-low] is used in the simplex method for linear programming. For ten points each,",
2022 SCOP MS 11,3,1,A,Name these mathematical objects that organize values into rows and columns.,matrix (accept matrices)
2022 SCOP MS 11,3,1,B,"If you multiply matrix A times matrix B, you may or may not get the same answer as when you multiply B times A. Thus, matrix multiplication does not have this property.",commutativity (accept word forms like commutative)
2022 SCOP MS 11,3,1,C,"Multiplying a matrix by this specific type of matrix will always be commutative because multiplying by this matrix does not change the original matrix. In the same way, multiplying any real number by the number one will return the original number because one is a “multiplicative” one of these.",identity matrix (accept multiplicative identity)
2022 SCOP MS 11,3,2,L,"In 1912, the Royal Albert Hall hosted an enormous benefit concert for the families of the musicians who played during a maritime tragedy. Answer the following about the concert, for ten points each.",
2022 SCOP MS 11,3,2,A,"The concert memorialized the band of this “unsinkable” White Star Line ship, which sank while sailing from England to America in 1912.",RMS Titanic
2022 SCOP MS 11,3,2,B,The concert included a performance of this composer’s Funeral March. This Polish composer also wrote the Revolutionary Etude ´ and the Minute Waltz.,Fred´ eric ´ Chopin (accept Fred´ eric Franc¸ois ´ Chopin; accept Fryderyk Franciszek Chopin)
2022 SCOP MS 11,3,2,C,"This British composer conducted part of the concert, which included a performance of this man’s Enigma Variations.",Edward Elgar (accept Sir Edward William Elgar)
2022 SCOP MS 11,3,3,L,"One of these objects is at the center of astronomical object 3C 273, which is the most distant object visible through a backyard telescope because it is brighter than all stars in its surrounding galaxy combined. For ten points each,",
2022 SCOP MS 11,3,3,A,Name these astronomical objects that are so dense that not even light can escape from their event horizons.,black holes
2022 SCOP MS 11,3,3,B,"3C 273 is one of these objects, the most luminous type of object in the universe. These objects are composed of an active galactic nucleus powered by a supermassive black hole.",quasars (accept quasi-stellar object and QSO)
2022 SCOP MS 11,3,3,C,"Radio astronomer Maarten Schmidt confirmed the vast distance between quasars and Earth by measuring the high degree of this shift, an example of the Doppler effect.",redshift (do not accept or prompt on “blueshift”)
2022 SCOP MS 11,3,4,L,"A modern country named for this empire has its capital at Bamako. For ten points each,",
2022 SCOP MS 11,3,4,A,Name this north African empire ruled by Sundiata Keita and Mansa Musa.,Malian Empire (accept Republic of Mali; accept Manden Kurufaba)
2022 SCOP MS 11,3,4,B,"The Mali Empire was rich in gold and this mined, mineral resource that is essential for human life, and that is the most common food seasoning.",salt (accept table salt; accept rock salt; accept halite; accept sodium chloride or NaCl)
2022 SCOP MS 11,3,4,C,Mali traded salt and gold over this hot desert in northern Africa.,Sahara (accept as-sahra al-kubra)
2022 SCOP MS 11,3,5,L,"This literary character travels through India, Hong Kong, and the United States, but is described as “one of those English gentlemen who are wont to see foreign countries through the eyes of their domestics.” For ten points each,",
2022 SCOP MS 11,3,5,A,"Name this fictional adventurer who lets his French servant, Passepartout [pas-par-too], do most of the legwork as they circumnavigate the globe as quickly as possible.",Phileas Fogg
2022 SCOP MS 11,3,5,B,Phileas Fogg was created by this French author of adventure novels like Journey to the Center of the Earth and Twenty Thousand Leagues Under the Sea.,Jules Verne (accept Jules Gabriel Verne)
2022 SCOP MS 11,3,5,C,"Phileas Fogg is the protagonist of this Jules Verne novel, in which he wins a bet against London’s Reform Club by completing the title achievement.",Around the World in Eighty Days (accept Le tour du monde en quatre-vingts jours)
2022 SCOP MS 11,3,6,L,"Answer these questions about Odin’s quest for knowledge, for ten points each.",
2022 SCOP MS 11,3,6,A,Odin traded one of these body parts to be able to drink magical water that would give him wisdom.,eye
2022 SCOP MS 11,3,6,B,"Odin gave his eye to this god so that he could drink the water of wisdom. After this god was decapitated, Odin magically kept his head alive as a source of advice.",Mimir (accept Mim)
2022 SCOP MS 11,3,6,C,"Seeking even more wisdom, Odin hung himself from the world-tree Yggdrasil [IGG-drah-zil] with his spear to gain knowledge of these symbols, which were used for writing and fortune telling.",runes (prompt on “letters” or “alphabet”)
2022 SCOP MS 11,3,7,L,"You’ve decided to buy a DNA testing kit and get your genealogical profile. Answer these questions about the process, for ten points each.",
2022 SCOP MS 11,3,7,A,"Before the company can sequence the DNA in your saliva sample, this process is used to amplify the DNA. This process uses a thermal cycler and Taq [tack] polymerase enzyme.",PCR (accept polymerase chain reaction)
2022 SCOP MS 11,3,7,B,"The company can trace your matrilineal ancestry using DNA from your mitochondria. If you are male, your father’s line can be traced using this chromosome.",Y chromosome
2022 SCOP MS 11,3,7,C,"Since 2012, companies can look for variants in genes like SPAG17 and TTF1 to determine what percentage of your DNA was inherited from this other humanoid species that went extinct about forty thousand years ago.",Neanderthals (accept Homo neanderthalensis)
2022 SCOP MS 11,3,8,L,"This American poet’s works, such as “I’m Nobody! Who are you?” usually lack official titles, and are instead known by their first lines. For ten points each,",
2022 SCOP MS 11,3,8,A,"Name this reclusive poet, nicknamed the “Belle of Amhurst,” who wrote “I felt a funeral in my brain” and “A narrow Fellow in the Grass.”",Emily Dickinson (accept Emily Elizabeth Dickinson)
2022 SCOP MS 11,3,8,B,"The first lines of one Emily Dickinson poem say, “Because I could not stop for [this thing] - / He kindly stopped for me.” The poem describes a carriage ride to a grave with this concept and “Immortality.”",death (accept Because I could not stop for Death -)
2022 SCOP MS 11,3,8,C,"In another poem by Dickinson, this animal’s “Blue - uncertain stumbling Buzz” breaks up “the Stillness in the Room.” The title and first line of the poem says, “I heard [this animal] buzz - when I died.”",fly (accept I heard a Fly buzz - when I died -)
2022 SCOP MS 11,3,9,L,"Answer the following about the landmark interstate commerce case Gibbons v. Ogden, for ten points each.",
2022 SCOP MS 11,3,9,A,"The monopoly in Gibbons v. Ogden was ruled unconstitutional by this highest American judicial body. At the time of the judgement, this body was led by Chief Justice John Marshall.",Supreme Court of the United States (accept SCOTUS)
2022 SCOP MS 11,3,9,B,"In Gibbons v. Ogden, the Supreme Court ruled against a monopoly of these specific vessels, which were used for shipping and transit through the rivers of New York state in the 1800s.",steamboats (accept steamships; prompt on “boat” or “ship”)
2022 SCOP MS 11,3,9,C,"This American entrepreneur, nicknamed “Commodore,” worked as a steamboat captain and business manager for Gibbons, and combatted other steamboat monopolies before building a railroad empire.",Cornelius Vanderbilt
2022 SCOP MS 11,3,10,L,"This author developed his most famous argument over time, from its original use in Discourse on the Method to a modified version in Meditations on First Philosophy. For ten points each,",
2022 SCOP MS 11,3,10,A,"Name this seventeenth-century French philosopher who famously concluded “Cogito ergo sum,” [koh-gee-toe ayr-goh soom] or “I think, therefore I am.”",Rene´ Descartes
2022 SCOP MS 11,3,10,B,The statement “cogito ergo sum” is written in this language. Descartes [day-cart] first wrote the statement in French because he feared that using this language would reach fewer people.,Latin (do not accept or prompt on “Italian” or “Roman”)
2022 SCOP MS 11,3,10,C,"Descartes’s Discourse on the Method revolutionized philosophy by promoting this concept as a starting point. Descartes notes that he never accepts anything as true until he clearly knows it to be true. In other words, this term describes people who question or doubt things that other people accept.",skepticism (accept word forms like skeptic)
2022 SCOP MS 11,3,11,L,"In theory, a meta-material super-lens could be used to see a nano-machine at work because the lens has a negative value for this quantity. For ten points each,",
2022 SCOP MS 11,3,11,A,"Name this optical quantity, the ratio of light’s speed in a vacuum to its speed in a medium. This quantity is about 1.33 for water and 2.42 for diamond.",index of refraction (accept refractive index; prompt on “n;” do not accept or prompt on “reflection”)
2022 SCOP MS 11,3,11,B,"For a light wave at the boundary of two media, this law states the ratio of the sine of angle of incidence to the sine of angle of refraction equals the reciprocal ratio of the indices of refraction.",Snell’s law (accept Snell-Descartes law)
2022 SCOP MS 11,3,11,C,"At the boundary between air and a polished silver surface, Snell’s law predicts that 95% of incident light will experience this phenomenon instead of refraction. This phenomenon explains why you can see yourself in a mirror.",reflection
2022 SCOP MS 11,3,12,L,"Romantic poet Robert Burns wrote about people with this nationality “wha hae wi’ Wallace bled” and “wham Bruce has aften led.” For ten points each,",
2022 SCOP MS 11,3,12,A,"Name this European nation, Burns’s homeland, whose dialect he used to write about schemes that “gang aft agley.”",Scottish (accept Scots English; accept Scotland; accept Alba)
2022 SCOP MS 11,3,12,B,Burns wrote “the best-laid schemes o’ [these creatures] an’ men / gang aft agley” in a poem addressed to one of these small mammals when he “[Turned] Her Up in Her Nest With the Plough.”,mouse (accept To a Mouse)
2022 SCOP MS 11,3,12,C,"Burns also used the Scots dialect to write this poem, often sung at New Year’s, which asks “should ault acquaintance be forgot / and never brought to mind?”",Auld Lang Syne
2022 SCOP MS 11,3,13,L,"In this game series, bells can be used to purchase items and pay off your mortgage. For ten points each,",
2022 SCOP MS 11,3,13,A,"Name this video game series, whose newest release, New Horizons, came out in March 2020. This game series allows players to create their own home and interact with anthropomorphized villagers.",Animal Crossing (accept Doubutsu no Mori [doh-boo-tsoo noh moh-ree])
2022 SCOP MS 11,3,13,B,"This racoon-like, anthropomorphic loan shark owns and mortgages the player’s home in the Animal Crossing games. This adorable slum-lord is the namesake of a fan-run New Horizons trading website.",Tom Nook (accept Nookazon; accept Tanukichi)
2022 SCOP MS 11,3,13,C,"Because of its multiplayer capability, New Horizons depends heavily on player trading. In 2020, this actor, who played Frodo Baggins in The Lord of the Rings, made waves by politely selling his turnips on another player’s island.",Elijah Wood
2022 SCOP MS 11,3,14,L,"Answer the following about one of the three “Grand Dames” [grahn dahmz] of a nineteenth-century French art movement, Berthe Morisot [bayr-tuh moh-ree-soh], for ten points each.",
2022 SCOP MS 11,3,14,A,"Morisot was part of this French art movement. This movement focused on painting en plein air [ahn plah-nayr] and using broad, sketch-like brush strokes to capture the movement and natural lighting of scenes like Waterlilies and Morisot’s Grain Field.",Impressionism (accept word forms like Impressionist movement)
2022 SCOP MS 11,3,14,B,"This Impressionist gave the movement its name with his painting Impression: Sunrise. He also painted many Waterlilies floating near a green, Japanese-style bridge.",Claude Monet (accept Oscar-Claude Monet or Claude Oscar Monet; do not accept or prompt on “Manet”)
2022 SCOP MS 11,3,14,C,"Morisot captured an outdoor scene of a woman and a little girl standing by the railing of one of these architectural features, looking out over Paris.",balcony (accept Woman and Child On the Balcony)
2022 SCOP MS 11,3,15,L,Give the following about Spanish Florida for ten points each.,
2022 SCOP MS 11,3,15,A,Spanish Florida originally included much more than modern-day Florida; it extended north into this state that borders Florida on the Atlantic coast.,Georgia
2022 SCOP MS 11,3,15,B,"The first European to reach Florida was this Spanish conquistador, who, according to legend, was searching for the Fountain of Youth.",Juan Ponce De Leon´
2022 SCOP MS 11,3,15,C,"The Spanish founded this city in Florida in 1565, making it America’s oldest city.",Saint Augustine
2022 SCOP MS 11,3,16,L,"This ruler was the son of Pepin the Short, and his territory was divided between his three grandsons after the death of his son, Louis the Pious. For ten points each,",
2022 SCOP MS 11,3,16,A,Name this Medieval king who was crowned Holy Roman Emperor in the year 800.,Charlemagne (accept Charles the Great; accept Carolus Magnus; accept Charles I; prompt on “Charles” or “Carolus”)
2022 SCOP MS 11,3,16,B,"Charlemagne began his rule as the king of these European peoples, who had been united by the Edict of Paris.",Franks (accept Frankish people; do not accept or prompt on “France” or “French”)
2022 SCOP MS 11,3,16,C,Charlemagne was crowned Holy Roman Emperor by Pope Leo III [third] on this Christian holiday.,Christmas Day
2022 SCOP MS 11,3,17,L,"This Sanskrit epic contains the Bhagavad Gita, in which a god reminds a prince of his royal duties during the Kurukshetra War. For ten points each,",
2022 SCOP MS 11,3,17,A,Name this ancient Indian classic attributed to Vyasa.,Mahabharata
2022 SCOP MS 11,3,17,B,"The Mahabharata is important to this Indian religion. Gods of this religion, including Indra and Brahma, interact directly with the story.",Hinduism (accept sanatana dharma)
2022 SCOP MS 11,3,17,C,"This Hindu preserver god appears in the Mahabharata as his avatar Krishna, who advises Arjuna in the Bhagavad Gita.",Vishnu
2022 SCOP MS 11,3,18,L,"In a novel by this author, the student Ras-kol-ni-kov murders Lizaveta and Alyona in Saint Petersburg. For ten points each,",
2022 SCOP MS 11,3,18,A,"Name this Russian author who also described the lives of Ivan, Alexei, and Dmitri in The Brothers Karamazov.",Fyodor Dostoevsky (accept Fyodor Mikhailovich Dostoevsky)
2022 SCOP MS 11,3,18,B,"Raskolnikov commits his double murder in this novel by Fyodor Dostoevsky. In this novel, inspector Porfiry Petrovich provokes Raskolnikov to confess.",Crime and Punishment (accept Prestupleniye ´ i nakazaniye ´ )
2022 SCOP MS 11,3,18,C,"After being convicted of the murders, Raskolnikov is sentenced to punishment in this frozen, far-north region of Russia.",Siberia (accept Sib´ır)
2022 SCOP MS 11,3,19,L,"Perfectly elastic collisions and negligible particle volume are two of the assumptions made in the kinetic theory of these substances. For ten points each,",
2022 SCOP MS 11,3,19,A,"Name this state of matter whose molecules are in constant, random motion, but with much greater separation between particles than in a liquid.",gases
2022 SCOP MS 11,3,19,B,"Using kinetic theory, it is possible to derive Fick’s laws of this process, in which gas particles spread out from an area of high concentration to an area of lower concentration.",diffusion (do not accept “effusion”)
2022 SCOP MS 11,3,19,C,"While kinetic theory assumes an ideal gas, this equation models real gases using a and b parameters to correct for intermolecular attraction and particle volume, respectively.",Van der Waals equation
2022 SCOP MS 11,3,20,L,"In 2007, the Supreme Court ruled against Lilly Ledbetter when she sued Goodyear over this type of discrimination. For ten points each,",
2022 SCOP MS 11,3,20,A,Name this type of discrimination that affected Ledbetter’s pay at Goodyear. The pay gap caused by this type of discrimination has held steady over the last decade at roughly eighty-four cents to the dollar.,gender discrimination (accept sex discrimination or sexism; accept “being discriminated against because she is female” and equivalents)
2022 SCOP MS 11,3,20,B,"The Supreme Court ruled that Lilly Ledbetter’s claim was invalid because it had been too long since the discrimination against her had occurred, and thus her claim had violated this type of statute.",statute of limitations
2022 SCOP MS 11,3,20,C,"Ledbetter lost her argument that the one-hundred-eighty day statute of limitation should be triggered by each paycheck in which she was discriminated against. The Supreme Court rejected that argument, but it was adopted into law by the Lilly Ledbetter Fair Pay Act of 2009, which was signed by this Democratic president.",Barack Obama (accept Barack Hussein Obama)
2022 SCOP MS 11,4,1,L,"Give the following about global lightning hotspots, for ten points each.",
2022 SCOP MS 11,4,1,A,"This 102-story building in New York City is hit by lightning about twenty-five times per year and was ranked tallest in its city from 1931 to 1970, and again from 2001 to 2012.",Empire State Building
2022 SCOP MS 11,4,1,B,"In this oil-rich, South American country, the world’s highest concentration of lighting occurs in a nearly continuous lightning storm where the Catatumbo River meets Lake Maracaibo.",Venezuela (accept Bolivarian Republic of Venezuela; accept Republica Bolivariana de ´ Venezuela)
2022 SCOP MS 11,4,1,C,"According to an urban legend, an entire team of eleven footballers was killed in a single flash of lightning in this country’s Kasai province in 1998. This French-speaking African country has its capital at Kinshasa.",Democratic Republic of the Congo (accept DRC; prompt on “Congo;” do not accept or prompt on “Republic of the Congo”)
2022 SCOP MS 11,4,2,L,"According to the VSEPR [vesper] theory of molecular geometry, the compound methane has this shape. For ten points each,",
2022 SCOP MS 11,4,2,A,"Name this shape observed when a central atom is bonded to four other atoms, each of them spaced as far apart as possible.",tetrahedral
2022 SCOP MS 11,4,2,B,"All of the bond angles in a tetrahedral molecule of methane measure this many degrees, rounded to one decimal place.",109.5 degrees
2022 SCOP MS 11,4,2,C,"While beryllium fluoride molecules will arrange themselves tetrahedrally as a liquid, as a gas they have a linear shape and a bond angle of this many degrees.",180 degrees
2022 SCOP MS 11,4,3,L,"The main character of this novel is exiled to the island of Suma after being unfaithful to his wife, Aoi [ah-oh-ee]. For ten points each,",
2022 SCOP MS 11,4,3,A,Name this novel by Murasaki Shikibu [moo-rah-sah-kee shee-kee-boo] set during Japan’s Heian [hey-ahn] period. It is sometimes considered the world’s first novel.,The Tale of Genji (accept Genji Monogatari)
2022 SCOP MS 11,4,3,B,"A chapter of The Tale of Genji, “Vanished into the Clouds” is left entirely blank, implying this event happened to the main character. After this event, the story instead follows Kaoru [kah-oh-roo] and Niou [nee-oh].",Genji’s death (accept word forms or equivalents like Genji dying or passing away)
2022 SCOP MS 11,4,3,C,Genji is the son of a man with this title. Lady Murasaki served in the household of a leader with this title who claimed to be descended from the goddess Amaterasu [ah-mah-tay-rah-soo].,emperor of Japan (accept tenno)
2022 SCOP MS 11,4,4,L,"Answer these questions about female Titans in Greek mythology, for ten points each.",
2022 SCOP MS 11,4,4,A,"Like later Greek gods, the Titans represented elements of the natural world. The Titaness Selene was the embodiment of this natural satellite of Earth, which dominates the night sky.",moon
2022 SCOP MS 11,4,4,B,"This Titaness was the mother of the archer twins Apollo and Artemis. When the queen Niobe mocked this Titaness for only having two children, Apollo and Artemis killed all of Niobe’s children.",Leto
2022 SCOP MS 11,4,4,C,This Titaness was the Greek goddess of witchcraft. She was the handmaiden of Persephone and the goddess of ghosts.,Hecate
2022 SCOP MS 11,4,5,L,"George Washington became the only US president to lead troops in combat while in office when he led the military in putting down this rebellion. For ten points each,",
2022 SCOP MS 11,4,5,A,Name this 1790s insurrection in western Pennsylvania inspired by an unpopular tax.,Whiskey Rebellion
2022 SCOP MS 11,4,5,B,"Washington was advised during the Whiskey Rebellion by this man, who had been Washington’s aide-de-camp during the Revolution. As the first Secretary of the Treasury, this man was blamed for creating the whiskey tax.",Alexander Hamilton
2022 SCOP MS 11,4,5,C,"As the Regular Army was small, the troops amassed by Washington were largely from these state-based bodies. The Second Amendment notes that these bodies must be “well regulated” for the “security of a free State.”",militias
2022 SCOP MS 11,4,6,L,"This poet wrote “Nature’s first green is gold” and described two paths that “equally lay / in leaves no step had trodden black.” For ten points each,",
2022 SCOP MS 11,4,6,A,Name this American poet of “Nothing Gold Can Stay” and “The Road Not Taken.”,Robert Frost (accept Robert Lee Frost)
2022 SCOP MS 11,4,6,B,"In another poem by Frost, an unnamed speaker watches this weather phenomenon while “Stopping by Woods.” He eventually decides to leave, saying “I have promises to keep / and miles to go before I sleep.”",snow (accept snowstorm or snowfall; accept Stopping by Woods on a Snowy Evening)
2022 SCOP MS 11,4,6,C,"Frost declared, “the land was ours before we were the land’s” in this poem, which he recited at John F. Kennedy’s inauguration.",The Gift Outright
2022 SCOP MS 11,4,7,L,"In the equation computing this quantity for a box moving up a ramp, force can be replaced with mass times little g times the sine of the angle. For ten points each,",
2022 SCOP MS 11,4,7,A,Name this quantity that is equal to the energy transferred to a moving object. This quantity is usually expressed as force times distance.,work
2022 SCOP MS 11,4,7,B,"Although it does not decrease the work, a ramp does reduce the force that is needed to lift the box. This is because a ramp acts as this type of simple machine.",inclined plane
2022 SCOP MS 11,4,7,C,"If the box slides back down the ramp at a constant speed, then the coefficient of friction can be found by applying this function to the ramp’s angle.",tangent (accept tan)
2022 SCOP MS 11,4,8,L,"The loser of this battle, Harold Godwinson, had defeated Tostig and Harald Hardrada only five days earlier at Stamford Bridge. For ten points each,",
2022 SCOP MS 11,4,8,A,"Name this 1066 battle. At this battle, Harold Godwinson was defeated by William the Conqueror as they fought for succession after the death of Edward the Confessor.",Battle of Hastings
2022 SCOP MS 11,4,8,B,"William the Conqueror claimed legitimate succession to the English throne, although he was born and raised in this region in what is now northwestern France.",Normandy
2022 SCOP MS 11,4,8,C,"Before the battle, William the Conqueror interpreted this astronomical object as an omen of his victory. This object appears in the Bayeux Tapestry’s depiction of the Battle of Hastings.",Halley’s Comet (prompt on “comet”)
2022 SCOP MS 11,4,9,L,"This museum honors musicians like Aretha Franklin, the Beatles, and Tina Turner, a 2021 inductee. For ten points each,",
2022 SCOP MS 11,4,9,A,"Name this museum dedicated to commemorating great musicians in a certain music genre. A glass pyramid makes up part of this museum in Cleveland, Ohio.",Rock and Roll Hall of Fame and Museum (accept RRHoF; accept Rock Hall; prompt on “Hall of Fame”)
2022 SCOP MS 11,4,9,B,Another glass pyramid designed by the same architect is in the courtyard of this French art museum that is home to the Mona Lisa and the Venus de Milo.,Louvre Museum (accept Musee du ´ Louvre)
2022 SCOP MS 11,4,9,C,The glass pyramids at the Rock and Roll Hall of Fame and the Louvre were both designed by this Chinese-American architect who passed away in 2019.,I.M. Pei (accept Ieoh Ming Pei)
2022 SCOP MS 11,4,10,L,"The Onion’s fictional persona of this politician, portraying him as a drug dealer and muscle car driver, was retired in March 2020, as were hopes that he would appear in more television shows. For ten points each,",
2022 SCOP MS 11,4,10,A,Name this actor-turned-president who delivered an anti-assault monologue on a 2016 episode of Law and Order: SVU while he was Barack Obama’s vice president.,"Joe Biden (accept Joseph Robinette Biden, Jr)"
2022 SCOP MS 11,4,10,B,"SVU isn’t Joe Biden’s only television appearance. In the 2010s, he appeared on two episodes of this satirical show in which Leslie Knope, played by Amy Poehler, navigates the city-level bureaucracy of Pawnee, Indiana.",Parks and Recreation
2022 SCOP MS 11,4,10,C,"While serving as a Delaware senator, Biden also appeared on a children’s game show named for this fictional thief. Players showed off their knowledge of geography to help find “Where in the World” this woman was.",Carmen Sandiego (accept either underlined name; accept Where in the World is Carmen Sandiego?)
2022 SCOP MS 11,4,11,L,"Give the following about Kublai Khan, for ten points each.",
2022 SCOP MS 11,4,11,A,Kublai Khan founded this dynasty of China. Revolts by the Han majority led to this dynasty being replaced by the Ming Dynasty.,Yuan Dynasty (accept Mongol Dynasty)
2022 SCOP MS 11,4,11,B,"Kublai Khan received this traveler as a visitor to his court. While imprisoned, this Italian wrote a book describing the wonders of Kublai Khan’s court for Western audiences.",Marco Polo
2022 SCOP MS 11,4,11,C,"Kublai Khan’s mainland campaigns were largely successful, but his two invasions of Japan were each thwarted by typhoons, described in Japanese by this term, meaning “divine wind.”",kamikaze
2022 SCOP MS 11,4,12,L,"Sam-n-eric warn Ralph that this literary character has “sharpened a stick at both ends” and plans to use it to kill him. For ten points each,",
2022 SCOP MS 11,4,12,A,"Name this cruel boy from a William Golding novel, who tortures Wilfred and kills Ralph’s friend while following Jack Merridew.",Roger
2022 SCOP MS 11,4,12,B,"Roger joins Jack Merridew’s tribe of hunters in this novel by William Golding. In this novel, a group of young boys crash-land on a deserted island and start a war amongst themselves.",Lord of the Flies
2022 SCOP MS 11,4,12,C,"In Lord of the Flies, Roger rolls a boulder onto this asthmatic boy, killing him. This boy’s glasses are used to light signal-fires, and become a trophy of power when Jack takes possession of them.",Piggy
2022 SCOP MS 11,4,13,L,"The formation sequence of this mineral starts with peat and proceeds through lignite, bituminous, and anthracite. For ten points each,",
2022 SCOP MS 11,4,13,A,Name this carbon-based sedimentary rock that also serves as a major fossil fuel. It is burned in power plants that supply forty percent of the world’s electricity.,coal
2022 SCOP MS 11,4,13,B,"In general, coal is extracted from underground mines and open pits, or by this method in which long bands of earth are removed from the surface. This method tends to obliterate landscapes and cause severe soil erosion.",strip mining (accept word forms like stripping)
2022 SCOP MS 11,4,13,C,"Like oil, coal can be transported through pipelines by using water to form this type of solid-liquid mixture. A 1972 flood of this coal mixture killed more than one hundred people in West Virginia.",slurry
2022 SCOP MS 11,4,14,L,"This high-pitched brass instrument has three valves, and is related to the cornet and the flugelhorn. For ten points each,",
2022 SCOP MS 11,4,14,A,Name this jazz instrument played by Miles Davis and Wynton Marsalis.,"trumpet (accept specific types, such as bass trumpet or piccolo trumpet)"
2022 SCOP MS 11,4,14,B,"This trumpeter, nicknamed “Satchmo,” recorded two albums with Ella Fitzgerald, and is renowned for his performance of “What a Wonderful World.”",Louis Armstrong (accept Louis Daniel Armstrong)
2022 SCOP MS 11,4,14,C,"This jazz trumpeter was known for puffing out his cheeks while playing a signature, bent trumpet. This bebop musician wrote “A Night in Tunisia” and “Salt Peanuts.”",Dizzy Gillespie (accept John Birks Gillespie)
2022 SCOP MS 11,4,15,L,"Abraham Maslow believed that fully self-actualized people underwent feelings of harmony called “peak experiences,” which could be induced with these substances. For ten points each,",
2022 SCOP MS 11,4,15,A,"Name this class of drugs that includes psilocybin and LSD. Today, these drugs are being researched for their potential use in treating depression.",psychedelic drugs (accept hallucinogenic drugs; accept psychoactive drugs; accept psychotropic drugs)
2022 SCOP MS 11,4,15,B,"In addition to depression, psychedelic drugs may also help treat this disorder that might be caused by exposure to highly shocking or hurtful events, such as abuse, assault, or war.",post-traumatic stress disorder (accept PTSD; prompt on “anxiety”)
2022 SCOP MS 11,4,15,C,Another focus of psychedelic research is the treatment of the “cluster” type of this common ailment. A severe form of this ailment is called a migraine.,cluster headache
2022 SCOP MS 11,4,16,L,"In Judaism, Rosh Hashanah celebrates this event on the first and second days of the month of Tishrei. For ten points each,",
2022 SCOP MS 11,4,16,A,Name this general event that occurs when the calendar begins afresh.,new year (accept descriptions like “the beginning of the year”)
2022 SCOP MS 11,4,16,B,"Rosh Hashanah begins this group of Jewish holidays, which end with the Day of Atonement on the tenth day of Tishrei.",High Holy Days (accept Days of Awe; accept Yamim Noraim)
2022 SCOP MS 11,4,16,C,"The “Day of Atonement” is this last of the High Holy Days. On this day, each person’s fate for the new year is sealed in the Book of Judgement.",Yom Kippur (accept Yom HaKippurim)
2022 SCOP MS 11,4,17,L,"Wholly aquatic amphibians tend to excrete nitrogenous waste as ammonia, and terrestrial amphibians excrete this waste product. For ten points each,",
2022 SCOP MS 11,4,17,A,"Name this chemical with formula CH4N2O [spell out], a waste product of protein digestion in mammals that is filtered out of the blood by the kidneys.",urea (accept carbamide; do not accept or prompt on “urine”)
2022 SCOP MS 11,4,17,B,The cycle that generates urea from amino acids occurs mainly in this organ that is also responsible for detoxifying alcohol.,liver
2022 SCOP MS 11,4,17,C,"Another nitrogenous waste substance, uric acid, can form crystals that cause both kidney stones and this painful swelling of the joints, which often starts at the big toe.",gout (prompt on “arthritis”)
2022 SCOP MS 11,4,18,L,"In this novel, Tom flees after killing a man who murdered the preacher-turned-labor-organizer Jim Casy, and Rose-of-Sharon breastfeeds a starving man after losing her baby. For ten points each,",
2022 SCOP MS 11,4,18,A,Name this novel about the Joad family’s disastrous journey from Oklahoma to California during the Dust Bowl.,The Grapes of Wrath
2022 SCOP MS 11,4,18,B,This American author wrote The Grapes of Wrath and Of Mice and Men.,"John Steinbeck (accept John Ernst Steinbeck, Jr)"
2022 SCOP MS 11,4,18,C,Both The Grapes of Wrath and Of Mice and Men explore the intense economic effects of this event that began in 1929 with the crash of the stock market.,Great Depression
2022 SCOP MS 11,4,19,L,"Answer the following about myths and legends surrounding Pythagoras, for ten points each.",
2022 SCOP MS 11,4,19,A,"One legend claims that Pythagoras refused to believe in this type of number because he thought they violated mathematical purity. These numbers, including examples like the square root of two, cannot be written as fractions.",irrational numbers
2022 SCOP MS 11,4,19,B,"The most widespread myth is that Pythagoras was the discoverer of the Pythagorean Theorem, but a Babylonian clay tablet lists information about fifteen Pythagorean triples using this number system. The Babylonian use of this number system helps explain why there are 360 degrees in a circle.",base sixty (accept sexagesimal)
2022 SCOP MS 11,4,19,C,"For his theorem, Pythagoras supposedly wrote the first of these mathematical arguments, but no evidence has ever been found. When writing out these arguments, geometry students often use two columns to organize their statements and reasons.",proofs
2022 SCOP MS 11,4,20,L,"Answer these questions about American women’s history, for ten points each.",
2022 SCOP MS 11,4,20,A,"This constitutional amendment, first proposed in 1923, would ban sex-based discrimination. Although Virginia became the thirty-eighth state to ratify this amendment in January 2020, it has not yet been added to the constitution.",Equal Rights Amendment (accept ERA)
2022 SCOP MS 11,4,20,B,"The ERA was originally drafted by Alice Paul. She also picketed outside the White House for this constitutional right, which was later granted by the nineteenth amendment.",women’s suffrage (accept descriptions of “women’s right to vote”)
2022 SCOP MS 11,4,20,C,"Alice Paul picketed the White House with this protest group, who avoided noisy protests and engaged in hunger strikes. Members of this group were beaten and tortured during the Night of Terror in 1917.",Silent Sentinels (accept Sentinels of Liberty)
2022 SCOP MS 11,5,1,L,"Name some Winter Olympic sports, for ten points each.",
2022 SCOP MS 11,5,1,A,Required elements of the “short program” version of this sport typically include a double or triple jump and a double Axel.,figure skating (accept ice skating; prompt on “skating;” do not accept “ice dancing”)
2022 SCOP MS 11,5,1,B,"In this team sport, invented in Scotland, competitors sweep an ice rink with brooms to guide stones into the “house,” a circular target.",curling
2022 SCOP MS 11,5,1,C,"In 1988, British athlete Michael Edwards, known as “Eddie the Eagle,” finished in last place in both the “large hill” and “normal hill” events of this sport. Competitors in this sport are ranked on distance traveled from a hill’s K-point.","ski jumping (prompt on “skiing;” do not accept or prompt on other types of skiing, like cross-country, downhill, or slalom)"
2022 SCOP MS 11,5,2,L,"This novel’s protagonist goes skating with Sally Hayes, and becomes angry when he learns that Jane Gallagher is dating his roommate, Stradlater. For ten points each,",
2022 SCOP MS 11,5,2,A,"Name this novel by J.D. Salinger, in which Holden Caulfield wanders New York after he is expelled from Pencey Prep.",The Catcher in the Rye
2022 SCOP MS 11,5,2,B,"In The Catcher in the Rye, Holden buys a “Little Shirley Beans” record for this girl, his younger sister.",Phoebe Caulfield (prompt on “Caulfield”)
2022 SCOP MS 11,5,2,C,"Holden takes Phoebe [FEE-bee] to ride the carousel in this park’s zoo. This long, thin New York park is named for running through the middle of Manhattan.",Central Park Zoo
2022 SCOP MS 11,5,3,L,"Many toilet bowl cleaners carry a warning not to mix them with bleach because deadly chloroform gas will result. Answer these questions about the chemistry of other household cleaning products, for ten points each.",
2022 SCOP MS 11,5,3,A,"Oven cleaners and drain cleaners that contain lye are examples of the “strong” type of these compounds, which have a pH greater than seven.",base (accept alkaline)
2022 SCOP MS 11,5,3,B,"This term labels soaps like Dawn and Tide, which use surfactants to make grease and fats more soluble in water, and therefore easier to wash away.",detergents
2022 SCOP MS 11,5,3,C,"Though more common in cooking, this compound, also known as baking soda, can be used to remove odors from laundry and coffee stains from cups.",sodium bicarbonate (accept sodium hydrogen carbonate and bicarbonate of soda; prompt on “bicarbonate”)
2022 SCOP MS 11,5,4,L,"Name some symphonies written by Ludwig van Beethoven, for ten points each.",
2022 SCOP MS 11,5,4,A,This middle symphony by Beethoven has a “fate knocking at the door” motif with a dramatic “short-short-short-long” pattern.,Symphony Number Five in C minor (accept Beethoven’s fifth symphony)
2022 SCOP MS 11,5,4,B,"Beethoven originally meant to dedicate this symphony to Napoleon. After Napoleon declared himself emperor of France, Beethoven scratched out the dedication and renamed it “Heroic” or “Eroica.”",Symphony Number Three in E-flat major (accept Beethoven’s third symphony; accept Eroica Symphony or Sinfonia Eroica before it is read)
2022 SCOP MS 11,5,4,C,"Although most Beethoven symphonies have four movements, this symphony has five. Each movement represents a different time of day by depicting a “Merry gathering of country folk” and a “Scene by the brook.”",Symphony Number Six in F Major (accept Beethoven’s sixth symphony; accept Pastoral Symphony or Pastorale)
2022 SCOP MS 11,5,5,L,"Give the following about the geography of the Iditarod [“eye”-dih-tah-rod], for ten points each.",
2022 SCOP MS 11,5,5,A,The Iditarod is an annual sled dog race that takes place over hundreds of miles in this US state.,Alaska
2022 SCOP MS 11,5,5,B,"The Iditarod begins in this most populous Alaskan city which, due to its polar location and size, is home to the surprisingly busy Ted Stevens International Airport.",Anchorage
2022 SCOP MS 11,5,5,C,The Iditarod ends in this town on the southern tip of the Seward Peninsula.,Nome
2022 SCOP MS 11,5,6,L,"In this collection of stories, Filomena, Fiametta, Lauretta, and seven other young nobles tell stories about “The Patient Griselda” and “Federigo’s Falcon” after fleeing Florence. For ten points each,",
2022 SCOP MS 11,5,6,A,Identify this collection of short stories by Giovanni Boccaccio named for the ten days of storytelling in which ten young nobles tell each other stories to pass the time.,The Decameron (accept Decamerone)
2022 SCOP MS 11,5,6,B,The young nobles in The Decameron flee to the country to escape this pandemic that devastated Europe in the fourteenth century.,plague (accept Black Plague; accept bubonic plague; accept Black Death)
2022 SCOP MS 11,5,6,C,The stories in The Decameron can be traced to earlier sources; several are from this collection of Middle Eastern folk stories that includes “Aladdin” and “Ali Baba.”,(The) One Thousand and One Nights (accept The Arabian Nights; accept (The) One Thousand and One Arabian Nights; accept Alf Laylah wa-Laylah)
2022 SCOP MS 11,5,7,L,"This government adopted the motto, “Work, Family, Fatherland” and was led by Philippe Pétain. For ten points each,",
2022 SCOP MS 11,5,7,A,Name this collaborationist puppet government that was established under duress from Germany in July 1940.,Vichy France (accept Vichy government)
2022 SCOP MS 11,5,7,B,This fascist German political party led by Adolf Hitler installed and controlled the Vichy government in France.,Nazi Party (accept National Socialist German Workers’ Party)
2022 SCOP MS 11,5,7,C,"This politician and general opposed the Vichy government, instead leading Free France during World War II. He later established the Fifth Republic in France.",Charles de Gaulle (accept Charles André Joseph Marie de Gaulle)
2022 SCOP MS 11,5,8,L,"In ancient Egyptian burials, these containers were guarded by representations of the four sons of Horus. For ten points each,",
2022 SCOP MS 11,5,8,A,"Name these containers that held the lungs, stomach, liver, and intestines of a mummified person.",canopic jars (accept canope; accept canopic chests)
2022 SCOP MS 11,5,8,B,"After mummification, the deceased would undergo a ritual called the “Opening of” this body part, which was believed to allow the person to eat and drink in the afterlife.",mouth (accept Opening of the Mouth)
2022 SCOP MS 11,5,8,C,"After mummification, the soul of the deceased would be judged by Anubis by having this bodily organ weighed against the Feather of Ma’at to determine whether they could enter the afterlife.",heart
2022 SCOP MS 11,5,9,L,"This Northern Democrat opposed John C. Breckinridge for his party’s presidential nomination in 1860. For ten points each,",
2022 SCOP MS 11,5,9,A,Name this “Little Giant” from Illinois who defended popular sovereignty in his Freeport Doctrine.,Stephen Douglas (accept Stephen Arnold Douglas)
2022 SCOP MS 11,5,9,B,"Stephen Douglas supported the adoption of popular sovereignty to decide whether states should allow slavery, leading to a period of violent armed conflict in this “bleeding” territory.",Kansas Territory (accept Bleeding Kansas)
2022 SCOP MS 11,5,9,C,"Douglas articulated the Freeport Doctrine during a series of debates against this Illinois politician, who served as president of the United States from 1861 until his assassination in 1865.",Abraham Lincoln
2022 SCOP MS 11,5,10,L,"Answer these questions about the American space program, for ten points each.",
2022 SCOP MS 11,5,10,A,Alan Shepard walked on the moon during mission fourteen of this space program. This program put the first astronauts on the moon during its mission eleven.,Apollo program
2022 SCOP MS 11,5,10,B,"Alan Shepard was also one of this program’s namesake “Seven.” As part of this program, Shepard became the first American to travel to space.",Mercury Program (accept Project Mercury)
2022 SCOP MS 11,5,10,C,"After the success of Project Mercury, Americans continued to orbit Earth in the first American one of these things, called Skylab. Russia’s first modular one of these things was called Mir [meer].",space stations
2022 SCOP MS 11,5,11,L,"In May of 2000, four hundred homes in Enschede [EN-shuh-day], Netherlands were destroyed in an explosion at a factory making these things. For ten points each,",
2022 SCOP MS 11,5,11,A,"Name these usually fun, explosive devices that send colored sparks into the air on the Fourth of July.",fireworks (accept equivalents like firecrackers)
2022 SCOP MS 11,5,11,B,"Poorly-stored, confiscated fireworks intensified an ammonium nitrate explosion that leveled buildings and left hundreds of thousands of people homeless in this Lebanese port city in 2020.",Beirut
2022 SCOP MS 11,5,11,C,"This city’s mayor, Eric Garcetti, has been called upon to make restitutions after fireworks explosives were unsafely detonated in a faulty bomb squad van owned by this city’s police department in June of 2021.",Los Angeles (accept LA; accept Los Angeles Police Department or LAPD)
2022 SCOP MS 11,5,12,L,"It was once common for high school students to determine this characteristic for themselves in the lab using a lancet and a Coombs antibody test. For ten points each,",
2022 SCOP MS 11,5,12,A,"Name this human trait whose “O-negative” type is called the universal donor, and whose “AB-positive” is the universal recipient.",blood type (accept blood group; prompt on partial answer)
2022 SCOP MS 11,5,12,B,"Blood typing is mandatory to avoid a fatal reaction during this procedure, in which a patient is given new blood intravenously from a donor.",blood transfusion
2022 SCOP MS 11,5,12,C,"The positive or negative designation in a person’s blood type refers to this factor, usually represented with two letters, which is named for the monkey species in which it was first observed.",Rh factor (accept Rh(D); accept rhesus factor)
2022 SCOP MS 11,5,13,L,"In this novel, Lenina Crowne accompanies Bernard Marx to an antiquated “Reservation” where they encounter an abandoned woman named Linda and her son. For ten points each,",
2022 SCOP MS 11,5,13,A,"Name this novel by Aldous Huxley in which John the Savage is shocked to be thrust into an engineered society of Alphas, Betas, Gammas, Deltas, and Epsilons.",Brave New World
2022 SCOP MS 11,5,13,B,The society in Brave New World is fanatically devoted to an assembly-line society inspired by this American car-maker.,Henry Ford
2022 SCOP MS 11,5,13,C,"This World Controller, referred to as “His Fordship,” suggests that John the Savage cannot fit into the “Brave New World” because he demands “the right to be unhappy.”",Mustapha Mond (accept either underlined name)
2022 SCOP MS 11,5,14,L,"Answer these questions about a group of Hindu deities collectively nicknamed the Tridevi, for ten points each.",
2022 SCOP MS 11,5,14,A,"The Tridevi are often described as being similar to the Trimurti, except that all three deities have this quality. Lakshmi is a deity with this quality, which sets her apart from her husband,",they are female (accept equivalents like women or goddesses)
2022 SCOP MS 11,5,14,B,"This member of the Tridevi is the goddess of wisdom and the wife of Brahma. She is often depicted with four arms, and carries a veena, a type of lute, to represent her love of music.",Saraswati (accept Sarasvati)
2022 SCOP MS 11,5,14,C,"The third member of the Tridevi, Parvati, is also known by this name in her aspect as the goddess of destruction. This blue-skinned goddess slays demons and other evil spirits.",Kalika
2022 SCOP MS 11,5,15,L,"The Cantor set, an example of these objects, is created by removing the middle third of a line segment, then removing the middle thirds of the two remaining segments, and so on. For ten points each,",
2022 SCOP MS 11,5,15,A,Name these mathematical objects that are often represented in art as images that resemble themselves at deep magnification.,fractals
2022 SCOP MS 11,5,15,B,"Fractals are named because they can be said to have a non-integer, or fractional, value for this quantity. Area-filling objects like planes have a value of two for this quantity, while space-filling objects like cubes have a value of three.",dimensions
2022 SCOP MS 11,5,15,C,"The term “fractal” was invented by this man, who used the coastline of Great Britain as an illustration of infinite repetitions of a form. One of the most famous fractals is a depiction of a set named for this man.",Benoit Mandelbrot (accept Benoit B. Mandelbrot; accept Mandelbrot set)
2022 SCOP MS 11,5,16,L,"Give the following about the US entrance into World War I, for ten points each.",
2022 SCOP MS 11,5,16,A,"This document intended to convince its recipient to distract the Americans in a land war so they wouldn’t join World War I. However, this document was intercepted by British Intelligence and used to convince the Americans to enter the war.",Zimmerman telegram (accept Zimmerman Cable; accept Zimmerman note)
2022 SCOP MS 11,5,16,B,"The Zimmerman telegram was sent by Germany to this country. The note promised this country that they would regain territory that had been lost to the US in, among other things, the 1848 Treaty of Guadalupe Hidalgo.",Mexico (accept United Mexican States; accept Estados Unidos Mexicanos)
2022 SCOP MS 11,5,16,C,"This President of the United States during World War I campaigned in 1916 on the slogan “He kept us out of war!”, then asked Congress to approve war following the Zimmerman telegram and a period of unrestricted submarine warfare.",Woodrow Wilson
2022 SCOP MS 11,5,17,L,"Answer the following about the work of Caribbean poet Derek Walcott, the author of the poem Omeros, for ten points each.",
2022 SCOP MS 11,5,17,A,"Omeros was inspired by this Homeric epic, in which Hector’s body is dragged around the walls of Troy to dishonor him for killing Patroclus in battle.",the Iliad (accept Ilias)
2022 SCOP MS 11,5,17,B,"In the Iliad, this nearly-invincible hero carries a shield showing a city at peace and at war. This hero and his enemy, Hector, are characterized as fishermen in Omeros.",Achilles (accept Achille)
2022 SCOP MS 11,5,17,C,"In Omeros, Achille and Hector are in love with this housemaid, whose name is a reference to the “face that launched a thousand ships” to begin the Trojan War.",Helen (accept Helen of Troy; accept Helen of Sparta)
2022 SCOP MS 11,5,18,L,"A bull stands over a woman mourning her child on the left of this painting. In the center, an impaled horse opens its mouth in pain under an exploding lightbulb. For ten points each,",
2022 SCOP MS 11,5,18,A,"Name this large, black-and-white painting that depicts the bombing of a Basque city during the Spanish Civil War.",Guernica
2022 SCOP MS 11,5,18,B,"Guernica is an anti-war painting by this Spanish artist, who painted The Old Guitarist during his somber “Blue Period.”",Pablo Picasso (accept Pablo Ruiz y Picasso)
2022 SCOP MS 11,5,18,C,"Pablo Picasso and his friend Georges Braque are credited with founding this artistic movement, which focused on creating geometric abstractions of three-dimensional shapes.",Cubism (accept word forms like Cubist)
2022 SCOP MS 11,5,19,L,"Give the following about the decolonization of Africa, for ten points each.",
2022 SCOP MS 11,5,19,A,"Guinea-Bissau, Mozambique, and Angola fought wars of independence against this European country with capital at Lisbon.",Portugal (accept Portugese Republic)
2022 SCOP MS 11,5,19,B,"In the late twentieth century, this former British colony lost power over several of its neighboring territories, such as Namibia and Lesotho [leh-soo-too].",South Africa (accept Republic of South Africa or RSA)
2022 SCOP MS 11,5,19,C,"This former French colony’s National Liberation Front, or FLN, won its independence in an eight-year war that ended with the Evian Accords.",Algeria (accept People’s Democratic Republic of Algeria)
2022 SCOP MS 11,5,20,L,"By substituting this law into the equation for electric flux, Gauss’s law can be derived. For ten points each,",
2022 SCOP MS 11,5,20,A,Name this law that states the electrostatic force between two particles is directly proportional to the magnitude of their charges and inversely proportional to the square of the distance between them.,Coulomb’s law
2022 SCOP MS 11,5,20,B,"Coulomb’s law also states that if one particle has a positive charge and the other is negative, then they will experience this type of interaction, also observed between the north and south poles of two magnets.",attraction (accept descriptions like they move towards each other)
2022 SCOP MS 11,5,20,C,"As a unit of electric charge, one coulomb is equivalent to one ampere-second. The ampere is the unit of this electric quantity, the flow of charged particles through a conductor. This quantity may be described as alternating or direct.",electric current (accept alternating current or direct current; prompt on “AC” or “DC”)
2022 SCOP MS 11,6,1,L,"Stentor, Euglena, and Spirogyra are among the organisms that can be seen in a drop of pond water examined under one of these devices. For ten points each,",
2022 SCOP MS 11,6,1,A,"Name this optical device with a stage and eyepiece, whose compound type may have maximum magnification of one thousand times.",light microscope
2022 SCOP MS 11,6,1,B,"Careful examination of a pond water slide is needed to find this type of slow, amorphous protozoan that moves by pseudopods and engulfs its prey by phago-cytosis.",amoeba (accept amoebae or amoebas; accept ameboids)
2022 SCOP MS 11,6,1,C,"In contrast to an amoeba, Paramecia appear to move quickly under the microscope because they are covered in these stiff, hair-like structures that beat back and forth.",cilia (accept cilium)
2022 SCOP MS 11,6,2,L,"This man’s nickname, Black Jack, was given to him as an instructor at West Point because of his service as the head of the 10th Cavalry, a Buffalo Soldier regiment. For ten points each,",
2022 SCOP MS 11,6,2,A,Name this leader of the Punitive Expedition into Mexico to capture Pancho Villa.,John “Black Jack” Pershing
2022 SCOP MS 11,6,2,B,"John Pershing was part of the Ghost Dance campaign to eliminate the last uprisings of the Lakota Indians. The Ghost Dance campaign culminated in this 1890 massacre in which two hundred fifty Lakota men, women, and children were killed by James Forsyth’s 7th US Cavalry.",Wounded Knee Massacre
2022 SCOP MS 11,6,2,C,"During World War I, these protected ditches were often partially flooded, causing soldiers to develop foot damage; in response, Pershing spearheaded the invention of a new kind of boot.",trenches
2022 SCOP MS 11,6,3,L,"Many of the Norse gods owned magical objects. For example, this god’s wife, Sif, possessed a golden cap made by the dwarven Sons of Ivaldi. For ten points each,",
2022 SCOP MS 11,6,3,A,"Name this bad-tempered lightning god for whom the Sons of Ivaldi created the hammer Mjolnir [mee-YOLL-neer]. During Ragnarok, the Norse apocalypse, this god and the great serpent Jormungandr̈ [YOR-mun-gon-dur] will kill each other in battle.",Thor (accept Donar)
2022 SCOP MS 11,6,3,B,"This queen of the Vanir, the Norse nature gods, owned a magical cloak made of falcon feathers which she could use to fly. She claimed half the souls of dead warriors for her mead-hall, Folkvangr.́","Freyja [FRAY-yah] (do not accept or prompt on “Frey,” “Freyr,” “Frigg,” or “Frigga”)"
2022 SCOP MS 11,6,3,C,This Norse goddess used her mystical spinning wheel to create the clouds. This wife of Odin is the goddess of both family life and clairvoyance.,Frigg (accept Frigga)
2022 SCOP MS 11,6,4,L,"In this play, Mark Antony gives a funeral oration that begins, “Friends, Romans, countrymen, lend me your ears.” For ten points each,",
2022 SCOP MS 11,6,4,A,"Name this Shakespeare play named for a Roman ruler, in which Antony mocks “an honorable man” who has helped assassinate the subject of his funeral oration.",Julius Caesar (accept The Tragedy of Julius Caesar; do not accept or prompt on partial answer)
2022 SCOP MS 11,6,4,B,"Antony’s speech mocks this man, a friend of Caesar who helps Cassius plan the assassination. Caesar is shocked that this man could hurt him, and asks “Et tu?” as he dies.","Brutus (accept Marcus Junius Brutus; accept “Et tu, Brute?”)"
2022 SCOP MS 11,6,4,C,"Brutus and Cassius are members of this Roman legislative body, who work together to kill Caesar. Caesar’s wife, Calphurnia, warns him against going to visit this group on the Ides of March.",Senate (accept Roman Senate; accept senators)
2022 SCOP MS 11,6,5,L,"Zeno of Elea is renowned for devising these statements, including one involving an arrow that seems to state that motion is impossible. For ten points each,",
2022 SCOP MS 11,6,5,A,Give this term for a statement that logically contradicts itself. Another famous example of these statements involves Achilles being unable to pass a tortoise in a footrace.,paradox
2022 SCOP MS 11,6,5,B,Simple paradoxes can often be solved with this principle named for a Franciscan friar. This idea is often stated as “the simplest solution is most likely to be the best one.”,Occam’s razor (prompt on “law of parsimony” or “principle of parsimony;” Note: The friar was William of Ockham.)
2022 SCOP MS 11,6,5,C,"Logician Willard Van Orman Quine described a paradox about non-existence as “[this philosopher’s] beard,” joking that Occam’s razor was unable to cut it. This mentor of Aristotle outlined his “theory of forms” in works like Republic.",Plato (accept Platon)
2022 SCOP MS 11,6,6,L,"In a painting of this season, Flora reaches into a pocket of flowers in her dress while, next to her, a blue Zephyrus grabs Chloris. For ten points each,",
2022 SCOP MS 11,6,6,A,"Name this season represented allegorically in a painting set in an orange grove. In the painting, the three Graces dance in a circle to welcome this season of rebirth.",spring (accept Primavera; accept Allegory of Spring)
2022 SCOP MS 11,6,6,B,"The Allegory of Spring, or Primavera, was painted by this Renaissance artist from Florence. This artist made several mythological paintings for his patrons, the Medici family.",Sandro Botticelli (accept Alessandro di Mariano di Vanni Filipepi)
2022 SCOP MS 11,6,6,C,"Flora, Chloris and Zephyrus also appear in this other mythological Botticelli painting, which depicts the title Roman goddess being blown to shore while standing on a seashell in this painting",The Birth of Venus (accept Nascita di Venere; do not accept or prompt on “Venus” alone; do not accept or prompt on “Aphrodite”)
2022 SCOP MS 11,6,7,L,"A poem about a man with this profession reflects that “each morning sees some task begin, / each evening sees it close; / something attempted, something done, / has earned a night’s repose.” For ten points each,",
2022 SCOP MS 11,6,7,A,"Name this profession. A man with this profession opens a poem by standing “under a spreading chestnut-tree,” and entertains his village’s children with his bellows.",blacksmith (accept smith or smithy; accept The Village Blacksmith)
2022 SCOP MS 11,6,7,B,"The author of “The Village Blacksmith” also wrote a poetic profile of this American hero. In the poem, this man rides “to every Middlesex village and farm” to warn that the British are marching to Lexington and Concord.",Paul Revere (accept Paul Revere’s Ride)
2022 SCOP MS 11,6,7,C,"This American poet wrote “The Village Blacksmith,” “Paul Revere’s Ride,” and Evangeline.",Henry Wadsworth Longfellow
2022 SCOP MS 11,6,8,L,"The notation “N choose K” is often used to denote this mathematical concept. For ten points each,",
2022 SCOP MS 11,6,8,A,Give this term for a selection of objects out of a group in which the order that the objects are chosen does not matter.,combinations
2022 SCOP MS 11,6,8,B,"In this related concept symbolized with a P, the order in which the numbers are chosen does matter.",permutations
2022 SCOP MS 11,6,8,C,"The formulas for both permutations and combinations involve factorials, in which an integer is multiplied by every positive integer less than it. The expression “n factorial” is written using this punctuation mark.",exclamation point (or exclamation mark)
2022 SCOP MS 11,6,9,L,"This royal’s reputation was destroyed after another woman forged letters in her name to acquire jewelry in the Diamond Necklace Affair. For ten points each,",
2022 SCOP MS 11,6,9,A,"Name this last queen of France before the Revolution, who was executed not long after her husband, Louis XVI [sixteenth].",Marie Antoinette (accept Maria Antonia Josepha Johanna)
2022 SCOP MS 11,6,9,B,"Upon learning that French peasants were no longer able to afford bread, Marie Antoinette allegedly remarked, “Let them eat” this instead.",cake (accept brioche)
2022 SCOP MS 11,6,9,C,"Marie Antoinette was killed at the beginning of this bloody period of the French Revolution. This period ended when its leader, Maximilian Robespierre, was also executed.",Reign of Terror (accept The Terror; accept La Terreur)
2022 SCOP MS 11,6,10,L,"The center of Yellowstone National Park sits within one of these geologic structures, the remains of an eruption from six hundred forty thousand years ago. For ten points each,",
2022 SCOP MS 11,6,10,A,Name this hollow depression that forms when an eruption causes a volcano to collapse. Mount Mazama’s eruption created one of these structures that filled with water and became Crater Lake.,caldera
2022 SCOP MS 11,6,10,B,"A caldera can result from the release of this hot, molten rock during an eruption. Before this substance reaches the surface, it is called magma.",lava
2022 SCOP MS 11,6,10,C,"The Hawaiian islands contain few calderas because they were formed over one of these regions where mantle plumes push magma up towards the crust, creating fairly constant lava flows.",hotspots
2022 SCOP MS 11,6,11,L,"This company’s president is Hidetaka Miyazaki, a game designer who is credited with creating the defining games of a genre that focuses on punishing gameplay in a gritty, medieval setting. For ten points each,",
2022 SCOP MS 11,6,11,A,Name this Japanese game company behind Armored Core and Elden Ring.,FromSoftware
2022 SCOP MS 11,6,11,B,Players battle Saint Aldrich and Prince Lothric in the third entry of this notoriously difficult FromSoftware medieval action-RPG series that began in 2009.,"Souls (accept Dark Souls I, II, or III; accept Demon’s Souls)"
2022 SCOP MS 11,6,11,C,"The Souls series spawned a generation of “Souls-like” games, including this FromSoftware game in which the city of Yharnam is beset by a mysterious illness that transforms people infected with it into monstrous beasts.",Bloodborne
2022 SCOP MS 11,6,12,L,"The qibla [kee-blah], the direction Muslims should face to pray, points toward the Kaaba in this city. For ten points each,",
2022 SCOP MS 11,6,12,A,"Name this Saudi Arabian city, the birthplace of Muhammad.",Mecca (accept Makkah)
2022 SCOP MS 11,6,12,B,"Any Muslim who is both financially and physically able is expected to perform this pilgrimage to Mecca at least once in their life. During this pilgrimage, Muslims circle the Kaaba and perform the metaphorical Stoning of the Devil.",Hajj
2022 SCOP MS 11,6,12,C,"According to the Quran, this prophet and ancestor of Muhammad helped build the Kaaba with his father, Ibrahim.",Ismail (accept Ishmael)
2022 SCOP MS 11,6,13,L,"This novel’s title character avoids humans who remind him of Yahoos, and instead prefers to talk to creatures that remind him of the wise and dignified Houyhnhnms [h-WIN-hims]. For ten points each,",
2022 SCOP MS 11,6,13,A,"Name this satirical adventure novel by Jonathan Swift that describes the title man’s adventures in strange countries like Lilliput, which is populated by six-inch-tall humans.","Gulliver’s Travels (accept Travels into Several Remote Nations of the World, In Four Parts, by Lemuel Gulliver, First a Surgeon, and then a Captain of Several Ships)"
2022 SCOP MS 11,6,13,B,"Gulliver’s adventures in Lilliput take up the first part of Gulliver’s Travels. In the second part, Gulliver ends up in Brobdingnag, a country whose inhabitants have this trait, and where Gulliver is kept as a pet in a cage.",giant (accept descriptions like they are tall)
2022 SCOP MS 11,6,13,C,"To console himself for having to leave the land of the Houyhnhnms, Gulliver purchases two of these animals, and talks to them for hours each day in their stables.",horses (accept stone-horses)
2022 SCOP MS 11,6,14,L,"Answer the following about a defunct Cabinet position, for ten points each.",
2022 SCOP MS 11,6,14,A,This member of Franklin Pierce’s cabinet later became the first and only president of the Confederate States of America.,Jefferson Davis (accept Jefferson Finis Davis)
2022 SCOP MS 11,6,14,B,"Prior to defecting, Jefferson Davis held this now-defunct Cabinet position, which was replaced by the Secretary of Defense in 1947.",Secretary of War
2022 SCOP MS 11,6,14,C,"The first Secretary of War was this general of the American Revolutionary War, who crossed the Delaware River alongside George Washington.",Henry Knox
2022 SCOP MS 11,6,15,L,"By placing a thermometer next to the color spectrum produced by a prism, Sir William Herschel discovered this form of radiation. For ten points each,",
2022 SCOP MS 11,6,15,A,"Name this type of radiation with wavelengths just longer than visible light. About half of the solar energy that reaches Earth is this form, commonly referred to as “heat radiation.”",infrared radiation (accept IR radiation)
2022 SCOP MS 11,6,15,B,This type of radiation with wavelengths between one millimeter and one meter is near infrared on the EM spectrum. These waves are especially good at exciting water molecules in their namesake cooking device.,microwaves (accept microwave radiation)
2022 SCOP MS 11,6,15,C,"Microwaves have largely supplanted radio waves in this technology that can be used to enforce speed limits, track storms, and monitor for enemy aircraft.",radar (accept radio detection and ranging)
2022 SCOP MS 11,6,16,L,"When it was a French autonomous republic, this country shared its name with one of its official languages, Malagasy [mal-ah-gah-see]. For ten points each,",
2022 SCOP MS 11,6,16,A,Name this island country off the east coast of Africa with capital at Antananarivo [ahn-tah-nah-nah-ree-voh].,Madagascar (accept Republic of Madagascar; accept Repoblikan’i Madagasikara)
2022 SCOP MS 11,6,16,B,"Madagascar is the only native home of these primates, which spend most of their time in trees. The ring-tailed species of this animal is on the endangered species list due to habitat loss.",lemurs (accept ring-tailed lemurs)
2022 SCOP MS 11,6,16,C,Lemurs are endemic to Madagascar because the island is separated from mainland Africa by this body of water.,Mozambique Channel (accept Lakandranon’i Mozambika)
2022 SCOP MS 11,6,17,L,"To conduct current, a galvanic cell or battery must possess both an anode and this electrode. For ten points each,",
2022 SCOP MS 11,6,17,A,Name this positive electrode where the reduction reaction occurs. This electrode is made of copper in a zinc-copper cell.,cathodes
2022 SCOP MS 11,6,17,B,The Nernst equation can determine the voltage of a zinc-copper cell if these quantities are known for the two ions. This quantity is usually expressed in molarity or moles per liter.,concentrations
2022 SCOP MS 11,6,17,C,"To allow flow of ions between the two electrodes, a porous cup or one of these devices may be used. A typical one of these devices is a U-shaped glass tube filled with an electrolyte solution.",salt bridges
2022 SCOP MS 11,6,18,L,"Give the following about the Non-Aligned Movement, an organization of countries interested in protecting their interests against both the Soviet-dominated Warsaw Pact and the US-dominated NATO, for ten points each.",
2022 SCOP MS 11,6,18,A,"The concept of non-alignment was developed by diplomats during discussions in this international body, as countries like India and Yugoslavia refused to contribute to this body’s effort to help South Korea during the Korean War. The US is one of five permanent members of this global body’s Security Council.",United Nations (accept UN)
2022 SCOP MS 11,6,18,B,"The Non-Aligned Movement grew out of the Bandung Conference, a 1955 meeting hosted by President Sukarno on this country’s island of Java.",Indonesia (accept Republic of Indonesia; accept Republik Indonesia)
2022 SCOP MS 11,6,18,C,"The Non-Aligned Movement was co-founded by, among other leaders, this President of Egypt who led from 1956 to 1970.",Gamal Abdel Nasser (accept Jamal ‘Abd al-Nasir; accept Gamal Abdel Nasser Hussein)
2022 SCOP MS 11,6,19,L,"Beethoven wrote a set of pieces for this type of ensemble dedicated to Count Razumovsky. For ten points each,",
2022 SCOP MS 11,6,19,A,"Name this type of chamber ensemble consisting of two violins, a viola, and a cello.",string quartet (prompt on partial answers like “string ensemble”)
2022 SCOP MS 11,6,19,B,"In addition to being the “father of the symphony,” this Austrian composer is considered the “father of the string quartet.” This man wrote sixty-eight string quartets, including “Sunrise” and “Emperor.”",Joseph Haydn (accept Franz Joseph Haydn)
2022 SCOP MS 11,6,19,C,Mozart wrote a set of six string quartets dedicated to Haydn; the last one in the set is nicknamed for this musical feature. This musical term refers to harmonies that sound harsh or unpleasant.,dissonance (accept word forms like dissonant; accept Dissonance quartet)
2022 SCOP MS 11,6,20,L,"This play’s protagonist burns Eilert Lovborg’s manuscript after driving him to commit suicide. For ten points each,",
2022 SCOP MS 11,6,20,A,"Name this play in which the title woman, the wife of George Tesman, kills herself while being blackmailed by Judge Brack.",Hedda Gabler
2022 SCOP MS 11,6,20,B,"Hedda Gabler is set in nineteenth-century Kristiania, a city that was renamed Oslo in 1927. It is the capital of this country, which is also the home nation of the play’s author.",Norway (accept Kingdom of Norway; Norge or Noreg; accept Kongeriket Norge)
2022 SCOP MS 11,6,20,C,"This Norwegian playwright wrote Hedda Gabler, The Wild Duck, and A Doll’s House.",Henrik Ibsen (accept Henrik Johan Ibsen)
2022 SCOP MS 11,7,1,L,"This author wrote about the fictional science fiction writer Kilgore Trout in novels like Timequake and God Bless You, Mr Rosewater. For ten points each,",
2022 SCOP MS 11,7,1,A,Name this American author of Breakfast of Champions and a novel in which Billy Pilgrim becomes “unstuck in time.”,"Kurt Vonnegut, Jr."
2022 SCOP MS 11,7,1,B,"Billy Pilgrim shifts through time in this novel, which bounces from the firebombing of Dresden to Billy’s life with his wife Valencia, to his capture by Tralfamadorian aliens.","Slaughterhouse-Five, or The Children’s Crusade: A Duty-Dance with Death"
2022 SCOP MS 11,7,1,C,Slaughterhouse-Five is named for the building where Billy is kept as a prisoner during this war. Billy is captured by the Germans at the Battle of the Bulge in this war.,World War II (accept equivalents like second world war)
2022 SCOP MS 11,7,2,L,"Pliny the Younger wrote an account of how he fled the destruction of this city and how his uncle, Pliny the Elder, didn’t escape. For ten points each,",
2022 SCOP MS 11,7,2,A,"Name this city that was destroyed by the eruption of Mount Vesuvius, burying its citizens under a thick layer of ash.",Pompeii
2022 SCOP MS 11,7,2,B,"Many walls in the ruins of ancient Pompeii are covered in these messages; for example, two men named Gaius and Aulus announced that they “were here” with this illicit type of wall art.",graffiti (accept graffito)
2022 SCOP MS 11,7,2,C,"Like Pompeii, this rich seaside city was destroyed and well preserved by Vesuvius’s ash. The Villa of the Papyri can be found in this city’s ruins.",Herculaneum
2022 SCOP MS 11,7,3,L,"This body’s phases include “waxing crescent” and “waning gibbous.” For ten points each,",
2022 SCOP MS 11,7,3,A,"Identify this natural satellite of Earth that experiences a cycle of “new,” “quarter,” and “full” phases about once every thirty days.",Earth’s moon (accept Luna)
2022 SCOP MS 11,7,3,B,"In 1610, Galileo described the moon-like phases of this planet, and concluded they could only be possible in a heliocentric solar system. This planet’s orbit and phase cycle take about two hundred twenty-five days.",Venus
2022 SCOP MS 11,7,3,C,"Venus in its “new” phase looks larger than a “full” Venus because of the inferior type of this event, in which Earth, Venus, and the Sun form a straight line. Eclipses may take place during these events.",inferior conjunction (accept syzygy)
2022 SCOP MS 11,7,4,L,"This country shares the highest lake in the world, Lake Titi-caca, with Bolivia. For ten points each,",
2022 SCOP MS 11,7,4,A,"Name this South American country whose capital was moved from this country’s archaeological site of Vitcos to its modern capital, Lima, after the Spanish invaded the Incan Empire.",Peru (accept Republic of Peru; accept Republica del ´ Peru´)
2022 SCOP MS 11,7,4,B,"Prior to Spanish colonization of what is now Peru, it contained Incan cultural centers like Vitcos, Cuzco, and this mountainous city explored by Hiram Bingham.",Machu Picchu
2022 SCOP MS 11,7,4,C,"Machu Picchu [mah-choo pee-choo] is located in this mountain range, the longest continental range on Earth, which stretches down the western side of South America.",Andes Mountains
2022 SCOP MS 11,7,5,L,"Johannes Kepler conjectured that a cubic packing and a hexagonal packing of these objects were tied as the most efficient method of packing them. For ten points each,",
2022 SCOP MS 11,7,5,A,"Name these three-dimensional objects whose volume is given by the formula “four-thirds, times pi, times the radius cubed.”",spheres (accept balls)
2022 SCOP MS 11,7,5,B,"Because they are perfectly round, spheres have none of these points that are formed by the meeting of two or more edges.",vertex (accept vertices; prompt on “corners” or “angles”)
2022 SCOP MS 11,7,5,C,"Archimedes calculated that, if a sphere is inscribed within one of these shapes, the sphere’s volume will be two-thirds the volume of this shape.",cylinder
2022 SCOP MS 11,7,6,L,"Answer the following about operas by Wolfgang Amadeus Mozart, for ten points each.",
2022 SCOP MS 11,7,6,A,"In an opera named for one of these instruments, the Queen of the Night gives Pamina a knife and Tamino a “magic” one of these instruments to get revenge on the priest Sarastro.",flute (accept The Magic Flute or Die Zauberflote ¨ )
2022 SCOP MS 11,7,6,B,"In Mozart’s opera Don Giovanni, the seductive protagonist is visited by the Commendatore, the ghostly father of one of his romantic conquests, who drags him off to hell by possessing one of these objects.",statues (accept sculptures; accept statue of the Commendatore)
2022 SCOP MS 11,7,6,C,This misogynistic comic opera is about two men who lose a bet when they seduce their fiancees while in disguise. ´ The title of this opera translates loosely as “all women are like that.”,"Cos`ı fan tutte (accept Cos`ı fan tutte, ossia la scuola degli amanti)"
2022 SCOP MS 11,7,7,L,"A novel by this author follows seven generations of the Buend´ıa family in their hometown of Macondo. For ten points each,",
2022 SCOP MS 11,7,7,A,"Name this author of One Hundred Years of Solitude. Because his name is Spanish, he has two surnames, the first inherited from his father and the second from his mother; therefore, the first of his two last names is required.",Gabriel Garc´ıa Marquez (prompt on “M ´ arquez”) ´
2022 SCOP MS 11,7,7,B,"Gabriel Garc´ıa Marquez is from this South American country, where ´ One Hundred Years of Solitude is set. Its capital is Bogota.´",Colombia (accept Republic of Colombia or Republica de ´ Colombia)
2022 SCOP MS 11,7,7,C,"The seventh generation of the Buend´ıa family is made up entirely of a baby boy, Aureliano, who has the tail of one of these animals. In the novel Charlotte’s Web, Wilbur is one of these animals.",pig (accept equivalents like swine)
2022 SCOP MS 11,7,8,L,"Activism groups, such as the Society for Human Rights and the Mattachine Society, typically avoided using this word in their names until 1969. For ten points each,",
2022 SCOP MS 11,7,8,A,"Give this term, the “G” in “LGBT.”","gay (do not accept or prompt on other terms, like “homosexual”)"
2022 SCOP MS 11,7,8,B,"On June 28, 1969, police raided this Mafia-owned gay bar in Greenwich Village in New York. The ensuing anti-police riot catalyzed the gay rights movement and led to the formation of the Gay Liberation Front.",Stonewall Inn (accept descriptions like Stonewall riots or Stonewall uprising)
2022 SCOP MS 11,7,8,C,"One year after Stonewall, the first of these public events took place. These events celebrate the progress of the LGBT community and often feature people waving rainbow flags as they march down streets.","Pride parades (accept additional information, such as Gay Pride parades; prompt on partial answers)"
2022 SCOP MS 11,7,9,L,"To supplement your college fund, you’ve decided to become an organic tomato farmer. Answer these horticultural questions, for ten points each.",
2022 SCOP MS 11,7,9,A,"You can use compost or manure as an organic one of these nutrient supplements for your crop. These substances should contain sufficient levels of nitrogen, phosphorus, and potassium.",fertilizer (prompt on “plant food”)
2022 SCOP MS 11,7,9,B,"If your leaves turn yellow, it’s a good bet that the soil is deficient in magnesium, a necessary component of this plant pigment.",chlorophyll
2022 SCOP MS 11,7,9,C,"Fortunately, you no longer have to worry about convincing customers that tomatoes are edible, unlike their relatives henbane and belladonna in this plant family.",nightshade (accept Solanaceae)
2022 SCOP MS 11,7,10,L,"This religion’s Ise Grand Shrine [ee-say grand shrine] is rebuilt every twenty years, and is said to hold the sacred mirror used to lure Amaterasu [ah-mah-tay-rah-soo] out of a cave. For ten points each,",
2022 SCOP MS 11,7,10,A,Name this native religion of Japan that believes all things have a spiritual energy called kami [kah-mee].,Shintoism (accept kami-no-michi [kah-mee-noh-mee-chee])
2022 SCOP MS 11,7,10,B,"These red gates are found outside of Shinto shrines, and mark the boundary between the everyday world and the sacred world.",torii [toh-ree]
2022 SCOP MS 11,7,10,C,"These animals are the messengers of Inari [ee-nah-ree], one of the principal kami. In Shinto, these animals can have up to nine tails, each one indicating their level of wisdom.",foxes (accept kitsune [kit-soo-nay])
2022 SCOP MS 11,7,11,L,"This novel’s protagonist is horrified to discover a corpse dressed in a blue uniform like his own while he flees from battle. For ten points each,",
2022 SCOP MS 11,7,11,A,"Name this novel in which Henry Fleming witnesses the death of Jim Conklin and other Union soldiers, and comes to regret his desire for the title mark of valor.",The Red Badge of Courage
2022 SCOP MS 11,7,11,B,"The Red Badge of Courage is set during this war. In Ambrose Bierce’s “An Occurrence at Owl Creek Bridge,” Payton Farquhar is executed for supporting the Confederacy in this war.",American Civil War
2022 SCOP MS 11,7,11,C,This author of The Red Badge of Courage also wrote Maggie: A Girl of the Streets and “The Bride Comes to Yellow Sky.”,Stephen Crane
2022 SCOP MS 11,7,12,L,"The background of this painting includes a red-curtained bed and a chandelier with one candle in it. For ten points each,",
2022 SCOP MS 11,7,12,A,"Name this painting by Jan van Eyck [yahn van “eye”k], in which an Italian merchant in an enormous, black hat stands next to his wife, who wears a sumptuous green dress.",The Arnolfini Wedding (accept The Arnolfini Portrait; accept Giovanni Arnolfini and his Bride; accept any description including the name Arnolfini and the idea of marriage)
2022 SCOP MS 11,7,12,B,"The background of The Arnolfini Wedding includes an incredibly detailed, convex one of these decorations, surrounded by ten illustrations of the stations of the cross.",convex mirror
2022 SCOP MS 11,7,12,C,"In the painting, a small one of these animals stands at the feet of the couple to represent loyalty. Diego Velazquez’s painting Las Meninas, includes a large mastiff, one of these domestic animals.",dogs
2022 SCOP MS 11,7,13,L,"Give the following about 2021’s The Matrix Resurrections, for ten points each.",
2022 SCOP MS 11,7,13,A,This actor returns to the franchise as Neo. Popular supercuts of this actor’s work in film franchises like John Wick and the Bill and Ted films often focus on him saying “Whoa.”,Keanu Reeves (accept Keanu Charles Reeves)
2022 SCOP MS 11,7,13,B,"The Matrix was created by a pair of filmmaking sisters with this last name. Lana, but not Lilly, returns to direct The Matrix Resurrections.",Wachowskis (accept Wachowski sisters; accept Lana and/or Lilly Wachowski)
2022 SCOP MS 11,7,13,C,"New to the Matrix series is Jonathan Groff, who originated the Hamilton role of King George III on Broadway, and who voices Kristoff in this Disney franchise.",Frozen
2022 SCOP MS 11,7,14,L,"Though it is perhaps not its most famous application, formaldehyde is mainly used to make resins for products like particle board and laminate flooring. Answer these questions about its chemistry, for ten points each.",
2022 SCOP MS 11,7,14,A,"Formaldehyde is classified as this type of compound, along with benzene and sugar, because it contains carbon and is produced by cellular reactions.",organic compound
2022 SCOP MS 11,7,14,B,Formaldehyde is synthesized industrially by the oxidation of this simplest alcohol with formula CH3OH [C-H-3-O-H].,methanol (accept methyl alcohol; accept wood alcohol)
2022 SCOP MS 11,7,14,C,Formaldehyde has traditionally been a major component of the fluid injected into a body during this process that fixes tissues and slows decomposition by microorganisms.,embalming (accept word forms like embalms)
2022 SCOP MS 11,7,15,L,"This poet’s rivalry with John Keats was so intense that he used the poem Don Juan [don JOO-an] to mock him after death, claiming that Keats had died from reading a bad review of his work instead of from tuberculosis. For ten points each,",
2022 SCOP MS 11,7,15,A,Name this English Romantic poet. Keats was convinced that this nobleman had bought good reviews for works like Childe Harold’s Pilgrimage.,"Lord Byron (accept George Gordon, Lord Byron; accept George Gordon Noel Byron, sixth Baron Byron)"
2022 SCOP MS 11,7,15,B,"Keats wrote many of his own poems in this poetic style, in which the author directly addresses a subject. Keats wrote poems of this type “on a Grecian Urn” and “to a Nightingale.”",odes (accept Ode on a Grecian Urn; accept Ode to a Nightingale)
2022 SCOP MS 11,7,15,C,"Byron died in Missolonghi, and became a national hero during this country’s war of independence. This Mediterranean country is led from Athens.",Greece (accept Hellenic Republic; accept Ellada´ or Hellas; accept Ellinik´ı Dimokrat´ıa)
2022 SCOP MS 11,7,16,L,"Answer these questions about Heracles’ twelve labors, for ten points each.",
2022 SCOP MS 11,7,16,A,"The first labor was to kill this animal from Nemea, whose golden fur was impenetrable to arrows. After strangling this creature, Heracles used one of its own claws to skin its pelt, which he used as armor.",Nemean lion
2022 SCOP MS 11,7,16,B,"For his ninth labor, Heracles traveled to Themyscira [them-mes-skee-rah] to get the belt of this queen of the Amazons.",Hippolyta (accept Hippolyte; do not accept “Hippolytus”)
2022 SCOP MS 11,7,16,C,"In his final labor, Heracles had to capture this three-headed beast that guards the gates of Hades.",Cerberus (accept Kerberos)
2022 SCOP MS 11,7,17,L,"In July 1990, this country was accused of slant drilling into the Rumaila oil field; a month later, this country was invaded. For ten points each,",
2022 SCOP MS 11,7,17,A,Name this Middle Eastern country. American forces supported this occupied country during the First Gulf War.,Kuwait (accept State of Kuwait or Dawlat al-Kuwayt)
2022 SCOP MS 11,7,17,B,"Kuwait’s oil infrastructure was heavily damaged in the First Gulf War after it was invaded by this neighboring country, which was led at the time by Saddam Hussein from Baghdad.",Iraq (accept Republic of Iraq or Jumhuriyah al-’Iraq)
2022 SCOP MS 11,7,17,C,"During the Gulf War, the US effort was largely staged from this southern neighbor of Kuwait. This largest country in the Middle East controls much of the region’s shipping, as it is the only country with shorelines on both the Persian Gulf and the Red Sea.",Saudi Arabia (accept Kingdom of Saudi Arabia or KSA; accept Al-Mamlakah al-’Arabiyah as-Sa’udiyah)
2022 SCOP MS 11,7,18,L,"The adiabatic index and the propagation constant are among the many quantities in physics represented by a lowercase Greek letter gamma. Answer these questions about its other uses, for ten points each.",
2022 SCOP MS 11,7,18,A,"Small gamma also represents specific weight, a quantity equal to density times this number. This is the value of gravitational acceleration in meters per second squared at Earth’s surface, rounded to one decimal place.",9.8 m/s2 [meters per second squared] (accept 9.8 m/s/s [meters per second per second])
2022 SCOP MS 11,7,18,B,"On a Feynman diagram, a small gamma and a wavy line represent one of these particles that carry the electromagnetic force and are the basic units of light.",photons
2022 SCOP MS 11,7,18,C,"In special relativity, small gamma represents a factor named for this Dutch physicist. This man’s namesake factor is used in calculations of time dilation and length contraction.",Hendrik Lorentz (accept Hendrik(us) Albertus Lorentz; accept Lorentz factor)
2022 SCOP MS 11,7,19,L,"Give the following about 2021 electoral efforts that have been derided as wasteful, for ten points each.",
2022 SCOP MS 11,7,19,A,"This country’s Prime Minister, Justin Trudeau, called for a snap election in September. Only twenty-four of three hundred thirty-eight seats changed parties in the election, which cost this country over six hundred million dollars.",Canada
2022 SCOP MS 11,7,19,B,Republican efforts to recount the 2020 Presidential election in Maricopa County in this southwestern state concluded in September and found that Joe Biden won the state by even more votes than previously indicated.,Arizona
2022 SCOP MS 11,7,19,C,"On September 14th, polls closed in the election to recall this Governor of California. The effort to recall this man failed by more than three million votes and cost roughly three hundred million dollars.",Gavin Newsom (accept Gavin Christopher Newsom)
2022 SCOP MS 11,7,20,L,Give the following about the Adams family for ten points each.,
2022 SCOP MS 11,7,20,A,"John Adams was married to this early feminist, who advised him to “remember the ladies” in one of their numerous correspondences.",Abigail Adams (accept Abigail Smith Adams)
2022 SCOP MS 11,7,20,B,John Adams was a member of this political faction that pushed for the newly-founded America to have a strong central government. Adams was the only man elected President from this political party.,Federalists (accept Federalist Party)
2022 SCOP MS 11,7,20,C,"John Adams’s cousin Samuel led the Sons of Liberty in this raid on three merchant ships, the Eleanor, Beaver, and Dartmouth.",Boston Tea Party
2022 SCOP MS 11,8,1,L,"Nicotine addiction results when the drug binds to receptors for this neuro-transmitter in the brain. For ten points each,",
2022 SCOP MS 11,8,1,A,Name this neurotransmitter released by motor neurons to stimulate contraction of skeletal muscles. Voluntary movement requires that this neurotransmitter not be inhibited.,acetylcholine (accept ACh)
2022 SCOP MS 11,8,1,B,"Powerful inhibitors of the acetyl-choline receptor system are found naturally in the venom of some of these animals, such as the sea krait and black mamba.",snakes (accept serpents or Serpentes)
2022 SCOP MS 11,8,1,C,"Another acetylcholine inhibitor is botulinum toxin, which can smooth wrinkles, but also causes a deadly form of this condition when present in canned goods.",food poisoning (anti-prompt on “botulism” by asking “what type of condition is botulism?” but do not accept or prompt on other types of food poisoning)
2022 SCOP MS 11,8,2,L,"Maurice Ravel and this composer have both been called musical “Impressionists,” although they both rejected the label. For ten points each,",
2022 SCOP MS 11,8,2,A,"Name this French composer who wrote the symphonic poem Prelude to the Afternoon of a Faun, the opera Pelleas ´ et Melisande ´ , and the orchestral suite La Mer.",Claude Debussy (accept Achille Claude Debussy)
2022 SCOP MS 11,8,2,B,"Debussy created an arrangement of La Mer for four hands, which requires two people to play this common keyboard instrument with black and white keys.",piano (accept pianoforte or fortepiano; accept specific answers like grand piano)
2022 SCOP MS 11,8,2,C,"In Prelude to the Afternoon of a Faun, the flute plays a solo using this kind of scale. On the piano, this kind of scale can be played using the twelve black and white keys between one note and the octave above it.",chromatic (accept chromatic scale; accept word forms like chromaticity)
2022 SCOP MS 11,8,3,L,"Legendary figures are popular topics in literature. Answer the following about literary characters drawn from European legends, for ten points each.",
2022 SCOP MS 11,8,3,A,This English hero helps William of Ivanhoe in a novel by Sir Walter Scott. This skilled archer led the Merry Men in a quest to rob the rich and give to the poor.,Robin Hood (accept either underlined name; accept either underlined name of Robin of Locksley; the novel is Ivanhoe)
2022 SCOP MS 11,8,3,B,This legendary German figure negotiates with Mephistopheles to gain magical powers in works by Christopher Marlowe and Johan Wolfgang von Goethe [gur-tuh].,Faust (accept Doctor Faustus or The Tragical History of the Life and Death of Doctor Faustus; accept Johan Georg Faust)
2022 SCOP MS 11,8,3,C,"This modern country is the home of The Song of Roland, a poem about a legendary general who served under Charlemagne, wielded the sword Durendal, and burst his temples while blowing his oliphant horn during a battle.",France (accept French Republic; accept La France; accept Republique ´ francaise)
2022 SCOP MS 11,8,4,L,"Failure to uphold this document’s Clause Sixty-One led to the First Barons War. For ten points each,",
2022 SCOP MS 11,8,4,A,"Name this document that guaranteed certain rights for nobles, as well as a system of balances against the king’s rule. It was signed in 1215 by King John.",Magna Carta Libertatum (accept Great Charter of Freedoms)
2022 SCOP MS 11,8,4,B,"The Magna Carta was written for this country, which later merged with Scotland to form the Kingdom of Great Britain.",Kingdom of England (do not accept or prompt on “Great Britain”)
2022 SCOP MS 11,8,4,C,"The Magna Carta created the first modern form of this English governing body, which in modern times is made up of the House of Lord and House of Commons.",English Parliament (accept Parliament of England; accept Parliament of the United Kingdom)
2022 SCOP MS 11,8,5,L,"This author recounted her lifelong friendship with her teacher Anne Sullivan in The Story of My Life. For ten points each,",
2022 SCOP MS 11,8,5,A,Name this prolific Alabama activist and author who learned new communication strategies after losing her sight and hearing to illness as a young child.,Helen Keller (accept Helen Adams Keller)
2022 SCOP MS 11,8,5,B,"Helen Keller was a founding member of this nonprofit organization, which developed out of the CLB in 1920. This organization focuses on defending constitutional rights and social welfare in court.",ACLU (accept American Civil Liberties Union)
2022 SCOP MS 11,8,5,C,"Keller was an active member of this political party, and supported its candidate Eugene V. Debs. Upton Sinclair’s novel The Jungle was an attempt to sway readers to join this populist political party.",socialism (accept word forms like socialists; accept Socialist Party (of America) or SPA)
2022 SCOP MS 11,8,6,L,"The metal activity series predicts that aluminum will take the place of silver in a solution due to one of these reactions. For ten points each,",
2022 SCOP MS 11,8,6,A,Name this type of chemical reaction in which one element replaces another in a compound. These reactions have the general form “A plus B C yields B plus A C.”,single-displacement reaction (accept single-replacement reaction)
2022 SCOP MS 11,8,6,B,"The first metals in the activity series, including potassium and lithium, are all members of this highly reactive group.",alkali metals (accept Group 1; do not accept or prompt on “alkaline metals” or “alkaline earth metals”)
2022 SCOP MS 11,8,6,C,"At the bottom of the activity series is this transition metal, found in a car’s catalytic converter, that is more expensive than gold when used in jewelry.",platinum (accept Pt)
2022 SCOP MS 11,8,7,L,"This biblical book describes the resurrection of Dorcas, God’s smiting of Sapphira, and multiple religious conversions. For ten points each,",
2022 SCOP MS 11,8,7,A,Name this book from the Christian New Testament that follows the four canonical gospels and describes the doings of the Apostles.,Book of Acts (accept Acts of the Apostles)
2022 SCOP MS 11,8,7,B,Much of the Book of Acts concerns the travels of this Apostle from Tarsus. This man changed his name after a spiritual encounter on the way to Damascus inspired him to convert.,Saint Paul the Apostle (accept Saul of Tarsus)
2022 SCOP MS 11,8,7,C,"This woman, who was a merchant of purple dye, was converted to Christianity by Paul. In the Book of Acts, she lets Paul stay with her family during his travels.",Saint Lydia of Thyatira
2022 SCOP MS 11,8,8,L,"Give the following about museums in Chicago, for ten points each.",
2022 SCOP MS 11,8,8,A,"A well-preserved Tyrannosaurus Rex skeleton nicknamed Sue is found in this Chicago natural history museum, found by the lakeshore in Chicago’s Museum Campus.",Field Museum of Natural History
2022 SCOP MS 11,8,8,B,"The Field Museum is next door to one of these facilities, named for John G. Shedd, that includes exhibits like the Caribbean Reef and the Waters of the World.",Shedd Aquarium
2022 SCOP MS 11,8,8,C,"Just east of the Field Museum and Shedd Aquarium is one of these facilities, named for businessman Max Adler, that includes the Doane Observatory and an Astronomical Museum.",Adler Planetarium
2022 SCOP MS 11,8,9,L,"The Housebuilder Theorem notes that if this shape’s diagonals are congruent, then this shape is actually a rectangle. For ten points each,",
2022 SCOP MS 11,8,9,A,"Name this type of quadrilateral defined by the fact that it has two pairs of opposite sides that, if extended infinitely far, would never intersect.",parallelogram (do not accept or prompt on “square”)
2022 SCOP MS 11,8,9,B,This term is given to a three-dimensional figure whose six faces are all parallelograms. Cubes and rectangular prisms are this type of figure with extra restrictions.,parallelepiped
2022 SCOP MS 11,8,9,C,"The area of a parallelogram is equal to the product of the diagonals, the sine of an angle created by the diagonals, and this fraction. This fraction also appears in several formulas for the area of a triangle.",one-half
2022 SCOP MS 11,8,10,L,"A play about this historical event uses it as an allegory for Joseph McCarthy’s hunt for communists in the American government. For ten points each,",
2022 SCOP MS 11,8,10,A,Name this 1690s event during which Giles Corey and John Proctor were executed for supposedly casting spells in a colonial Massachusetts town.,Salem witch trials (prompt on partial answers)
2022 SCOP MS 11,8,10,B,"The Salem witch trials allegorize McCarthyism in this Arthur Miller play, in which Abigail Williams accuses Elizabeth Proctor of witchcraft.",The Crucible
2022 SCOP MS 11,8,10,C,"In The Crucible, Abigail Williams begins making accusations after she and her friends are found dancing naked in the forest to help this Barbadian slave cast a hex on Elizabeth Proctor.",Tituba
2022 SCOP MS 11,8,11,L,"Elamite and Akkadian are among the languages that were written in this system despite not being native languages of the civilization that invented it. For ten points each,",
2022 SCOP MS 11,8,11,A,"Name this writing system, developed by the Sumerians, that uses a reed stylus to make wedge-shaped impressions on clay tablets.",cuneiform
2022 SCOP MS 11,8,11,B,"The Sumerians and Babylonians flourished in this region with a Greek name. This region in the “fertile crescent” was a center of early agriculture, since the plow was invented here.",Mesopotamia
2022 SCOP MS 11,8,11,C,"Mesopotamia is Greek for “the land between the rivers;” specifically, between the Euphrates [yoo-fray-tees] and this other major Middle Eastern river.",Tigris River
2022 SCOP MS 11,8,12,L,"In parts of India and sub-Saharan Africa, this insecticide is no longer used to control malaria because twenty-five percent of the mosquito population is resistant to it. For ten points each,",
2022 SCOP MS 11,8,12,A,Name this pesticide developed by Paul Muller that was widely used in agriculture and urban areas after the Second World War. Its 1972 ban in the US was prompted by its destructive impact on wildlife.,DDT (accept dichloro-diphenyl-trichloroethane)
2022 SCOP MS 11,8,12,B,The environmental hazards of DDT became widely known because of this 1962 Rachel Carson book. This book’s title effect is a result of DDT killing all the birds.,Silent Spring
2022 SCOP MS 11,8,12,C,"Silent Spring noted that ingestion of DDT caused the thinning of these reproductive structures. In birds, the chemical causes these structures to crack before the young inside can develop and hatch.",eggshells
2022 SCOP MS 11,8,13,L,"In these islands’ religion, the deity Ku’ula controls the fish in the sea. For ten points each,",
2022 SCOP MS 11,8,13,A,"Name this set of islands, an American state whose native religion considers sites like Mauna Loa and Mauna Kea to be sacred.",Hawai’i (accept Hawaiian Islands; prompt on “Polynesia”)
2022 SCOP MS 11,8,13,B,"This traditional dance in Hawaii is often accompanied by chant or song and was used for storytelling and rituals. Before performing, dancers may make offerings to Laka, a patron of this dance.",hula
2022 SCOP MS 11,8,13,C,"This Goddess of volcanoes brought fire to the Hawaiian islands and lives in Mount Kilauea. During a sled race, she started a fight with the snow Goddess Poli’ahu [poh-lee-ah-hoo] due to jealousy.",Pele [peh-leh] (accept Madame Pele or Tutu Pele)
2022 SCOP MS 11,8,14,L,"This poet wrote a collection that declares “tonight, I can write the saddest lines,” and that ends with a poem that laments “in you, everything sank.” For ten points each,",
2022 SCOP MS 11,8,14,A,Name this poet of Twenty Love Poems and a Song of Despair.,Pablo Neruda (accept Ricardo Eliecer Neftal ´ ´ı Reyes Basoalto)
2022 SCOP MS 11,8,14,B,"Pablo Neruda was a writer from this South American country, whose capital is Santiago.",Chile (accept Republic of Chile; accept Republica de ´ Chile)
2022 SCOP MS 11,8,14,C,Neruda’s poetry was described as “[bringing] alive a continent’s destiny and dreams” when he was given this prize in 1971. This specific prize was established in 1901 by the estate of a Swedish inventor.,Nobel Prize in Literature (both underlined words required; accept other word orders like Literature Nobel; prompt on answers like “Nobel” or “Nobel Prize” that don’t mention literature specifically)
2022 SCOP MS 11,8,15,L,"This man’s final written words included the note “I [...] am now quite certain that the crimes of this guilty land will never be purged away, but with Blood.” For ten points each,",
2022 SCOP MS 11,8,15,A,"Name this abolitionist who, in 1859, became the first person to be executed for treason by the United States.",John Brown
2022 SCOP MS 11,8,15,B,John Brown was hanged after his failed attempt to raid the arsenal at this town in what is now West Virginia.,Harpers Ferry
2022 SCOP MS 11,8,15,C,"Prior to working as a nurse, spy, and raider for the Union during the Civil War, this abolitionist recruited supporters for Brown’s raid on Harpers Ferry. More famously, this woman guided dozens of escaped slaves along the Underground Railroad.",Harriet Tubman (accept Araminta Ross)
2022 SCOP MS 11,8,16,L,"A 2021 article in Scientific American explains “Why [this field] Matters,” despite being commonly cited as the least valuable undergraduate major. For ten points each,",
2022 SCOP MS 11,8,16,A,Name this social science that is concerned with culture and society on a wider scale than sociology.,anthropology (accept word forms like anthropologists)
2022 SCOP MS 11,8,16,B,"The Scientific American article focuses on anthropology’s role in the evolving understanding of this concept as a social, not biological, construct, as well as its historical use in justifying discrimination based on skin color.",race (accept word forms like racism)
2022 SCOP MS 11,8,16,C,This 20th century pioneer claimed that the purpose of anthropology “is to make the world safe for human differences.” This compatriot of Margaret Mead analyzed the differences between America and Imperial Japan during World War II in The Chrysanthemum and the Sword.,Ruth Benedict (accept Ruth Fulton Benedict)
2022 SCOP MS 11,8,17,L,"When Louis Pasteur said “chance favors the prepared mind,” he was referring to the work of this Danish physicist. For ten points each,",
2022 SCOP MS 11,8,17,A,Name this man who observed in 1820 that a compass needle was deflected from north by a current-carrying wire nearby.,Hans Christian Oersted
2022 SCOP MS 11,8,17,B,Oersted’s observations proved that an electric current generates this type of field. The Earth’s field of this type has an average strength around fifty micro-teslas.,magnetic field
2022 SCOP MS 11,8,17,C,"Under Oersted’s law, the direction of the magnetic field can be determined using this kind of rule, in which the thumb points in the direction of the current and the fingers are curled.",right hand rule
2022 SCOP MS 11,8,18,L,"A literary character with this profession tells the tales of Palamon and Arcite to a group of pilgrims that includes a Miller and a Clerk. For ten points each,",
2022 SCOP MS 11,8,18,A,"Name this job. In a Middle English work, a character with this profession who has participated in multiple crusades is accompanied by his son, who serves as his Squire.",knight (prompt on answers like “warrior” or “soldier”)
2022 SCOP MS 11,8,18,B,"The Knight, the Miller, and the Clerk gather at the Tabard Inn on their way to the shrine of Thomas Becket in this poetic short story collection, in which a group of travelers tell each other stories to pass the time.",The Canterbury Tales
2022 SCOP MS 11,8,18,C,"This Middle English author wrote The Canterbury Tales, as well as The Parlement of Foules and Troilus and Criseyde.",Geoffrey Chaucer
2022 SCOP MS 11,8,19,L,"In an animated spin-off of this television series, series regular Majel Barrett voiced the feline Lieutenant M’Ress [muh-ress]. For ten points each,",
2022 SCOP MS 11,8,19,A,Name this 1960s TV show that starred William Shatner as Captain James Tiberius Kirk.,Star Trek: the Original Series (accept TOS)
2022 SCOP MS 11,8,19,B,"On the Original Series, Leonard Nimoy played this half-Vulcan, half-human science officer, Captain Kirk’s second-in-command, who prizes logic above all else.",Mr. Spock (accept Commander Spock; accept S’chn T’gai Spock)
2022 SCOP MS 11,8,19,C,"In a move that would complicate storylines for decades, Star Trek producer Gene Coon dictated that Captain Kirk and his crewmates on the Enterprise must follow this Starfleet rule never to interfere with the natural development of alien societies.",Prime Directive
2022 SCOP MS 11,8,20,L,"In a painting of this scene, Judas clutches a bag of silver while the other disciples react to the revelation that Jesus will be betrayed by one of them. For ten points each,",
2022 SCOP MS 11,8,20,A,"Name this biblical scene. In a painting of this scene by Leonardo da Vinci, Jesus spreads his hands over the table where he and his disciples eat a meal together.",The Last Supper (accept l’Ultima Cena)
2022 SCOP MS 11,8,20,B,Judas kneels across the table from the other disciples in this artist’s diagonally-aligned painting of The Last Supper. This Italian Mannerist also painted Paradiso and The Miracle of the Slave.,Tintoretto (accept Jacopo Robusti)
2022 SCOP MS 11,8,20,C,"Judas is absent from Albrecht Durer’s depictions of The Last Supper, which he created by printing with blocks of this material. To make block prints, artists carve along the grain of this natural material.",wood (accept woodcuts or woodblock prints)
2022 SCOP MS 11,9,1,L,"A collection of fables named for this storyteller includes the French versions of “Puss in Boots” and “Sleeping Beauty.” For ten points each,",
2022 SCOP MS 11,9,1,A,"Name this fictional storyteller, who is often depicted as a kindly grandmother or as a wise, maternal bird.",Mother Goose (accept The Tales of Mother Goose; accept Les Contes de ma Mere l’Oye)
2022 SCOP MS 11,9,1,B,This French fabulist collected and updated European folktales like “Sleeping Beauty” in The Tales of Mother Goose.,Charles Perrault
2022 SCOP MS 11,9,1,C,"In this story from The Tales of Mother Goose, the title girl learns not to talk to strangers after she and her grandmother are eaten by a wolf.",Little Red Riding Hood (accept Le Petit chaperon rouge)
2022 SCOP MS 11,9,2,L,"This holiday typically lasts five days and celebrates the triumph of good over evil. For ten points each,",
2022 SCOP MS 11,9,2,A,"Name this Hindu festival of lights that marks the day Rama defeated Ravana and returned to Ayodhya [eye-yohd-hya] with his wife, Sita.",Diwali (accept Divali or Deepvali)
2022 SCOP MS 11,9,2,B,"During Diwali, a puja is performed for this goddess of wealth. This consort of Vishnu is often depicted with four arms and sitting on a lotus.",Lakshmi (accept Laksmi; accept Shri; accept Malakshmi)
2022 SCOP MS 11,9,2,C,"The last day of Diwali celebrates people with this family relationship. During the celebration, women feed men who have this familial relationship to them, with whom they likely grew up.",siblings (accept brothers and/or sisters)
2022 SCOP MS 11,9,3,L,"The CEO of this company, Elizabeth Holmes, was indicted for wire fraud in a trial that began in August 2021. For ten points each,",
2022 SCOP MS 11,9,3,A,Name this health tech company that falsely claimed it could perform elaborate medical tests on mere drops of blood.,Theranos
2022 SCOP MS 11,9,3,B,"Prior to Holmes’ indictment for wire fraud, Theranos itself settled lawsuits for fraud brought by this US regulatory body. This organization, created after the 1929 stock market crash, enforces laws against financial crimes like insider trading and market manipulation.",Securities and Exchange Commission (accept SEC)
2022 SCOP MS 11,9,3,C,"Prior to the collapse of Theranos, Holmes was often cited as one of the few women to succeed in this California region, whose name is commonly used for the American tech industry. Apple, Google, and numerous other companies founded here have habitually discriminated against women and minorities.",Silicon Valley
2022 SCOP MS 11,9,4,L,"This city’s namesake empire took control of much of what is now Spain in the 200s BCE. For ten points each,",
2022 SCOP MS 11,9,4,A,"Name this Phoenecian city, the capital of an empire built by Hamilcar Barca and his son Hannibal.",Carthage (accept Carthaginian Empire)
2022 SCOP MS 11,9,4,B,"Carthage laid claim to the Iberian peninsula to strengthen their position in a Punic War against this republic based in Italy, which later ruled the territory they called “Hispania” under emperors like Trajan and Hadrian.",Rome (accept Roman Republic; accept Roman Empire; do not accept or prompt on “Holy Roman Empire”)
2022 SCOP MS 11,9,4,C,"Rome completed its conquest of Hispania under this first emperor, who defeated Mark Antony and established the Pax Romana.",Caesar Augustus (accept Augustus Caesar; accept Gaius Octavius; accept Octavian; do not accept or prompt on “Caesar” alone)
2022 SCOP MS 11,9,5,L,"The Carboniferous period may have resulted from an inability of decomposers to deal with a new molecule, lignin, being incorporated into this structure. For ten points each,",
2022 SCOP MS 11,9,5,A,"Name this rigid structure that allows plant cells, but not animal cells, to withstand turgor pressure. It is found outside the cell membrane.",cell wall
2022 SCOP MS 11,9,5,B,"Unlike the walls of fungi, which are composed of chitin [KYE-tin], plant walls are made of this glucose polysaccharide.",cellulose
2022 SCOP MS 11,9,5,C,Primary plant walls also contain varying amounts of this galactose polymer that is plentiful in apples and citrus fruits. This molecule is the gelling agent in jams and jellies.,fruit pectin
2022 SCOP MS 11,9,6,L,"Rene Descartes [day-cart] names a type of product created by listing ordered pairs that combine elements from these objects. For ten points each,",
2022 SCOP MS 11,9,6,A,Give this mathematical term for an unordered collection of numbers. The elements of these groups are usually written inside curvy braces.,sets
2022 SCOP MS 11,9,6,B,The set with no elements is described by one of two adjectives; give either. One of these two adjectives is also used to indicate a missing value in a database.,null set (accept empty set)
2022 SCOP MS 11,9,6,C,"If two sets have no elements in common, then their intersection will be the empty set. In that case, this type of diagram for the sets will display two non-overlapping circles. More commonly, one of these diagrams has two circles with an overlapping section in the middle.",Venn diagram (accept Euler diagram)
2022 SCOP MS 11,9,7,L,"This composer wrote the Holberg Suite and a musical suite that accompanies a Henrik Ibsen play about a folk hero. For ten points each,",
2022 SCOP MS 11,9,7,A,"Name this Norwegian composer who included songs like “Anitra’s Dance,” “Solveig’s Song,” and “The Death of Ase” in his Peer Gynt Suite.",Edvard Grieg [greeg] (accept Edvard Hagerup Grieg)
2022 SCOP MS 11,9,7,B,This mysterious-sounding song from the Peer Gynt Suite gradually grows louder and faster to represent Peer being chased.,In the Hall of Mountain King (accept I Dovregubbens hall)
2022 SCOP MS 11,9,7,C,"The song In the Hall of the Mountain King is set in the home of one of these mythical Scandinavian creatures. These humanoid creatures often have tails, and may turn to stone in the sunlight.",troll
2022 SCOP MS 11,9,8,L,"William Travis wrote “VICTORY OR DEATH” in a plea to “the People of Texas & All Americans in the World” during the siege of this fort. For ten points each,",
2022 SCOP MS 11,9,8,A,Name this San Antonio fort that was besieged by Santa Anna’s forces in early 1836.,Alamo Mission
2022 SCOP MS 11,9,8,B,"Another defender of the Alamo was this man, whose proficiency with a long-bladed knife led its type to be named for him.",James Bowie [BOO-wee] (accept Bowie knife)
2022 SCOP MS 11,9,8,C,This frontiersman and hater of Andrew Jackson died alongside James Bowie and William Travis while defending the Alamo.,Davy Crockett (accept David Crockett)
2022 SCOP MS 11,9,9,L,"This list’s one-hundred-tenth and final object, a dwarf satellite galaxy, was added in 1967, nearly two hundred years after its first publication. For ten points each,",
2022 SCOP MS 11,9,9,A,"Name this catalog of astronomical objects compiled by a French astronomer in the eighteenth century. In this catalog, M45 is the Pleiades cluster, and M31 is the Andromeda galaxy.",Messier catalog
2022 SCOP MS 11,9,9,B,"Messier referred to most of his objects by this term. However, we now know that only a handful are really these interstellar dust clouds. Two of these objects are M16 and M1, nicknamed the “Eagle” and the “Crab.”",nebula (accept nebulas or nebulae)
2022 SCOP MS 11,9,9,C,"M42 is the nebula named for this constellation, which contains the stars Alnitak, Alnilam, and Mintaka in its belt.",Orion (prompt on “the hunter”)
2022 SCOP MS 11,9,10,L,"As a baby, this mythical Greek king is sent out to die because his parents fear he will fulfill a dire prophecy. For ten points each,",
2022 SCOP MS 11,9,10,A,"Name this mythical Greek figure who fulfills part of the prophecy when he kills his father, Laius [LAH-yuss], and becomes the king of Thebes in a series of plays by Sophocles.",Oedipus (accept Oedipus Rex or Oedipus Tyrannus; accept Oedipus at Colonus)
2022 SCOP MS 11,9,10,B,"Oedipus becomes the king of Thebes by solving a riddle posed by this mythical creature, which has the body of a lion and the head of a human.",Sphinx
2022 SCOP MS 11,9,10,C,"Oedipus fulfills the second part of his prophecy by marrying Jocasta, a woman who unknowingly has this familial relationship with Oedipus.",she is his own mother (accept equivalents like she is his mom; accept reversed and equivalent descriptions like he is her son or her child)
2022 SCOP MS 11,9,11,L,"In 2017, an armed, all-female unit was established in Zimbabwe to help combat this crime. For ten points each,",
2022 SCOP MS 11,9,11,A,Name this illegal act of hunting or capturing wild animals. A common form of this crime is killing elephants for their ivory.,poaching (accept word forms like poachers)
2022 SCOP MS 11,9,11,B,"Black rhinos have nearly gone extinct due to poaching in this African region. This grassland is the namesake of a national park in Tanzania, and reaches the Maasai Mara National Park in Kenya.",Serengeti (accept Serengeti National Park)
2022 SCOP MS 11,9,11,C,"During migration season, thousands of wildebeests and this striped equine cross the Serengeti in search of new grass.",zebras
2022 SCOP MS 11,9,12,L,"The two D-lines are indicative of sodium when light from the Sun is analyzed by this method. For ten points each,",
2022 SCOP MS 11,9,12,A,Name this technique in which the light given off by a heated element is separated into a characteristic pattern of emission lines.,atomic emission spectroscopy (accept spectrometry; accept spectrography)
2022 SCOP MS 11,9,12,B,"Sodium’s two D-lines are found in this color of the visible spectrum, which is also the color of potassium chromate solution and lead [led] iodide solid.",yellow
2022 SCOP MS 11,9,12,C,"Two violet, one blue, and one red line are found in the Balmer spectral series of this element, the simplest and most abundant element in the universe.",hydrogen (accept H)
2022 SCOP MS 11,9,13,L,"This poem claims it will “justify the ways of God to man.” For ten points each,",
2022 SCOP MS 11,9,13,A,"Name this epic poem by John Milton that follows the creation, temptation, and downfall of Adam and Eve.",Paradise Lost
2022 SCOP MS 11,9,13,B,Paradise Lost fulfills its title when Adam and Eve take “their solitary way” and leave the paradise of this biblical garden.,Garden of Eden (accept Garden of God or gan-Yahweh)
2022 SCOP MS 11,9,13,C,"Despite the angels’ efforts, Eve is tempted by this character, who was called Lucifer before the Angelic War. This figure thinks it is “better to reign in Hell than serve in Heaven.”",Satan (accept the devil)
2022 SCOP MS 11,9,14,L,"Answer these questions about the many times Zeus transformed himself to seduce women, for ten points each.",
2022 SCOP MS 11,9,14,A,"Zeus seduced this woman while in the form of a swan. This woman had four children with Zeus, including Helen of Troy.",Leda
2022 SCOP MS 11,9,14,B,"Zeus took the form of gold coins falling from the sky to seduce the princess Danae. Afterwards, Danae gave birth to this hero, who freed Andromeda and killed Medusa.",Perseus
2022 SCOP MS 11,9,14,C,"Zeus seduced Europa by turning into one of these animals. Io, another woman seduced by Zeus, was turned into one of these animals by Hera.",cattle (accept equivalents like cows or bulls)
2022 SCOP MS 11,9,15,L,"Democrat Pat Schroeder described this man’s presidency as “Teflon-coated” because “nothing sticks to him.” For ten points each,",
2022 SCOP MS 11,9,15,A,Name this president who somehow survived scandals like the Iran-Contra Affair during his two terms in office in the 1980s.,Ronald Reagan (accept Ronald Wilson Reagan)
2022 SCOP MS 11,9,15,B,"Before becoming president of the United States, Ronald Reagan was the governor of this state.",California
2022 SCOP MS 11,9,15,C,"While governor of California, Ronald Reagan legalized the “no-fault” form of this process. Ronald Reagan was the first US president to have gone through this process.",no-fault divorce
2022 SCOP MS 11,9,16,L,"This country’s prime ministers have included Jawaharlal Nehru and his daughter, who ruled with an iron fist during the Emergency, and who ordered Operation Blue Star. For ten points each,",
2022 SCOP MS 11,9,16,A,"Name this modern country led for much of the sixties through eighties by Prime Minister Indira Gandhi from its capital, New Delhi.",India (accept Republic of India; accept Bharat Ganarajya)
2022 SCOP MS 11,9,16,B,"When she declared a state of emergency, Indira Gandhi and her son Sanjay spearheaded a population control strategy in which poor men and women were forced to undergo this medical procedure.",sexual sterilization (accept word forms like sterilize; accept male and/or female sterilization; accept vasectomy or tubectomy)
2022 SCOP MS 11,9,16,C,"Gandhi’s time in office came to an abrupt end when she was assassinated by her bodyguards, who were followers of this religion. They were angry over Gandhi’s attack on this religion’s Golden Temple in Operation Blue Star.",Sikhi (accept word forms like Sikhism or Sikhs)
2022 SCOP MS 11,9,17,L,"According to Noether’s theorem, quantities like mass and electric charge have this property in a closed system because the physical laws that describe them are symmetric. For ten points each,",
2022 SCOP MS 11,9,17,A,Give this term that means that a measurable quantity of a system does not change over time. The first law of thermodynamics states that energy has this property.,conservation (accept word forms like conserved)
2022 SCOP MS 11,9,17,B,"Conservation of this quantity, which is equal to moment of inertia times angular speed, explains why a rotating figure skater starts spinning faster when she pulls her arms toward her body.",angular momentum (do not accept or prompt on “momentum” alone; do not accept “linear momentum”)
2022 SCOP MS 11,9,17,C,"When two objects experience this type of collision, the system’s linear momentum will be conserved, but its kinetic energy will not.",inelastic collision
2022 SCOP MS 11,9,18,L,"In a poem named for one of these animals, a free one “leaps / on the back of the wind” while a caged one “sings / with a fearful trill / of things unknown / but longed for still.” For ten points each,",
2022 SCOP MS 11,9,18,A,Name this animal whose “wings are clipped” and who “sings of freedom.”,birds (accept the caged bird or the free bird; accept I Know Why the Caged Bird Sings)
2022 SCOP MS 11,9,18,B,"“Caged Bird” was written by this American poet and civil rights activist. Her autobiography series begins with the similarly named book, I Know Why the Caged Bird Sings.",Maya Angelou (accept Marguerite Annie Johnson)
2022 SCOP MS 11,9,18,C,"Angelou recited her poem “On the Pulse of Morning” for the 1993 inauguration of this forty-second president of the United States, whose wife ran for the same office in 2016.",Bill Clinton (accept William Jefferson Clinton)
2022 SCOP MS 11,9,19,L,"Answer some questions about currently airing medical dramas, for ten points each,",
2022 SCOP MS 11,9,19,A,"This David Shore show is about the autistic Shaun Murphy. In the pilot of this show, Shaun saves a young boy who has been struck by falling glass at an airport.",The Good Doctor
2022 SCOP MS 11,9,19,B,"Station-19 is a spin-off of this eighteen-season show, developed by Shonda Rhimes, in which Meredith Grey works at Grey Sloan Memorial in Seattle. Its title is a reference to a classic medical text.",Grey’s Anatomy
2022 SCOP MS 11,9,19,C,"This longest-running American soap opera debuted in 1963, and starred John Beradino and Emily McLaughlin until their respective deaths in the 1990s. Its current cast is led by Maurice Benard, who plays the mobster Sonny Corinthos.",General Hospital (accept GH)
2022 SCOP MS 11,9,20,L,"Edmonia Lewis was an American artist who drew on the history of her African-American and Ojibwe parents to create iconic neoclassical marble sculptures in the late 1800s. For ten points each,",
2022 SCOP MS 11,9,20,A,"Lewis sculpted a series of depictions of this fictional Ojibwe warrior and his wife, Minnehaha, who appear in a namesake “Song” written by Henry Wadsworth Longfellow.",Hiawatha (accept The Song of Hiawatha)
2022 SCOP MS 11,9,20,B,Lewis created a shockingly realistic sculpture of this Egyptian pharaoh lying dead across her throne. This ruler committed suicide with an asp after losing the Battle of Actium.,Cleopatra (accept The Death of Cleopatra; accept Cleopatra VII [seventh] Philopater)
2022 SCOP MS 11,9,20,C,"Although many of her works have been destroyed, Lewis’s surviving masterpiece is a sculpture of this biblical woman, an Egyptian maidservant who was the mother of Abraham’s first son, Ishmael.",Hagar (accept Hagar in the Wilderness; accept Hajar)